V,AP,RH,PE
0.29181494661921703,0.7715911902994321,0.6382037533512066,0.5695364238410594
0.6690391459074733,0.671863400148478,0.4493297587131368,0.31933774834437045
0.2498220640569394,0.47686216283098304,0.8924932975871316,0.9046357615894038
0.5686832740213522,0.42934917099728054,0.6847184986595176,0.3472847682119209
0.2160142348754448,0.40435535758475893,0.9525469168900806,0.71046357615894
0.6064056939501777,0.47859440732491976,0.44517426273458455,0.3100662251655635
0.33096085409252674,0.5228903736698847,0.6659517426273458,0.6237086092715236
0.34430604982206403,0.6490967582281648,0.5478552278820377,0.7703311258278145
0.34946619217081853,0.7149220489977743,0.21032171581769438,0.7380132450331125
0.32384341637010683,0.5506062855728793,0.6053619302949063,0.758145695364238
0.32669039145907464,0.38975501113585764,0.6632707774798929,0.4339072847682113
0.3838078291814946,0.538728037614451,0.5182305630026809,0.44675496688741756
0.8565836298932384,0.455827765404603,0.7853887399463808,0.2652980132450331
0.5912811387900355,0.4919574362781489,0.48619302949061666,0.41086092715231715
0.7825622775800712,0.4105419450631054,0.831501340482574,0.18185430463576147
0.3279359430604982,0.565949022519181,0.23485254691689011,0.5553642384105961
0.34946619217081853,0.7416481069042327,0.312064343163539,0.6262251655629143
0.29145907473309607,0.7352140559267539,0.6963806970509385,0.7541721854304635
0.48736654804270463,0.769116555308095,0.5097855227882038,0.5243708609271529
0.23327402135231312,0.5508537490720116,0.3983914209115282,0.5833112582781457
0.30355871886121,0.4008908685968855,0.5455764075067024,0.6358940397350992
0.26174377224199286,0.6500866122246975,0.525603217158177,0.9931125827814569
0.30106761565836304,0.38678544914625235,0.774128686327078,0.8415894039735097
0.68576512455516,0.5298193516456315,0.289946380697051,0.3092715231788077
0.4135231316725979,0.2546399406087616,0.39369973190348534,0.20927152317880804
0.8071174377224198,0.42266765652066596,0.6576407506702415,0.30450331125827823
0.24822064056939508,0.4508784954219287,0.6294906166219838,0.5814569536423848
0.25978647686832745,0.7592180153427392,0.8428954423592494,0.7319205298013243
0.18558718861209966,0.4763672358327149,0.8943699731903487,0.8496688741721856
0.708540925266904,0.4899777282850799,0.21836461126005363,0.2335099337748341
0.686476868327402,0.6466221232368241,0.2509383378016086,0.3291390728476822
0.5880782918149464,0.5134867607027971,0.5230563002680966,0.24635761589403948
0.738256227758007,0.4508784954219287,0.5052278820375335,0.274437086092715
0.8683274021352311,0.42538975501113896,0.7111260053619304,0.21708609271523116
0.686476868327402,0.6401880722593418,0.2540214477211797,0.3178807947019866
0.3322064056939502,0.35634743875278474,0.8565683646112601,0.6039735099337751
0.6827402135231316,0.4580549368968079,0.6563002680965146,0.31933774834437045
0.3930604982206406,0.42538975501113896,0.8485254691689008,0.403046357615894
0.248932384341637,0.539470428111855,0.6695710455764077,0.645827814569536
0.46156583629893233,0.47389260084137774,0.7115281501340485,0.378807947019868
0.3930604982206406,0.36451373422420374,0.6848525469168902,0.3560264900662249
0.346797153024911,0.602573620390995,0.735656836461126,0.6479470198675497
0.2879003558718861,0.6295471417965892,0.7282841823056301,0.8283443708609273
0.3113879003558718,0.5253650086612254,0.840750670241287,0.7475496688741723
0.27188612099644127,0.6864637465973793,0.7914209115281501,0.7249006622516561
0.686476868327402,0.6530561742143028,0.22962466487935657,0.3173509933774836
0.22259786476868326,0.6768126701311559,0.7084450402144773,0.5439735099337746
0.32153024911032024,0.4471665429349194,0.4760053619302949,0.36821192052980134
0.34430604982206403,0.5350160851274453,0.3276139410187668,0.7197350993377487
0.2624555160142349,0.8970551843603118,0.6934316353887402,0.6992052980132453
0.8565836298932384,0.43776292996783184,0.24262734584450402,0.15629139072847664
0.23594306049822056,0.6389507547636732,0.780697050938338,0.6245033112582785
0.9530249110320285,0.46300420687948574,0.5483914209115281,0.13059602649006585
0.299288256227758,0.5426874536005961,0.9052278820375337,0.7067549668874173
0.24964412811387904,0.49616431576342634,0.7367292225201072,0.6827814569536423
0.6062277580071175,0.4291017074981447,0.5821715817694371,0.30105960264900666
0.6953736654804269,0.5384805741153187,0.4250670241286864,0.2981456953642381
0.24857651245551593,0.4278643900024761,0.9379356568364612,0.943443708609272
0.6355871886120995,0.5144766146993334,0.6187667560321717,0.36026490066225136
0.595729537366548,0.23162583518931257,0.4332439678284183,0.3423841059602655
0.4793594306049821,0.34991338777530245,0.5064343163538876,0.29377483443708563
0.7179715302491102,0.5127443702053966,0.3017426273458445,0.3438410596026493
0.2622775800711744,0.5884682009403619,0.8888739946380699,0.6785430463576159
0.3649466192170818,0.3959415986142041,0.8272117962466488,0.572715231788079
0.5948398576512456,0.5723830734966597,0.520643431635389,0.2615894039735096
0.711387900355872,0.5362534026231138,0.23914209115281498,0.27509933774834394
0.6690391459074733,0.6582529076961166,0.6257372654155495,0.42940397350993376
0.2727758007117437,0.6815144766147014,0.8667560321715819,0.7238410596026492
0.154270462633452,0.6389507547636732,0.6493297587131368,0.774966887417218
0.8715302491103202,0.12991833704528588,0.620509383378016,0.1846357615894041
0.7640569395017792,0.6171739668398928,0.8184986595174264,0.23377483443708602
0.2784697508896796,0.7849542192526577,0.9631367292225201,0.7596026490066228
0.8774021352313167,0.5879732739420938,0.7892761394101877,0.15086092715231736
0.8715302491103202,0.1408067310071779,0.7505361930294907,0.1365562913907281
0.30106761565836304,0.3942093541202709,0.6715817694369974,0.8056953642384101
0.6345195729537366,0.4125216530561744,0.7218498659517427,0.33509933774834444
0.25782918149466194,0.49047265528334805,0.4470509383378016,0.7348344370860929
0.7898576512455516,0.43231873298688583,0.8646112600536195,0.19682119205298054
0.7453736654804269,0.6062855728780008,0.7163538873994639,0.34291390728476756
0.9163701067615658,0.20836426627072413,0.5886058981233244,0.21695364238410608
0.7845195729537365,0.5196733481811435,0.34731903485254695,0.21761589403973502
0.299288256227758,0.5850037119524885,0.7717158176943699,0.6422516556291393
0.31423487544483986,0.4773570898292512,0.19798927613941025,0.6137748344370859
0.3508896797153024,0.7802524127691193,0.7524128686327078,0.5989403973509937
0.8597864768683275,0.5454095520910656,0.924798927613941,0.27920529801324445
0.7845195729537365,0.4860183122989383,0.888069705093834,0.2856953642384106
0.2480427046263345,0.646127196238556,0.5101876675603216,0.588609271523179
0.7898576512455516,0.41351150705271067,0.3189008042895443,0.23483443708609286
0.597864768683274,0.5607522890373673,0.5904825737265416,0.5147019867549671
0.7754448398576511,0.33828260331601,0.17680965147453082,0.12490066225165553
0.4638790035587188,0.43751546646869954,0.8660857908847186,0.5237086092715231
0.6884341637010675,0.4187082405345208,0.7463806970509383,0.177086092715232
0.6332740213523133,0.5377381836179183,0.30697050938337805,0.29907284768211895
0.290035587188612,0.5345211581291771,0.6857908847184988,0.8592052980132445
0.4868327402135231,0.796832467211086,0.3431635388739946,0.5147019867549671
0.7466192170818503,0.47414006434051004,0.6806970509383379,0.33178807947019884
0.27330960854092523,0.7376886909180911,0.5595174262734584,0.8018543046357616
0.7316725978647688,0.30536995793120525,0.35951742627345856,0.16278145695364277
0.6834519572953736,0.5080425637218511,0.6820375335120643,0.3125827814569542
0.6023131672597865,0.6288047512991852,0.884584450402145,0.39086092715231757
0.3261565836298932,0.6013363028953265,0.6211796246648795,0.6682119205298012
0.46156583629893233,0.47117050235090474,0.7304289544235925,0.4226490066225166
0.2850533807829182,0.7104677060133646,0.5121983914209116,0.7686092715231787
0.8288256227758005,0.3481811432813693,0.4919571045576408,0.1096688741721854
0.27188612099644127,0.6872061370947797,0.8509383378016087,0.7683443708609268
0.6637010676156582,0.36476119772333604,0.4351206434316354,0.2558940397350993
0.4329181494661921,0.3127938629052238,0.7541554959785524,0.4908609271523181
0.3352313167259787,0.6409304627567458,0.8790884718498662,0.7317880794701983
0.7158362989323844,0.4444444444444464,0.8493297587131368,0.2569536423841061
0.27633451957295374,0.44889878742885614,0.7945040214477213,0.6851655629139071
0.248932384341637,0.549616431576343,0.8873994638069707,0.7887417218543042
0.9530249110320285,0.4439495174461783,0.8176943699731904,0.19231788079470125
0.6496441281138788,0.45261073991586187,0.42426273458445046,0.3486092715231788
0.5866548042704626,0.520415738678544,0.3845844504021448,0.2317880794701983
0.25551601423487535,0.20663202177679096,0.5126005361930295,0.5178807947019868
0.34430604982206403,0.5963870329126486,0.10924932975871321,0.556556291390728
0.32241992882562265,0.5738678544914642,0.5588471849865952,0.5837086092715227
0.37099644128113873,0.440979955456573,0.4631367292225202,0.3192052980132454
0.6055160142348753,0.5303142786439032,0.6567024128686327,0.2434437086092709
0.154270462633452,0.6384558277654087,0.5600536193029491,0.6652980132450335
0.2800711743772242,0.22197475872308914,0.2304289544235925,0.4618543046357617
0.7396797153024911,0.5981192774065818,0.397319034852547,0.3968211920529807
0.6827402135231316,0.40707745607523194,0.7781501340482575,0.26715231788079485
0.31120996441281135,0.5228903736698847,0.8474530831099196,0.830728476821192
0.45409252669039146,0.5270972531551621,0.9994638069705095,0.532185430463576
0.5131672597864769,0.4929472902746852,0.5222520107238606,0.32728476821192043
0.7706405693950177,0.3046275674338048,0.346514745308311,0.18119205298013252
0.8508896797153026,0.47983172482058833,0.8072386058981234,0.257880794701987
0.8633451957295372,0.32170254887404326,0.668230563002681,0.1883443708609276
0.6313167259786477,0.6196486018312299,0.7516085790884719,0.2923178807947018
0.351067615658363,0.5288294976490988,0.35335120643431644,0.4954966887417216
0.576512455516014,0.6411779262558781,0.597319034852547,0.4556291390728484
0.7453736654804269,0.6142044048502875,0.37895442359249326,0.15827814569536436
0.32758007117437726,0.4790893343231879,0.6926273458445042,0.4953642384105965
0.6832740213523131,0.430091561494681,0.5376675603217158,0.19801324503311246
0.3927046263345195,0.3650086612224719,0.6115281501340484,0.370331125827815
0.290035587188612,0.5171987131898064,0.7560321715817695,0.7317880794701983
0.6681494661921706,0.5035882207374414,0.7235924932975872,0.34794701986754895
0.5686832740213522,0.46547884187082644,0.28860589812332443,0.2786754966887415
0.7825622775800712,0.3657510517198723,0.4306970509383378,0.1758940397350992
0.24341637010676154,0.6820094036129696,0.7148793565683647,0.6921854304635762
0.3455516014234875,0.48750309329374275,0.8006702412868634,0.7219867549668875
0.7774021352313166,0.216035634743875,0.19530831099195717,0.1965562913907286
0.6128113879003557,0.5946547884187083,0.690348525469169,0.40370860927152297
0.7064056939501778,0.5303142786439032,0.5605898123324398,0.2972185430463572
0.7612099644128113,0.2585993565949032,0.49436997319034853,0.08344370860927164
0.30177935943060497,0.5718881464983916,0.6953083109919573,0.5754966887417217
0.7396797153024911,0.5929225439247716,0.44517426273458455,0.35496688741721893
0.576512455516014,0.6218757733234348,0.56514745308311,0.4239735099337745
0.686476868327402,0.6335065577827272,0.22225201072386064,0.33801324503311214
0.7640569395017792,0.6196486018312299,0.7855227882037534,0.24357615894039686
0.27419928825622775,0.46176688938381716,0.8609919571045579,0.7932450331125827
0.6612099644128114,0.5832714674585517,0.5583109919571045,0.35668874172185383
0.4101423487544483,0.38554813165058377,0.6243967828418231,0.3017218543046356
0.25871886120996435,0.3754021281860922,0.9642091152815013,0.9079470198675494
0.576512455516014,0.5783221974758739,0.8335120643431635,0.47006622516556273
0.42758007117437724,0.6419203167532821,0.9482573726541557,0.4715231788079475
0.3845195729537366,0.5209106656768157,0.47841823056300276,0.49562913907284756
0.2613879003558718,0.5459044790893373,0.8420911528150135,0.7794701986754973
0.8683274021352311,0.360059391239794,0.6596514745308311,0.16662251655629134
0.6612099644128114,0.5763424894828013,0.5713136729222521,0.37231788079470185
0.3930604982206406,0.3630289532293993,0.6922252010723862,0.35496688741721893
0.42437722419928825,0.5248700816629572,0.32144772117962467,0.30821192052980084
0.642170818505338,0.4513734224201933,0.8935656836461128,0.33046357615894006
0.7322064056939502,0.5602573620390991,0.1084450402144772,0.2839735099337748
0.7384341637010675,0.49888641425389935,0.5231903485254692,0.40622516556291366
0.43451957295373667,0.2489482801286833,0.9990616621983917,0.41298013245033083
0.5610320284697509,0.48082157881712817,0.569436997319035,0.2785430463576164
0.346797153024911,0.5342736946300448,0.3134048257372654,0.5111258278145696
0.32544483985765116,0.6273199703043808,0.6556300268096515,0.8105960264900656
0.32117437722419917,0.5949022519178442,0.74343163538874,0.6215894039735099
0.28861209964412804,0.6832467211086382,0.6113941018766758,0.5467549668874172
0.4889679715302492,0.33135362534026314,0.3792225201072386,0.24927152317880807
0.30925266903914594,0.8883939618906211,0.6046916890080429,0.6219867549668878
0.3377224199288257,0.6582529076961166,0.45308310991957107,0.6429139072847683
0.8295373665480427,0.29126453848057565,0.42372654155495987,0.08834437086092706
0.2201067615658362,0.7787676317743113,0.5995978552278822,0.7203973509933768
0.3354092526690391,0.7433803513981694,0.7749329758713139,0.6451655629139079
0.8224199288256228,0.4278643900024761,0.8284182305630028,0.18158940397351042
0.4412811387900355,0.4115317990596381,0.9990616621983917,0.40092715231788034
0.5992882562277578,0.4724078198465733,0.5793565683646114,0.3211920529801322
0.2727758007117437,0.5543182380598886,0.6088471849865953,0.6459602649006619
0.8145907473309607,0.6550358822073754,0.6718498659517429,0.6132450331125829
0.4749110320284696,0.47661469933185074,0.2939678284182306,0.4941721854304637
0.6081850533807828,0.33036377134372685,0.6223860589812331,0.2631788079470194
0.7914590747330962,0.26429101707498504,0.5494638069705093,0.17192052980132466
0.32669039145907464,0.38975501113585764,0.6591152815013406,0.427682119205298
0.8186832740213522,0.22642910170749886,0.5257372654155497,0.3050331125827821
0.8830960854092526,0.3113090819104194,0.6644772117962467,0.1523178807947021
0.3455516014234875,0.36921554070774576,0.41313672922252015,0.4597350993377489
0.6709964412811388,0.4832962138084653,0.9221179624664879,0.4826490066225162
0.25871886120996435,0.3677307597129449,0.8175603217158178,0.871125827814569
0.25978647686832745,0.45731254639940744,0.7693029490616623,0.6957615894039737
0.5674377224199288,0.4263796090076717,0.8426273458445042,0.42079470198675484
0.5131672597864769,0.47933679782232375,0.8049597855227884,0.3066225165562919
0.7466192170818503,0.5345211581291771,0.4400804289544236,0.28701986754966935
0.8117437722419928,0.36179163573373074,0.6530831099195711,0.16397350993377469
0.19359430604982208,0.5013610492452365,0.8349865951742628,0.7945695364238414
0.253914590747331,0.28656273199703364,0.7766756032171582,0.6148344370860928
0.26174377224199286,0.6755753526354908,0.5319034852546916,0.9818543046357613
0.5170818505338078,0.4842860678050016,0.6628686327077751,0.4564238410596033
0.5603202846975089,0.47983172482058833,0.7903485254691689,0.37682119205298026
0.3046263345195729,0.5082900272209869,0.7367292225201072,0.6556291390728477
0.347508896797153,0.41450136104924695,0.6646112600536194,0.40331125827814507
0.5948398576512456,0.41846077703538853,0.6727882037533512,0.314569536423841
0.5843416370106761,0.608017817371941,0.6857908847184988,0.4362913907284769
0.5781138790035586,0.48255382331106134,0.8030831099195712,0.40543046357615875
0.6850533807829181,0.6627072506805263,0.43418230563002685,0.2843708609271527
0.2519572953736655,0.6315268497896582,0.7072386058981233,0.5937748344370855
0.6987544483985765,0.685473892600843,0.3571045576407507,0.35788079470198664
0.24857651245551593,0.4615194258846813,0.9132707774798929,0.9390728476821195
0.6612099644128114,0.6211333828260344,0.6726541554959786,0.4068874172185435
0.6797153024911032,0.5162088591932701,0.5630026809651476,0.34490066225165616
0.9676156583629892,0.38307349665924306,0.5884718498659518,0.2148344370860933
0.2966192170818506,0.6067804998762689,0.6571045576407506,0.5374834437086093
0.7855871886120996,0.5082900272209869,0.370911528150134,0.29536423841059634
0.2870106761565836,0.6755753526354908,0.8466487935656837,0.6230463576158938
0.27188612099644127,0.7072506805246235,0.9463806970509383,0.7797350993377483
0.4793594306049821,0.3917347191289302,0.5723860589812333,0.27668874172185376
0.5992882562277578,0.46745854986389546,0.8154155495978554,0.3345695364238406
0.2727758007117437,0.5624845335313076,0.8013404825737267,0.7303311258278145
0.2727758007117437,0.544914625092801,0.6310991957104559,0.6495364238410595
0.2893238434163701,0.6008413758970548,0.9686327077747989,0.5736423841059599
0.7706405693950177,0.34199455580302285,0.6924932975871314,0.3319205298013248
0.3354092526690391,0.6797822321207647,0.737667560321716,0.54
0.31619217081850537,0.54689433308587,0.2861930294906166,0.6156291390728477
0.6140569395017793,0.6330116307844627,0.4316353887399464,0.3149668874172189
0.7453736654804269,0.6114823063598145,0.369034852546917,0.1821192052980134
0.3476868327402135,0.6832467211086382,0.7875335120643432,0.5956291390728481
0.7825622775800712,0.4142538975501111,0.6168900804289545,0.2694039735099336
0.3466192170818506,0.7614451868349441,0.9036193029490618,0.6156291390728477
0.8939501779359428,0.6072754268745371,0.6567024128686327,0.1750993377483443
0.2775800711743772,0.7540212818609291,0.7158176943699732,0.7063576158940394
0.29145907473309607,0.6894333085869846,0.5211796246648794,0.7225165562913904
0.33274021352313166,0.6109873793615463,0.5719839142091154,0.45682119205298033
0.4329181494661921,0.41351150705271067,0.6065683646112601,0.4328476821192053
0.7788256227758005,0.4219252660232655,0.48391420911528155,0.20622516556291348
0.24661921708185053,0.5355110121257134,0.6997319034852549,0.8202649006622513
0.34003558718861204,0.9297203662459808,0.5888739946380697,0.6145695364238417
0.26263345195729526,0.4983914872556312,0.947721179624665,0.5606622516556286
0.6987544483985765,0.6879485275921837,0.4045576407506703,0.3650331125827817
0.2893238434163701,0.536005939123978,0.9390080428954424,0.5625165562913912
0.6734875444839857,0.47438752783964233,0.7934316353887401,0.3671523178807945
0.24822064056939508,0.40237564959168637,0.6667560321715817,0.5623841059602652
0.588967971530249,0.5921801534273712,0.5621983914209117,0.2935099337748346
0.4101423487544483,0.38975501113585764,0.7420911528150136,0.32357615894039693
0.2427046263345195,0.5899529819351663,0.7194369973190351,0.6150993377483438
0.6987544483985765,0.6802771591190329,0.7445040214477212,0.44476821192052984
0.7466192170818503,0.5181885671863427,0.0970509383378016,0.22066225165562958
0.19074733096085406,0.7159119029943106,0.7875335120643432,0.8756291390728475
0.6176156583629894,0.5575352635486261,0.27600536193029496,0.26715231788079485
0.6709964412811388,0.4466716159366513,0.3806970509383379,0.3517880794701984
0.25124555160142337,0.30240039594159995,0.4593833780160858,0.8562913907284768
0.8234875444839856,0.3805988616679059,0.6667560321715817,0.2317880794701983
0.7601423487544482,0.5043306112348453,0.2274798927613942,0.24701986754966931
0.2523131672597865,0.3731749566938909,0.6034852546916891,0.5818543046357618
0.754982206405694,0.4206879485275934,0.8864611260053621,0.29046357615894003
0.3927046263345195,0.3833209601583789,0.5092493297587131,0.3523178807947023
0.3352313167259787,0.643405097748083,0.4819034852546917,0.48860927152317846
0.32544483985765116,0.6743380351398187,0.5896782841823056,0.8252980132450327
0.2829181494661921,0.360059391239794,0.972117962466488,0.7386754966887414
0.8402135231316724,0.3909923286315298,0.7209115281501342,0.11430463576158889
0.2645907473309608,0.6231130908191069,0.746916890080429,0.6945695364238409
0.4793594306049821,0.39965355110121337,0.7162198391420911,0.3356291390728483
0.4749110320284696,0.5379856471170505,0.7348525469168901,0.5896688741721849
0.5976868327402135,0.597129423410049,0.3431635388739946,0.2670198675496689
0.8083629893238434,0.2739420935412049,0.6247989276139412,0.10794701986754962
0.8026690391459074,0.43949517446176856,0.6679624664879358,0.24158940397351003
0.6062277580071175,0.36995793120514975,0.5810991957104559,0.23867549668874144
0.27188612099644127,0.7290274684484075,0.9493297587131369,0.7421192052980139
0.5895017793594305,0.4605295718881486,0.6029490616621984,0.37350993377483377
0.5663701067615657,0.3892600841375895,0.271313672922252,0.24807947019867527
0.24661921708185053,0.6189062113338295,0.43418230563002685,0.6826490066225164
0.30391459074733085,0.4912150457807485,0.7550938337801609,0.6827814569536423
0.6010676156583629,0.5748577084880004,0.5865951742627344,0.3915231788079465
0.7601423487544482,0.5008661222469684,0.45013404825737274,0.2898013245033111
0.5948398576512456,0.4169759960405841,0.7504021447721181,0.28079470198675427
0.2644128113879003,0.45731254639940744,0.8076407506702414,0.7597350993377487
0.6496441281138788,0.45929225439248,0.5341823056300268,0.3509933774834435
0.2572953736654804,0.4842860678050016,0.7451742627345845,0.6921854304635762
0.27313167259786475,0.7023014105419456,0.9424932975871316,0.6797350993377478
0.836832740213523,0.20440485028458255,0.8670241286863272,0.2727152317880801
0.9284697508896796,0.4563226924028747,0.6644772117962467,0.14715231788079475
0.8293594306049822,0.38975501113585764,0.8399463806970511,0.22609271523178798
0.27313167259786475,0.5639693145261084,0.7495978552278821,0.6484768211920535
0.2743772241992882,0.7577332343479348,0.861662198391421,0.6735099337748345
0.7322064056939502,0.44766146993318756,0.2414209115281502,0.2504635761589409
0.6565836298932383,0.47562484533531446,0.5040214477211795,0.3320529801324499
0.24661921708185053,0.6367235832714684,0.4233243967828419,0.7079470198675493
0.576512455516014,0.578817124474142,0.6997319034852549,0.4291390728476827
0.6062277580071175,0.35214055926751087,0.8713136729222521,0.27456953642384097
0.24110320284697506,0.5342736946300448,0.474798927613941,0.6246357615894045
0.595373665480427,0.42390497401633453,0.5998659517426275,0.3162913907284768
0.5546263345195729,0.6849789656025749,0.6499999999999999,0.4888741721854304
0.5149466192170817,0.5699084385053226,0.6683646112600536,0.6305960264900659
0.8071174377224198,0.4179658500371204,0.7599195710455766,0.2884768211920532
0.34199288256227756,0.658995298193517,0.5682305630026812,0.6768211920529801
0.24448398576512453,0.4187082405345208,0.9990616621983917,0.5356291390728476
0.8090747330960854,0.43207126948775354,0.2911528150134049,0.14662251655629088
0.9163701067615658,0.14105419450631373,0.6280160857908847,0.1634437086092717
0.6055160142348753,0.5241276911655568,0.6985254691689009,0.3622516556291391
0.7016014234875446,0.5785696609750062,0.511260053619303,0.31271523178807925
0.4793594306049821,0.4036129670873585,0.7266756032171582,0.35245033112582824
0.2784697508896796,0.6849789656025749,0.9152815013404827,0.6023841059602653
0.5610320284697509,0.5228903736698847,0.7961126005361931,0.3655629139072847
0.6690391459074733,0.6748329621380869,0.5978552278820375,0.36278145695364206
0.6781138790035587,0.46745854986389546,0.7865951742627346,0.23324503311258304
0.290035587188612,0.5934174709230398,0.6402144772117961,0.8377483443708611
0.28647686832740216,0.6265775798069804,0.8124664879356569,0.7866225165562915
0.583629893238434,0.5936649344221756,0.5344504021447722,0.4622516556291396
0.8165480427046262,0.23756495916852316,0.9253351206434317,0.15430463576158981
0.2871886120996441,0.5256124721603577,0.820911528150134,0.6678145695364242
0.7788256227758005,0.4058401385795598,0.4372654155495979,0.11947019867549624
0.6023131672597865,0.6292996782974534,0.8592493297587132,0.40463576158940384
0.8565836298932384,0.46028210838901273,0.8288203753351207,0.2313907284768213
0.34234875444839863,0.5511012125711474,0.1446380697050939,0.5291390728476815
0.7774021352313166,0.2155407077456104,0.7246648793565684,0.2993377483443709
0.34946619217081853,0.7082405345211598,0.33458445040214485,0.830860927152318
0.7101423487544484,0.5043306112348453,0.35388739946380704,0.26145695364238364
0.29288256227758,0.9987626825043314,0.6591152815013406,0.7711258278145694
0.4352313167259786,0.5473892600841381,0.7073726541554961,0.46384105960264854
0.7330960854092526,0.22717149220490285,0.7993297587131367,0.22092715231788063
0.22259786476868326,0.7292749319475398,0.7717158176943699,0.540397350993377
0.7845195729537365,0.5216530561742161,0.37439678284182315,0.23867549668874144
0.2530249110320284,0.4682009403612959,0.8485254691689008,0.693377483443709
0.8083629893238434,0.2675080425637226,0.4735924932975872,0.0872847682119211
0.25551601423487535,0.6154417223459561,0.4769436997319035,0.6611920529801321
0.5170818505338078,0.4805741153179923,0.5727882037533514,0.4651655629139073
0.7330960854092526,0.33531304132640827,0.42975871313672925,0.10675496688741681
0.3048042704626335,0.43751546646869954,0.7784182305630027,0.7958940397350993
0.5546263345195729,0.6758228161346231,0.7042895442359249,0.46754966887417204
0.5866548042704626,0.5011135857461042,0.5466487935656836,0.3629139072847689
0.7706405693950177,0.3427369463004233,0.7166219839142092,0.30198675496688754
0.596085409252669,0.5270972531551621,0.581769436997319,0.42609271523178815
0.2879003558718861,0.6693887651571409,0.610857908847185,0.7622516556291394
0.8613879003558716,0.2927493194753801,0.82372654155496,0.1509933774834442
0.8638790035587188,0.2880475129918345,0.6533512064343163,0.15284768211920507
0.7706405693950177,0.34050977480821487,0.6978552278820378,0.3498013245033116
0.6215302491103202,0.6213808463251702,0.45576407506702415,0.331125827814569
0.7923487544483986,0.5186834941846108,0.21581769436997317,0.07231788079470203
0.8350533807829182,0.3919821826280625,0.639544235924933,0.13668874172185408
0.6211743772241992,0.6446424152437551,0.6916890080428955,0.2596026490066228
0.6012455516014233,0.5053204652313781,0.5557640750670241,0.2761589403973508
0.8145907473309607,0.46300420687948574,0.36514745308311,0.19152317880794723
0.748932384341637,0.5280871071516984,0.18069705093833782,0.1821192052980134
0.28131672597864765,0.6567681267013121,0.5349865951742627,0.7335099337748341
0.28861209964412804,0.6815144766147014,0.6536193029490616,0.532185430463576
0.7706405693950177,0.3110616184112871,0.585254691689008,0.21377483443708556
0.2734875444839857,0.638703291264541,0.9158176943699732,0.54
0.2879003558718861,0.6693887651571409,0.5934316353887399,0.7790728476821194
0.7790035587188612,0.40633506557782795,0.7848525469168901,0.2052980132450326
0.35854092526690384,0.5525859935659518,0.7116621983914211,0.5282119205298015
0.8939501779359428,0.6057906458797362,0.586461126005362,0.290596026490066
0.45231316725978643,0.3944568176194032,0.5997319034852546,0.3633112582781459
0.8596085409252668,0.34050977480821487,0.5719839142091154,0.14423841059602616
0.6797153024911032,0.5303142786439032,0.6193029490616624,0.32768211920529833
0.8514234875444838,0.20861172976985998,0.80857908847185,0.15006622516556245
0.34003558718861204,0.8673595644642447,0.6103217158176946,0.6219867549668878
0.4638790035587188,0.47686216283098304,0.36340482573726546,0.3320529801324499
0.351067615658363,0.5028458302400409,0.8595174262734586,0.6663576158940394
0.25355871886120995,0.6391982182628091,0.6447721179624666,0.7087417218543042
0.6215302491103202,0.6070279633754012,0.44745308310991955,0.363046357615894
0.2613879003558718,0.5416975996040598,0.8242627345844504,0.7156291390728482
0.8177935943060496,0.37564959168522805,0.5554959785522788,0.22357615894039728
0.7774021352313166,0.2531551596139572,0.23619302949061666,0.16291390728476784
0.2923487544483986,0.4164810690423195,0.7380697050938338,0.5149668874172182
0.6176156583629894,0.5726305369957956,0.45790884718498664,0.3434437086092714
0.8258007117437721,0.33382826033160384,0.6238605898123324,0.10384105960264911
0.34003558718861204,0.9227913882702339,0.5843163538873997,0.6384105960264899
0.736476868327402,0.6201435288295016,0.403485254691689,0.19549668874172177
0.4135231316725979,0.23484286067805016,0.4776139410187668,0.3345695364238406
0.2702846975088967,0.2590942835931713,0.6576407506702415,0.5619867549668873
0.6389679715302491,0.6525612472160383,0.6406166219839142,0.47006622516556273
0.2604982206405694,0.5691660480079186,0.5802949061662197,0.5758940397350996
0.7886120996441283,0.4716654293491729,0.1920911528150135,0.2586754966887419
0.5976868327402135,0.5963870329126486,0.36997319034852544,0.3046357615894042
0.7788256227758005,0.4060876020786921,0.3674262734584451,0.1560264900662256
0.33096085409252674,0.5055679287305139,0.7280160857908848,0.6039735099337751
0.3649466192170818,0.39990101460034566,0.7845844504021449,0.6005298013245035
0.0,0.40732491957436423,0.9998659517426276,0.6512582781456953
0.4259786476868327,0.2600841375897076,0.7266756032171582,0.27139072847682133
0.24110320284697506,0.5674338035139854,0.8502680965147453,0.8087417218543047
0.2704626334519573,0.7362039099232867,0.6780160857908848,0.78953642384106
0.24555160142348742,0.31700074239050124,0.5840482573726542,0.507682119205298
0.8293594306049822,0.4140064340509788,0.9044235924932977,0.24317880794701985
0.6064056939501777,0.48230635981192904,0.7018766756032173,0.33549668874172145
0.32384341637010683,0.550358822073747,0.661260053619303,0.8160264900662249
0.2871886120996441,0.5120019797079962,0.8463806970509384,0.7251655629139071
0.4101423487544483,0.38703291264538464,0.5010723860589812,0.2156291390728482
0.27224199288256223,0.578817124474142,0.8587131367292227,0.4817218543046353
0.6612099644128114,0.5627319970304399,0.7436997319034855,0.41629139072847643
0.253202846975089,0.44642415243751543,0.9245308310991958,0.5666225165562917
0.7535587188612097,0.3659985152190046,0.5155495978552278,0.3422516556291395
0.6149466192170819,0.4219252660232655,0.6033512064343163,0.2438410596026488
0.28540925266903905,0.6634496411779303,0.5999999999999999,0.6174834437086094
0.4101423487544483,0.38431081415491164,0.7949061662198393,0.322384105960265
0.6055160142348753,0.5570403365503616,0.7486595174262736,0.2649006622516552
0.2775800711743772,0.7520415738678565,0.8564343163538874,0.8431788079470204
0.2818505338078292,0.6010888393961906,0.7660857908847185,0.7275496688741718
0.3437722419928825,0.7465973768869105,0.9164879356568367,0.7811920529801322
0.8597864768683275,0.5459044790893373,0.6037533512064344,0.19417218543046388
0.7135231316725977,0.5223954466716165,0.8327077747989278,0.4490066225165563
0.5948398576512456,0.4832962138084653,0.8313672922252011,0.3618543046357612
0.2829181494661921,0.7121999505073013,0.654691689008043,0.6309933774834438
0.7788256227758005,0.430091561494681,0.5601876675603217,0.0798675496688741
0.3649466192170818,0.36896807720861347,0.510053619302949,0.35443708609271507
0.2923487544483986,0.3113090819104194,0.6880697050938338,0.4713907284768215
0.2644128113879003,0.4310814154912137,0.7040214477211797,0.7443708609271518
0.7754448398576511,0.3622865627319989,0.5845844504021449,0.2280794701986757
0.42437722419928825,0.537490720118786,0.3719839142091153,0.4305960264900657
0.24857651245551593,0.4870081662954746,0.9083109919571046,0.9441059602649009
0.7016014234875446,0.6020786933927269,0.22667560321715824,0.2403973509933781
0.29483985765124554,0.6661717396683997,0.764343163538874,0.7396026490066232
0.2069395017793595,0.3707003217025502,0.9253351206434317,0.5870198675496683
0.2743772241992882,0.7676317743132905,0.814343163538874,0.628874172185431
0.5660142348754448,0.4234100470180664,0.6301608579088471,0.28953642384106004
0.5718861209964413,0.5355110121257134,0.7399463806970512,0.43814569536423775
0.7788256227758005,0.4342984409799584,0.6215817694369974,0.0666225165562917
0.4638790035587188,0.4664686958673627,0.2946380697050938,0.3890066225165558
0.3633451957295374,0.8012868101954957,0.9404825737265416,0.564503311258278
0.30177935943060497,0.5647117050235124,0.6899463806970512,0.5882119205298011
0.18167259786476864,0.8483048750309372,0.7363270777479893,0.9231788079470196
0.2263345195729537,0.6775550606285599,0.6985254691689009,0.822781456953642
0.93576512455516,0.40979955456570494,0.7126005361930297,0.234304635761589
0.8295373665480427,0.2932442464736482,0.44517426273458455,0.11841059602649029
0.3784697508896797,0.4983914872556312,0.6600536193029491,0.43814569536423775
0.7946619217081848,0.43776292996783184,0.34557640750670254,0.29417218543046353
0.4329181494661921,0.5506062855728793,0.8693029490616622,0.5607947019867554
0.2775800711743772,0.783964365256125,0.8785522788203755,0.7752317880794708
0.4749110320284696,0.48131650581539276,0.49611260053619305,0.4748344370860931
0.4412811387900355,0.3197228408809707,0.7869973190348527,0.3982781456953637
0.7921708185053379,0.3543677307597157,0.23284182305630036,0.19298013245033108
0.8597864768683275,0.549616431576343,0.20643431635388748,0.17443708609271535
0.6690391459074733,0.6896807720861204,0.6832439678284183,0.47364238410596027
0.2724199288256228,0.6233605543182392,0.5922252010723861,0.8605298013245033
0.20960854092526693,0.4983914872556312,0.6626005361930296,0.7060927152317875
0.2530249110320284,0.4523632764167296,0.6017426273458446,0.6580132450331124
0.43540925266903907,0.3909923286315298,0.8837801608579088,0.4213245033112578
0.2790035587188612,0.7159119029943106,0.8500000000000001,0.7292715231788076
0.19359430604982208,0.5073001732244506,0.8521447721179625,0.8003973509933777
0.40391459074733094,0.5006186587478361,0.28096514745308315,0.314569536423841
0.5457295373665481,0.6810195496164333,0.46903485254691685,0.5948344370860932
0.2572953736654804,0.4944320712694896,0.8465147453083111,0.7993377483443709
0.2871886120996441,0.5073001732244506,0.8524128686327079,0.7388079470198674
0.4259786476868327,0.2628062360801806,0.7702412868632709,0.2847682119205297
0.8295373665480427,0.3043801039346725,0.6652815013404827,0.10569536423841086
0.7535587188612097,0.2749319475377412,0.82828418230563,0.32463576158940377
0.3649466192170818,0.38827023014105677,0.8056300268096515,0.5674172185430466
0.34234875444839863,0.6260826528087122,0.886058981233244,0.6654304635761585
0.8475088967971528,0.3501608512744383,0.5081769436997319,0.14225165562913933
0.7836298932384341,0.2816134620143522,0.6258713136729224,0.13801324503311285
0.7439501779359431,0.33927245731254985,0.6034852546916891,0.2140397350993375
0.4352313167259786,0.5765899529819372,0.46300268096514746,0.4247682119205294
0.686476868327402,0.4392477109626327,0.8542895442359251,0.2635761589403973
0.6832740213523131,0.4278643900024761,0.5612600536193031,0.20516556291390753
0.3418149466192171,0.38579559514971606,0.5632707774798928,0.39046357615894056
0.8341637010676154,0.4417223459539734,0.6064343163538874,0.1386754966887418
0.9218861209964412,0.4122741895570421,0.5101876675603216,0.16543046357615854
0.3927046263345195,0.3709477852016825,0.5512064343163541,0.3513907284768214
0.2852313167259787,0.6243504083147755,0.8739946380697052,0.8753642384105964
0.6128113879003557,0.5634743875278403,0.6672922252010725,0.43602649006622496
0.442526690391459,0.5652066320217806,0.45857908847184997,0.5039735099337745
0.2879003558718861,0.6634496411779303,0.7403485254691691,0.7947019867549665
0.46156583629893233,0.47018064835436846,0.6506702412868632,0.37602649006622446
0.42953736654804264,0.48948280128681176,0.2115281501340483,0.5052980132450333
0.6998220640569394,0.333580796832468,0.44530831099195717,0.2003973509933772
0.4412811387900355,0.435535758475627,0.9680965147453084,0.39668874172185387
0.31637010676156585,0.6382083642662728,0.6607238605898123,0.5209271523178804
0.8939501779359428,0.6013363028953265,0.5935656836461127,0.33880794701986705
0.4167259786476868,0.6255877258104441,0.6675603217158177,0.2757615894039729
0.2222419928825623,0.4206879485275934,0.8075067024128686,0.6234437086092717
0.6713523131672597,0.5857461024498889,0.8652815013404827,0.3169536423841057
0.7635231316725978,0.37292749319475504,0.4835120643431636,0.16821192052980116
0.40160142348754446,0.2464736451373426,0.257372654155496,0.23615894039735075
0.2069395017793595,0.3457065082900286,0.8597855227882039,0.6309933774834438
0.32580071174377223,0.48973026478594406,0.6293565683646114,0.7345695364238418
0.16601423487544475,0.8619153674832987,0.662466487935657,0.758278145695364
0.7914590747330962,0.333580796832468,0.7242627345844506,0.19695364238410562
0.25355871886120995,0.6211333828260344,0.7085790884718499,0.7634437086092714
0.3352313167259787,0.6505815392229657,0.4781501340482574,0.4900662251655632
0.34234875444839863,0.5689185845087863,0.29490616621983917,0.6260927152317874
0.28861209964412804,0.6975996040584036,0.9048257372654156,0.5945695364238404
0.2622775800711744,0.5327889136352404,0.8591152815013408,0.7154966887417213
0.7179715302491102,0.5186834941846108,0.3343163538873995,0.32092715231788116
0.351067615658363,0.5261073991586258,0.2584450402144773,0.43152317880794655
0.9284697508896796,0.3862905221479842,0.8010723860589812,0.20026490066225122
0.8891459074733096,0.27196238554813235,0.7691689008042897,0.1762913907284771
0.7891459074733095,0.39965355110121337,0.5589812332439679,0.19880794701986737
0.253914590747331,0.3083395199208141,0.717024128686327,0.6388079470198678
0.8085409252669037,0.4209354120267257,0.48887399463806974,0.169668874172185
0.8576512455516013,0.2959663449641212,0.9222520107238608,0.13735099337748302
0.7185053380782916,0.5048255382331099,0.46193029490616627,0.27125827814569536
0.25978647686832745,0.8270230141054213,0.9369973190348526,0.718278145695364
0.4135231316725979,0.31749566938876583,0.7957104557640753,0.39046357615894056
0.6832740213523131,0.42563721851027125,0.4991957104557641,0.2181456953642389
0.8083629893238434,0.3375402128186096,0.8746648793565686,0.18966887417218548
0.31619217081850537,0.602573620390995,0.7418230563002683,0.7108609271523179
0.9676156583629892,0.34991338777530245,0.40589812332439684,0.20834437086092716
0.3177935943060498,0.40979955456570494,0.6667560321715817,0.6168211920529796
0.7629893238434161,0.3068547389260097,0.1579088471849867,0.09218543046357652
0.6834519572953736,0.5073001732244506,0.7230563002680965,0.3153642384105959
0.2870106761565836,0.6735956446424183,0.8274798927613942,0.653112582781457
0.7322064056939502,0.5515961395694156,0.7498659517426274,0.524900662251655
0.27313167259786475,0.7923781242266799,0.6817694369973191,0.7858278145695357
0.6998220640569394,0.3543677307597157,0.6727882037533512,0.2736423841059601
0.28647686832740216,0.6820094036129696,0.7961126005361931,0.8027814569536424
0.7327402135231317,0.4216778025241297,0.49343163538873996,0.28662251655629145
0.7886120996441283,0.4568176194011393,0.3175603217158178,0.1316556291390727
0.3113879003558718,0.5377381836179183,0.6514745308310992,0.5947019867549672
0.3396797153024911,0.7003217025488766,0.8711796246648795,0.6762913907284771
0.27188612099644127,0.6933927245731262,0.9211796246648796,0.86317880794702
0.26174377224199286,0.47958426132145604,0.5060321715817695,0.9945695364238416
0.5895017793594305,0.4444444444444464,0.7150134048257375,0.38225165562913865
0.2964412811387901,0.32986884434546226,0.8768096514745309,0.798278145695364
0.45017793594306044,0.5444196980945328,0.8281501340482575,0.4875496688741716
0.793238434163701,0.44073249195743713,0.7404825737265417,0.3100662251655635
0.3437722419928825,0.7560009898539981,0.8765415549597857,0.75841059602649
0.2540925266903915,0.4857708487998025,0.595308310991957,0.6978807947019865
0.2549822064056939,0.27295223954466863,0.8564343163538874,0.6924503311258281
0.27313167259786475,0.5681761940113859,0.6772117962466488,0.6478145695364237
0.795017793594306,0.45038356842366056,0.7746648793565685,0.19801324503311246
0.2644128113879003,0.2949764909675814,0.8927613941018768,0.7618543046357615
0.25782918149466194,0.49418460777035733,0.4404825737265416,0.7368211920529797
0.2645907473309608,0.6151942588468202,0.7975871313672924,0.8429139072847676
0.24555160142348742,0.5850037119524885,0.8491957104557641,0.7409271523178802
0.3199288256227758,0.5587725810442983,0.7743967828418232,0.5549668874172191
0.2222419928825623,0.4540955209106663,0.8435656836461127,0.6727152317880796
0.2829181494661921,0.4382578569661,0.9560321715817695,0.8536423841059602
0.6850533807829181,0.557782727047762,0.6474530831099197,0.34543046357615825
0.30106761565836304,0.3543677307597157,0.5309651474530832,0.645827814569536
0.8451957295373665,0.2806236080178195,0.5878016085790885,0.15708609271523155
0.2622775800711744,0.5597624350408346,0.746246648793566,0.6227814569536418
0.7939501779359431,0.5048255382331099,0.38217158176943705,0.12450331125827852
0.351067615658363,0.5016085127443723,0.8526809651474532,0.6520529801324502
0.2704626334519573,0.750804256372188,0.714343163538874,0.8690066225165562
0.2749110320284698,0.8193516456322705,0.7892761394101877,0.8170860927152317
0.26085409252669045,0.9455580301905471,0.7702412868632709,0.7784105960264895
0.7788256227758005,0.44790893343231986,0.8726541554959786,0.18860927152317863
0.5149466192170817,0.5511012125711474,0.6666219839142093,0.5912582781456948
0.686476868327402,0.6713684731502099,0.7646112600536192,0.42980132450331077
0.7855871886120996,0.4441969809453141,0.26595174262734583,0.12556291390728447
0.5567615658362989,0.687453600593912,0.546514745308311,0.48781456953642355
0.8350533807829182,0.4632516703786216,0.26501340482573726,0.35112582781456947
0.286832740213523,0.5337787676317767,0.5571045576407507,0.5364238410596025
0.27526690391459074,0.38158871566443864,0.7852546916890082,0.6846357615894041
0.37099644128113873,0.5246226181638249,0.7406166219839143,0.4374834437086097
0.6176156583629894,0.5803019054689464,0.3159517426273459,0.2827814569536429
0.3704626334519573,0.5968819599109132,0.8274798927613942,0.5890066225165569
0.3261565836298932,0.594407324919576,0.36715817694369984,0.5883443708609271
0.8638790035587188,0.26800296956199077,0.5812332439678285,0.13682119205298005
0.93576512455516,0.5270972531551621,0.799597855227882,0.2350993377483439
0.2790035587188612,0.7164068299925788,0.8445040214477213,0.7790728476821194
0.8793594306049822,0.4055926750804275,0.39584450402144783,0.21364238410596048
0.7135231316725977,0.5780747339767416,0.3093833780160858,0.355099337748344
0.2530249110320284,0.4704281118535043,0.8349865951742628,0.790066225165563
0.31423487544483986,0.5194258846820112,0.8292225201072387,0.91112582781457
0.5064056939501779,0.5832714674585517,0.4985254691689009,0.5683443708609275
0.2964412811387901,0.205147240781983,0.9289544235924934,0.6754966887417213
0.2724199288256228,0.463994060876022,0.5091152815013404,0.7977483443708611
0.2501779359430605,0.8047512991833727,0.5884718498659518,0.7088741721854301
0.583629893238434,0.5906953724325668,0.658176943699732,0.46675496688741713
0.5880782918149464,0.5169512496906705,0.7373994638069705,0.34450331125827827
0.27935943060498225,0.7008166295471447,0.7927613941018767,0.8203973509933773
0.6128113879003557,0.589705518436034,0.6305630026809652,0.4267549668874171
0.31637010676156585,0.4709230388517689,0.36286863270777486,0.5856953642384104
0.7923487544483986,0.5543182380598886,0.7567024128686328,0.2362913907284767
0.6781138790035587,0.4919574362781489,0.6656836461126006,0.3356291390728483
0.754982206405694,0.43256619648601813,0.3416890080428954,0.29364238410596055
0.6386120996441281,0.46201435288294945,0.7310991957104558,0.21735099337748398
0.2934163701067616,0.5852511754516208,0.7509383378016086,0.6132450331125829
0.8145907473309607,0.6622123236822581,0.5412868632707775,0.4904635761589402
0.19377224199288257,0.909675822816137,0.8201072386058981,0.8843708609271523
0.4868327402135231,0.8304875030932983,0.49611260053619305,0.5916556291390727
0.34288256227758007,0.6530561742143028,0.42640750670241284,0.6058278145695368
0.41690391459074727,0.6075228903736729,0.8491957104557641,0.6524503311258272
0.795017793594306,0.45261073991586187,0.626005361930295,0.11417218543046381
0.286832740213523,0.6335065577827272,0.662466487935657,0.7157615894039733
0.24822064056939508,0.4157386785449191,0.611662198391421,0.540397350993377
0.24964412811387904,0.5246226181638249,0.49946380697050946,0.6001324503311256
0.2921708185053381,0.4803266518188565,0.39879356568364616,0.6279470198675501
0.27313167259786475,0.5723830734966597,0.6167560321715817,0.6189403973509933
0.24964412811387904,0.515713932195002,0.450402144772118,0.5756291390728476
0.4234875444839856,0.27567433803514163,0.20428954423592488,0.31152317880794644
0.7637010676156583,0.3103192279138831,0.563941018766756,0.330728476821192
0.27224199288256223,0.599851521900522,0.9603217158176944,0.5850331125827815
0.19377224199288257,0.8765157139321964,0.8793565683646114,0.8490066225165567
0.6709964412811388,0.48527592180153434,0.5261394101876677,0.290066225165563
0.253914590747331,0.2907696114823075,0.8049597855227884,0.580794701986755
0.42758007117437724,0.6300420687948538,0.9096514745308313,0.5592052980132456
0.3048042704626335,0.4132640435535784,0.6943699731903485,0.758013245033113
0.7158362989323844,0.49220489977728477,0.5558981233243969,0.2222516556291394
0.2745551601423487,0.2699826775550598,0.8564343163538874,0.48781456953642355
0.3496441281138789,0.47834694382578746,0.3924932975871314,0.4018543046357621
0.34946619217081853,0.7512991833704561,0.3742627345844504,0.6029139072847682
0.795017793594306,0.4271219995050757,0.3875335120643432,0.0905960264900667
0.34288256227758007,0.6743380351398187,0.2386058981233244,0.523841059602649
0.3927046263345195,0.3402623113090826,0.31313672922252017,0.3589403973509935
0.2540925266903915,0.4481563969314557,0.7461126005361931,0.9094039735099342
0.731850533807829,0.4966592427616945,0.4663538873994639,0.17350993377483448
0.24341637010676154,0.7201187824795845,0.6758713136729224,0.8356291390728483
0.2790035587188612,0.8334570650829001,0.6525469168900804,0.6525827814569531
0.2572953736654804,0.47958426132145604,0.799597855227882,0.750993377483443
0.588967971530249,0.6090076713684738,0.5750670241286864,0.27139072847682133
0.32651245551601427,0.7824795842613241,0.7071045576407509,0.5601324503311256
0.5131672597864769,0.47414006434051004,0.8537533512064344,0.3679470198675503
0.44893238434163707,0.5773323434793376,0.5765415549597854,0.46331125827814557
0.26174377224199286,0.4679534768621636,0.5605898123324398,0.9866225165562916
0.5686832740213522,0.4865132392972029,0.3758713136729223,0.3221192052980131
0.18558718861209966,0.46201435288294945,0.8864611260053621,0.855099337748344
0.7240213523131672,0.6609750061865896,0.7057640750670242,0.29986754966887386
0.24857651245551593,0.4154912150457797,0.9199731903485255,0.863576158940397
0.42953736654804264,0.49319475377382105,0.1558981233243968,0.49735099337748334
0.32544483985765116,0.5186834941846108,0.7770777479892763,0.8166887417218547
0.6345195729537366,0.4142538975501111,0.7223860589812334,0.3042384105960263
0.2549822064056939,0.19846572630537196,0.9965147453083112,0.7156291390728482
0.8224199288256228,0.42291512001979825,0.33284182305630033,0.13509933774834426
0.45017793594306044,0.5115070527097245,0.6537533512064344,0.46953642384105887
0.6565836298932383,0.45434298440980214,0.7788203753351206,0.23947019867549635
0.2838078291814947,0.25612472160356603,0.8568364611260055,0.8684768211920524
0.33274021352313166,0.6154417223459561,0.5231903485254692,0.4312582781456955
0.7754448398576511,0.3659985152190046,0.6718498659517429,0.1957615894039737
0.6128113879003557,0.5921801534273712,0.5176943699731904,0.40993377483443716
0.30925266903914594,0.8789903489235371,0.5969168900804291,0.6033112582781452
0.3480427046263346,0.7955951497154174,0.6034852546916891,0.5054304635761593
0.25978647686832745,0.8215788171244753,0.9882037533512065,0.6617218543046359
0.42758007117437724,0.6916604800791895,0.7550938337801609,0.38384105960264936
0.3480427046263346,0.7658995298193538,0.8368632707774799,0.677748344370861
0.3480427046263346,0.7634248948280131,0.8398123324396782,0.701986754966887
0.5895017793594305,0.46547884187082644,0.8810991957104559,0.4312582781456955
0.7999999999999997,0.3763919821826285,0.3640750670241287,0.16463576158940363
0.6313167259786477,0.6191536748329618,0.5621983914209117,0.3161589403973508
0.29466192170818506,0.9133877753031427,0.8912868632707776,0.621854304635761
0.4135231316725979,0.23360554318238158,0.5049597855227883,0.3406622516556297
0.8613879003558716,0.23583271467458644,0.8756032171581769,0.22052980132450362
0.3476868327402135,0.39990101460034566,0.6615281501340484,0.4602649006622519
0.7330960854092526,0.23707003217025857,0.80201072386059,0.22317880794702027
0.27188612099644127,0.6877010640930479,0.9573726541554961,0.7523178807947017
0.7535587188612097,0.34050977480821487,0.4117962466487936,0.28410596026490076
0.26174377224199286,0.66171739668399,0.5369973190348527,1.0
0.7309608540925266,0.4563226924028747,0.3989276139410188,0.3360264900662253
0.2893238434163701,0.4946795347686219,0.8487935656836461,0.5888741721854309
0.7754448398576511,0.32293986636971184,0.18672922252010732,0.23536423841059584
0.8451957295373665,0.26181638208364433,0.3891420911528151,0.19231788079470125
0.6220640569395018,0.5627319970304399,0.4239946380697051,0.3233112582781459
0.641459074733096,0.4778520168275193,0.2613941018766757,0.42357615894039746
0.351067615658363,0.5270972531551621,0.20187667560321715,0.4060927152317886
0.801423487544484,0.34050977480821487,0.8666219839142091,0.21549668874172134
0.8258007117437721,0.3182380598861698,0.876005361930295,0.20225165562913894
0.7677935943060498,0.5033407572383091,0.6621983914209115,0.2615894039735096
0.6955516014234876,0.3917347191289302,0.3840482573726542,0.3025165562913914
0.8288256227758005,0.35362534026231174,0.5101876675603216,0.09576158940397317
0.7601423487544482,0.4974016332590949,0.3281501340482574,0.21178807947019873
0.754982206405694,0.4231625835189341,0.34410187667560327,0.27125827814569536
0.6752669039145908,0.547636723583274,0.7660857908847185,0.3083443708609277
0.4638790035587188,0.443702053947046,0.8911528150134049,0.5186754966887417
0.6204626334519573,0.41747092303885225,0.8727882037533514,0.2569536423841061
0.3466192170818506,0.7587230883444711,0.8790884718498662,0.581324503311258
0.5567615658362989,0.6844840386043067,0.6014745308310994,0.5144370860927152
0.4804270462633451,0.5412026726057917,0.5505361930294905,0.46913907284768186
0.35854092526690384,0.5553080920564248,0.822922252010724,0.6466225165562909
0.2829181494661921,0.3667409057164086,0.953485254691689,0.7650331125827812
0.33274021352313166,0.6055431823806003,0.6075067024128686,0.48397350993377497
0.347508896797153,0.4031180400890868,0.28927613941018776,0.2764238410596027
0.3261565836298932,0.5978718139074495,0.5067024128686328,0.5777483443708604
0.8596085409252668,0.3278891363523897,0.4694369973190348,0.1349668874172183
0.7179715302491102,0.5283345706508307,0.385254691689008,0.38304635761589445
0.41921708185053386,0.44617668893838314,0.529892761394102,0.3659602649006617
0.795017793594306,0.4333085869834221,0.3029490616621984,0.15006622516556245
0.4793594306049821,0.4075723830735001,0.7500000000000002,0.36079470198675523
0.29288256227758,0.9935659490225213,0.5765415549597854,0.7327152317880792
0.6128113879003557,0.5909428359317026,0.6380697050938338,0.43682119205297987
0.6734875444839857,0.48750309329374275,0.7415549597855229,0.34622516556291316
0.3480427046263346,0.7970799307102183,0.8021447721179626,0.7490066225165561
0.2686832740213523,0.6533036377134387,0.6730563002680965,0.7131125827814575
0.576512455516014,0.5882207374412296,0.6729222520107241,0.40331125827814507
0.7316725978647688,0.33432318732986843,0.5985254691689008,0.17695364238410605
0.290035587188612,0.45929225439248,0.4017426273458446,0.5944370860927153
0.6140569395017793,0.6481069042316285,0.7361930294906167,0.33006622516556305
0.24661921708185053,0.5545657015590209,0.6280160857908847,0.7133774834437085
0.3279359430604982,0.5738678544914642,0.7733243967828418,0.8430463576158944
0.2653024911032029,0.43702053947042785,0.7581769436997321,0.879735099337748
0.3231316725978648,0.7310071764414765,0.9274798927613943,0.5923178807947025
0.3649466192170818,0.4439495174461783,0.9414209115281502,0.8098013245033107
0.24341637010676154,0.7156644394951748,0.8104557640750671,0.7806622516556292
0.28113879003558706,0.320712694877507,0.7068364611260056,0.5774834437086094
0.2293594306049822,0.4917099727790166,0.7596514745308312,0.6892715231788085
0.595729537366548,0.20836426627072413,0.3659517426273459,0.3476821192052979
0.4638790035587188,0.322692402870576,0.4705093833780161,0.23112582781456936
0.2800711743772242,0.22444939371442985,0.49879356568364625,0.5123178807947015
0.7439501779359431,0.36451373422420374,0.5359249329758715,0.23377483443708602
0.24857651245551593,0.4224201930215301,0.9361930294906169,0.9337748344370862
0.7064056939501778,0.5075476367235829,0.3514745308310992,0.2569536423841061
0.3476868327402135,0.36352388022766746,0.5101876675603216,0.5696688741721854
0.2519572953736655,0.5887156644394942,0.7711796246648794,0.7116556291390728
0.731850533807829,0.49344221727295334,0.4859249329758714,0.1737748344370864
0.5064056939501779,0.550358822073747,0.5721179624664878,0.5132450331125824
0.2738434163701068,0.5731254639940602,0.6280160857908847,0.6778807947019869
0.24768683274021353,0.49690670626083033,0.7249329758713139,0.6841059602649011
0.34003558718861204,0.873793615441727,0.5548257372654157,0.5945695364238404
0.4596085409252668,0.38010393466963777,0.890348525469169,0.3496688741721856
0.6832740213523131,0.4179658500371204,0.5281501340482573,0.23695364238410566
0.4596085409252668,0.39396189062113507,0.8494638069705096,0.3560264900662249
0.32651245551601427,0.807720861172978,0.805093833780161,0.6895364238410595
0.8071174377224198,0.427369463004208,0.783378016085791,0.28370860927152286
0.8475088967971528,0.4068299925760961,0.8558981233243967,0.2619867549668875
0.6884341637010675,0.4189557040336567,0.560857908847185,0.3252980132450327
0.4946619217081849,0.534768621628313,0.6861930294906167,0.4900662251655632
0.8402135231316724,0.4018807225934182,0.8512064343163541,0.11350993377483398
0.32153024911032024,0.4216778025241297,0.5155495978552278,0.3815894039735097
0.8288256227758005,0.40806731007176467,0.5168900804289545,0.19801324503311246
0.3352313167259787,0.6112348428606822,0.7461126005361931,0.6724503311258276
0.40355871886120986,0.4845335313041339,0.9995978552278821,0.5999999999999996
0.6690391459074733,0.6674090571640718,0.43579088471849875,0.298940397350993
0.286832740213523,0.6030685473892632,0.5075067024128688,0.5303311258278143
0.27313167259786475,0.7468448403860464,0.7742627345844504,0.7150993377483443
0.29288256227758,1.0,0.6530831099195711,0.7643708609271522
0.2686832740213523,0.6486018312298967,0.6213136729222519,0.6874172185430467
0.3845195729537366,0.5278396436525625,0.8075067024128686,0.4744370860927152
0.4352313167259786,0.5446671615936651,0.4024128686327078,0.4258278145695371
0.3177935943060498,0.455827765404603,0.5916890080428956,0.5754966887417217
0.7421708185053378,0.330858698341995,0.5124664879356569,0.17827814569536482
0.576512455516014,0.5718881464983916,0.8180965147453085,0.47867549668874165
0.42028469750889674,0.5572878000494939,0.3045576407506703,0.37311258278145676
0.19074733096085406,0.6864637465973793,0.7353887399463808,0.8124503311258282
0.299288256227758,0.2046523137837184,0.9788203753351208,0.4875496688741716
0.42758007117437724,0.6659242761692639,0.6336461126005362,0.40715231788079453
0.8939501779359428,0.633259094283595,0.4089812332439679,0.26516556291390714
0.8177935943060496,0.23187329868844486,0.5572386058981234,0.22794701986754973
0.7535587188612097,0.2766641920316779,0.789946380697051,0.3087417218543047
0.7914590747330962,0.2974511259589221,0.5738605898123326,0.0839735099337755
0.2871886120996441,0.5006186587478361,0.8111260053619302,0.6703311258278148
0.25782918149466194,0.49517446176689006,0.7809651474530832,0.7696688741721855
0.5925266903914589,0.5055679287305139,0.6608579088471851,0.4458278145695367
0.2704626334519573,0.6904231625835209,0.3747989276139411,0.6617218543046359
0.8341637010676154,0.45731254639940744,0.7379356568364612,0.1891390728476825
0.68576512455516,0.5003711952487038,0.24128686327077759,0.2997350993377479
0.19359430604982208,0.5048255382331099,0.8550938337801608,0.7784105960264895
0.3314946619217082,0.6832467211086382,0.9613941018766756,0.7390728476821193
0.20195729537366547,0.7357089829250221,0.7363270777479893,0.7101986754966889
0.5674377224199288,0.4441969809453141,0.8490616621983915,0.41708609271523134
0.5603202846975089,0.48973026478594406,0.32359249329758716,0.2508609271523179
0.588967971530249,0.5614946795347713,0.5774798927613942,0.2574834437086091
0.3704626334519573,0.5144766146993334,0.9788203753351208,0.5740397350993378
0.4889679715302492,0.28012868101955135,0.7581769436997321,0.3603973509933782
0.5610320284697509,0.5033407572383091,0.7072386058981233,0.3663576158940396
0.34288256227758007,0.6817619401138373,0.8107238605898126,0.6731125827814566
0.8375444839857652,0.3736698836921555,0.8820375335120645,0.22900662251655657
0.46156583629893233,0.4818114328136609,0.74343163538874,0.3709933774834431
0.836832740213523,0.13808463251670489,0.676809651474531,0.15139072847682122
0.4053380782918149,0.5859935659490247,0.6199731903485255,0.38185430463576164
0.588967971530249,0.5701559020044549,0.7583109919571045,0.3778807947019871
0.3480427046263346,0.7998020292006949,0.6529490616621985,0.5291390728476815
0.28131672597864765,0.5110121257114599,0.6134048257372653,0.7817218543046351
0.29288256227758,0.9844097995545695,0.6572386058981234,0.8324503311258278
0.5131672597864769,0.4595397178916123,0.7892761394101877,0.40384105960264893
0.7327402135231317,0.43405097748082255,0.23900804289544236,0.23456953642384182
0.286832740213523,0.38703291264538464,0.8262734584450404,0.5231788079470201
0.3476868327402135,0.6832467211086382,0.6910187667560324,0.49655629139072843
0.2622775800711744,0.5590200445434306,0.7674262734584452,0.6499337748344365
0.7898576512455516,0.4169759960405841,0.8057640750670243,0.17245033112582764
0.7946619217081848,0.4291017074981447,0.9386058981233245,0.322913907284768
0.3476868327402135,0.703043801039346,0.6554959785522787,0.5674172185430466
0.3437722419928825,0.7206137094778526,0.8640750670241288,0.5384105960264902
0.24341637010676154,0.7686216283098268,0.7556300268096516,0.7826490066225169
0.6023131672597865,0.6127196238554831,0.8140750670241288,0.3837086092715234
0.2768683274021353,0.7161593664934465,0.8025469168900807,0.7185430463576159
0.8475088967971528,0.36921554070774576,0.6179624664879357,0.19549668874172177
0.8071174377224198,0.40930462756743324,0.6135388739946381,0.2011920529801321
0.4053380782918149,0.5050730017322458,0.56514745308311,0.4254304635761592
0.2480427046263345,0.6641920316753307,0.786461126005362,0.7966887417218542
0.25551601423487535,0.6594902251917851,0.6552278820375335,0.7774834437086087
0.30925266903914594,0.8337045285820324,0.6155495978552279,0.6438410596026491
0.904626334519573,0.3711952487008183,0.41206434316353885,0.1821192052980134
0.34234875444839863,0.5186834941846108,0.5706434316353888,0.6105960264900663
0.8873665480427045,0.4590447908933477,0.5735924932975871,0.19894039735099334
0.31423487544483986,0.5350160851274453,0.7998659517426274,0.8768211920529803
0.2622775800711744,0.5597624350408346,0.726809651474531,0.6348344370860923
0.2784697508896796,0.7238307349665938,0.984182305630027,0.6372185430463579
0.2852313167259787,0.6503340757238298,0.6341823056300269,0.7143046357615894
0.8693950177935942,0.4115317990596381,0.8762734584450405,0.2656953642384101
0.23274021352313157,0.555803019054693,0.6351206434316354,0.8617218543046352
0.3113879003558718,0.5317990596387041,0.6265415549597855,0.5829139072847678
0.1925266903914591,0.5139816877010652,0.6994638069705095,0.7813245033112581
0.7999999999999997,0.349170997277902,0.7068364611260056,0.13430463576158935
0.591814946619217,0.5879732739420938,0.5836461126005361,0.36066225165562926
0.6998220640569394,0.3454590447908963,0.4052278820375335,0.2380132450331125
0.26814946619217084,0.8059886166790413,0.6639410187667563,0.951390728476821
0.2738434163701068,0.550358822073747,0.8501340482573727,0.7298013245033115
0.5256227758007117,0.5887156644394942,0.5187667560321716,0.42781456953642394
0.8774021352313167,0.571393219500127,0.004423592493297601,0.10039735099337754
0.7601423487544482,0.4432071269487743,0.45067024128686334,0.1813245033112585
0.8085409252669037,0.38579559514971606,0.5619302949061664,0.19880794701986737
0.5912811387900355,0.5233853006681528,0.8617962466487936,0.45509933774834455
0.2704626334519573,0.6797822321207647,0.3359249329758713,0.6875496688741727
0.6752669039145908,0.5708982925018589,0.782975871313673,0.4259602649006622
0.2964412811387901,0.25488740410789745,0.9510723860589814,0.6875496688741727
0.2861209964412811,0.6216283098243025,0.7309651474530832,0.8154966887417219
0.42330960854092525,0.7161593664934465,0.7836461126005363,0.5101986754966887
0.6533807829181494,0.7319970304380128,0.4880697050938338,0.36079470198675523
0.4250889679715302,0.6471170502350923,0.8438337801608582,0.5713907284768212
0.2829181494661921,0.7369463004206871,0.754289544235925,0.7060927152317875
0.7999999999999997,0.40039594159861736,0.8722520107238607,0.17827814569536482
0.7309608540925266,0.45310566691413356,0.6408847184986597,0.1535099337748349
0.93576512455516,0.4761197723335826,0.6962466487935657,0.17496688741721922
0.8693950177935942,0.36030685473892987,0.42761394101876676,0.16662251655629134
0.8110320284697509,0.35634743875278474,0.3532171581769437,0.2164238410596031
0.28131672597864765,0.6738431081415506,0.7182305630026811,0.9267549668874171
0.29145907473309607,0.6852264291017107,0.5855227882037533,0.7536423841059605
0.7642348754448399,0.4342984409799584,0.21836461126005363,0.27549668874172184
0.8117437722419928,0.354615194258848,0.9321715817694369,0.2728476821192052
0.29288256227758,0.994555803019054,0.6564343163538875,0.7639735099337743
0.2747330960854092,0.8332096015837678,0.5266756032171582,0.7180132450331129
0.31423487544483986,0.4773570898292512,0.4223860589812333,0.6676821192052982
0.711387900355872,0.5149715416976015,0.5005361930294907,0.35827814569536454
0.34733096085409254,0.6248453353130436,0.6253351206434317,0.6164238410596026
0.8288256227758005,0.35906953724325774,0.5419571045576408,0.14105960264900652
0.7921708185053379,0.3541202672605799,0.6449061662198392,0.19192052980132424
0.3113879003558718,0.443702053947046,0.8449061662198394,0.6524503311258272
0.6062277580071175,0.3956941351150718,0.4776139410187668,0.24688741721854246
0.795017793594306,0.4360306854738951,0.31916890080428956,0.12317880794701974
0.8713523131672597,0.5107646622123241,0.3095174262734585,0.16768211920529819
0.4234875444839856,0.31650581539222955,0.41045576407506706,0.29947019867549685
0.29181494661921703,0.7344716654293535,0.6166219839142091,0.61364238410596
0.2807829181494662,0.8698341994555818,0.8297587131367292,0.7860927152317885
0.34288256227758007,0.6490967582281648,0.5959785522788204,0.6731125827814566
0.6010676156583629,0.5845087849542203,0.47774798927613954,0.17364238410596045
0.7138790035587189,0.6411779262558781,0.4689008042895442,0.3133774834437091
0.6010676156583629,0.5902004454342986,0.6201072386058981,0.30781456953642383
0.7016014234875446,0.6057906458797362,0.2579088471849866,0.2599999999999998
0.7870106761565837,0.39618906211333993,0.5597855227882038,0.19072847682119232
0.2850533807829182,0.7191289284830518,0.7132707774798928,0.8915231788079465
0.2893238434163701,0.5164563226924059,0.9445040214477212,0.5878145695364232
0.30177935943060497,0.6030685473892632,0.8713136729222521,0.6709933774834438
0.6827402135231316,0.5315515961395718,0.7725201072386059,0.3196026490066224
0.4135231316725979,0.23880227666419174,0.5749329758713138,0.2943046357615895
0.4754448398576512,0.3058648849294734,0.9869973190348527,0.3887417218543048
0.7825622775800712,0.40930462756743324,0.8384718498659518,0.19549668874172177
0.3314946619217082,0.7156644394951748,0.720241286863271,0.5087417218543049
0.3704626334519573,0.5874783469438256,0.833780160857909,0.5494039735099339
0.658896797153025,0.3761445186834962,0.7640750670241288,0.23907284768211934
0.41921708185053386,0.4649839148725583,0.7195710455764075,0.5578807947019868
0.3352313167259787,0.6557782727047758,0.5587131367292224,0.5337748344370858
0.6023131672597865,0.5068052462261825,0.44798927613941014,0.2511258278145698
0.5948398576512456,0.41623360554318367,0.7863270777479894,0.322913907284768
0.8165480427046262,0.17099727790150965,0.8520107238605901,0.13350993377483444
0.8172597864768684,0.38307349665924306,0.32855227882037535,0.13509933774834426
0.3649466192170818,0.3991586241029452,0.9825737265415551,0.483841059602649
0.28238434163701065,0.031675327889136184,0.9414209115281502,0.6431788079470193
0.3476868327402135,0.3934669636228669,0.5965147453083111,0.3741721854304636
0.34430604982206403,0.5389755011135868,0.2164879356568365,0.6690066225165561
0.2807829181494662,0.8141549121504603,0.8175603217158178,0.6023841059602653
0.7330960854092526,0.3073496659242778,0.6221179624664879,0.13178807947019866
0.4441281138790035,0.3892600841375895,0.9495978552278823,0.3837086092715234
0.42330960854092525,0.7181390744865155,0.8869973190348528,0.5513907284768207
0.642170818505338,0.4474140064340517,0.8855227882037535,0.3372185430463581
0.24964412811387904,0.5065577827270502,0.45013404825737274,0.6075496688741717
0.4596085409252668,0.3833209601583789,0.898123324396783,0.37682119205298026
0.28238434163701065,0.1370947785201686,0.7794906166219839,0.6488741721854305
0.7384341637010675,0.4986389507547635,0.40040214477211805,0.40132450331125824
0.2540925266903915,0.3971789161098762,0.6615281501340484,0.5854304635761585
0.2871886120996441,0.5439247710962647,0.8558981233243967,0.6737748344370864
0.40391459074733094,0.44617668893838314,0.5931635388739946,0.5464900662251653
0.6012455516014233,0.47389260084137774,0.8103217158176945,0.40834437086092645
0.9676156583629892,0.3103192279138831,0.810857908847185,0.1490066225165565
0.27526690391459074,0.41474882454837925,0.7428954423592495,0.6561589403973507
0.4638790035587188,0.47414006434051004,0.5101876675603216,0.29165562913907284
0.41921708185053386,0.4689433308586999,0.5174262734584449,0.5087417218543049
0.3279359430604982,0.5751051719871327,0.6711796246648793,0.5581456953642379
0.6128113879003557,0.5515961395694156,0.7325737265415551,0.4407947019867553
0.6690391459074733,0.6661717396683997,0.4576407506702414,0.3194701986754964
0.5967971530249109,0.25983667409057176,0.29544235924932977,0.2683443708609268
0.7790035587188612,0.3659985152190046,0.5123324396782842,0.17695364238410605
0.34946619217081853,0.7619401138332087,0.8553619302949063,0.8172185430463577
0.3476868327402135,0.3959415986142041,0.603083109919571,0.43033112582781463
0.2501779359430605,0.8292501855976298,0.7890080428954425,0.8082119205298008
0.7240213523131672,0.6778025241276922,0.7380697050938338,0.24860927152317824
0.8633451957295372,0.3155159613956968,0.3619302949061663,0.20516556291390753
0.8683274021352311,0.4164810690423195,0.7734584450402147,0.20887417218543014
0.5895017793594305,0.44889878742885614,0.6042895442359251,0.3356291390728483
0.5457295373665481,0.6775550606285599,0.8631367292225203,0.5614569536423835
0.43932384341637,0.3212076218757751,0.3481233243967829,0.2437086092715237
0.4441281138790035,0.3872803761445205,0.7945040214477213,0.3584105960264896
0.25124555160142337,0.2959663449641212,0.45737265415549605,0.8515231788079474
0.2784697508896796,0.7921306607275476,0.9694369973190349,0.7488741721854302
0.24341637010676154,0.7696114823063631,0.7971849865951743,0.7957615894039733
0.4101423487544483,0.4365256124721597,0.29249329758713144,0.2698013245033115
0.34234875444839863,0.5290769611482311,0.3018766756032171,0.5194701986754966
0.26814946619217084,0.8188567186340023,0.7250670241286865,0.9340397350993372
0.24110320284697506,0.6523137837169024,0.7752010723860592,0.83841059602649
0.8508896797153026,0.47933679782232375,0.758981233243968,0.12079470198675502
0.6023131672597865,0.5097748082157914,0.35053619302949063,0.26503311258278117
0.4638790035587188,0.456570155902007,0.6939678284182307,0.33218543046357585
0.7101423487544484,0.5189309576837431,0.6333780160857909,0.35986754966887435
0.793238434163701,0.28408809700569293,0.7868632707774801,0.2602649006622517
0.44893238434163707,0.5746102449888646,0.6390080428954426,0.516688741721854
0.25355871886120995,0.6184112843355614,0.7261394101876677,0.7765562913907287
0.290035587188612,0.4830487503093295,0.49276139410187675,0.6150993377483438
0.3227758007117437,0.7052709725315545,0.7107238605898125,0.572715231788079
0.8713523131672597,0.5481316505815386,0.7281501340482575,0.21125827814569487
0.6781138790035587,0.4716654293491729,0.5403485254691691,0.3136423841059601
0.686476868327402,0.4944320712694896,0.7335120643431636,0.2565562913907282
0.2879003558718861,0.5028458302400409,0.6135388739946381,0.5389403973509932
0.6010676156583629,0.5716406829992593,0.6001340482573727,0.3765562913907283
0.8846975088967971,0.33036377134372685,0.4312332439678284,0.322781456953642
0.22188612099644123,0.31180400890868754,0.9906166219839143,0.7052980132450326
0.2523131672597865,0.3877753031427851,0.5770777479892761,0.5602649006622515
0.4412811387900355,0.4498886414253924,0.9430294906166221,0.4172185430463573
0.26814946619217084,0.8114328136599873,0.7353887399463808,0.9476821192052984
0.7601423487544482,0.44914625092798843,0.34115281501340483,0.12264900662251588
0.4209964412811388,0.3637713437268033,0.650402144772118,0.23364238410596005
0.23790035587188607,0.2546399406087616,0.7395442359249331,0.6262251655629143
0.6955516014234876,0.555803019054693,0.3907506702412869,0.3935099337748351
0.7316725978647688,0.26528087107151777,0.6459785522788204,0.21668874172185415
0.2702846975088967,0.7542687453600614,0.8427613941018768,0.7605298013245037
0.6850533807829181,0.5728780004949279,0.658176943699732,0.3576158940397347
0.6720640569395017,0.4679534768621636,0.5962466487935658,0.258278145695364
0.6055160142348753,0.5528334570650841,0.6579088471849868,0.22821192052980166
0.5843416370106761,0.6285572878000494,0.7982573726541555,0.4619867549668868
0.2788256227758007,0.7144271219995062,0.7695710455764075,0.8641059602649008
0.7396797153024911,0.5919326899282353,0.40254691689008054,0.3157615894039738
0.8110320284697509,0.34694382578569716,0.32627345844504024,0.15986754966887418
0.3322064056939502,0.3954466716159395,0.8636729222520108,0.6750993377483443
0.30213523131672604,0.6196486018312299,0.8853887399463809,0.5778807947019864
0.4596085409252668,0.4036129670873585,0.7693029490616623,0.3348344370860925
0.6081850533807828,0.3736698836921555,0.8989276139410189,0.34211920529801265
0.6850533807829181,0.6169265033407605,0.45683646112600546,0.32927152317880815
0.6023131672597865,0.6285572878000494,0.5018766756032171,0.30529801324503314
0.25444839857651236,0.5506062855728793,0.8018766756032172,0.84635761589404
0.2727758007117437,0.6674090571640718,0.7998659517426274,0.7615894039735096
0.8172597864768684,0.38282603316011077,0.3554959785522788,0.13271523178807865
0.6526690391459075,0.43306112348428627,0.16742627345844502,0.3472847682119209
0.20106761565836295,0.871566443949515,0.6222520107238607,0.8049006622516552
0.39982206405693943,0.35931700074239004,0.8726541554959786,0.6067549668874168
0.7466192170818503,0.5025983667409086,0.7718498659517428,0.3603973509933782
0.5362989323843416,0.6666666666666679,0.5316353887399463,0.47245033112582746
0.2604982206405694,0.6993318485523403,0.8861930294906168,0.7862251655629136
0.38523131672597855,0.529324424647367,0.5426273458445041,0.46092715231788084
0.2686832740213523,0.6676565206632041,0.705495978552279,0.725827814569536
0.5603202846975089,0.48750309329374275,0.3875335120643432,0.24675496688741738
0.7914590747330962,0.25958921059143947,0.5589812332439679,0.1647682119205296
0.4544483985765124,0.47018064835436846,0.6300268096514745,0.4283443708609278
0.37099644128113873,0.43479336797822654,0.75857908847185,0.41708609271523134
0.8131672597864769,0.3778767631774329,0.8144772117962467,0.13774834437086092
0.24110320284697506,0.6471170502350923,0.8392761394101877,0.9488741721854304
0.8793594306049822,0.4243999010146027,0.632975871313673,0.2590728476821189
0.2427046263345195,0.5696609750061867,0.5900804289544237,0.5360264900662255
0.6332740213523133,0.5506062855728793,0.593833780160858,0.3899337748344367
0.6012455516014233,0.5194258846820112,0.5336461126005363,0.2537748344370865
0.7064056939501778,0.5058153922296498,0.35938337801608583,0.25933774834437084
0.18167259786476864,0.8089581786686466,0.724798927613941,0.8688741721854303
0.26263345195729526,0.4682009403612959,0.7718498659517428,0.5011920529801328
0.2572953736654804,0.49492699826775777,0.8403485254691689,0.790198675496689
0.5457295373665481,0.6693887651571409,0.40603217158176946,0.5037086092715235
0.26174377224199286,0.6038109378866636,0.36179624664879356,0.9164238410596024
0.8551601423487544,0.47710962633011533,0.49839142091152827,0.18198675496688743
0.7788256227758005,0.44048502845830484,0.8648793565683648,0.14543046357615896
0.40160142348754446,0.2566196486018306,0.3879356568364612,0.25483443708609244
0.2704626334519573,0.6580054441969843,0.326005361930295,0.6251655629139066
0.8224199288256228,0.4234100470180664,0.31367292225201077,0.11933774834437028
0.5976868327402135,0.5953971789161123,0.8205093833780162,0.4217218543046357
0.2964412811387901,0.17173966839891364,0.9530831099195711,0.6907284768211923
0.7774021352313166,0.24399901014600545,0.6069705093833782,0.2898013245033111
0.4259786476868327,0.2640435535758492,0.7810991957104558,0.27470198675496693
0.28861209964412804,0.6896807720861204,0.5718498659517426,0.5670198675496687
0.6313167259786477,0.6211333828260344,0.7595174262734585,0.33708609271523127
0.2571174377224199,0.5993565949022539,0.8356568364611261,0.8331125827814576
0.7736654804270463,0.4419698094531057,0.5532171581769436,0.2674172185430459
0.22597864768683273,0.6857213560999789,0.8016085790884719,0.8154966887417219
0.2715302491103202,0.5602573620390991,0.4737265415549598,0.6270198675496692
0.4889679715302492,0.28210838901262036,0.7768096514745311,0.4055629139072847
0.7788256227758005,0.20613709477852282,0.36729222520107246,0.06940397350993344
0.5170818505338078,0.521158129175948,0.6361930294906166,0.41867549668874204
0.7855871886120996,0.4360306854738951,0.2352546916890081,0.11496688741721872
0.4135231316725979,0.24003959415986387,0.48056300268096513,0.2596026490066228
0.8551601423487544,0.45335313041326586,0.532975871313673,0.17456953642384132
0.8597864768683275,0.5501113585746111,0.9131367292225203,0.2380132450331125
0.8177935943060496,0.3659985152190046,0.22560321715817694,0.2210596026490066
0.2704626334519573,0.7121999505073013,0.5713136729222521,0.661324503311258
0.2644128113879003,0.46300420687948574,0.852815013404826,0.8529801324503312
0.7635231316725978,0.3630289532293993,0.5258713136729223,0.13973509933774864
0.8507117437722419,0.42464736451373497,0.24021447721179628,0.17364238410596045
0.42028469750889674,0.526602326156894,0.7351206434316355,0.4339072847682113
0.4544483985765124,0.48775055679287505,0.6282841823056302,0.44026490066225143
0.28238434163701065,0.07399158624103208,0.7297587131367294,0.5672847682119198
0.34234875444839863,0.5780747339767416,0.26930294906166224,0.5867549668874172
0.7135231316725977,0.6020786933927269,0.5021447721179626,0.42198675496688764
0.2727758007117437,0.5634743875278403,0.6545576407506704,0.6707284768211919
0.6902135231316727,0.6975996040584036,0.4317694369973191,0.4056953642384107
0.6832740213523131,0.4196980945310571,0.68686327077748,0.3282119205298013
0.6709964412811388,0.46028210838901273,0.5607238605898124,0.32397350993377483
0.2768683274021353,0.7220984904726571,0.6487935656836461,0.5313907284768211
0.5866548042704626,0.49888641425389935,0.632573726541555,0.35152317880794737
0.33274021352313166,0.6297946052957215,0.6183646112600536,0.5932450331125825
0.2715302491103202,0.5854986389507566,0.7965147453083112,0.8459602649006621
0.2571174377224199,0.5968819599109132,0.8327077747989278,0.9007947019867544
0.42437722419928825,0.5186834941846108,0.33243967828418236,0.35536423841059595
0.583629893238434,0.6005939123979225,0.5703753351206435,0.42066225165562887
0.597864768683274,0.5263548626577581,0.5457104557640751,0.4674172185430461
0.29466192170818506,0.9037366988369264,0.8600536193029491,0.8043708609271523
0.2902135231316726,0.4966592427616945,0.4760053619302949,0.6280794701986752
0.2604982206405694,0.5879732739420938,0.528686327077748,0.5099337748344368
0.6149466192170819,0.4001484780994815,0.913941018766756,0.23364238410596005
0.41921708185053386,0.45731254639940744,0.6187667560321717,0.3977483443708616
0.28131672597864765,0.561247216035639,0.5262734584450401,0.6418543046357623
0.6023131672597865,0.6317743132887905,0.8087131367292226,0.3305960264900669
0.35854092526690384,0.5926750804256393,0.7494638069705095,0.6961589403973507
0.6149466192170819,0.42266765652066596,0.5969168900804291,0.23788079470198742
0.3508896797153024,0.7641672853254171,0.7361930294906167,0.6553642384105958
0.6062277580071175,0.430091561494681,0.6565683646112601,0.2992052980132449
0.22348754448398578,0.37465973768869176,0.48672922252010725,0.6666225165562913
0.2540925266903915,0.43949517446176856,0.4904825737265415,0.7524503311258277
0.2201067615658362,0.7317495669388805,0.4522788203753351,0.6602649006622521
0.3476868327402135,0.40806731007176467,0.7672922252010725,0.4924503311258279
0.4412811387900355,0.44518683494184685,0.9990616621983917,0.3989403973509935
0.2800711743772242,0.22321207621875772,0.21756032171581768,0.4386754966887416
0.6955516014234876,0.4870081662954746,0.2990616621983914,0.45880794701986716
0.8295373665480427,0.31947537738183485,0.8793565683646114,0.15258278145695314
0.2571174377224199,0.5902004454342986,0.8402144772117963,0.8161589403973508
0.154270462633452,0.6290522147983175,0.5285522788203754,0.6944370860927149
0.3496441281138789,0.5431823805988643,0.5209115281501342,0.5524503311258284
0.6827402135231316,0.4345459044790907,0.603887399463807,0.29033112582781495
0.8165480427046262,0.18337045285820253,0.603083109919571,0.15443708609271578
0.6834519572953736,0.529324424647367,0.7788203753351206,0.32132450331125817
0.5880782918149464,0.5107646622123241,0.5398123324396784,0.2966887417218542
0.5718861209964413,0.5488740410789426,0.47184986595174266,0.3807947019867548
0.37580071174377216,0.3558525117545166,0.7473190348525471,0.4291390728476827
0.7309608540925266,0.4390002474635004,0.24008042895442366,0.13046357615894077
0.7185053380782916,0.4828012868101972,0.28659517426273456,0.2686092715231787
0.16601423487544475,0.8431081415491235,0.6672922252010725,0.8154966887417219
0.20195729537366547,0.7757980697847096,0.7737265415549599,0.7385430463576155
0.6204626334519573,0.4689433308586999,0.7002680965147454,0.24807947019867527
0.30391459074733085,0.5377381836179183,0.9949061662198393,0.7033112582781458
0.2784697508896796,0.760950259836676,0.9607238605898125,0.7431788079470198
0.3137010676156584,0.35708982925018873,0.6455764075067025,0.6309933774834438
0.6850533807829181,0.6577579806978484,0.4420911528150135,0.2970860927152321
0.795017793594306,0.4469190794357871,0.4781501340482574,0.07933774834437113
0.6713523131672597,0.5832714674585517,0.8876675603217159,0.3353642384105955
0.2549822064056939,0.2873051224944341,0.8140750670241288,0.5222516556291392
0.5686832740213522,0.453848057411534,0.5189008042895442,0.2880794701986753
0.347508896797153,0.40534521158129166,0.5026809651474531,0.2929801324503307
0.4234875444839856,0.3432318732986879,0.8112600536193031,0.29827814569536404
0.5781138790035586,0.45162088591932914,0.896916890080429,0.394834437086093
0.4135231316725979,0.3068547389260097,0.7391420911528153,0.36741721854304643
0.2387900355871886,0.5060628557287821,0.9315013404825738,0.7137748344370856
0.28113879003558706,0.3986636971046771,0.784986595174263,0.6192052980132452
0.6211743772241992,0.6218757733234348,0.7037533512064345,0.28211920529801304
0.6313167259786477,0.6102449888641424,0.7809651474530832,0.28662251655629145
0.9284697508896796,0.3835684236575112,0.7435656836461126,0.24185430463576107
0.848220640569395,0.5221479831724842,0.676809651474531,0.20516556291390753
0.5131672597864769,0.49517446176689006,0.5518766756032172,0.26092715231788066
0.2902135231316726,0.4956693887651582,0.35335120643431644,0.48490066225165585
0.2704626334519573,0.6688938381588727,0.34678284182305635,0.6574834437086086
0.5546263345195729,0.6770601336302917,0.6353887399463807,0.46463576158940345
0.7637010676156583,0.25686711210096647,0.7861930294906165,0.3539072847682121
0.2622775800711744,0.5652066320217806,0.787265415549598,0.7252980132450331
0.3704626334519573,0.5543182380598886,0.9238605898123327,0.5664900662251648
0.7569395017793595,0.3239297203662481,0.40268096514745316,0.1059602649006619
0.8145907473309607,0.36203909923286304,0.6230563002680967,0.14635761589403984
0.6023131672597865,0.6099975253650101,0.4017426273458446,0.3165562913907287
0.23416370106761575,0.6337540212818631,0.7802949061662199,0.6431788079470193
0.27419928825622775,0.4196980945310571,0.8765415549597857,0.8049006622516552
0.5843416370106761,0.608017817371941,0.30134048257372653,0.3397350993377488
0.2850533807829182,0.7156644394951748,0.4482573726541555,0.7219867549668875
0.2747330960854092,0.8139074486513245,0.3404825737265416,0.6965562913907286
0.24964412811387904,0.5317990596387041,0.6800268096514748,0.6402649006622516
0.8683274021352311,0.435535758475627,0.5269436997319037,0.23642384105960268
0.7640569395017792,0.544914625092801,0.125201072386059,0.18596026490066198
0.8402135231316724,0.40435535758475893,0.8587131367292227,0.11615894039735064
0.5912811387900355,0.5622370700321717,0.7986595174262736,0.4272847682119201
0.45017793594306044,0.5493689680772107,0.8892761394101878,0.4748344370860931
0.24341637010676154,0.6421677802524144,0.6619302949061663,0.8115231788079464
0.6720640569395017,0.5075476367235829,0.8077747989276141,0.3066225165562919
0.2530249110320284,0.48527592180153434,0.7335120643431636,0.6014569536423844
0.2653024911032029,0.36327641672853517,0.6388739946380697,0.6964238410596026
0.22989323843416376,0.53204652313784,0.6886058981233245,0.6125827814569531
0.3476868327402135,0.6832467211086382,0.7416890080428955,0.5462251655629142
0.3261565836298932,0.5919326899282353,0.7621983914209116,0.8090066225165558
0.32580071174377223,0.456570155902007,0.9176943699731903,0.6202649006622512
0.2704626334519573,0.7512991833704561,0.7410187667560324,0.8973509933774837
0.5131672597864769,0.4580549368968079,0.783378016085791,0.3687417218543052
0.6565836298932383,0.46003464488988044,0.8819034852546916,0.3758940397350994
0.686476868327402,0.6087602078693415,0.3703753351206434,0.3484768211920528
0.37099644128113873,0.5028458302400409,0.6383378016085792,0.3761589403973513
0.4259786476868327,0.2699826775550598,0.6576407506702415,0.2672847682119208
0.3097864768683274,0.6082652808710733,0.7558981233243969,0.5709933774834441
0.27313167259786475,0.5597624350408346,0.7861930294906165,0.6810596026490066
0.6430604982206406,0.4102944815639731,0.39812332439678283,0.21960264900662185
0.28451957295373664,0.21752041573867942,0.8136729222520109,0.5736423841059599
0.791103202846975,0.43306112348428627,0.42855227882037544,0.22675496688741692
0.7642348754448399,0.4219252660232655,0.6906166219839143,0.2623841059602645
0.2480427046263345,0.6602326156891891,0.6284182305630026,0.7074172185430463
0.2964412811387901,0.05815392229646221,0.9793565683646115,0.7112582781456949
0.8475088967971528,0.3872803761445205,0.8920911528150135,0.22993377483443744
0.6204626334519573,0.42415243751546683,0.43806970509383386,0.22728476821192078
0.7637010676156583,0.3788666171739692,0.46621983914209125,0.3968211920529807
0.7706405693950177,0.32442464736451626,0.3945040214477213,0.20225165562913894
0.7535587188612097,0.27295223954466863,0.8117962466487938,0.3083443708609277
0.39982206405693943,0.3140311804008924,0.6904825737265416,0.4499337748344372
0.3261565836298932,0.5783221974758739,0.7723860589812335,0.6800000000000006
0.7677935943060498,0.5038356842365772,0.6266756032171583,0.27417218543046307
0.49003558718861207,0.6649344221727311,0.7418230563002683,0.5372185430463574
0.4209964412811388,0.3622865627319989,0.810857908847185,0.27046357615894046
0.2572953736654804,0.5075476367235829,0.8974530831099197,0.7192052980132448
0.5948398576512456,0.5681761940113859,0.4963806970509384,0.2814569536423841
0.2747330960854092,0.7775303142786427,0.6424932975871314,0.7854304635761586
0.5567615658362989,0.6921554070774576,0.6414209115281502,0.4643708609271524
0.8683274021352311,0.40905716406830095,0.8021447721179626,0.22410596026490115
0.8814946619217082,0.2712199950507319,0.6848525469168902,0.2140397350993375
0.7240213523131672,0.6119772333580826,0.39812332439678283,0.2561589403973512
0.7845195729537365,0.5189309576837431,0.4202412868632707,0.2222516556291394
0.5925266903914589,0.4637465973768897,0.42975871313672925,0.3688741721854303
0.28238434163701065,0.11135857461024656,0.7573726541554961,0.5927152317880795
0.2667259786476869,0.4610244988864167,0.5449061662198391,0.7321854304635762
0.8508896797153026,0.48874041078941133,0.8148793565683647,0.1663576158940394
0.7532028469750888,0.3011630784459278,0.2761394101876676,0.08450331125827759
0.30106761565836304,0.3904974016332581,0.7050938337801609,0.8170860927152317
0.27419928825622775,0.7186340014847801,0.824128686327078,0.8202649006622513
0.21850533807829187,0.5718881464983916,0.7817694369973192,0.5552317880794702
0.6923487544483985,0.5033407572383091,0.47399463806970515,0.32635761589403955
0.6177935943060496,0.6015837663944588,0.5569705093833781,0.42490066225165535
0.42758007117437724,0.656273199703044,0.7056300268096516,0.3841059602649004
0.9284697508896796,0.37936154417223733,0.7085790884718499,0.1663576158940394
0.8172597864768684,0.37762929967829706,0.668230563002681,0.32384105960264886
0.6852313167259786,0.5538233110616204,0.5038873994638069,0.4188079470198671
0.9231316725978645,0.3731749566938909,0.7943699731903486,0.16715231788079432
0.3437722419928825,0.6362286562732002,0.7986595174262736,0.5615894039735103
0.6852313167259786,0.6161841128433565,0.19356568364611265,0.30437086092715226
0.7074733096085409,0.5718881464983916,0.2369973190348526,0.2776158940397355
0.4234875444839856,0.2803761445186872,0.13270777479892765,0.21841059602648993
0.3649466192170818,0.36896807720861347,0.9873994638069705,0.8049006622516552
0.8160142348754448,0.32838406335065784,0.26943699731903487,0.22172185430463554
0.7695729537366548,0.4372680029695637,0.5156836461126006,0.3617218543046352
0.7532028469750888,0.33011630784459456,0.38378016085790884,0.14092715231788056
0.6023131672597865,0.49517446176689006,0.6757372654155498,0.32026490066225133
0.26103202846975093,0.6151942588468202,0.7604557640750673,0.6704635761589399
0.23701067615658356,0.6154417223459561,0.682573726541555,0.8849006622516553
0.7921708185053379,0.37243256619649046,0.4068364611260054,0.1634437086092717
0.42028469750889674,0.5743627814897323,0.5138069705093835,0.4272847682119201
0.7914590747330962,0.343726800296956,0.6461126005361932,0.2292715231788076
0.2459074733096085,0.7473397673843145,0.6932975871313674,0.6835761589403972
0.7850533807829182,0.3865379856471165,0.539544235924933,0.15960264900662224
0.42330960854092525,0.6889383815887165,0.5990616621983915,0.491258278145696
0.5612099644128113,0.34471665429349585,0.681099195710456,0.2980132450331121
0.2624555160142349,0.7931205147240803,0.6631367292225203,0.6737748344370864
0.5843416370106761,0.6010888393961906,0.28525469168900813,0.3262251655629136
0.42758007117437724,0.6862162830982435,0.7142091152815015,0.3890066225165558
0.3177935943060498,0.5248700816629572,0.8061662198391422,0.6985430463576154
0.45231316725978643,0.3954466716159395,0.8310991957104559,0.3051655629139072
0.6565836298932383,0.4390002474635004,0.4160857908847186,0.18158940397351042
0.2829181494661921,0.7461024498886424,0.8112600536193031,0.7762913907284767
0.37099644128113873,0.442959663449642,0.48900804289544236,0.27298013245033115
0.2790035587188612,0.8297451125958943,0.6057640750670241,0.6430463576158942
0.49003558718861207,0.6005939123979225,0.5609919571045576,0.5059602649006623
0.351067615658363,0.5077951002227188,0.8902144772117964,0.4937748344370867
0.30213523131672604,0.6218757733234348,0.9642091152815013,0.5556291390728472
0.28113879003558706,0.3333333333333357,0.6697050938337803,0.5602649006622515
0.6345195729537366,0.4550853749072026,0.4489276139410188,0.22834437086092674
0.7999999999999997,0.48082157881712817,0.8504021447721182,0.18516556291390707
0.4889679715302492,0.33407572383073614,0.3148793565683646,0.2641059602649003
0.597864768683274,0.5595149715416987,0.5660857908847186,0.5296688741721853
0.4596085409252668,0.4060876020786921,0.7672922252010725,0.3087417218543047
0.8596085409252668,0.336302895322941,0.5284182305630027,0.11947019867549624
0.32651245551601427,0.8139074486513245,0.9132707774798929,0.6931125827814562
0.35249110320284693,0.6394456817619414,0.9273458445040215,0.5540397350993373
0.4135231316725979,0.34694382578569716,0.8054959785522791,0.5347019867549667
0.4889679715302492,0.3214550853749074,0.4101876675603217,0.24781456953642422
0.24110320284697506,0.4872556297946069,0.6686327077747991,0.7164238410596031
0.7788256227758005,0.40707745607523194,0.42359249329758714,0.0757615894039736
0.2523131672597865,0.3612967087354626,0.7584450402144773,0.6492715231788075
0.3930604982206406,0.38035139816877006,0.518632707774799,0.34490066225165616
0.2807829181494662,0.8611729769858982,0.8226541554959788,0.8047682119205293
0.3113879003558718,0.4815639693145286,0.8474530831099196,0.6805298013245027
0.3649466192170818,0.4291017074981447,0.9363270777479893,0.8041059602649012
0.7898576512455516,0.4179658500371204,0.7470509383378019,0.2954966887417214
0.23487544483985767,0.5968819599109132,0.46300268096514746,0.8084768211920528
0.7939501779359431,0.5045780747339776,0.5116621983914209,0.20000000000000018
0.8026690391459074,0.3739173471912913,0.7601876675603219,0.2868874172185434
0.93576512455516,0.40806731007176467,0.6333780160857909,0.1684768211920531
0.33274021352313166,0.5080425637218511,0.5793565683646114,0.41245033112582785
0.4250889679715302,0.705765899529819,0.7018766756032173,0.44675496688741756
0.2501779359430605,0.7797574857708511,0.7621983914209116,0.9049006622516558
0.7629893238434161,0.4382578569661,0.7001340482573728,0.10940397350993347
0.7384341637010675,0.4642415243751543,0.6936997319034854,0.48079470198675534
0.2222419928825623,0.4179658500371204,0.9861930294906167,0.6573509933774835
0.3704626334519573,0.5409552091066594,0.9550938337801611,0.556291390728477
0.3279359430604982,0.5701559020044549,0.29262734584450406,0.5847682119205304
0.28131672597864765,0.6627072506805263,0.7927613941018767,0.918675496688742
0.23790035587188607,0.21182875525860112,0.6542895442359251,0.6026490066225163
0.7870106761565837,0.3902499381341258,0.4859249329758714,0.22026490066225168
0.34199288256227756,0.6285572878000494,0.3907506702412869,0.636953642384106
0.2768683274021353,0.7364513734224225,0.6369973190348526,0.5389403973509932
0.5256227758007117,0.5921801534273712,0.5495978552278822,0.4499337748344372
0.4320284697508897,0.7644147488245494,0.6627345844504022,0.5737748344370859
0.346797153024911,0.5436773075971324,0.27815013404825745,0.6080794701986756
0.4793594306049821,0.37268002969562275,0.7214477211796246,0.3691390728476822
0.6998220640569394,0.33531304132640827,0.5214477211796247,0.19642384105960264
0.6637010676156582,0.4528582034149977,0.7765415549597856,0.37801324503311307
0.7999999999999997,0.4308339519920814,0.4268096514745308,0.153112582781457
0.6430604982206406,0.4187082405345208,0.2131367292225202,0.2263576158940399
0.2861209964412811,0.5817866864637473,0.6383378016085792,0.7778807947019866
0.19074733096085406,0.7072506805246235,0.7719839142091154,0.8386754966887411
0.34733096085409254,0.6297946052957215,0.6761394101876677,0.6393377483443707
0.6713523131672597,0.6676565206632041,0.9009383378016087,0.3854304635761592
0.2160142348754448,0.5023509032417763,0.7197050938337803,0.6998675496688742
0.4234875444839856,0.33432318732986843,0.6902144772117964,0.25682119205298015
0.7946619217081848,0.4288542439990124,0.9323056300268098,0.3580132450331126
0.34946619217081853,0.7337292749319495,0.6920911528150135,0.7871523178807944
0.3352313167259787,0.6166790398416246,0.7631367292225202,0.6806622516556287
0.31619217081850537,0.6191536748329618,0.8955764075067025,0.8580132450331126
0.7608540925266903,0.4696857213561003,0.28150134048257375,0.24198675496688704
0.7774021352313166,0.29027468448403937,0.19356568364611265,0.22728476821192078
0.27313167259786475,0.6782974511259603,0.8187667560321716,0.6496688741721854
0.32669039145907464,0.43033902499381327,0.9123324396782844,0.5172185430463578
0.3437722419928825,0.7079930710220275,0.7750670241286863,0.5113907284768215
0.8551601423487544,0.4432071269487743,0.4859249329758714,0.13509933774834426
0.23167259786476868,0.6963622865627315,0.7883378016085794,0.8211920529801322
0.8507117437722419,0.4528582034149977,0.6372654155495978,0.13960264900662267
0.755693950177936,0.37268002969562275,0.2414209115281502,0.12185430463576097
0.6140569395017793,0.46448898787429016,0.4394101876675604,0.3753642384105964
0.2893238434163701,0.5847562484533526,0.9722520107238608,0.564370860927152
0.2603202846975089,0.4662212323682269,0.8095174262734586,0.8447682119205302
0.7999999999999997,0.4778520168275193,0.7601876675603219,0.1630463576158938
0.8145907473309607,0.42390497401633453,0.547319034852547,0.16158940397350996
0.253914590747331,0.30240039594159995,0.7163538873994639,0.6029139072847682
0.30355871886121,0.3974263796090085,0.6526809651474532,0.5553642384105961
0.8693950177935942,0.36080178173719446,0.28096514745308315,0.13403973509933742
0.22989323843416376,0.5115070527097245,0.9068364611260054,0.6578807947019865
0.6215302491103202,0.6055431823806003,0.5158176943699733,0.3882119205298009
0.7754448398576511,0.3474387527839653,0.29262734584450406,0.09006622516556284
0.5131672597864769,0.4993813412521675,0.226407506702413,0.2544370860927154
0.43932384341637,0.34669636228656486,0.8233243967828421,0.3007947019867556
0.290035587188612,0.5068052462261825,0.6160857908847186,0.6549668874172179
0.24341637010676154,0.6622123236822581,0.6127345844504022,0.8460927152317881
0.5948398576512456,0.5976243504083172,0.8331099195710456,0.3894039735099337
0.7635231316725978,0.34397426379609186,0.36501340482573724,0.08490066225165549
0.25978647686832745,0.8037614451868329,0.9528150134048259,0.669403973509934
0.32544483985765116,0.6676565206632041,0.6328418230563002,0.8442384105960263
0.23790035587188607,0.22024251422915242,0.6419571045576409,0.6018543046357614
0.34199288256227756,0.6740905716406829,0.6611260053619303,0.7007947019867551
0.686476868327402,0.43578322197475927,0.8432975871313675,0.27218543046357624
0.7275800711743771,0.3959415986142041,0.47613941018766753,0.22900662251655657
0.29483985765124554,0.703043801039346,0.3636729222520107,0.6380132450331129
0.7316725978647688,0.31700074239050124,0.529892761394102,0.21708609271523116
0.8551601423487544,0.46028210838901273,0.3941018766756033,0.3332450331125827
0.42758007117437724,0.6364761197723361,0.9423592493297588,0.5181456953642387
0.7999999999999997,0.47389260084137774,0.7623324396782845,0.2703311258278145
0.34928825622775805,0.44642415243751543,0.49932975871313684,0.5227814569536422
0.7601423487544482,0.49814402375649536,0.5261394101876677,0.30026490066225175
0.5567615658362989,0.6904231625835209,0.5546916890080429,0.4888741721854304
0.7327402135231317,0.25068052462262,0.3227882037533512,0.13139072847682165
0.3113879003558718,0.9566938876515714,0.5518766756032172,0.6143046357615889
0.8375444839857652,0.3429844097995556,0.7387399463806972,0.1332450331125825
0.33274021352313166,0.5778272704776057,0.6970509383378019,0.5446357615894035
0.6720640569395017,0.4664686958673627,0.7006702412868633,0.2867549668874174
0.3263345195729538,0.5488740410789426,0.3746648793565684,0.5794701986754962
0.7706405693950177,0.341004701806483,0.6951742627345845,0.3543046357615891
0.6329181494661921,0.3531304132640436,0.5423592493297587,0.21788079470198607
0.6713523131672597,0.6463746597376918,0.708176943699732,0.37192052980132395
0.7161921708185052,0.5478841870824063,0.8067024128686326,0.4184105960264901
0.6128113879003557,0.5914377629299672,0.5825737265415549,0.4156291390728475
0.1852313167259787,0.5567928730512257,0.8919571045576409,0.7960264900662253
0.25551601423487535,0.20712694877505555,0.5163538873994638,0.4900662251655632
0.9241992882562277,0.22865627319970372,0.511260053619303,0.19099337748344336
0.8234875444839856,0.3768869091808966,0.6254691689008043,0.2450331125827816
0.7825622775800712,0.4075723830735001,0.525201072386059,0.23033112582781445
0.7074733096085409,0.5805493689680787,0.6227882037533512,0.3529801324503312
0.4250889679715302,0.6688938381588727,0.4648793565683647,0.4328476821192053
0.33274021352313166,0.6441474882454834,0.6806970509383379,0.5913907284768216
0.9530249110320285,0.45186834941846143,0.5962466487935658,0.16437086092715258
0.7999999999999997,0.3709477852016825,0.2873994638069705,0.16211920529801294
0.44893238434163707,0.5986142044048535,0.5324396782841823,0.44423841059602687
0.6934163701067614,0.4605295718881486,0.5171581769436997,0.2652980132450331
0.731850533807829,0.49047265528334805,0.5080428954423593,0.20847682119205313
0.5064056939501779,0.5743627814897323,0.525603217158177,0.5619867549668873
0.39982206405693943,0.3489235337787697,0.8167560321715819,0.5022516556291388
0.4946619217081849,0.5077951002227188,0.7678284182305632,0.5
0.28451957295373664,0.28878990348923494,0.9831099195710458,0.6170860927152324
0.8263345195729536,0.4493937144271207,0.5036193029490617,0.24225165562913897
0.6850533807829181,0.6441474882454834,0.36501340482573724,0.2826490066225169
0.2747330960854092,0.8624102944815668,0.7109919571045578,0.741986754966887
0.34199288256227756,0.5882207374412296,0.6218498659517426,0.5523178807947016
0.7322064056939502,0.5567928730512257,0.34396782841823054,0.2619867549668875
0.7453736654804269,0.6048007918831999,0.6741286863270777,0.43721854304635777
0.2852313167259787,0.6421677802524144,0.5714477211796247,0.6535099337748349
0.27117437722419935,0.5555555555555571,0.8491957104557641,0.838543046357616
0.23380782918149468,0.4828012868101972,0.6674262734584451,0.9139072847682117
0.30213523131672604,0.703043801039346,0.933378016085791,0.6495364238410595
0.8131672597864769,0.4068299925760961,0.6410187667560321,0.1634437086092717
0.4749110320284696,0.5498638950754788,0.6939678284182307,0.5901986754966888
0.20960854092526693,0.5011135857461042,0.6054959785522789,0.7166887417218542
0.2838078291814947,0.08487998020292409,0.9978552278820376,0.9154966887417215
0.8939501779359428,0.6278148973026489,0.4333780160857909,0.27298013245033115
0.34234875444839863,0.6211333828260344,0.824128686327078,0.6066225165562917
0.2800711743772242,0.23014105419450814,0.28324396782841826,0.4606622516556298
0.7774021352313166,0.20118782479584496,0.7986595174262736,0.12278145695364184
0.8293594306049822,0.3865379856471165,0.8368632707774799,0.13602649006622514
0.8846975088967971,0.3083395199208141,0.3265415549597856,0.2511258278145698
0.346797153024911,0.5590200445434306,0.3513404825737266,0.5829139072847678
0.154270462633452,0.6446424152437551,0.6238605898123324,0.6649006622516556
0.41921708185053386,0.4189557040336567,0.13217158176943705,0.3117880794701984
0.6884341637010675,0.47117050235090474,0.5383378016085791,0.24397350993377476
0.45231316725978643,0.3947042811185355,0.7573726541554961,0.3817218543046357
0.5660142348754448,0.4187082405345208,0.7451742627345845,0.37735099337748323
0.8814946619217082,0.2556297946052979,0.6103217158176946,0.17298013245033061
0.299288256227758,0.23212076218757716,0.9441018766756033,0.5059602649006623
0.33256227758007106,0.34793367978223344,0.6502680965147452,0.39801324503311264
0.32384341637010683,0.5481316505815386,0.7502680965147455,0.8602649006622514
0.3354092526690391,0.6602326156891891,0.8542895442359251,0.6467549668874168
0.3418149466192171,0.3558525117545166,0.6449061662198392,0.39298013245033125
0.3704626334519573,0.4632516703786216,0.9418230563002681,0.5184105960264898
0.32384341637010683,0.5384805741153187,0.48605898123324404,0.6037086092715231
0.7601423487544482,0.456570155902007,0.6167560321715817,0.1663576158940394
0.7939501779359431,0.5048255382331099,0.2978552278820376,0.16132450331125803
0.6713523131672597,0.6916604800791895,0.8983914209115282,0.43364238410596023
0.18167259786476864,0.8045038356842404,0.7253351206434318,0.8813245033112587
0.18558718861209966,0.45459044790893444,0.8734584450402145,0.8282119205298013
0.7790035587188612,0.37193763919821876,0.5520107238605898,0.1796026490066227
0.6850533807829181,0.6790398416233643,0.6242627345844505,0.32794701986754937
0.6998220640569394,0.34521158129176044,0.6028150134048258,0.23602649006622478
0.6033807829181496,0.44617668893838314,0.48619302949061666,0.330198675496689
0.3649466192170818,0.4590447908933477,0.94343163538874,0.8177483443708606
0.4441281138790035,0.38406335065577935,0.8100536193029491,0.33178807947019884
0.3855871886120996,0.5139816877010652,0.7730563002680966,0.5398675496688741
0.21583629893238432,0.3991586241029452,0.7443699731903486,0.7962913907284763
0.4441281138790035,0.38406335065577935,0.7217158176943701,0.32423841059602676
0.8172597864768684,0.42019302152932525,0.7855227882037534,0.16768211920529819
0.5718861209964413,0.5461519425884696,0.4915549597855228,0.387019867549669
0.2852313167259787,0.6607275426874573,0.729088471849866,0.7716556291390724
0.4209964412811388,0.3630289532293993,0.7166219839142092,0.24198675496688704
0.7898576512455516,0.4291017074981447,0.45308310991957107,0.2045033112582777
0.8131672597864769,0.3838158871566435,0.6194369973190348,0.15377483443708595
0.3476868327402135,0.6785449146250926,0.7595174262734585,0.5826490066225167
0.24857651245551593,0.45533283840633487,0.9020107238605899,0.9291390728476827
0.2686832740213523,0.672605790645882,0.7053619302949063,0.7478145695364242
0.43932384341637,0.349170997277902,0.8402144772117963,0.32013245033112625
0.5912811387900355,0.4936896807720892,0.5360589812332439,0.3336423841059597
0.8475088967971528,0.3788666171739692,0.820911528150134,0.21695364238410608
0.18558718861209966,0.4493937144271207,0.8816353887399464,0.8210596026490062
0.7064056939501778,0.5832714674585517,0.6407506702412868,0.41324503311258276
0.27188612099644127,0.6825043306112377,0.9281501340482574,0.7658278145695361
0.7855871886120996,0.5011135857461042,0.4863270777479894,0.40701986754966857
0.24964412811387904,0.5226429101707524,0.7581769436997321,0.6778807947019869
0.3097864768683274,0.6495916852264294,0.6832439678284183,0.5566887417218549
0.3437722419928825,0.758228161346203,0.8823056300268097,0.7210596026490066
0.25782918149466194,0.4860183122989383,0.5426273458445041,0.782251655629139
0.8508896797153026,0.47958426132145604,0.7715817694369975,0.2309933774834434
0.5542704626334519,0.5614946795347713,0.898123324396783,0.38384105960264936
0.35854092526690384,0.558525117545166,0.7293565683646113,0.6491390728476816
0.20195729537366547,0.7592180153427392,0.7770777479892763,0.7362913907284767
0.2622775800711744,0.5330363771343727,0.8278820375335121,0.7246357615894041
0.24768683274021353,0.5100222717149236,0.6979892761394102,0.6750993377483443
0.3855871886120996,0.5199208116802794,0.8485254691689008,0.5339072847682118
0.30800711743772247,0.36971046770601745,0.5060321715817695,0.3535099337748342
0.5912811387900355,0.4974016332590949,0.5418230563002682,0.42278145695364255
0.7836298932384341,0.2600841375897076,0.4316353887399464,0.2090066225165561
0.34199288256227756,0.5988616679039858,0.4277479892761394,0.5529801324503314
0.3001779359430604,0.5038356842365772,0.6202412868632707,0.5499337748344368
0.8117437722419928,0.3160108883939614,0.9435656836461128,0.27218543046357624
0.7612099644128113,0.31155654540955524,0.4095174262734585,0.23006622516556252
0.5948398576512456,0.6015837663944588,0.5646112600536195,0.2993377483443709
0.31637010676156585,0.5498638950754788,0.6138069705093834,0.6058278145695368
0.24928825622775797,0.6656768126701316,0.6277479892761395,0.8879470198675499
0.4101423487544483,0.43528829497649113,0.4926273458445041,0.2856953642384106
0.6797153024911032,0.5117545162088604,0.539544235924933,0.2720529801324503
0.35854092526690384,0.5669388765157137,0.7675603217158178,0.6547019867549668
0.7608540925266903,0.4860183122989383,0.6643431635388741,0.3063576158940391
0.7322064056939502,0.555803019054693,0.40817694369973195,0.22450331125827816
0.42953736654804264,0.5315515961395718,0.7211796246648794,0.5810596026490069
0.4889679715302492,0.2962138084632535,0.8600536193029491,0.322913907284768
0.576512455516014,0.6614699331848577,0.661260053619303,0.5086092715231789
0.2519572953736655,0.6201435288295016,0.6221179624664879,0.6517880794701991
0.7699288256227758,0.5117545162088604,0.2396782841823057,0.3456953642384111
0.6023131672597865,0.4664686958673627,0.7723860589812335,0.26807947019867573
0.9218861209964412,0.40509774808215937,0.4526809651474531,0.23033112582781445
0.7316725978647688,0.26379609007671334,0.6450402144772118,0.15377483443708595
0.686476868327402,0.6166790398416246,0.21420911528150138,0.2656953642384101
0.30800711743772247,0.3741648106904236,0.5522788203753353,0.2705960264900664
0.6064056939501777,0.4731502103439773,0.4459785522788204,0.2785430463576164
0.7322064056939502,0.5506062855728793,0.7194369973190351,0.5095364238410598
0.6797153024911032,0.5179411036872104,0.522117962466488,0.3120529801324503
0.43932384341637,0.3375402128186096,0.4702412868632709,0.2565562913907282
0.5912811387900355,0.547636723583274,0.85857908847185,0.4641059602649005
0.93576512455516,0.5540707745607527,0.48404825737265417,0.20794701986754927
0.5149466192170817,0.5614946795347713,0.6615281501340484,0.6127152317880791
0.7891459074733095,0.4058401385795598,0.7632707774798928,0.20304635761589385
0.731850533807829,0.5412026726057917,0.5714477211796247,0.46251655629139066
0.7439501779359431,0.35511012125711616,0.8310991957104559,0.30688741721854296
0.3137010676156584,0.36030685473892987,0.7501340482573726,0.6736423841059604
0.28540925266903905,0.9084385053204649,0.8293565683646114,0.76635761589404
0.25782918149466194,0.49220489977728477,0.43646112600536197,0.733245033112583
0.6140569395017793,0.648849294729029,0.45616621983914213,0.2871523178807944
0.6087188612099644,0.4399901014600367,0.46836461126005363,0.2625165562913905
0.17989323843416372,0.6020786933927269,0.8172922252010726,0.9189403973509931
0.8713523131672597,0.46448898787429016,0.6274798927613943,0.08304635761589374
0.5948398576512456,0.4427121999505097,0.7092493297587132,0.3543046357615891
0.41921708185053386,0.4706755753526366,0.44021447721179624,0.46715231788079414
0.34288256227758007,0.19475377381836267,0.8540214477211796,0.4630463576158945
0.27526690391459074,0.3927245731254665,0.7619302949061664,0.6637086092715236
0.5866548042704626,0.5189309576837431,0.41742627345844513,0.250066225165563
0.5131672597864769,0.49072011878248034,0.2907506702412869,0.27125827814569536
0.2747330960854092,0.7592180153427392,0.7467828418230564,0.8582781456953645
0.40160142348754446,0.24820588963127932,0.4660857908847185,0.2785430463576164
0.68576512455516,0.5342736946300448,0.8977211796246649,0.3580132450331126
0.27633451957295374,0.43528829497649113,0.7332439678284184,0.6230463576158938
0.8293594306049822,0.38431081415491164,0.6798927613941019,0.1320529801324506
0.2964412811387901,0.11408067310071957,0.9947721179624665,0.693774834437086
0.25978647686832745,0.8161346201435293,0.9583109919571047,0.6450331125827811
0.2861209964412811,0.5738678544914642,0.5815013404825737,0.7539072847682116
0.7774021352313166,0.19425884682009453,0.1883378016085791,0.08410596026490058
0.793238434163701,0.3954466716159395,0.7262734584450403,0.2705960264900664
0.6955516014234876,0.5006186587478361,0.23793565683646117,0.402781456953643
0.8224199288256228,0.4444444444444464,0.6774798927613941,0.21867549668874187
0.5546263345195729,0.6609750061865896,0.6786863270777481,0.3629139072847689
0.5912811387900355,0.5253650086612254,0.8801608579088473,0.49642384105960247
0.2850533807829182,0.7196238554813199,0.37895442359249326,0.7178807947019861
0.19074733096085406,0.7384310814154951,0.7971849865951743,0.8758940397350994
0.6229537366548042,0.32467211086364856,0.6378016085790885,0.2115231788079468
0.2902135231316726,0.48775055679287505,0.3178284182305631,0.523841059602649
0.2807829181494662,0.8685968819599132,0.8355227882037535,0.6552317880794707
0.5948398576512456,0.591685226429103,0.5368632707774799,0.29827814569536404
0.6752669039145908,0.5540707745607527,0.8399463806970511,0.40291390728476806
0.24964412811387904,0.5191784211828789,0.6813672922252012,0.6618543046357619
0.4329181494661921,0.4459292254392473,0.5836461126005361,0.45470198675496665
0.27419928825622775,0.7201187824795845,0.8163538873994638,0.7760264900662257
0.7870106761565837,0.4018807225934182,0.75857908847185,0.225562913907285
0.5925266903914589,0.4788418708240556,0.5328418230563003,0.4060927152317886
0.2571174377224199,0.6468695867359564,0.8274798927613942,0.838807947019867
0.24110320284697506,0.5614946795347713,0.8652815013404827,0.7799999999999994
0.1852313167259787,0.5850037119524885,0.6465147453083111,0.7870198675496693
0.43932384341637,0.31427864390002824,0.7229222520107239,0.2992052980132449
0.29483985765124554,0.6008413758970548,0.9014745308310994,0.7913907284768209
0.28647686832740216,0.6765652066320236,0.7906166219839144,0.8105960264900656
0.7601423487544482,0.5033407572383091,0.35388739946380704,0.33099337748344393
0.30177935943060497,0.5508537490720116,0.7694369973190349,0.7590728476821189
0.5925266903914589,0.46176688938381716,0.4477211796246649,0.403046357615894
0.31637010676156585,0.4298440979955487,0.7697050938337804,0.5985430463576158
0.736476868327402,0.6085127443702092,0.14731903485254694,0.18066225165562866
0.3649466192170818,0.38554813165058377,0.9644772117962468,0.7843708609271527
0.23416370106761575,0.6312793862905224,0.7430294906166219,0.25099337748344297
0.6010676156583629,0.5763424894828013,0.6075067024128686,0.2105960264900668
0.8596085409252668,0.35708982925018873,0.8325737265415551,0.22741721854304675
0.26103202846975093,0.5978718139074495,0.8967828418230563,0.7962913907284763
0.3279359430604982,0.5723830734966597,0.7272117962466489,0.806092715231788
0.2829181494661921,0.7493194753773835,0.834182305630027,0.758278145695364
0.4638790035587188,0.42761692650334027,0.7859249329758713,0.5147019867549671
0.4638790035587188,0.32887899034892243,0.5635388739946381,0.24980132450331105
0.686476868327402,0.6035634743875278,0.42801608579088474,0.38092715231788077
0.32580071174377223,0.4513734224201933,0.8280160857908847,0.5997350993377486
0.7806049822064057,0.4790893343231879,0.8162198391420914,0.3124503311258282
0.27419928825622775,0.4441969809453141,0.8639410187667562,0.7976158940397351
0.6211743772241992,0.573372927493196,0.870241286863271,0.34503311258278124
0.8288256227758005,0.346448898787429,0.8439678284182306,0.13271523178807865
0.8487544483985764,0.40732491957436423,0.8859249329758716,0.20066225165562912
0.8288256227758005,0.39396189062113507,0.5235924932975873,0.16198675496688786
0.791103202846975,0.4028705765899545,0.336058981233244,0.24079470198675512
0.7064056939501778,0.5483791140806744,0.7632707774798928,0.3539072847682121
0.8026690391459074,0.4342984409799584,0.6033512064343163,0.19443708609271493
0.2879003558718861,0.5159613956941378,0.6253351206434317,0.5139072847682122
0.347508896797153,0.4192031675327925,0.4128686327077748,0.30357615894039736
0.4544483985765124,0.47463499133878173,0.6380697050938338,0.48662251655629163
0.93576512455516,0.4236575105171987,0.6155495978552279,0.14596026490066194
0.2653024911032029,0.41202672605790625,0.6568364611260054,0.7406622516556292
0.2734875444839857,0.6552833457065113,0.9449061662198392,0.6895364238410595
0.6713523131672597,0.6540460282108427,0.8532171581769437,0.38927152317880775
0.3113879003558718,0.520415738678544,0.6600536193029491,0.5743046357615897
0.22811387900355873,0.6216283098243025,0.605093833780161,0.7127152317880796
0.2702846975088967,0.3637713437268033,0.9369973190348526,0.6901986754966885
0.351067615658363,0.5129918337045289,0.670241286863271,0.45668874172185436
0.25871886120996435,0.3947042811185355,0.9533512064343166,0.9398675496688744
0.6023131672597865,0.6315268497896582,0.8490616621983915,0.3973509933774837
0.24822064056939508,0.4221727295223978,0.5525469168900805,0.5341721854304629
0.2747330960854092,0.8690918089581814,0.8579088471849867,0.8366887417218543
0.6496441281138788,0.41623360554318367,0.6020107238605898,0.37390728476821167
0.47153024911032027,0.5283345706508307,0.5726541554959785,0.39139072847682144
0.2818505338078292,0.5874783469438256,0.6506702412868632,0.7152317880794703
0.3263345195729538,0.5582776540460301,0.8701072386058981,0.8113907284768205
0.6023131672597865,0.5050730017322458,0.34008042895442364,0.2401324503311253
0.686476868327402,0.6825043306112377,0.6556300268096515,0.4011920529801323
0.33256227758007106,0.38678544914625235,0.7080428954423592,0.4164238410596024
0.9163701067615658,0.16332590942836234,0.6958445040214478,0.13721854304635794
0.30177935943060497,0.5953971789161123,0.8412868632707775,0.6320529801324506
0.2540925266903915,0.4481563969314557,0.7316353887399465,0.8601324503311254
0.28131672597864765,0.6575105171987161,0.4963806970509384,0.7320529801324502
0.2829181494661921,0.7307597129423407,0.7262734584450403,0.6623841059602649
0.19466192170818497,0.8460777035387288,0.631769436997319,0.7894039735099341
0.4329181494661921,0.3823311061618426,0.5941018766756032,0.4407947019867553
0.7939501779359431,0.5053204652313781,0.385254691689008,0.12715231788079517
0.5567615658362989,0.6802771591190329,0.7332439678284184,0.4705960264900666
0.7635231316725978,0.3761445186834962,0.332573726541555,0.16423841059602662
0.7466192170818503,0.5214055926750838,0.21742627345844506,0.2003973509933772
0.7923487544483986,0.542192526602328,0.41099195710455766,0.07801324503311236
0.8350533807829182,0.4481563969314557,0.2203753351206435,0.3116556291390733
0.8713523131672597,0.5298193516456315,0.6672922252010725,0.19801324503311246
0.7532028469750888,0.2900272209849071,0.704691689008043,0.13721854304635794
0.6923487544483985,0.5068052462261825,0.6656836461126006,0.4047682119205298
0.27526690391459074,0.4189557040336567,0.7355227882037536,0.6605298013245031
0.7601423487544482,0.453848057411534,0.4111260053619303,0.18344370860927128
0.7891459074733095,0.41722345953971995,0.8819034852546916,0.2309933774834434
0.8258007117437721,0.29992576095025925,0.8383378016085792,0.16609271523178837
0.7569395017793595,0.33160108883939543,0.4239946380697051,0.16834437086092713
0.2790035587188612,0.7807473397673874,0.8758713136729224,0.7606622516556287
0.6494661921708184,0.49764909675823077,0.6785522788203755,0.2810596026490071
0.9676156583629892,0.38109378866617405,0.6465147453083111,0.1476821192052986
0.3649466192170818,0.36476119772333604,0.36273458445040213,0.3099337748344375
0.7275800711743771,0.3880227666419245,0.4489276139410188,0.2263576158940399
0.31619217081850537,0.5426874536005961,0.6849865951742629,0.8393377483443709
0.596085409252669,0.5681761940113859,0.8894101876675604,0.46211920529801276
0.2644128113879003,0.4441969809453141,0.7436997319034855,0.758145695364238
0.7535587188612097,0.33382826033160384,0.4184986595174263,0.32927152317880815
0.711387900355872,0.5209106656768157,0.5292225201072387,0.34993377483443755
0.248932384341637,0.552338530066816,0.8604557640750672,0.7716556291390724
0.23380782918149468,0.47191289284830873,0.7514745308310993,0.9400000000000004
0.7806049822064057,0.4714179658500406,0.7529490616621985,0.22900662251655657
0.25551601423487535,0.218757733234348,0.41313672922252015,0.47695364238410587
0.22348754448398578,0.3927245731254665,0.5597855227882038,0.7006622516556291
0.27224199288256223,0.5775798069784734,0.8201072386058981,0.4713907284768215
0.6300711743772242,0.6216283098243025,0.7816353887399465,0.314039735099338
0.8263345195729536,0.4513734224201933,0.4705093833780161,0.22092715231788063
0.22135231316725967,0.685473892600843,0.47506702412868634,0.8374834437086092
0.6537366548042703,0.6805246226181652,0.912466487935657,0.43894039735099266
0.3352313167259787,0.6448898787428874,0.8058981233243969,0.645827814569536
0.793238434163701,0.4209354120267257,0.7581769436997321,0.3397350993377488
0.20195729537366547,0.7223459539717929,0.7737265415549599,0.6960264900662247
0.33274021352313166,0.6250927988121759,0.5545576407506703,0.5535099337748344
0.25978647686832745,0.8210838901262072,0.9420911528150135,0.7531125827814567
0.252135231316726,0.37292749319475504,0.5069705093833781,0.4888741721854304
0.6023131672597865,0.6057906458797362,0.39544235924932986,0.3320529801324499
0.5912811387900355,0.49764909675823077,0.4930294906166221,0.40754966887417154
0.299288256227758,0.5409552091066594,0.8202412868632709,0.7565562913907282
0.5781138790035586,0.4929472902746852,0.5083109919571045,0.3290066225165562
0.7120996441281137,0.4060876020786921,0.3581769436997319,0.40052980132450333
0.29679715302491094,0.42835931700074426,0.5076407506702414,0.581192052980132
0.4441281138790035,0.38406335065577935,0.8265415549597857,0.3438410596026493
0.1850533807829181,0.6520663202177701,0.5231903485254692,0.7029139072847679
0.252135231316726,0.3637713437268033,0.4896782841823057,0.47708609271523095
0.28647686832740216,0.6151942588468202,0.860187667560322,0.7651655629139071
0.2807829181494662,0.7973273942093542,0.9542895442359249,0.7692715231788076
0.93576512455516,0.4209354120267257,0.7327077747989277,0.23377483443708602
0.6313167259786477,0.6320217767879228,0.7140750670241287,0.3419867549668876
0.2768683274021353,0.7461024498886424,0.7839142091152818,0.540264900662252
0.7999999999999997,0.35337787676317944,0.5557640750670241,0.1328476821192055
0.2603202846975089,0.35758475624845687,0.6265415549597855,0.54887417218543
0.8891459074733096,0.27715911902994605,0.8166219839142093,0.15271523178808
0.7421708185053378,0.32863152684979013,0.43753351206434327,0.2806622516556292
0.7185053380782916,0.4884929472902755,0.297319034852547,0.28331125827814496
0.755693950177936,0.4102944815639731,0.4344504021447721,0.1283443708609271
0.2879003558718861,0.671863400148478,0.5533512064343165,0.7398675496688742
0.27117437722419935,0.5567928730512257,0.888069705093834,0.8323178807947018
0.290035587188612,0.4236575105171987,0.5369973190348527,0.6034437086092712
0.5149466192170817,0.5909428359317026,0.7340482573726541,0.6336423841059604
0.4804270462633451,0.5090324177183874,0.4167560321715818,0.4407947019867553
0.28131672597864765,0.6753278891363514,0.6288203753351207,0.846887417218543
0.6012455516014233,0.5392229646127191,0.457774798927614,0.40662251655629067
0.708540925266904,0.4919574362781489,0.5202412868632709,0.2268874172185429
0.2622775800711744,0.5661964860183133,0.8941018766756035,0.6709933774834438
0.3418149466192171,0.3538728037614476,0.7154155495978554,0.4010596026490072
0.2861209964412811,0.5518436030685514,0.8281501340482575,0.7898013245033111
0.7327402135231317,0.49517446176689006,0.810857908847185,0.3835761589403974
0.7754448398576511,0.3241771838653804,0.32238605898123324,0.1887417218543046
0.8402135231316724,0.3971789161098762,0.7061662198391421,0.11072847682119225
0.290035587188612,0.435535758475627,0.5037533512064343,0.6010596026490065
0.7016014234875446,0.6097500618658742,0.25831099195710455,0.2561589403973512
0.8475088967971528,0.357337292749321,0.714343163538874,0.17112582781456975
0.28540925266903905,0.8455827765404607,0.82828418230563,0.7780132450331125
0.3466192170818506,0.7599604058401397,0.851608579088472,0.5635761589403971
0.8551601423487544,0.4587973273942083,0.5486595174262734,0.1589403973509933
0.25355871886120995,0.6815144766147014,0.5835120643431637,0.7692715231788076
0.6781138790035587,0.469438257856968,0.9579088471849866,0.3003973509933777
0.28540925266903905,0.6463746597376918,0.7108579088471851,0.3872847682119209
0.25551601423487535,0.22172729522395684,0.4525469168900805,0.48490066225165585
0.2653024911032029,0.39965355110121337,0.6376675603217159,0.7241059602649011
0.45231316725978643,0.3887651571393249,0.47949061662198394,0.39337748344370826
0.7850533807829182,0.3877753031427851,0.47908847184986597,0.11245033112582803
0.2829181494661921,0.742637960900769,0.7810991957104558,0.7278145695364238
0.3418149466192171,0.3204652313783747,0.6162198391420912,0.3658278145695366
0.3354092526690391,0.7268002969561991,0.7619302949061664,0.6471523178807947
0.6329181494661921,0.3345706508290043,0.7707774798927616,0.26013245033112575
0.48736654804270463,0.7802524127691193,0.38941018766756036,0.5194701986754966
0.3476868327402135,0.7240781984657261,0.8092493297587133,0.6666225165562913
0.29181494661921703,0.7683741648106945,0.7890080428954425,0.5823841059602648
0.7466192170818503,0.4884929472902755,0.7550938337801609,0.38344370860927146
0.6923487544483985,0.49913387775303164,0.4365951742627347,0.3215894039735101
0.8071174377224198,0.4224201930215301,0.8333780160857911,0.3364238410596032
0.29466192170818506,0.9257609502598356,0.41635388739946383,0.5768211920529804
0.8288256227758005,0.3434793367978237,0.8485254691689008,0.15907284768211927
0.4167259786476868,0.6805246226181652,0.812868632707775,0.3985430463576165
0.6033807829181496,0.4736451373422419,0.4583109919571046,0.2831788079470199
0.7135231316725977,0.5154664686958697,0.5592493297587131,0.37390728476821167
0.686476868327402,0.43677307597129555,0.8630026809651474,0.2805298013245032
0.32758007117437726,0.4399901014600367,0.49825737265415554,0.3923178807947023
0.28131672597864765,0.6795347686216289,0.7372654155495979,0.8807947019867548
0.7161921708185052,0.5399653551101231,0.6079088471849865,0.3927152317880793
0.2902135231316726,0.4860183122989383,0.3123324396782842,0.6013245033112584
0.2880782918149466,0.28854243999010265,0.5305630026809651,0.7308609271523174
0.45017793594306044,0.5436773075971324,0.9290884718498662,0.49642384105960247
0.4596085409252668,0.37713437268003247,0.8810991957104559,0.38066225165562884
0.8814946619217082,0.2709725315515996,0.5210455764075068,0.20675496688741735
0.6300711743772242,0.5894580549368982,0.5936997319034851,0.27748344370860867
0.2644128113879003,0.3890126206384572,0.8718498659517426,0.8217218543046361
0.2749110320284698,0.6008413758970548,0.7867292225201072,0.7011920529801321
0.8375444839857652,0.37441227418955947,0.8262734584450404,0.2533774834437086
0.7788256227758005,0.21380846325167013,0.8589812332439679,0.09589403973509913
0.5663701067615657,0.3709477852016825,0.36715817694369984,0.2045033112582777
0.4969750889679715,0.6372185102697365,0.8298927613941021,0.5703311258278143
0.6204626334519573,0.4140064340509788,0.457774798927614,0.23814569536423846
0.2604982206405694,0.5966344964117809,0.5457104557640751,0.4487417218543044
0.7532028469750888,0.29448156396931324,0.41487935656836467,0.1378807947019869
0.1850533807829181,0.6735956446424183,0.6660857908847186,0.8018543046357616
0.7016014234875446,0.6161841128433565,0.38538873994638073,0.24026490066225126
0.8341637010676154,0.4498886414253924,0.9784182305630027,0.18675496688741777
0.7327402135231317,0.4909675822816162,0.8080428954423593,0.3562913907284768
0.299288256227758,0.21207621875773697,0.9923592493297588,0.4814569536423843
0.3322064056939502,0.4486513239297203,0.8384718498659518,0.74158940397351
0.8475088967971528,0.34966592427617016,0.5572386058981234,0.17192052980132466
0.8507117437722419,0.47463499133878173,0.8422252010723861,0.23788079470198742
0.7640569395017792,0.6146993318485556,0.8225201072386061,0.14582781456953597
0.827224199288256,0.38480574115318333,0.3757372654155497,0.1018543046357614
0.7220640569395017,0.4192031675327925,0.6213136729222519,0.37761589403973517
0.7772241992882564,0.4095520910665691,0.6233243967828419,0.3161589403973508
0.3455516014234875,0.37738183617916476,0.13592493297587138,0.6001324503311256
0.6055160142348753,0.5241276911655568,0.7853887399463808,0.3331125827814576
0.2540925266903915,0.45335313041326586,0.804289544235925,0.814834437086092
0.8814946619217082,0.2578569660974992,0.6494638069705094,0.16119205298013206
0.576512455516014,0.6545409552091108,0.6238605898123324,0.4618543046357617
0.7695729537366548,0.4528582034149977,0.403887399463807,0.4010596026490072
0.6149466192170819,0.4214303390249938,0.6486595174262735,0.20927152317880804
0.8508896797153026,0.4872556297946069,0.660455764075067,0.12794701986755008
0.7914590747330962,0.2697352140559275,0.5596514745308312,0.09629139072847615
0.2644128113879003,0.39767384310814435,0.8709115281501341,0.8283443708609273
0.27188612099644127,0.6877010640930479,0.8223860589812333,0.7464900662251654
0.7914590747330962,0.3132887899034884,0.7847184986595175,0.22821192052980166
0.32117437722419917,0.6191536748329618,0.7435656836461126,0.677615894039735
0.8939501779359428,0.6067804998762689,0.6266756032171583,0.25721854304635805
0.7677935943060498,0.4964117792625622,0.3288203753351207,0.1320529801324506
0.34430604982206403,0.6072754268745371,0.1319034852546917,0.5667549668874177
0.31120996441281135,0.5162088591932701,0.859383378016086,0.7618543046357615
0.6590747330960852,0.4177183865379881,0.810857908847185,0.32357615894039693
0.4441281138790035,0.38505320465231563,0.9056300268096515,0.35496688741721893
0.26103202846975093,0.6119772333580826,0.8589812332439679,0.693907284768212
0.793238434163701,0.34966592427617016,0.4903485254691689,0.24715231788079528
0.2893238434163701,0.48527592180153434,0.8828418230563004,0.5343046357615897
0.24555160142348742,0.584261321455088,0.7979892761394103,0.710066225165563
0.7608540925266903,0.45483791140806673,0.5986595174262734,0.22993377483443744
0.801423487544484,0.26924028705765934,0.7722520107238606,0.1821192052980134
0.3927046263345195,0.41722345953971995,0.48230563002680965,0.42741721854304604
0.3508896797153024,0.750804256372188,0.7831099195710458,0.5935099337748344
0.7532028469750888,0.35337787676317944,0.4013404825737266,0.13854304635761583
0.31032028469750883,0.5283345706508307,0.591823056300268,0.5298013245033113
0.6023131672597865,0.48948280128681176,0.9498659517426276,0.26185430463576154
0.6149466192170819,0.4236575105171987,0.6459785522788204,0.32715231788079446
0.3649466192170818,0.4889878742885436,0.8477211796246649,0.8345695364238406
0.2686832740213523,0.6629547141796586,0.7008042895442361,0.7250331125827811
0.7788256227758005,0.2472160356347466,0.5880697050938339,0.16490066225165556
0.2800711743772242,0.3182380598861698,0.8038873994638072,0.6321854304635766
0.3314946619217082,0.6785449146250926,0.9718498659517427,0.7251655629139071
0.4101423487544483,0.3865379856471165,0.5548257372654157,0.2909933774834439
0.6332740213523133,0.5525859935659518,0.6639410187667563,0.3989403973509935
0.6177935943060496,0.6142044048502875,0.561662198391421,0.42450331125827834
0.7138790035587189,0.6102449888641424,0.44852546916890085,0.30529801324503314
0.838967971530249,0.40781984657263237,0.33619302949061663,0.3107284768211924
0.26085409252669045,0.9554565701559028,0.7021447721179626,0.7442384105960267
0.3649466192170818,0.38035139816877006,0.8563002680965148,0.5090066225165559
0.2838078291814947,0.1702548874041092,0.9099195710455765,0.878675496688742
0.23167259786476868,0.7243256619648619,0.6060321715817694,0.7327152317880792
0.5256227758007117,0.59514971541698,0.5402144772117963,0.44609271523178773
0.31423487544483986,0.5115070527097245,0.8002680965147455,0.8382781456953641
0.7825622775800712,0.3734224201930232,0.5360589812332439,0.25430463576158946
0.42330960854092525,0.6904231625835209,0.5567024128686329,0.523841059602649
0.6834519572953736,0.49319475377382105,0.4049597855227883,0.2875496688741723
0.27526690391459074,0.4206879485275934,0.7949061662198393,0.6569536423841065
0.8451957295373665,0.2754268745360058,0.5467828418230563,0.1622516556291389
0.7330960854092526,0.3400148478099503,0.3658176943699733,0.25231788079470174
0.5612099644128113,0.3387775303142817,0.7021447721179626,0.2549668874172184
0.35854092526690384,0.5567928730512257,0.5935656836461127,0.6560264900662256
0.25871886120996435,0.3942093541202709,0.833780160857909,0.847019867549669
0.2523131672597865,0.4607770353872809,0.7888739946380698,0.8103311258278145
0.29181494661921703,0.7654046028210857,0.8016085790884719,0.5833112582781457
0.30106761565836304,0.3650086612224719,0.5848525469168901,0.5770860927152315
0.7999999999999997,0.35783221974758916,0.40536193029490614,0.09192052980132459
0.2222419928825623,0.43776292996783184,0.820911528150134,0.6284768211920531
0.20195729537366547,0.7230883444691933,0.7617962466487938,0.693509933774834
0.904626334519573,0.3402623113090826,0.4753351206434317,0.19099337748344336
0.2788256227758007,0.7233358079683256,0.8320375335120644,0.9189403973509931
0.28113879003558706,0.30809205642167825,0.7327077747989277,0.5947019867549672
0.31423487544483986,0.5270972531551621,0.8159517426273459,0.855099337748344
0.7754448398576511,0.35214055926751087,0.4372654155495979,0.07086092715231818
0.24341637010676154,0.7631774313288808,0.6769436997319036,0.8425165562913906
0.836832740213523,0.19747587230883568,0.6947721179624666,0.13218543046357656
0.23790035587188607,0.2630536995793129,0.8091152815013407,0.6437086092715232
0.8820284697508897,0.5859935659490247,0.6213136729222519,0.31152317880794644
0.3476868327402135,0.3677307597129449,0.747721179624665,0.4743046357615892
0.7101423487544484,0.5124969067062644,0.3792225201072386,0.23284768211920515
0.8451957295373665,0.26726057906459033,0.4353887399463808,0.16543046357615854
0.248932384341637,0.5362534026231138,0.8408847184986596,0.6565562913907286
0.34234875444839863,0.6050482553823322,0.4449061662198392,0.5286092715231794
0.6713523131672597,0.687453600593912,0.9117962466487937,0.41205298013244995
0.702491103202847,0.435535758475627,0.3808310991957105,0.2894039735099341
0.4101423487544483,0.3880227666419245,0.4714477211796247,0.27748344370860867
0.32651245551601427,0.7822321207621883,0.8180965147453085,0.6109933774834433
0.25782918149466194,0.48750309329374275,0.6410187667560321,0.7438410596026488
0.29181494661921703,0.7233358079683256,0.704691689008043,0.5740397350993378
0.8637010676156583,0.36080178173719446,0.45469168900804285,0.21589403973509924
0.6204626334519573,0.46176688938381716,0.632975871313673,0.33099337748344393
0.7706405693950177,0.3432318732986879,0.6888739946380698,0.2917880794701988
0.7309608540925266,0.4528582034149977,0.5951742627345844,0.2056953642384105
0.19466192170818497,0.5622370700321717,0.42855227882037544,0.7965562913907283
0.3352313167259787,0.6421677802524144,0.40428954423592495,0.4781456953642387
0.7421708185053378,0.3264043553575888,0.3332439678284183,0.17072847682119185
0.2738434163701068,0.5731254639940602,0.6579088471849868,0.7152317880794703
0.8145907473309607,0.6446424152437551,0.8195710455764076,0.6851655629139071
0.3455516014234875,0.3707003217025502,0.3005361930294906,0.5721854304635761
0.7946619217081848,0.4454342984409827,0.5707774798927614,0.290596026490066
0.7275800711743771,0.4008908685968855,0.8891420911528152,0.32675496688741745
0.3704626334519573,0.4580549368968079,0.9376675603217159,0.5005298013245039
0.3177935943060498,0.542192526602328,0.8225201072386061,0.7720529801324503
0.23487544483985767,0.5884682009403619,0.510053619302949,0.8226490066225169
0.2530249110320284,0.46745854986389546,0.6636729222520108,0.629271523178808
0.7466192170818503,0.5241276911655568,0.2810991957104558,0.22410596026490115
0.23790035587188607,0.2962138084632535,0.8018766756032172,0.6913907284768213
0.3279359430604982,0.5780747339767416,0.6436997319034852,0.6438410596026491
0.24768683274021353,0.5976243504083172,0.8621983914209115,0.7328476821192051
0.754982206405694,0.43974263796090085,0.5891420911528151,0.3811920529801327
0.6389679715302491,0.6733481811432824,0.6048257372654158,0.4544370860927147
0.6389679715302491,0.6533036377134387,0.40040214477211805,0.37642384105960236
0.34234875444839863,0.523880227666421,0.4819034852546917,0.5537748344370863
0.6859430604982205,0.4142538975501111,0.8345844504021447,0.2945695364238414
0.8596085409252668,0.3236822568671158,0.444235924932976,0.09125827814569476
0.3562277580071175,0.5298193516456315,0.8104557640750671,0.5527152317880795
0.28861209964412804,0.5493689680772107,0.8695710455764076,0.5796026490066222
0.8793594306049822,0.42464736451373497,0.4726541554959786,0.21999999999999975
0.7921708185053379,0.34199455580302285,0.37117962466487936,0.17536423841059623
0.2879003558718861,0.6688938381588727,0.7156836461126006,0.782384105960265
0.8224199288256228,0.4360306854738951,0.4599195710455764,0.1928476821192051
0.33274021352313166,0.591685226429103,0.714745308310992,0.45470198675496665
0.23790035587188607,0.245978718139078,0.6998659517426273,0.6056953642384109
0.2838078291814947,0.22642910170749886,0.8308310991957106,0.8650331125827817
0.28540925266903905,0.6297946052957215,0.7955764075067024,0.7601324503311258
0.46156583629893233,0.5424399901014603,0.8668900804289545,0.42701986754966903
0.4209964412811388,0.39396189062113507,0.8076407506702414,0.33629139072847636
0.2727758007117437,0.6797822321207647,0.8273458445040216,0.8566887417218538
0.31032028469750883,0.5214055926750838,0.5328418230563003,0.525033112582781
0.3845195729537366,0.515713932195002,0.5659517426273459,0.48357615894039707
0.3418149466192171,0.37985647117050547,0.42975871313672925,0.32304635761589395
0.8820284697508897,0.5137342242019329,0.3088471849865952,0.2909933774834439
0.6229537366548042,0.3073496659242778,0.6869973190348526,0.23615894039735075
0.6181494661921708,0.4164810690423195,0.8073726541554962,0.43271523178807936
0.22348754448398578,0.43504083147735884,0.5470509383378017,0.7201324503311257
0.3704626334519573,0.5676812670131177,0.8926273458445042,0.55682119205298
0.41921708185053386,0.42959663449641283,0.2879356568364611,0.37072847682119203
0.9676156583629892,0.31477357089829283,0.867426273458445,0.1460927152317879
0.22597864768683273,0.6995793120514726,0.772922252010724,0.8460927152317881
0.6023131672597865,0.4936896807720892,0.8243967828418233,0.29205298013245073
0.25551601423487535,0.23162583518931257,0.30040214477211796,0.4255629139072843
0.5553380782918148,0.5206632021776798,0.7132707774798928,0.3335099337748346
0.253202846975089,0.45310566691413356,0.9246648793565686,0.5876821192052981
0.2749110320284698,0.5765899529819372,0.7024128686327078,0.7165562913907282
0.2613879003558718,0.5357584756248457,0.8206434316353888,0.709403973509934
0.4596085409252668,0.3986636971046771,0.8266756032171583,0.32768211920529833
0.4053380782918149,0.6085127443702092,0.7827077747989277,0.5762913907284766
0.8375444839857652,0.34397426379609186,0.7664879356568366,0.13192052980132463
0.2800711743772242,0.2501855976243519,0.6943699731903485,0.604105960264901
0.32669039145907464,0.3914872556297979,0.7096514745308311,0.5120529801324505
0.24341637010676154,0.7070032170254912,0.7151474530831099,0.7733774834437082
0.3352313167259787,0.6765652066320236,0.7498659517426274,0.6196026490066231
0.3352313167259787,0.6439000247463511,0.4908847184986596,0.4868874172185427
0.25355871886120995,0.5753526354862686,0.7080428954423592,0.7560264900662244
0.2818505338078292,0.5708982925018589,0.7561662198391421,0.6568211920529805
0.2702846975088967,0.7255629794605305,0.8069705093833781,0.7267549668874169
0.42758007117437724,0.7082405345211598,0.7904825737265417,0.5264900662251657
0.29145907473309607,0.7060133630289549,0.5155495978552278,0.6868874172185429
0.795017793594306,0.4496411779262566,0.7671581769436999,0.22874172185430464
0.4329181494661921,0.5590200445434306,0.8457104557640753,0.5888741721854309
0.8565836298932384,0.4528582034149977,0.7501340482573726,0.20158940397351
0.8145907473309607,0.6649344221727311,0.6695710455764077,0.5419867549668878
0.42953736654804264,0.5419450631031921,0.8239946380697052,0.5712582781456952
0.7532028469750888,0.3714427121999506,0.7105898123324397,0.2230463576158943
0.4793594306049821,0.33135362534026314,0.6001340482573727,0.29615894039735124
0.8263345195729536,0.44493937144271456,0.4670241286863271,0.22543046357615815
0.27633451957295374,0.43528829497649113,0.8979892761394102,0.6872847682119199
0.8597864768683275,0.5129918337045289,0.7449061662198393,0.15364238410595998
0.9241992882562277,0.19401138332096224,0.8155495978552281,0.25311258278145665
0.7677935943060498,0.4419698094531057,0.15361930294906173,0.13152317880794673
0.2734875444839857,0.6129670873546154,0.8916890080428956,0.605033112582781
0.5895017793594305,0.45310566691413356,0.6315013404825738,0.3270198675496685
0.8110320284697509,0.3707003217025502,0.643833780160858,0.34503311258278124
0.8177935943060496,0.3241771838653804,0.4931635388739947,0.18768211920529776
0.2784697508896796,0.7698589458054954,0.9603217158176944,0.7515231788079468
0.6752669039145908,0.5936649344221756,0.5498659517426274,0.4357615894039739
0.30213523131672604,0.6770601336302917,0.9112600536193032,0.6127152317880791
0.6709964412811388,0.49245236327641706,0.8459785522788206,0.41655629139072836
0.8288256227758005,0.43578322197475927,0.5242627345844504,0.24410596026490072
0.8224199288256228,0.4318238059886177,0.3619302949061663,0.19046357615894038
0.2624555160142349,0.8067310071764418,0.6467828418230563,0.6874172185430467
0.8548042704626334,0.4578074733976756,0.4981233243967829,0.23827814569536443
0.25782918149466194,0.49764909675823077,0.5544235924932976,0.7686092715231787
0.27633451957295374,0.4578074733976756,0.758981233243968,0.6646357615894036
0.2973309608540925,0.3083395199208141,0.7600536193029492,0.8811920529801327
0.6300711743772242,0.6231130908191069,0.8390080428954425,0.3231788079470199
0.7569395017793595,0.32912645384806183,0.539544235924933,0.1912582781456953
0.3466192170818506,0.796832467211086,0.7219839142091153,0.6352317880794702
0.27313167259786475,0.6867112100965116,0.75857908847185,0.6594701986754972
0.41921708185053386,0.43528829497649113,0.25321715817694374,0.3521854304635763
0.33256227758007106,0.33828260331601,0.6620643431635389,0.402781456953643
0.7601423487544482,0.44790893343231986,0.6436997319034852,0.17483443708609236
0.6012455516014233,0.5006186587478361,0.4802949061662199,0.2691390728476817
0.2715302491103202,0.5696609750061867,0.4000000000000001,0.5912582781456948
0.2902135231316726,0.4936896807720892,0.787265415549598,0.7225165562913904
0.3177935943060498,0.4219252660232655,0.6579088471849868,0.6153642384105966
0.3113879003558718,0.941598614204409,0.5483914209115281,0.6084768211920526
0.28861209964412804,0.680029695619897,0.7439678284182307,0.5802649006622511
0.3704626334519573,0.48775055679287505,0.9462466487935659,0.47245033112582746
0.2807829181494662,0.8725562979460584,0.8206434316353888,0.8039735099337744
0.2704626334519573,0.7522890373669888,0.7222520107238606,0.8760264900662245
0.7898576512455516,0.41004701806483723,0.7264075067024129,0.20516556291390753
0.5603202846975089,0.47463499133878173,0.18083109919571044,0.22701986754966885
0.3113879003558718,0.4689433308586999,0.8408847184986596,0.6834437086092713
0.2727758007117437,0.5298193516456315,0.829490616621984,0.7672847682119208
0.3418149466192171,0.31700074239050124,0.6371313672922252,0.32887417218543025
0.5185053380782918,0.5461519425884696,0.5360589812332439,0.4039735099337749
0.7396797153024911,0.6005939123979225,0.37788203753351207,0.2752317880794708
0.40160142348754446,0.2667656520663222,0.55857908847185,0.29403973509933756
0.21352313167259784,0.550358822073747,0.5073726541554959,0.7753642384105959
0.8809608540925268,0.4236575105171987,0.7218498659517427,0.26052980132450365
0.7973309608540925,0.16184112843355436,0.453887399463807,0.1411920529801325
0.2613879003558718,0.5345211581291771,0.8113941018766757,0.6785430463576159
0.26405693950177944,0.5139816877010652,0.8391420911528151,0.5823841059602648
0.7699288256227758,0.49269982677554935,0.48243967828418227,0.37933774834437095
0.25355871886120995,0.6149467953476879,0.748927613941019,0.7921854304635758
0.3113879003558718,0.4563226924028747,0.8419571045576408,0.6745695364238413
0.44056939501779346,0.4365256124721597,0.9990616621983917,0.34874172185430385
0.24768683274021353,0.5233853006681528,0.7026809651474533,0.6642384105960266
0.7161921708185052,0.5785696609750062,0.6483914209115282,0.3728476821192057
0.848220640569395,0.5273447166542944,0.22412868632707778,0.20913907284768207
0.2893238434163701,0.47686216283098304,0.8419571045576408,0.46953642384105887
0.7275800711743771,0.40806731007176467,0.5896782841823056,0.2123178807947026
0.3097864768683274,0.6171739668398928,0.6639410187667563,0.5668874172185427
0.5925266903914589,0.5055679287305139,0.6380697050938338,0.45218543046357595
0.4638790035587188,0.46300420687948574,0.31689008042895445,0.3915231788079465
0.8083629893238434,0.26354862657758105,0.45509383378016083,0.07178807947019905
0.27313167259786475,0.7381836179163592,0.6202412868632707,0.7178807947019861
0.8551601423487544,0.47463499133878173,0.8142091152815014,0.16529801324503346
0.6798932384341637,0.43504083147735884,0.7865951742627346,0.33165562913907287
0.6494661921708184,0.4696857213561003,0.5175603217158178,0.23827814569536443
0.8007117437722419,0.3095768374164827,0.7623324396782845,0.22582781456953605
0.28131672597864765,0.6656768126701316,0.5368632707774799,0.806887417218543
0.4793594306049821,0.37762929967829706,0.4471849865951743,0.28463576158940374
0.46156583629893233,0.4736451373422419,0.8967828418230563,0.3895364238410597
0.19359430604982208,0.49962880475130333,0.8419571045576408,0.8238410596026489
0.6902135231316727,0.695619896065331,0.603887399463807,0.394834437086093
0.5457295373665481,0.6654293491709993,0.45898123324396783,0.5364238410596025
0.24555160142348742,0.5248700816629572,0.8187667560321716,0.8675496688741724
0.6797153024911032,0.5008661222469684,0.7772117962466489,0.4205298013245029
0.5816725978647687,0.49616431576342634,0.8422252010723861,0.3509933774834435
0.8177935943060496,0.2667656520663222,0.32466487935656846,0.17615894039735114
0.9530249110320285,0.443702053947046,0.775603217158177,0.19403973509933792
0.7642348754448399,0.43528829497649113,0.22238605898123326,0.21046357615893996
0.3227758007117437,0.643405097748083,0.787265415549598,0.7396026490066232
0.2480427046263345,0.66171739668399,0.5061662198391421,0.581324503311258
0.3354092526690391,0.7020539470428133,0.8213136729222521,0.5553642384105961
0.5663701067615657,0.33556050482554056,0.6734584450402146,0.37152317880794694
0.20195729537366547,0.7963375402128179,0.7474530831099195,0.7782781456953636
0.836832740213523,0.2504330611234842,0.8152815013404826,0.16569536423841047
0.6859430604982205,0.40534521158129166,0.9706434316353889,0.37231788079470185
0.6681494661921706,0.47933679782232375,0.4333780160857909,0.32754966887417236
0.8186832740213522,0.2628062360801806,0.2769436997319035,0.1560264900662256
0.2807829181494662,0.8371690175699094,0.7339142091152817,0.5460927152317883
0.2861209964412811,0.55308092056422,0.8198391420911528,0.7752317880794708
0.9241992882562277,0.24300915614946916,0.5319034852546916,0.23562913907284777
0.7101423487544484,0.5018559762435046,0.6619302949061663,0.3345695364238406
0.29483985765124554,0.7468448403860464,0.5293565683646113,0.7850331125827807
0.7135231316725977,0.5315515961395718,0.1777479892761395,0.30158940397350964
0.683629893238434,0.5681761940113859,0.6018766756032172,0.32264900662251694
0.3927046263345195,0.34422172729522416,0.4680965147453083,0.4221192052980127
0.5880782918149464,0.5186834941846108,0.8018766756032172,0.3389403973509939
0.28131672597864765,0.6456322692402878,0.7794906166219839,0.8095364238410596
0.6062277580071175,0.40905716406830095,0.38981233243967833,0.2525827814569537
0.6955516014234876,0.49888641425389935,0.2203753351206435,0.4063576158940396
0.3480427046263346,0.7686216283098268,0.8571045576407508,0.6219867549668878
0.28647686832740216,0.6711210096510776,0.7949061662198393,0.822516556291391
0.5064056939501779,0.5513486760702797,0.5111260053619302,0.5597350993377477
0.346797153024911,0.5365008661222497,0.238739946380697,0.5981456953642388
0.26405693950177944,0.4944320712694896,0.8416890080428954,0.6094039735099335
0.7923487544483986,0.520415738678544,0.2922252010723861,0.18556291390728408
0.6852313167259786,0.638703291264541,0.360857908847185,0.2896688741721851
0.30213523131672604,0.6206384558277662,0.9353887399463809,0.5754966887417217
0.4596085409252668,0.40806731007176467,0.7260053619302951,0.32423841059602676
0.31637010676156585,0.6426627072506825,0.6761394101876677,0.5472847682119202
0.34733096085409254,0.6179163573372932,0.8353887399463806,0.7152317880794703
0.8693950177935942,0.3954466716159395,0.6584450402144775,0.1866225165562918
0.7135231316725977,0.5661964860183133,0.25991957104557645,0.331258278145695
0.32384341637010683,0.4956693887651582,0.4162198391420912,0.6190728476821192
0.748932384341637,0.5434298440979966,0.22184986595174266,0.15509933774834472
0.23416370106761575,0.6211333828260344,0.5,0.41986754966887396
0.35249110320284693,0.6090076713684738,0.6971849865951742,0.5523178807947016
0.588967971530249,0.5783221974758739,0.676005361930295,0.31112582781456943
0.3113879003558718,0.5068052462261825,0.8305630026809652,0.6888741721854306
0.2702846975088967,0.23212076218757716,0.6415549597855228,0.5545695364238412
0.4793594306049821,0.3956941351150718,0.6806970509383379,0.31973509933774835
0.4670818505338078,0.4261321455085394,0.7391420911528153,0.4203973509933778
0.19359430604982208,0.5129918337045289,0.8910187667560323,0.8528476821192053
0.6010676156583629,0.608017817371941,0.7316353887399465,0.23602649006622478
0.2572953736654804,0.48205889631279675,0.7792225201072387,0.7059602649006624
0.8258007117437721,0.33036377134372685,0.372922252010724,0.19377483443708599
0.9218861209964412,0.3914872556297979,0.8949061662198392,0.1618543046357619
0.3838078291814946,0.5050730017322458,0.3576407506702413,0.3720529801324508
0.8224199288256228,0.4278643900024761,0.8302949061662199,0.17642384105960218
0.7677935943060498,0.48502845830240204,0.3635388739946381,0.12079470198675502
0.2838078291814947,0.14600346448898804,0.9678284182305632,0.9119205298013249
0.583629893238434,0.5741153179906,0.7640750670241288,0.395364238410596
0.3496441281138789,0.6394456817619414,0.9061662198391423,0.6782781456953648
0.346797153024911,0.550358822073747,0.3061662198391421,0.5701986754966883
0.44893238434163707,0.6151942588468202,0.6406166219839142,0.4735099337748343
0.7959074733096084,0.33828260331601,0.5969168900804291,0.26092715231788066
0.1841637010676157,0.5602573620390991,0.43083109919571055,0.6422516556291393
0.24661921708185053,0.657015590200448,0.527882037533512,0.702119205298013
0.2686832740213523,0.6421677802524144,0.597319034852547,0.6762913907284771
0.6176156583629894,0.5847562484533526,0.3912868632707775,0.26304635761589434
0.40391459074733094,0.5100222717149236,0.29638069705093845,0.27456953642384097
0.2768683274021353,0.7537738183617932,0.8443699731903487,0.6042384105960261
0.29074733096085414,0.6763177431328913,0.8410187667560323,0.41947019867549695
0.5149466192170817,0.6213808463251702,0.5911528150134049,0.5487417218543049
0.8085409252669037,0.3786191536748369,0.6419571045576409,0.18304635761589338
0.4135231316725979,0.2964612719623858,0.6797587131367293,0.34834437086092684
0.3930604982206406,0.39495174461767135,0.6171581769436998,0.36450331125827784
0.46156583629893233,0.4944320712694896,0.8073726541554962,0.39629139072847686
0.42758007117437724,0.6238554813165074,0.9057640750670242,0.5467549668874172
0.6859430604982205,0.4642415243751543,0.7396782841823057,0.28701986754966935
0.7788256227758005,0.44345459044791014,0.8963806970509385,0.2350993377483439
0.8250889679715302,0.41474882454837925,0.6898123324396783,0.16052980132450312
0.8683274021352311,0.4778520168275193,0.44638069705093836,0.20437086092715262
0.3496441281138789,0.5030932937391768,0.6990616621983914,0.5132450331125824
0.7016014234875446,0.5748577084880004,0.5865951742627344,0.3819867549668876
0.8295373665480427,0.30883444691908224,0.6525469168900804,0.11059602649006628
0.3097864768683274,0.6723583271467461,0.753485254691689,0.6157615894039736
0.2768683274021353,0.750804256372188,0.8522788203753353,0.5307284768211922
0.23416370106761575,0.6250927988121759,0.4707774798927615,0.4092715231788082
0.27419928825622775,0.3909923286315298,0.9797587131367294,0.8007947019867556
0.8475088967971528,0.3457065082900286,0.5276139410187668,0.13682119205298005
0.5948398576512456,0.6085127443702092,0.8191689008042897,0.3196026490066224
0.6681494661921706,0.47859440732491976,0.3037533512064344,0.3169536423841057
0.30391459074733085,0.5087849542192551,0.5088471849865952,0.523576158940398
0.9231316725978645,0.35486265775798387,0.709785522788204,0.1733774834437085
0.3562277580071175,0.520415738678544,0.5006702412868633,0.5201324503311255
0.2540925266903915,0.4360306854738951,0.5762734584450402,0.7696688741721855
0.2263345195729537,0.6552833457065113,0.6804289544235924,0.8639735099337749
0.8774021352313167,0.5847562484533526,0.5612600536193031,0.1154966887417217
0.7220640569395017,0.4669636228656273,0.44075067024128683,0.314172185430464
0.346797153024911,0.5412026726057917,0.27211796246648795,0.588079470198676
0.754982206405694,0.45211581291759373,0.7281501340482575,0.33920529801324495
0.2702846975088967,0.6043058648849282,0.9954423592493298,0.7052980132450326
0.8596085409252668,0.31724820588963354,0.6861930294906167,0.15509933774834472
0.2572953736654804,0.48676070279633876,0.7099195710455763,0.661059602649007
0.8814946619217082,0.26429101707498504,0.5575067024128688,0.18423841059602708
0.3476868327402135,0.39792130660727665,0.6467828418230563,0.43523178807947005
0.8145907473309607,0.458549863895076,0.3702412868632708,0.15668874172185365
0.9231316725978645,0.36971046770601745,0.5016085790884719,0.1299337748344369
0.31761565836298933,0.4662212323682269,0.8462466487935658,0.2917880794701988
0.8633451957295372,0.3150210343974287,0.43418230563002685,0.22132450331125852
0.3704626334519573,0.47438752783964233,0.9522788203753352,0.5051655629139074
0.6713523131672597,0.6468695867359564,0.6770777479892762,0.370331125827815
0.5131672597864769,0.4899777282850799,0.4351206434316354,0.28781456953642426
0.7316725978647688,0.2704776045533315,0.695710455764075,0.2313907284768213
0.8846975088967971,0.3019054689433318,0.2203753351206435,0.17364238410596045
0.7939501779359431,0.3862905221479842,0.668230563002681,0.17205298013245063
0.30213523131672604,0.7282850779510035,0.9175603217158179,0.7238410596026492
0.7309608540925266,0.453848057411534,0.5076407506702414,0.3207947019867552
0.7706405693950177,0.30611234842860924,0.5534852546916891,0.1784105960264899
0.2880782918149466,0.3001732244493951,0.5050938337801609,0.7116556291390728
0.7946619217081848,0.4315763424894854,0.9435656836461128,0.27377483443708606
0.24110320284697506,0.4929472902746852,0.646916890080429,0.6882119205298016
0.34003558718861204,0.8888888888888893,0.6250670241286864,0.6027814569536423
0.8793594306049822,0.43207126948775354,0.7349865951742629,0.322384105960265
0.4731316725978648,0.34496411779262814,0.661662198391421,0.4552317880794705
0.6389679715302491,0.6632021776787944,0.6449061662198392,0.44728476821192054
0.8487544483985764,0.3754021281860922,0.8731903485254693,0.2218543046357615
0.2880782918149466,0.31898045038357026,0.4930294906166221,0.7311258278145694
0.848220640569395,0.5107646622123241,0.1498659517426274,0.22211920529801255
0.8234875444839856,0.4008908685968855,0.7210455764075068,0.25311258278145665
0.7754448398576511,0.3543677307597157,0.5849865951742628,0.2210596026490066
0.7135231316725977,0.534026231130909,0.16528150134048264,0.32635761589403955
0.7788256227758005,0.44642415243751543,0.864745308310992,0.21735099337748398
0.2724199288256228,0.6117297698589468,0.5904825737265416,0.8607947019867552
0.7275800711743771,0.40806731007176467,0.5341823056300268,0.19509933774834476
0.3113879003558718,0.5181885671863427,0.6910187667560324,0.5841059602649006
0.7845195729537365,0.5233853006681528,0.611662198391421,0.26105960264900663
0.31761565836298933,0.4800791883197242,0.8273458445040216,0.1349668874172183
0.7774021352313166,0.30883444691908224,0.21635388739946387,0.23655629139072865
0.7046263345195728,0.34199455580302285,0.649195710455764,0.112980132450331
0.8250889679715302,0.41747092303885225,0.7989276139410189,0.21576158940397328
0.9218861209964412,0.4085622370700328,0.6801608579088472,0.1705960264900659
0.23327402135231312,0.549616431576343,0.39436997319034856,0.6125827814569531
0.5686832740213522,0.4862657757980706,0.4907506702412869,0.35774834437086067
0.23167259786476868,0.6268250433061162,0.8014745308310993,0.7854304635761586
0.7322064056939502,0.5850037119524885,0.49101876675603223,0.2292715231788076
0.253202846975089,0.4818114328136609,0.8957104557640752,0.5678145695364236
0.7850533807829182,0.4498886414253924,0.8079088471849867,0.2105960264900668
0.2498220640569394,0.26453848057411733,0.8935656836461128,0.871920529801324
0.5976868327402135,0.5983667409057176,0.8033512064343165,0.3924503311258274
0.6215302491103202,0.6023261568918592,0.5540214477211798,0.45218543046357595
0.9231316725978645,0.3652561247216042,0.704691689008043,0.20503311258278156
0.68576512455516,0.5355110121257134,0.6659517426273458,0.2645033112582782
0.7612099644128113,0.30512249443207295,0.45187667560321726,0.26437086092715223
0.6140569395017793,0.46745854986389546,0.4461126005361931,0.3459602649006621
0.2964412811387901,0.09057164068299883,0.9970509383378017,0.693907284768212
0.2160142348754448,0.517693640188071,0.6333780160857909,0.6879470198675497
0.7640569395017792,0.6005939123979225,0.6518766756032173,0.2070198675496684
0.7825622775800712,0.3964365256124722,0.7221179624664882,0.18304635761589338
0.4889679715302492,0.3323434793367994,0.37171581769436995,0.3348344370860925
0.8507117437722419,0.4714179658500406,0.8655495978552279,0.24158940397351003
0.6612099644128114,0.5716406829992593,0.6568364611260054,0.39218543046357635
0.7601423487544482,0.49764909675823077,0.55,0.3116556291390733
0.8402135231316724,0.4038604305864908,0.8632707774798929,0.14582781456953597
0.5546263345195729,0.6780499876268244,0.6995978552278821,0.46344370860927153
0.7806049822064057,0.5028458302400409,0.2529490616621984,0.20344370860927175
0.8083629893238434,0.2699826775550598,0.3979892761394102,0.08092715231788095
0.2622775800711744,0.5290769611482311,0.879490616621984,0.7490066225165561
0.68576512455516,0.5404602821083913,0.7552278820375338,0.3339072847682125
0.3377224199288257,0.6560257362039117,0.3967828418230563,0.6434437086092712
0.290035587188612,0.39767384310814435,0.6276139410187667,0.7585430463576159
0.658896797153025,0.36995793120514975,0.8155495978552281,0.3949668874172181
0.93576512455516,0.48403860430586576,0.6924932975871314,0.21947019867549677
0.2973309608540925,0.6196486018312299,0.8785522788203755,0.7268874172185429
0.19466192170818497,0.5535758475624846,0.4189008042895443,0.7909933774834439
0.21583629893238432,0.4041078940856231,0.75857908847185,0.7762913907284767
0.31120996441281135,0.4899777282850799,0.9270777479892762,0.8184105960264905
0.8830960854092526,0.3155159613956968,0.7160857908847187,0.22251655629139044
0.2861209964412811,0.589705518436034,0.6663538873994639,0.7805298013245032
0.5843416370106761,0.6151942588468202,0.3824396782841824,0.3270198675496685
0.3418149466192171,0.4036129670873585,0.6242627345844505,0.451655629139073
0.6355871886120995,0.49962880475130333,0.7398123324396784,0.3361589403973504
0.28113879003558706,0.7020539470428133,0.6475871313672923,0.5264900662251657
0.7637010676156583,0.21108636476119713,0.6864611260053619,0.3386754966887411
0.836832740213523,0.17495669388765478,0.5931635388739946,0.1402649006622516
0.4946619217081849,0.5122494432071285,0.774128686327078,0.49973509933774807
0.2667259786476869,0.45731254639940744,0.7668900804289545,0.7000000000000002
0.7220640569395017,0.5129918337045289,0.8634048257372655,0.4569536423841054
0.2749110320284698,0.8302400395941625,0.8888739946380699,0.790728476821192
0.25551601423487535,0.2100965107646644,0.42426273458445046,0.47576158940397395
0.4868327402135231,0.8161346201435293,0.3847184986595174,0.572317880794702
0.27313167259786475,0.7530314278643928,0.7576407506702414,0.7311258278145694
0.4259786476868327,0.27196238554813235,0.382573726541555,0.21337748344370855
0.8026690391459074,0.4446919079435787,0.7672922252010725,0.2809271523178811
0.7138790035587189,0.6169265033407605,0.39155495978552285,0.2765562913907287
0.4889679715302492,0.2741895570403372,0.6246648793565683,0.25470198675496736
0.4352313167259786,0.5827765404602836,0.5037533512064343,0.40384105960264893
0.6389679715302491,0.6585003711952488,0.6256032171581771,0.4639735099337754
0.6998220640569394,0.3372927493194773,0.5739946380697052,0.20649006622516541
0.2880782918149466,0.21133382826033298,0.9592493297587132,0.8431788079470204
0.30391459074733085,0.4892353377876759,0.5411528150134051,0.5687417218543045
0.8234875444839856,0.3130413264043561,0.5935656836461127,0.2082119205298012
0.22188612099644123,0.31650581539222955,0.9658176943699732,0.6646357615894036
0.6300711743772242,0.6013363028953265,0.8467828418230565,0.3588079470198675
0.32669039145907464,0.4459292254392473,0.982171581769437,0.6296688741721859
0.8234875444839856,0.351893095768375,0.5936997319034851,0.21615894039735117
0.3930604982206406,0.3900024746349935,0.5675603217158178,0.3597350993377484
0.6010676156583629,0.5758475624845332,0.43592493297587137,0.24596026490066158
0.6496441281138788,0.4157386785449191,0.49932975871313684,0.38132450331125867
0.4053380782918149,0.6035634743875278,0.8284182305630028,0.4925827814569539
0.23167259786476868,0.6990843850532045,0.8154155495978554,0.8200000000000003
0.34946619217081853,0.7280376144518677,0.6800268096514748,0.7369536423841057
0.28540925266903905,0.9388765157139325,0.8052278820375336,0.6978807947019865
0.42028469750889674,0.5800544419698106,0.652412868632708,0.43735099337748284
0.4167259786476868,0.6233605543182392,0.6646112600536194,0.27417218543046307
0.4209964412811388,0.3677307597129449,0.5652815013404826,0.2372185430463576
0.5880782918149464,0.5221479831724842,0.8147453083109921,0.403046357615894
0.6752669039145908,0.5216530561742161,0.34906166219839146,0.25841059602648997
0.4441281138790035,0.3865379856471165,0.7916890080428955,0.2892715231788081
0.6425266903914589,0.4095520910665691,0.4735924932975872,0.30278145695364245
0.6220640569395018,0.5661964860183133,0.4144772117962467,0.31390728476821117
0.7999999999999997,0.34694382578569716,0.7530831099195712,0.14794701986754966
0.7569395017793595,0.3241771838653804,0.5632707774798928,0.34543046357615825
0.7046263345195728,0.2576095025983669,0.11742627345844509,0.09788079470198685
0.31637010676156585,0.540212818609259,0.6014745308310994,0.5976158940397349
0.754982206405694,0.42687453600593983,0.8600536193029491,0.2785430463576164
0.24341637010676154,0.7644147488245494,0.6906166219839143,0.79841059602649
0.8565836298932384,0.4550853749072026,0.7711796246648794,0.2263576158940399
0.8117437722419928,0.3679782232120772,0.8048257372654155,0.15324503311258297
0.702491103202847,0.4219252660232655,0.399597855227882,0.28662251655629145
0.2784697508896796,0.7329868844345491,0.9784182305630027,0.6874172185430467
0.2788256227758007,0.70378619153675,0.5521447721179624,0.8198675496688743
0.6923487544483985,0.5295718881464992,0.7328418230563005,0.2570860927152321
0.28220640569395017,0.5835189309576876,0.948123324396783,0.8671523178807945
0.7135231316725977,0.5543182380598886,0.19530831099195717,0.30105960264900666
0.23701067615658356,0.6048007918831999,0.6320375335120643,0.8667549668874166
0.7914590747330962,0.23954466716159573,0.7966487935656836,0.09523178807947019
0.3048042704626335,0.39222964612719835,0.9250670241286862,0.8275496688741724
0.591814946619217,0.6117297698589468,0.6770777479892762,0.3821192052980136
0.7999999999999997,0.360059391239794,0.371313672922252,0.10807947019867559
0.8083629893238434,0.27072506805246377,0.540750670241287,0.07125827814569519
0.641459074733096,0.4716654293491729,0.5671581769436997,0.42026490066225186
0.8774021352313167,0.5691660480079186,0.08378016085790885,0.14066225165562862
0.2702846975088967,0.7676317743132905,0.8252010723860592,0.7431788079470198
0.31423487544483986,0.49690670626083033,0.3201072386058981,0.6300662251655629
0.6496441281138788,0.4159861420440514,0.5501340482573727,0.3405298013245037
0.346797153024911,0.5256124721603577,0.8001340482573727,0.6709933774834438
0.21850533807829187,0.5315515961395718,0.8613941018766755,0.5790728476821192
0.2686832740213523,0.6580054441969843,0.6945040214477214,0.7490066225165561
0.8117437722419928,0.39767384310814435,0.6943699731903485,0.18741721854304672
0.6176156583629894,0.5436773075971324,0.587265415549598,0.4398675496688744
0.9754448398576513,0.45038356842366056,0.5150134048257373,0.13112582781456972
0.3048042704626335,0.39693145261074037,0.7644772117962468,0.7704635761589405
0.711387900355872,0.5483791140806744,0.28646112600536194,0.28543046357615864
0.3377224199288257,0.6525612472160383,0.5121983914209116,0.6043708609271521
0.351067615658363,0.4964117792625622,0.8115281501340483,0.5829139072847678
0.8638790035587188,0.27196238554813235,0.45951742627345854,0.15443708609271578
0.683629893238434,0.5481316505815386,0.3383378016085791,0.35735099337748366
0.6313167259786477,0.6179163573372932,0.7672922252010725,0.32754966887417236
0.5866548042704626,0.5038356842365772,0.5812332439678285,0.37973509933774796
0.576512455516014,0.5973768869091813,0.7457104557640752,0.4421192052980132
0.7601423487544482,0.443702053947046,0.6705093833780162,0.1332450331125825
0.6181494661921708,0.4177183865379881,0.8202412868632709,0.41947019867549695
0.25978647686832745,0.7755506062855737,0.9238605898123327,0.7386754966887414
0.8814946619217082,0.2620638455827766,0.6628686327077751,0.1821192052980134
0.8565836298932384,0.4587973273942083,0.8603217158176943,0.2765562913907287
0.5603202846975089,0.48478099480326975,0.312064343163539,0.2251655629139071
0.8774021352313167,0.5671863400148496,0.4609919571045577,0.16357615894039768
0.33167259786476866,0.7458549863895101,0.8467828418230565,0.678145695364238
0.2738434163701068,0.5679287305122536,0.8222520107238607,0.7494039735099332
0.2653024911032029,0.3387775303142817,0.3187667560321717,0.7121854304635757
0.4259786476868327,0.2682504330611266,0.5753351206434318,0.26211920529801347
0.45017793594306044,0.4882454837911432,0.9040214477211796,0.48450331125827795
0.286832740213523,0.5877258104429615,0.2634048257372655,0.4560264900662254
0.6010676156583629,0.6045533283840676,0.7754691689008044,0.29205298013245073
0.30106761565836304,0.3677307597129449,0.4735924932975872,0.5535099337748344
0.5567615658362989,0.6916604800791895,0.6243967828418231,0.4610596026490068
0.6797153024911032,0.5283345706508307,0.8175603217158178,0.35324503311258315
0.7999999999999997,0.4659737688690946,0.8418230563002682,0.26145695364238364
0.28861209964412804,0.7020539470428133,0.918230563002681,0.6348344370860923
0.7754448398576511,0.36154417223459845,0.7285522788203753,0.1474172185430458
0.6012455516014233,0.4939371442712215,0.7638069705093835,0.40463576158940384
0.6850533807829181,0.5501113585746111,0.6490616621983916,0.3613245033112582
0.2727758007117437,0.6924028705765934,0.7853887399463808,0.8598675496688744
0.32651245551601427,0.8010393466963635,0.786461126005362,0.5740397350993378
0.8117437722419928,0.3538728037614476,0.5600536193029491,0.1423841059602644
0.9231316725978645,0.3796090076713696,0.5982573726541556,0.14582781456953597
0.32651245551601427,0.7792625587725865,0.7703753351206435,0.6296688741721859
0.7772241992882564,0.3875278396436528,0.48552278820375344,0.3282119205298013
0.7870106761565837,0.38134125216530634,0.6296246648793566,0.2434437086092709
0.3322064056939502,0.37268002969562275,0.9044235924932977,0.6825165562913913
0.28113879003558706,0.4417223459539734,0.8328418230563004,0.7010596026490061
0.6087188612099644,0.43949517446176856,0.7571045576407509,0.33549668874172145
0.7923487544483986,0.5194258846820112,0.18458445040214483,0.08066225165562901
0.8693950177935942,0.360059391239794,0.7096514745308311,0.18529801324503303
0.596085409252669,0.5189309576837431,0.41327077747989277,0.3200000000000003
0.351067615658363,0.515713932195002,0.43190348525469174,0.3720529801324508
0.25355871886120995,0.7000742390497408,0.6463806970509385,0.7752317880794708
0.28861209964412804,0.684731502103439,0.6247989276139412,0.5369536423841064
0.7327402135231317,0.4704281118535043,0.41823056300268097,0.23483443708609286
0.28113879003558706,0.6077703538728052,0.9126005361930296,0.5803973509933771
0.2852313167259787,0.6476119772333568,0.5761394101876678,0.6878145695364237
0.686476868327402,0.49072011878248034,0.6454423592493297,0.24225165562913897
0.18558718861209966,0.4501361049245247,0.8717158176943702,0.8320529801324499
0.8939501779359428,0.6315268497896582,0.3806970509383379,0.2970860927152321
0.31423487544483986,0.5310566691413037,0.8163538873994638,0.862516556291391
0.793238434163701,0.3610492452363303,0.47506702412868634,0.2698013245033115
0.7309608540925266,0.4048502845830271,0.5160857908847185,0.10026490066225158
0.7330960854092526,0.35807968324672146,0.4079088471849867,0.17562913907284727
0.46156583629893233,0.4682009403612959,0.6199731903485255,0.4086092715231793
0.6781138790035587,0.4733976738431096,0.8782841823056302,0.32304635761589395
0.24110320284697506,0.5684236575105182,0.5855227882037533,0.6601324503311261
0.7016014234875446,0.5825290769611478,0.47573726541554956,0.2773509933774836
0.2427046263345195,0.5837663944568199,0.6809651474530831,0.5907284768211918
0.7973309608540925,0.15862410294481677,0.4780160857908848,0.13933774834437074
0.5895017793594305,0.4580549368968079,0.6520107238605899,0.33761589403973513
0.4756227758007118,0.5025983667409086,0.36943699731903484,0.40092715231788034
0.25782918149466194,0.4689433308586999,0.792225201072386,0.911655629139072
0.6720640569395017,0.4615194258846813,0.754289544235925,0.35947019867549646
0.4596085409252668,0.3694630042068816,0.8914209115281502,0.38105960264900585
0.8508896797153026,0.47834694382578746,0.5274798927613942,0.1365562913907281
0.7855871886120996,0.42959663449641283,0.15107238605898127,0.11271523178807907
0.2603202846975089,0.46572630536995874,0.8355227882037535,0.8732450331125827
0.7309608540925266,0.4528582034149977,0.5341823056300268,0.331258278145695
0.22508896797153022,0.7354615194258862,0.7863270777479894,0.7037086092715228
0.19466192170818497,0.8423657510517231,0.6242627345844505,0.7867549668874174
0.34946619217081853,0.7250680524622659,0.19959785522788215,0.6505960264900663
0.3496441281138789,0.5214055926750838,0.7134048257372656,0.6152317880794698
0.3496441281138789,0.5073001732244506,0.7552278820375338,0.5292715231788083
0.28540925266903905,0.8599356594902297,0.8131367292225202,0.7109933774834438
0.41921708185053386,0.42019302152932525,0.11890080428954425,0.26264900662251645
0.33167259786476866,0.7849542192526577,0.7064343163538875,0.5282119205298015
0.2613879003558718,0.5582776540460301,0.8280160857908847,0.7638410596026493
0.34946619217081853,0.7607027963375401,0.6056300268096515,0.65271523178808
0.9163701067615658,0.17817371937639237,0.6583109919571046,0.1733774834437085
0.6681494661921706,0.5063103192279144,0.5722520107238607,0.322516556291391
0.28131672597864765,0.6656768126701316,0.5368632707774799,0.806887417218543
0.4441281138790035,0.38406335065577935,0.8663538873994638,0.3452980132450332
0.6300711743772242,0.6196486018312299,0.6806970509383379,0.3029139072847684
0.2459074733096085,0.7478346943825791,0.5197050938337802,0.6778807947019869
0.7999999999999997,0.39396189062113507,0.6138069705093834,0.23695364238410566
0.32117437722419917,0.6312793862905224,0.7575067024128685,0.7042384105960267
0.6062277580071175,0.3823311061618426,0.5398123324396784,0.2649006622516552
0.8475088967971528,0.39495174461767135,0.8710455764075069,0.26754966887417186
0.686476868327402,0.4313288789903531,0.9042895442359249,0.31311258278145626
0.38523131672597855,0.5325414501361045,0.5848525469168901,0.4966887417218544
0.8576512455516013,0.37564959168522805,0.7947721179624665,0.1622516556291389
0.7275800711743771,0.4011383320960178,0.8675603217158179,0.3070198675496689
0.8350533807829182,0.4112843355605058,0.439544235924933,0.1986754966887414
0.7327402135231317,0.4414748824548411,0.23739946380697058,0.2321854304635762
0.736476868327402,0.6198960653303658,0.719839142091153,0.18410596026490111
0.34430604982206403,0.6775550606285599,0.603083109919571,0.8827814569536425
0.28647686832740216,0.5882207374412296,0.812868632707775,0.7839735099337748
0.3562277580071175,0.5454095520910656,0.6731903485254693,0.5295364238410594
0.2622775800711744,0.5674338035139854,0.8356568364611261,0.6822516556291385
0.8145907473309607,0.40039594159861736,0.5805630026809652,0.22900662251655657
0.7695729537366548,0.430091561494681,0.5123324396782842,0.37682119205298026
0.8341637010676154,0.4578074733976756,0.7825737265415551,0.15721854304635752
0.2160142348754448,0.4587973273942083,0.9383378016085793,0.7127152317880796
0.6033807829181496,0.4917099727790166,0.6270777479892762,0.32516556291390764
0.4352313167259786,0.5377381836179183,0.4904825737265415,0.4343046357615892
0.4754448398576512,0.2754268745360058,0.9959785522788205,0.38887417218543074
0.6430604982206406,0.3845582776540475,0.704691689008043,0.3651655629139068
0.2852313167259787,0.6681514476614723,0.6028150134048258,0.79841059602649
0.7640569395017792,0.547636723583274,0.3415549597855228,0.22543046357615815
0.708540925266904,0.48973026478594406,0.6786863270777481,0.21165562913907277
0.7946619217081848,0.4338035139816867,0.9186327077747991,0.37735099337748323
0.8071174377224198,0.4137589705518465,0.5620643431635388,0.22039735099337676
0.8873665480427045,0.4835436773075976,0.6660857908847186,0.2756291390728478
0.0092526690391459,0.4130165800544461,0.6257372654155495,0.5509933774834437
0.6128113879003557,0.5783221974758739,0.6796246648793567,0.4296688741721848
0.25551601423487535,0.22543924771096258,0.35053619302949063,0.5104635761589407
0.8145907473309607,0.46572630536995874,0.6178284182305631,0.19973509933774825
0.24857651245551593,0.45607522890373886,0.5820375335120644,0.9887417218543053
0.6752669039145908,0.47958426132145604,0.7231903485254694,0.3501986754966886
0.6720640569395017,0.48379114080673347,0.5502680965147453,0.26066225165562873
0.7855871886120996,0.4761197723335826,0.2558981233243968,0.11165562913907312
0.6681494661921706,0.4855233853006702,0.4970509383378016,0.3030463576158935
0.6300711743772242,0.6164315763424888,0.7591152815013407,0.31509933774834487
0.8172597864768684,0.37985647117050547,0.6734584450402146,0.2956291390728474
0.8507117437722419,0.4471665429349194,0.5658176943699731,0.11655629139072854
0.3466192170818506,0.7720861172976967,0.8175603217158178,0.6021192052980133
0.286832740213523,0.5085374907201228,0.660455764075067,0.5980132450331128
0.8475088967971528,0.3739173471912913,0.6774798927613941,0.13973509933774864
0.8597864768683275,0.5221479831724842,0.8160857908847186,0.1341721854304634
0.2540925266903915,0.43751546646869954,0.6737265415549598,0.7731125827814571
0.4731316725978648,0.3890126206384572,0.6415549597855228,0.3762913907284773
0.6055160142348753,0.537490720118786,0.7345844504021448,0.31059602649006557
0.34733096085409254,0.667161593664936,0.4195710455764075,0.6145695364238417
0.32758007117437726,0.4761197723335826,0.5357908847184987,0.4688741721854308
0.34234875444839863,0.586983419945561,0.3028150134048258,0.5139072847682122
0.8375444839857652,0.3457065082900286,0.8152815013404826,0.12887417218543096
0.8402135231316724,0.3875278396436528,0.7096514745308311,0.14384105960264915
0.3508896797153024,0.7587230883444711,0.7517426273458445,0.6634437086092717
0.7790035587188612,0.37985647117050547,0.6316353887399466,0.1792052980132457
0.8873665480427045,0.435535758475627,0.3105898123324397,0.2425165562913909
0.8793594306049822,0.42934917099728054,0.5805630026809652,0.2678145695364238
0.6612099644128114,0.5835189309576876,0.5371313672922251,0.38516556291390724
0.33167259786476866,0.7817371937639237,0.6829758713136731,0.5307284768211922
0.6010676156583629,0.5961395694135128,0.6800268096514748,0.26635761589403995
0.5816725978647687,0.4971541697599626,0.8272117962466488,0.39046357615894056
0.8597864768683275,0.5434298440979966,0.5152815013404826,0.14370860927152318
0.2829181494661921,0.3758970551843639,0.951206434316354,0.7878145695364243
0.42758007117437724,0.7027963375402138,0.763538873994638,0.5068874172185422
0.6081850533807828,0.28285077951002435,0.9367292225201074,0.23443708609271496
0.2727758007117437,0.5590200445434306,0.6457104557640752,0.6496688741721854
0.8846975088967971,0.30487503093294066,0.4482573726541555,0.21046357615893996
0.3199288256227758,0.5810442959663469,0.8036193029490619,0.5792052980132452
0.8693950177935942,0.4036129670873585,0.9037533512064344,0.22794701986754973
0.6181494661921708,0.4498886414253924,0.7222520107238606,0.4064900662251656
0.6081850533807828,0.3204652313783747,0.6127345844504022,0.2329801324503311
0.2747330960854092,0.8732986884434588,0.8772117962466488,0.8357615894039734
0.6852313167259786,0.6000989853996543,0.3175603217158178,0.31894039735099344
0.2861209964412811,0.5649591685226447,0.5737265415549597,0.6765562913907281
0.8774021352313167,0.5704033655035907,0.034852546916890104,0.1022516556291393
0.2459074733096085,0.774560752289041,0.576005361930295,0.645298013245033
0.7898576512455516,0.4189557040336567,0.6184986595174264,0.26847682119205274
0.5674377224199288,0.43231873298688583,0.8489276139410189,0.419735099337748
0.7532028469750888,0.2989359069537265,0.29356568364611263,0.12635761589404026
0.5816725978647687,0.5003711952487038,0.7997319034852548,0.35788079470198664
0.7500000000000001,0.48230635981192904,0.46501340482573733,0.2896688741721851
0.686476868327402,0.6112348428606822,0.34128686327077756,0.3001324503311258
0.6709964412811388,0.49542192526602236,0.6974530831099197,0.34913907284768175
0.7135231316725977,0.5216530561742161,0.861662198391421,0.4185430463576161
0.2624555160142349,0.8344469190794364,0.6691689008042896,0.7113907284768217
0.6215302491103202,0.6038109378866636,0.4873994638069706,0.3750993377483445
0.7772241992882564,0.3786191536748369,0.3238605898123325,0.2781456953642385
0.2540925266903915,0.38827023014105677,0.8368632707774799,0.5800000000000001
0.42953736654804264,0.5278396436525625,0.4121983914209116,0.4696688741721857
0.2775800711743772,0.7569908438505344,0.8167560321715819,0.838807947019867
0.731850533807829,0.5196733481811435,0.23458445040214487,0.2929801324503307
0.7891459074733095,0.4083147735709005,0.5561662198391422,0.27801324503311253
0.4412811387900355,0.2736946300420726,0.61313672922252,0.274437086092715
0.2613879003558718,0.541450136104924,0.7886058981233246,0.7107284768211919
0.3476868327402135,0.3902499381341258,0.6316353887399466,0.46794701986754905
0.2784697508896796,0.6624597871813904,0.965549597855228,0.6270198675496692
0.28113879003558706,0.3459539717891609,0.6525469168900804,0.5660927152317878
0.2879003558718861,0.6770601336302917,0.6738605898123324,0.7547019867549674
0.3930604982206406,0.36896807720861347,0.40750670241286874,0.3029139072847684
0.32758007117437726,0.4790893343231879,0.6639410187667563,0.5086092715231789
0.4544483985765124,0.47686216283098304,0.780697050938338,0.5087417218543049
0.3603202846975089,0.4909675822816162,0.6505361930294906,0.4709933774834436
0.5912811387900355,0.4882454837911432,0.5222520107238606,0.2964238410596023
0.3455516014234875,0.45186834941846143,0.6941018766756033,0.6361589403973511
0.20960854092526693,0.5068052462261825,0.5857908847184987,0.69364238410596
0.7309608540925266,0.4305864884929491,0.37386058981233256,0.1688741721854301
0.2715302491103202,0.565949022519181,0.8099195710455767,0.8332450331125827
0.6345195729537366,0.41994555803019296,0.6191689008042895,0.24768211920529737
0.3838078291814946,0.5154664686958697,0.3044235924932977,0.35986754966887435
0.22989323843416376,0.5384805741153187,0.7329758713136729,0.6229139072847687
0.29466192170818506,0.9668398911160629,0.7630026809651476,0.8589403973509935
0.7886120996441283,0.49245236327641706,0.6896782841823057,0.23907284768211934
0.8475088967971528,0.4105419450631054,0.8479892761394101,0.241721854304636
0.34199288256227756,0.5837663944568199,0.6974530831099197,0.6986754966887414
0.5976868327402135,0.6169265033407605,0.8123324396782843,0.38437086092715234
0.4135231316725979,0.3585746102449896,0.7183646112600539,0.4531125827814577
0.34430604982206403,0.6988369215540722,0.5233243967828418,0.8961589403973509
0.5816725978647687,0.4605295718881486,0.597319034852547,0.32145695364238414
0.2871886120996441,0.5124969067062644,0.8250670241286864,0.7554966887417223
0.31637010676156585,0.5308092056421714,0.577211796246649,0.5888741721854309
0.3263345195729538,0.5493689680772107,0.4477211796246649,0.6626490066225168
0.793238434163701,0.3046275674338048,0.5223860589812332,0.2569536423841061
0.34288256227758007,0.6852264291017107,0.8857908847184988,0.6912582781456953
0.7999999999999997,0.38950754763672535,0.5159517426273459,0.16331125827814574
0.2879003558718861,0.6364761197723361,0.719839142091153,0.8303311258278141
0.4135231316725979,0.35511012125711616,0.786461126005362,0.5377483443708613
0.7601423487544482,0.458549863895076,0.47117962466487945,0.16331125827814574
0.2427046263345195,0.5976243504083172,0.6727882037533512,0.59682119205298
0.4731316725978648,0.30883444691908224,0.6660857908847186,0.38754966887417197
0.7330960854092526,0.28854243999010265,0.7627345844504021,0.19178807947019916
0.5948398576512456,0.46721108636476316,0.8304289544235928,0.34741721854304686
0.347508896797153,0.4085622370700328,0.32962466487935654,0.298940397350993
0.32384341637010683,0.5434298440979966,0.7648793565683647,0.7631788079470194
0.5976868327402135,0.5840138579559522,0.8684986595174262,0.3841059602649004
0.39982206405693943,0.34199455580302285,0.7373994638069705,0.44635761589403966
0.3227758007117437,0.7297698589458079,0.7876675603217158,0.6774834437086099
0.4259786476868327,0.2731997030438009,0.3658176943699733,0.20516556291390753
0.93576512455516,0.4308339519920814,0.45790884718498664,0.16741721854304625
0.3227758007117437,0.7233358079683256,0.7876675603217158,0.6360264900662251
0.8083629893238434,0.3122989359069557,0.8457104557640753,0.1361589403973511
0.6781138790035587,0.4590447908933477,0.5529490616621984,0.3099337748344375
0.8820284697508897,0.4993813412521675,0.586461126005362,0.3335099337748346
0.23487544483985767,0.6095025983667419,0.4869973190348526,0.8051655629139072
0.6902135231316727,0.6951249690670664,0.6115281501340484,0.4238410596026485
0.8026690391459074,0.44221727295224156,0.7282841823056301,0.2529801324503316
0.7999999999999997,0.4041078940856231,0.28914209115281514,0.09205298013244967
0.7699288256227758,0.47933679782232375,0.5695710455764076,0.44476821192052984
0.40160142348754446,0.237812422667659,0.3155495978552279,0.20331125827814578
0.7327402135231317,0.48502845830240204,0.7273458445040215,0.30158940397350964
0.26476868327402137,0.6820094036129696,0.9631367292225201,0.6662251655629143
0.4754448398576512,0.22321207621875772,0.9990616621983917,0.40794701986754944
0.7158362989323844,0.453848057411534,0.5336461126005363,0.2782781456953636
0.2427046263345195,0.5904479089334345,0.6757372654155498,0.5867549668874172
0.3784697508896797,0.5033407572383091,0.8139410187667562,0.4283443708609278
0.3930604982206406,0.3659985152190046,0.5310991957104558,0.346887417218543
0.6832740213523131,0.4224201930215301,0.5659517426273459,0.25562913907284734
0.25444839857651236,0.5562979460529576,0.7804289544235925,0.7864900662251655
0.40391459074733094,0.4857708487998025,0.5672922252010724,0.41735099337748327
0.6987544483985765,0.6837416481069063,0.37386058981233256,0.3414569536423846
0.6537366548042703,0.6708735461519453,0.6863270777479895,0.43483443708609215
0.2501779359430605,0.7988121752041621,0.5785522788203754,0.7449006622516556
0.2923487544483986,0.7042811185350182,0.3597855227882038,0.6952317880794698
0.9231316725978645,0.3610492452363303,0.7079088471849868,0.1762913907284771
0.6425266903914589,0.36995793120514975,0.8250670241286864,0.3675496688741724
0.7939501779359431,0.5050730017322458,0.576005361930295,0.15695364238410647
0.3199288256227758,0.5352635486265775,0.7172922252010725,0.5316556291390722
0.33256227758007106,0.3167532788913654,0.686058981233244,0.3071523178807949
0.6332740213523133,0.5473892600841381,0.5319034852546916,0.34622516556291316
0.8596085409252668,0.31452610739916054,0.4738605898123324,0.1378807947019869
0.8110320284697509,0.3736698836921555,0.5710455764075066,0.1916556291390732
0.28131672597864765,0.6711210096510776,0.6646112600536194,0.9042384105960259
0.3001779359430604,0.49418460777035733,0.6508042895442359,0.5429139072847677
0.6023131672597865,0.6211333828260344,0.8575067024128689,0.40715231788079453
0.5866548042704626,0.517693640188071,0.46742627345844506,0.2458278145695365
0.576512455516014,0.6102449888641424,0.44289544235924944,0.4019867549668872
0.8514234875444838,0.2328631526849776,0.9359249329758714,0.22198675496688747
0.793238434163701,0.3266518188567211,0.45026809651474536,0.2596026490066228
0.8007117437722419,0.3650086612224719,0.597319034852547,0.33258278145695375
0.23167259786476868,0.6919079435783253,0.5927613941018768,0.7519205298013238
0.24110320284697506,0.5850037119524885,0.8451742627345846,0.871390728476821
0.24768683274021353,0.5365008661222497,0.6658176943699734,0.6500662251655625
0.4868327402135231,0.7998020292006949,0.3304289544235925,0.4900662251655632
0.7695729537366548,0.45186834941846143,0.6844504021447724,0.35655629139072875
0.5612099644128113,0.3528829497649113,0.21916890080428958,0.2450331125827816
0.28238434163701065,0.08562237070032452,0.7571045576407509,0.5882119205298011
0.4868327402135231,0.8270230141054213,0.4349865951742628,0.5747019867549668
0.248932384341637,0.5587725810442983,0.9882037533512065,0.6830463576158934
0.6012455516014233,0.4912150457807485,0.2308310991957105,0.28794701986754934
0.8288256227758005,0.34248948280128744,0.57171581769437,0.09841059602648983
0.3097864768683274,0.6552833457065113,0.7269436997319036,0.5740397350993378
0.4209964412811388,0.3652561247216042,0.6061662198391422,0.2458278145695365
0.2973309608540925,0.6216283098243025,0.7038873994638071,0.5305960264900662
0.8508896797153026,0.4828012868101972,0.550804289544236,0.13311258278145655
0.5660142348754448,0.466716159366495,0.7650134048257373,0.3490066225165567
0.9754448398576513,0.4439495174461783,0.4733243967828418,0.15536423841059577
0.5686832740213522,0.4845335313041339,0.5969168900804291,0.34331125827814546
0.827224199288256,0.4065825290769638,0.6423592493297587,0.27841059602648954
0.32758007117437726,0.45261073991586187,0.2817694369973191,0.2699337748344366
0.7788256227758005,0.21628309824301084,0.3470509383378017,0.1626490066225168
0.4234875444839856,0.24276169265033687,0.5986595174262734,0.3372185430463581
0.32669039145907464,0.39891116060381293,0.698927613941019,0.47788079470198674
0.7806049822064057,0.4686958673595676,0.7213136729222522,0.28662251655629145
0.5781138790035586,0.4956693887651582,0.5898123324396785,0.35536423841059595
0.4412811387900355,0.45706508290027514,0.9930294906166222,0.39046357615894056
0.3930604982206406,0.4115317990596381,0.8790884718498662,0.419735099337748
0.8250889679715302,0.4065825290769638,0.7310991957104558,0.15456953642384086
0.5992882562277578,0.4691907943578357,0.7463806970509383,0.3256953642384106
0.29466192170818506,0.9433308586983422,0.5276139410187668,0.6096688741721854
0.2973309608540925,0.6280623608017812,0.8378016085790887,0.556158940397351
0.8508896797153026,0.47463499133878173,0.8388739946380699,0.24317880794701985
0.49003558718861207,0.608017817371941,0.5238605898123325,0.5035761589403966
0.3263345195729538,0.550358822073747,0.5332439678284184,0.7347019867549669
0.31619217081850537,0.6364761197723361,0.8411528150134049,0.8831788079470195
0.25355871886120995,0.6708735461519453,0.6281501340482574,0.7513907284768209
0.2603202846975089,0.38678544914625235,0.5920911528150135,0.5397350993377481
0.27419928825622775,0.7307597129423407,0.8446380697050939,0.8242384105960268
0.34430604982206403,0.6634496411779303,0.6119302949061662,0.8747019867549666
0.6055160142348753,0.5412026726057917,0.5955764075067025,0.2434437086092709
0.6709964412811388,0.4508784954219287,0.4189008042895443,0.2678145695364238
0.2923487544483986,0.7169017569908469,0.3935656836461127,0.7782781456953636
0.6781138790035587,0.5028458302400409,0.763538873994638,0.2629139072847684
0.6537366548042703,0.66171739668399,0.7873994638069706,0.4230463576158936
0.49003558718861207,0.6612224696857218,0.7546916890080431,0.5290066225165564
0.4946619217081849,0.5040831477357095,0.7651474530831099,0.4694039735099338
0.6494661921708184,0.5073001732244506,0.7312332439678284,0.29655629139072825
0.6055160142348753,0.5498638950754788,0.7142091152815015,0.23602649006622478
0.3508896797153024,0.7520415738678565,0.7631367292225202,0.5898013245033118
0.9163701067615658,0.12274189557040671,0.5210455764075068,0.14807947019867562
0.34537366548042703,0.6399406087602095,0.6591152815013406,0.6380132450331129
0.22508896797153022,0.7253155159613982,0.6365951742627345,0.5765562913907285
0.595373665480427,0.4167285325414518,0.7993297587131367,0.3158940397350998
0.6430604982206406,0.3778767631774329,0.5841823056300268,0.2925827814569537
0.7322064056939502,0.5595149715416987,0.1199731903485255,0.24940397350993315
0.28131672597864765,0.6575105171987161,0.4963806970509384,0.7320529801324502
0.32651245551601427,0.780004949269987,0.789544235924933,0.6435761589403972
0.5775800711743772,0.2949764909675814,0.43243967828418234,0.20052980132450315
0.6023131672597865,0.6189062113338295,0.37895442359249326,0.3414569536423846
0.6229537366548042,0.3028953229398681,0.6916890080428955,0.23205298013245024
0.6644128113879003,0.4060876020786921,0.32975871313672916,0.2956291390728474
0.47153024911032027,0.5110121257114599,0.7075067024128687,0.3968211920529807
0.5866548042704626,0.5152190051967374,0.5835120643431637,0.27880794701986744
0.5131672597864769,0.48973026478594406,0.6526809651474532,0.25761589403973506
0.32117437722419917,0.6070279633754012,0.7222520107238606,0.6500662251655625
0.7635231316725978,0.3380351398168777,0.2447721179624665,0.07894039735099412
0.7220640569395017,0.4956693887651582,0.8399463806970511,0.379072847682119
0.7999999999999997,0.40806731007176467,0.7676943699731904,0.2144370860927154
0.27188612099644127,0.7042811185350182,0.912466487935657,0.8498013245033116
0.2702846975088967,0.18757733234347995,0.6229222520107238,0.5492715231788079
0.0,0.40509774808215937,0.9639410187667561,0.6577483443708614
0.8451957295373665,0.26429101707498504,0.41930294906166227,0.1523178807947021
0.8551601423487544,0.4706755753526366,0.7788203753351206,0.14807947019867562
0.22597864768683273,0.7193763919821841,0.7760053619302951,0.870463576158941
0.32758007117437726,0.44345459044791014,0.4627345844504022,0.37350993377483377
0.34288256227758007,0.6810195496164333,0.3093833780160858,0.467682119205298
0.21067615658362993,0.4689433308586999,0.5634048257372655,0.637615894039735
0.3279359430604982,0.5773323434793376,0.8738605898123326,0.7222516556291394
0.43540925266903907,0.360059391239794,0.8835120643431635,0.6070198675496687
0.5603202846975089,0.469438257856968,0.15013404825737264,0.21695364238410608
0.7608540925266903,0.45261073991586187,0.6285522788203755,0.281854304635762
0.3113879003558718,0.9373917347191316,0.6639410187667563,0.66158940397351
0.29483985765124554,0.7292749319475398,0.26380697050938345,0.6139072847682119
0.34946619217081853,0.7117050235090332,0.26380697050938345,0.7774834437086087
0.4544483985765124,0.5021034397426369,0.8002680965147455,0.5309933774834441
0.25871886120996435,0.4169759960405841,0.9550938337801611,0.9357615894039739
0.6734875444839857,0.4706755753526366,0.7910187667560322,0.371390728476821
0.28113879003558706,0.28285077951002435,0.8426273458445042,0.6223841059602648
0.31619217081850537,0.6451373422420232,0.8345844504021447,0.8721854304635759
0.36085409252669043,0.6505815392229657,0.8994638069705094,0.6309933774834438
0.708540925266904,0.4870081662954746,0.7006702412868633,0.2251655629139071
0.7790035587188612,0.3942093541202709,0.7076407506702413,0.19814569536423843
0.6681494661921706,0.4649839148725583,0.2109919571045576,0.3819867549668876
0.30391459074733085,0.4959168522642905,0.5097855227882038,0.5507284768211917
0.34234875444839863,0.6139569413511552,0.5715817694369973,0.5213245033112583
0.8830960854092526,0.22667656520663115,0.11474530831099194,0.2637086092715233
0.2870106761565836,0.6815144766147014,0.8892761394101878,0.7010596026490061
0.588967971530249,0.6077703538728052,0.8565683646112601,0.3554966887417219
0.2715302491103202,0.5914377629299672,0.7973190348525472,0.8266225165562915
0.3476868327402135,0.3640188072259356,0.6198391420911529,0.572582781456954
0.5149466192170817,0.6008413758970548,0.6167560321715817,0.564370860927152
0.748932384341637,0.5248700816629572,0.28538873994638075,0.19629139072847668
0.3263345195729538,0.5704033655035907,0.7416890080428955,0.6492715231788075
0.6300711743772242,0.6104924523632782,0.7221179624664882,0.32013245033112625
0.6998220640569394,0.36426627072507145,0.44088471849865957,0.2645033112582782
0.8090747330960854,0.4385053204652323,0.2757372654155497,0.26927152317880765
0.7327402135231317,0.41994555803019296,0.5223860589812332,0.29417218543046353
0.93576512455516,0.5412026726057917,0.4361930294906167,0.18781456953642373
0.3418149466192171,0.3679782232120772,0.33284182305630033,0.33417218543046356
0.2622775800711744,0.5595149715416987,0.8242627345844504,0.7541721854304635
0.30106761565836304,0.36030685473892987,0.6998659517426273,0.6123178807947021
0.3496441281138789,0.4909675822816162,0.4199731903485255,0.5278145695364236
0.7158362989323844,0.5446671615936651,0.6895442359249331,0.3978807947019867
0.300355871886121,0.5983667409057176,0.5222520107238606,0.6483443708609267
0.6355871886120995,0.5102697352140559,0.5621983914209117,0.3895364238410597
0.29288256227758,0.9920811680277168,0.5628686327077748,0.7080794701986761
0.8939501779359428,0.6062855728780008,0.6979892761394102,0.23814569536423846
0.9231316725978645,0.39668398911160807,0.6918230563002683,0.16913907284768204
0.3845195729537366,0.528582034149963,0.6505361930294906,0.4503311258278142
0.8083629893238434,0.320712694877507,0.9052278820375337,0.1970860927152316
0.42028469750889674,0.5629794605295722,0.31863270777479896,0.3415894039735097
0.4793594306049821,0.38678544914625235,0.4781501340482574,0.27748344370860867
0.2459074733096085,0.7720861172976967,0.8032171581769438,0.7835761589403978
0.7772241992882564,0.3862905221479842,0.2966487935656837,0.27708609271523166
0.1925266903914591,0.5243751546646891,0.6887399463806971,0.7656953642384101
0.25355871886120995,0.6377134372680047,0.8065683646112602,0.8026490066225165
0.31761565836298933,0.4704281118535043,0.8467828418230565,0.19298013245033108
0.6211743772241992,0.6122246968572149,0.6560321715817694,0.26556291390728504
0.6884341637010675,0.466716159366495,0.49932975871313684,0.2405298013245032
0.24964412811387904,0.5186834941846108,0.7558981233243969,0.6813245033112585
0.582918149466192,0.5560504825538253,0.7187667560321718,0.4361589403973509
0.3496441281138789,0.5092798812175232,0.7487935656836462,0.5027814569536426
0.8197508896797153,0.4642415243751543,0.4548257372654156,0.31112582781456943
0.49003558718861207,0.5647117050235124,0.5687667560321716,0.492185430463576
0.25871886120996435,0.4055926750804275,0.9541554959785523,0.9402649006622514
0.6033807829181496,0.4486513239297203,0.7053619302949063,0.3190728476821194
0.26263345195729526,0.49245236327641706,0.9542895442359249,0.531788079470199
0.2784697508896796,0.6567681267013121,0.9709115281501342,0.6235761589403968
0.18167259786476864,0.8448403860430602,0.7300268096514746,0.9422516556291392
0.8172597864768684,0.41474882454837925,0.7390080428954424,0.1883443708609276
0.24555160142348742,0.3266518188567211,0.671045576407507,0.5525827814569535
0.6850533807829181,0.6748329621380869,0.5801608579088473,0.33589403973509935
0.748932384341637,0.5515961395694156,0.26595174262734583,0.17655629139072815
0.7532028469750888,0.33778767631774187,0.422117962466488,0.08807947019867601
0.8172597864768684,0.3986636971046771,0.40428954423592495,0.1482119205298007
0.5612099644128113,0.33704528582034143,0.3758713136729223,0.2549668874172184
0.6345195729537366,0.4298440979955487,0.5442359249329758,0.21099337748344382
0.40391459074733094,0.5424399901014603,0.6621983914209115,0.4637086092715226
0.5149466192170817,0.6048007918831999,0.7623324396782845,0.637615894039735
0.801423487544484,0.2860678049987655,0.43485254691689007,0.13086092715231779
0.34430604982206403,0.542934917099732,0.18565683646112602,0.6439735099337751
0.8131672597864769,0.36748329621380904,0.8975871313672923,0.19337748344370898
0.6797153024911032,0.5263548626577581,0.7487935656836462,0.33960264900662196
0.248932384341637,0.549616431576343,0.7206434316353887,0.6833112582781462
0.26263345195729526,0.520415738678544,0.9571045576407506,0.6343046357615894
0.3231316725978648,0.7047760455332863,0.6859249329758714,0.5274172185430457
0.3704626334519573,0.4432071269487743,0.9549597855227883,0.6062251655629138
0.24341637010676154,0.6327641672853268,0.5487935656836462,0.8218543046357611
0.8873665480427045,0.45978718139074815,0.5037533512064343,0.2525827814569537
0.33256227758007106,0.37713437268003247,0.6294906166219838,0.3886092715231788
0.7788256227758005,0.19104182133135694,0.39597855227882045,0.08794701986754916
0.2734875444839857,0.6112348428606822,0.9282841823056303,0.5740397350993378
0.2604982206405694,0.6463746597376918,0.8505361930294908,0.5982781456953639
0.7973309608540925,0.18732986884434766,0.8348525469168901,0.21417218543046346
0.24928825622775797,0.672605790645882,0.6394101876675604,0.8839735099337744
0.8693950177935942,0.36748329621380904,0.3111260053619304,0.13483443708609233
0.6496441281138788,0.4154912150457797,0.4459785522788204,0.3345695364238406
0.48736654804270463,0.7141796585003739,0.668230563002681,0.6254304635761594
0.286832740213523,0.6092551348676096,0.5091152815013404,0.5789403973509941
0.2549822064056939,0.23434793367978557,0.9155495978552279,0.6801324503311257
0.2540925266903915,0.45038356842366056,0.8265415549597857,0.6894039735099335
0.6386120996441281,0.46448898787429016,0.8,0.20913907284768207
0.30106761565836304,0.3556050482553843,0.61313672922252,0.6154966887417217
0.23167259786476868,0.6904231625835209,0.6269436997319036,0.741192052980133
0.30177935943060497,0.560504825538235,0.6926273458445042,0.5925827814569535
0.3434163701067615,0.5800544419698106,0.9109919571045577,0.5847682119205304
0.2749110320284698,0.5525859935659518,0.8054959785522791,0.8859602649006622
0.22348754448398578,0.37985647117050547,0.5304289544235925,0.6858278145695369
0.32580071174377223,0.4818114328136609,0.6399463806970509,0.7560264900662244
0.2427046263345195,0.5981192774065818,0.6764075067024129,0.6185430463576154
0.8793594306049822,0.4209354120267257,0.7075067024128687,0.34490066225165616
0.5131672597864769,0.49418460777035733,0.17319034852546916,0.24609271523178755
0.33256227758007106,0.3954466716159395,0.8057640750670243,0.4696688741721857
0.33167259786476866,0.8000494926998307,0.867426273458445,0.6711258278145698
0.25444839857651236,0.5679287305122536,0.7607238605898126,0.7996026490066228
0.736476868327402,0.6102449888641424,0.1694369973190349,0.16701986754966924
0.7898576512455516,0.3956941351150718,0.2214477211796247,0.22423841059602623
0.27633451957295374,0.4444444444444464,0.85857908847185,0.6905960264900655
0.8793594306049822,0.4177183865379881,0.5895442359249332,0.29165562913907284
0.2966192170818506,0.6060381093788685,0.6179624664879357,0.5613245033112584
0.6998220640569394,0.35783221974758916,0.4769436997319035,0.23536423841059584
0.6176156583629894,0.544172234595397,0.29048257372654157,0.24158940397351003
0.3508896797153024,0.7938629052214807,0.7939678284182308,0.6162913907284775
0.25551601423487535,0.6176688938381609,0.43136729222520115,0.6752317880794703
0.3930604982206406,0.4305864884929491,0.8253351206434316,0.3778807947019871
0.7774021352313166,0.1962385548131671,0.5319034852546916,0.09867549668874176
0.5064056939501779,0.5803019054689464,0.4963806970509384,0.5475496688741721
0.711387900355872,0.5545657015590209,0.33176943699731914,0.3328476821192048
0.7637010676156583,0.39247710962633064,0.4733243967828418,0.4014569536423842
0.4209964412811388,0.38950754763672535,0.6230563002680967,0.24185430463576107
0.2734875444839857,0.6102449888641424,0.9211796246648796,0.5606622516556286
0.7612099644128113,0.31477357089829283,0.37010723860589817,0.20463576158940366
0.8891459074733096,0.26726057906459033,0.7246648793565684,0.16913907284768204
0.4320284697508897,0.7926255877258157,0.49946380697050946,0.5607947019867554
0.2459074733096085,0.7847067557535254,0.8213136729222521,0.8500662251655626
0.3418149466192171,0.36179163573373074,0.3624664879356569,0.4300662251655627
0.8597864768683275,0.5335313041326444,0.35898123324396797,0.08211920529801287
0.19074733096085406,0.6797822321207647,0.8233243967828421,0.8466225165562911
0.708540925266904,0.4845335313041339,0.7418230563002683,0.27708609271523166
0.9284697508896796,0.43231873298688583,0.3408847184986596,0.15245033112582718
0.596085409252669,0.5243751546646891,0.5483914209115281,0.34821192052980177
0.8939501779359428,0.6315268497896582,0.3806970509383379,0.2970860927152321
0.8830960854092526,0.2563721851026983,0.37225201072386066,0.13986754966887371
0.29288256227758,0.9908438505320483,0.6309651474530831,0.7251655629139071
0.7850533807829182,0.44914625092798843,0.7361930294906167,0.30317880794701946
0.23327402135231312,0.5575352635486261,0.43847184986595183,0.6092715231788075
0.2201067615658362,0.7176441474882473,0.4852546916890081,0.6705960264900659
0.7629893238434161,0.38158871566443864,0.4194369973190349,0.13735099337748302
0.31619217081850537,0.6770601336302917,0.7474530831099195,0.8056953642384101
0.7677935943060498,0.4974016332590949,0.385254691689008,0.11152317880794715
0.5604982206405694,0.31997030438010654,0.4195710455764075,0.18304635761589338
0.30925266903914594,0.8604305864884978,0.5516085790884717,0.5834437086092716
0.40391459074733094,0.5263548626577581,0.3945040214477213,0.5178807947019868
0.7754448398576511,0.36451373422420374,0.583780160857909,0.22344370860927132
0.711387900355872,0.5300668151447674,0.2819034852546917,0.29907284768211895
0.7016014234875446,0.5902004454342986,0.41260053619302955,0.3290066225165562
0.7825622775800712,0.4112843355605058,0.7682305630026811,0.3398675496688748
0.27419928825622775,0.4615194258846813,0.858176943699732,0.7986754966887419
0.34430604982206403,0.656273199703044,0.6021447721179625,0.8622516556291391
0.8939501779359428,0.6085127443702092,0.39718498659517426,0.25152317880794683
0.45017793594306044,0.5159613956941378,0.6439678284182306,0.4627814569536426
0.30925266903914594,0.8698341994555818,0.5931635388739946,0.6103311258278143
0.4749110320284696,0.47414006434051004,0.8016085790884719,0.5745695364238408
0.8343416370106761,0.47809948032665517,0.21528150134048257,0.225562913907285
0.8402135231316724,0.4048502845830271,0.8545576407506703,0.11483443708609276
0.5948398576512456,0.4345459044790907,0.653887399463807,0.3716556291390729
0.7327402135231317,0.29151200197970795,0.5219839142091154,0.13112582781456972
0.6934163701067614,0.453848057411534,0.5806970509383378,0.2814569536423841
0.32580071174377223,0.48502845830240204,0.9436997319034852,0.6911258278145693
0.8683274021352311,0.5008661222469684,0.5093833780160859,0.16980132450331098
0.7144128113879004,0.5426874536005961,0.4146112600536194,0.3365562913907283
0.6149466192170819,0.42464736451373497,0.676809651474531,0.31350993377483416
0.8186832740213522,0.2687453600593912,0.24450402144772115,0.178013245033112
0.3418149466192171,0.35783221974758916,0.4979892761394103,0.3696688741721852
0.582918149466192,0.5543182380598886,0.6958445040214478,0.3886092715231788
0.8514234875444838,0.21133382826033298,0.593833780160858,0.137483443708609
0.2734875444839857,0.6468695867359564,0.9379356568364612,0.6152317880794698
0.4946619217081849,0.49913387775303164,0.7569705093833781,0.5003973509933779
0.8172597864768684,0.3845582776540475,0.25991957104557645,0.08874172185430407
0.7870106761565837,0.3808463251670382,0.5,0.2052980132450326
0.2715302491103202,0.5882207374412296,0.3979892761394102,0.6341721854304634
0.2921708185053381,0.5139816877010652,0.5962466487935658,0.7153642384105954
0.7640569395017792,0.5691660480079186,0.23163538873994644,0.1978807947019865
0.24341637010676154,0.7292749319475398,0.6573726541554958,0.8341721854304636
0.8165480427046262,0.30512249443207295,0.9134048257372656,0.20423841059602665
0.2966192170818506,0.6109873793615463,0.8757372654155497,0.5952317880794702
0.7612099644128113,0.25068052462262,0.3735924932975872,0.08768211920529811
0.6425266903914589,0.36995793120514975,0.7411528150134048,0.3761589403973513
0.25551601423487535,0.24399901014600545,0.44624664879356574,0.47086092715231764
0.5362989323843416,0.6424152437515502,0.4652815013404827,0.48026490066225147
0.7569395017793595,0.3157634248948291,0.45522788203753356,0.2483443708609272
0.4053380782918149,0.4956693887651582,0.5386058981233244,0.47748344370860885
0.20195729537366547,0.5048255382331099,0.8155495978552281,0.7328476821192051
0.5064056939501779,0.5570403365503616,0.5040214477211795,0.5540397350993373
0.7999999999999997,0.3556050482553843,0.46903485254691685,0.11880794701986819
0.5718861209964413,0.5770848799802053,0.9160857908847186,0.4127152317880798
0.8288256227758005,0.4496411779262566,0.7679624664879356,0.2859602649006625
0.6055160142348753,0.5345211581291771,0.5403485254691691,0.25430463576158946
0.49003558718861207,0.5575352635486261,0.595308310991957,0.5086092715231789
0.702491103202847,0.4041078940856231,0.4085790884718499,0.30980132450331066
0.6087188612099644,0.4345459044790907,0.8016085790884719,0.2703311258278145
0.26405693950177944,0.5273447166542944,0.7974530831099196,0.6023841059602653
0.5149466192170817,0.6211333828260344,0.512064343163539,0.5209271523178804
0.28451957295373664,0.16382083642662693,0.5737265415549597,0.5324503311258271
0.686476868327402,0.6008413758970548,0.4593833780160858,0.3633112582781459
0.24928825622775797,0.6760702796337554,0.651608579088472,0.8826490066225166
0.7921708185053379,0.35906953724325774,0.22721179624664883,0.20834437086092716
0.6023131672597865,0.4912150457807485,0.37493297587131375,0.23205298013245024
0.686476868327402,0.5115070527097245,0.7328418230563005,0.3423841059602655
0.8165480427046262,0.17099727790150965,0.8432975871313675,0.136953642384106
0.3352313167259787,0.6609750061865896,0.6285522788203755,0.5540397350993373
0.2501779359430605,0.7871813907448697,0.7099195710455763,0.8192052980132454
0.2069395017793595,0.3657510517198723,0.914745308310992,0.5843708609271525
0.8939501779359428,0.6243504083147755,0.33672922252010723,0.22582781456953605
0.7845195729537365,0.5033407572383091,0.8434316353887401,0.2997350993377479
0.8507117437722419,0.4696857213561003,0.8848525469168902,0.2347019867549669
0.827224199288256,0.3845582776540475,0.5506702412868634,0.0868874172185432
0.8475088967971528,0.3454590447908963,0.4770777479892762,0.11735099337748345
0.8715302491103202,0.18064835436773308,0.24128686327077759,0.185033112582782
0.5948398576512456,0.591685226429103,0.8270777479892764,0.3961589403973509
0.588967971530249,0.5647117050235124,0.5977211796246651,0.28834437086092635
0.31423487544483986,0.4790893343231879,0.4975871313672922,0.7300662251655625
0.641459074733096,0.4815639693145286,0.38686327077748,0.41245033112582785
0.7161921708185052,0.5278396436525625,0.30254691689008045,0.3003973509933777
0.8258007117437721,0.34125216530561886,0.7491957104557643,0.13059602649006585
0.7179715302491102,0.5389755011135868,0.4521447721179625,0.3576158940397347
0.34430604982206403,0.7050235090324186,0.4378016085790885,0.8525827814569533
0.7850533807829182,0.3964365256124722,0.4089812332439679,0.10013245033112561
0.286832740213523,0.5966344964117809,0.40442359249329757,0.47748344370860885
0.8026690391459074,0.39767384310814435,0.7071045576407509,0.18516556291390707
0.8117437722419928,0.3694630042068816,0.6974530831099197,0.2127152317880796
0.6998220640569394,0.3400148478099503,0.5849865951742628,0.23973509933774828
0.9754448398576513,0.45706508290027514,0.852815013404826,0.14953642384105947
0.26476868327402137,0.6292996782974534,0.8466487935656837,0.6313907284768216
0.26814946619217084,0.8064835436773095,0.6593833780160858,0.9176158940397352
0.42437722419928825,0.48131650581539276,0.41876675603217156,0.4501986754966891
0.7640569395017792,0.5436773075971324,0.18150134048257377,0.1353642384105962
0.7535587188612097,0.26924028705765934,0.8970509383378018,0.322781456953642
0.3281138790035586,0.7265528334570668,0.5908847184986596,0.7544370860927154
0.7825622775800712,0.41747092303885225,0.44343163538874003,0.1994701986754963
0.23167259786476868,0.6829992576095059,0.7308310991957105,0.7651655629139071
0.4101423487544483,0.3907448651323939,0.7178284182305632,0.3324503311258278
0.3001779359430604,0.49789656025736306,0.7217158176943701,0.5625165562913912
0.30213523131672604,0.690175699084385,0.9249329758713138,0.6472847682119207
0.7074733096085409,0.5778272704776057,0.25884718498659515,0.29827814569536404
0.7699288256227758,0.5518436030685514,0.4489276139410188,0.3878145695364239
0.7637010676156583,0.2640435535758492,0.9213136729222522,0.3931125827814572
0.3649466192170818,0.40781984657263237,0.7920911528150136,0.5617218543046363
0.2727758007117437,0.528582034149963,0.789544235924933,0.7936423841059606
0.3731316725978647,0.5073001732244506,0.9914209115281503,0.4312582781456955
0.2749110320284698,0.8141549121504603,0.6087131367292224,0.7466225165562914
0.19466192170818497,0.584261321455088,0.5355227882037534,0.8251655629139076
0.23380782918149468,0.466716159366495,0.7576407506702414,0.9623841059602647
0.32153024911032024,0.4048502845830271,0.5788203753351207,0.4378807947019867
0.8083629893238434,0.28012868101955135,0.7179624664879358,0.11205298013245102
0.6215302491103202,0.6144518683494198,0.3387399463806971,0.32384105960264886
0.7101423487544484,0.5040831477357095,0.396916890080429,0.28370860927152286
0.5843416370106761,0.594407324919576,0.47171581769437004,0.3456953642384111
0.2724199288256228,0.6748329621380869,0.6319034852546919,0.9674172185430461
0.8507117437722419,0.4642415243751543,0.8162198391420914,0.13642384105960303
0.6128113879003557,0.5926750804256393,0.5567024128686329,0.394834437086093
0.7637010676156583,0.30363771343726853,0.5945040214477211,0.3270198675496685
0.4638790035587188,0.32986884434546226,0.48284182305630025,0.2454304635761595
0.45409252669039146,0.536748329621382,0.9965147453083112,0.5288741721854304
0.7046263345195728,0.18732986884434766,0.5695710455764076,0.10132450331125842
0.3476868327402135,0.6891858450878523,0.598123324396783,0.5288741721854304
0.7939501779359431,0.4709230388517689,0.32024128686327086,0.10741721854304664
0.6128113879003557,0.5902004454342986,0.6479892761394104,0.4396026490066225
0.6537366548042703,0.6807720861172974,0.7042895442359249,0.4884768211920525
0.8165480427046262,0.19401138332096224,0.6927613941018766,0.14913907284768158
0.3354092526690391,0.6181638208364291,0.8013404825737267,0.7385430463576155
0.20960854092526693,0.4974016332590949,0.6304289544235926,0.7072847682119212
0.8565836298932384,0.456570155902007,0.6769436997319036,0.18609271523178794
0.347508896797153,0.4209354120267257,0.7369973190348527,0.4954966887417216
0.595373665480427,0.466716159366495,0.6941018766756033,0.3219867549668871
0.7774021352313166,0.23459539717891786,0.21447721179624674,0.17125827814569572
0.6834519572953736,0.5372432566196501,0.7615281501340485,0.2691390728476817
0.27633451957295374,0.4271219995050757,0.8906166219839142,0.612052980132451
0.25355871886120995,0.7000742390497408,0.7911528150134048,0.7962913907284763
0.48736654804270463,0.7772828507795104,0.4394101876675604,0.507814569536424
0.25444839857651236,0.5528334570650841,0.7697050938337804,0.7992052980132449
0.7158362989323844,0.5241276911655568,0.756300268096515,0.4304635761589406
0.4596085409252668,0.3739173471912913,0.8668900804289545,0.3837086092715234
0.4638790035587188,0.46201435288294945,0.754289544235925,0.3931125827814572
0.3562277580071175,0.540212818609259,0.7558981233243969,0.5255629139072848
0.683629893238434,0.6028210838901273,0.4660857908847185,0.37602649006622446
0.8814946619217082,0.2563721851026983,0.6250670241286864,0.17854304635761586
0.7850533807829182,0.3907448651323939,0.4050938337801609,0.1361589403973511
0.7870106761565837,0.3682256867112095,0.5147453083109921,0.16291390728476784
0.351067615658363,0.5209106656768157,0.27546916890080436,0.4055629139072847
0.31423487544483986,0.5154664686958697,0.838739946380697,0.8862251655629141
0.4441281138790035,0.38554813165058377,0.7777479892761394,0.32105960264900624
0.8293594306049822,0.36995793120514975,0.6115281501340484,0.13046357615894077
0.2800711743772242,0.27740658252907835,0.7020107238605899,0.6117880794701982
0.24555160142348742,0.5847562484533526,0.8190348525469169,0.7181456953642389
0.3231316725978648,0.6782974511259603,0.6025469168900806,0.5463576158940393
0.7569395017793595,0.3264043553575888,0.16581769436997323,0.10410596026490104
0.683629893238434,0.5743627814897323,0.5928954423592494,0.3486092715231788
0.2738434163701068,0.5731254639940602,0.6821715817694372,0.6949668874172188
0.2653024911032029,0.3511507052709746,0.482573726541555,0.6709933774834438
0.2540925266903915,0.40336550358822265,0.6884718498659519,0.5781456953642383
0.3279359430604982,0.576095025983669,0.7894101876675605,0.870860927152318
0.6128113879003557,0.5684236575105182,0.6845844504021448,0.4450331125827818
0.8633451957295372,0.31947537738183485,0.3,0.2185430463576159
0.6565836298932383,0.47414006434051004,0.8100536193029491,0.4139072847682117
0.4167259786476868,0.6906706260826532,0.7974530831099196,0.3856953642384102
0.6752669039145908,0.5412026726057917,0.6466487935656837,0.2786754966887415
0.8596085409252668,0.33209601583766357,0.4903485254691689,0.11205298013245102
0.801423487544484,0.33036377134372685,0.7010723860589814,0.14715231788079475
0.576512455516014,0.578817124474142,0.7973190348525472,0.47006622516556273
0.5866548042704626,0.5169512496906705,0.21219839142091163,0.31443708609271503
0.8110320284697509,0.3754021281860922,0.7903485254691689,0.2619867549668875
0.7695729537366548,0.43949517446176856,0.9297587131367293,0.3765562913907283
0.6064056939501777,0.4860183122989383,0.7227882037533513,0.3762913907284773
0.6229537366548042,0.39247710962633064,0.8923592493297587,0.25059602649006596
0.748932384341637,0.5597624350408346,0.2802949061662198,0.17324503311258255
0.5457295373665481,0.6577579806978484,0.4183646112600537,0.5003973509933779
0.8683274021352311,0.36698836921554445,0.755495978552279,0.1464900662251658
0.2715302491103202,0.5736203909923319,0.7959785522788205,0.8286092715231783
0.7601423487544482,0.4513734224201933,0.6340482573726542,0.209403973509934
0.3930604982206406,0.42266765652066596,0.8382037533512066,0.40211920529801315
0.711387900355872,0.542192526602328,0.27278820375335117,0.2724503311258273
0.7330960854092526,0.4041078940856231,0.5369973190348527,0.21589403973509924
0.6597864768683274,0.4677060133630313,0.6684986595174265,0.34251655629139055
0.7850533807829182,0.4258846820094071,0.3770777479892761,0.12132450331125888
0.26085409252669045,0.9512496906706254,0.7969168900804291,0.7626490066225164
0.22508896797153022,0.7574857708488025,0.46353887399463817,0.5797350993377481
0.596085409252669,0.5728780004949279,0.8297587131367292,0.3936423841059602
0.34199288256227756,0.5857461024498889,0.7163538873994639,0.5993377483443707
0.5612099644128113,0.3306112348428627,0.7001340482573728,0.3237086092715229
0.7466192170818503,0.4580549368968079,0.5447721179624665,0.30768211920529787
0.3704626334519573,0.6250927988121759,0.8420911528150135,0.5870198675496683
0.2604982206405694,0.5590200445434306,0.7419571045576407,0.6907284768211923
0.5567615658362989,0.688195991091316,0.49946380697050946,0.48039735099337744
0.6934163701067614,0.45310566691413356,0.4312332439678284,0.2851655629139076
0.795017793594306,0.4387527839643681,0.3875335120643432,0.1441059602649002
0.2747330960854092,0.7837169017569927,0.5819034852546918,0.7866225165562915
0.7774021352313166,0.27171492204900005,0.22050938337801612,0.20953642384105908
0.37580071174377216,0.3622865627319989,0.7642091152815014,0.5460927152317883
0.4135231316725979,0.3511507052709746,0.8167560321715819,0.5243708609271529
0.2973309608540925,0.3130413264043561,0.5802949061662197,0.9019867549668872
0.34733096085409254,0.635981192774068,0.714745308310992,0.5515231788079467
0.8375444839857652,0.3736698836921555,0.8644772117962467,0.22953642384105954
0.4868327402135231,0.8054936896807767,0.3530831099195711,0.5471523178807942
0.7788256227758005,0.4419698094531057,0.8884718498659518,0.19880794701986737
0.7608540925266903,0.4956693887651582,0.6048257372654158,0.22357615894039728
0.25978647686832745,0.8188567186340023,0.9794906166219839,0.6800000000000006
0.32384341637010683,0.542192526602328,0.6499999999999999,0.6486092715231786
0.4754448398576512,0.2380598861667913,0.9990616621983917,0.39377483443708616
0.5998220640569395,0.3959415986142041,0.7939678284182308,0.26304635761589434
0.6087188612099644,0.44493937144271456,0.4942359249329759,0.27417218543046307
0.3496441281138789,0.5189309576837431,0.7734584450402147,0.3765562913907283
0.731850533807829,0.523880227666421,0.34222520107238613,0.3833112582781455
0.2498220640569394,0.37441227418955947,0.6821715817694372,0.6406622516556286
0.7046263345195728,0.16877010640930834,0.5911528150134049,0.09483443708609318
0.42330960854092525,0.684731502103439,0.733378016085791,0.628609271523179
0.8071174377224198,0.4112843355605058,0.56514745308311,0.22900662251655657
0.43451957295373667,0.2714674585498642,0.9990616621983917,0.4125827814569538
0.27117437722419935,0.5332838406335085,0.8243967828418233,0.7268874172185429
0.48736654804270463,0.7998020292006949,0.39758713136729223,0.5365562913907285
0.2201067615658362,0.7045285820341505,0.5347184986595175,0.6639735099337747
0.5976868327402135,0.6161841128433565,0.9101876675603218,0.3290066225165562
0.754982206405694,0.44790893343231986,0.6140750670241288,0.3129801324503312
0.2644128113879003,0.46003464488988044,0.8353887399463806,0.8100662251655635
0.2160142348754448,0.5144766146993334,0.6449061662198392,0.7027814569536419
0.28861209964412804,0.6911655530809249,0.7084450402144773,0.5878145695364232
0.2775800711743772,0.7505567928730521,0.7473190348525471,0.7274172185430468
0.253914590747331,0.2957188814649854,0.7355227882037536,0.6234437086092717
0.4638790035587188,0.4803266518188565,0.39222520107238606,0.25880794701986787
0.9218861209964412,0.4154912150457797,0.5152815013404826,0.16662251655629134
0.26405693950177944,0.5045780747339776,0.8697050938337803,0.5996026490066217
0.9231316725978645,0.3754021281860922,0.5567024128686329,0.16198675496688786
0.9163701067615658,0.1932689928235618,0.5979892761394103,0.19099337748344336
0.8576512455516013,0.3434793367978237,0.2729222520107239,0.16582781456953644
0.8083629893238434,0.3333333333333357,0.8915549597855228,0.23496688741721883
0.3927046263345195,0.3528829497649113,0.5262734584450401,0.3974834437086088
0.2738434163701068,0.5731254639940602,0.7553619302949062,0.7377483443708606
0.8341637010676154,0.4486513239297203,0.5635388739946381,0.18940397350993354
0.2603202846975089,0.3509032417718423,0.6914209115281502,0.5758940397350996
0.7421708185053378,0.33283840633506756,0.5467828418230563,0.33841059602649004
0.2829181494661921,0.6844840386043067,0.860187667560322,0.7308609271523174
0.5866548042704626,0.5112595892105922,0.7538873994638071,0.3410596026490067
0.4259786476868327,0.2613214550853762,0.7424932975871315,0.28490066225165567
0.31637010676156585,0.6513239297203697,0.9863270777479893,0.5414569536423839
0.7275800711743771,0.37663944568176433,0.7201072386058982,0.20066225165562912
0.3113879003558718,0.5194258846820112,0.7985254691689008,0.702119205298013
0.836832740213523,0.2600841375897076,0.8146112600536193,0.1684768211920531
0.3354092526690391,0.6701311556545448,0.7815013404825739,0.5674172185430466
0.28131672597864765,0.6357337292749357,0.8332439678284183,0.7652980132450331
0.7158362989323844,0.44221727295224156,0.5778820375335121,0.2757615894039729
0.6734875444839857,0.5105171987131918,0.7715817694369975,0.26344370860927135
0.8713523131672597,0.536005939123978,0.6855227882037536,0.21046357615893996
0.30925266903914594,0.8255382331106169,0.6565683646112601,0.6705960264900659
0.7466192170818503,0.5137342242019329,0.14919571045576407,0.20145695364238403
0.7135231316725977,0.5902004454342986,0.38150134048257384,0.3663576158940396
0.2879003558718861,0.6580054441969843,0.7591152815013407,0.8123178807947014
0.27117437722419935,0.5122494432071285,0.8453083109919572,0.7086092715231782
0.7891459074733095,0.3971789161098762,0.4615281501340483,0.2532450331125826
0.8117437722419928,0.3865379856471165,0.6241286863270779,0.1957615894039737
0.32117437722419917,0.5780747339767416,0.6813672922252012,0.7131125827814575
0.24555160142348742,0.5850037119524885,0.7912868632707777,0.7614569536423836
0.29145907473309607,0.7265528334570668,0.8781501340482574,0.8458278145695362
0.2653024911032029,0.30932937391734683,0.6949061662198392,0.7838410596026488
0.748932384341637,0.5216530561742161,0.3243967828418231,0.19218543046357617
0.20106761565836295,0.8245483791140842,0.597319034852547,0.7839735099337748
0.32544483985765116,0.6483543677307608,0.4845844504021449,0.8125827814569542
0.5546263345195729,0.6837416481069063,0.7036193029490618,0.4797350993377485
0.2704626334519573,0.6174214303390286,0.5490616621983915,0.7569536423841061
0.25355871886120995,0.6241029448156432,0.6666219839142093,0.7234437086092713
0.27224199288256223,0.5803019054689464,0.8955764075067025,0.5674172185430466
0.7569395017793595,0.3197228408809707,0.4753351206434317,0.31523178807946994
0.3603202846975089,0.52585993565949,0.6367292225201073,0.4982781456953642
0.8083629893238434,0.28854243999010265,0.40871313672922255,0.112980132450331
0.6176156583629894,0.5409552091066594,0.4537533512064343,0.2732450331125822
0.7772241992882564,0.4149962880475151,0.535254691689008,0.3323178807947018
0.34003558718861204,0.8760207869339283,0.5671581769436997,0.5650331125827819
0.346797153024911,0.5317990596387041,0.49731903485254686,0.5260927152317887
0.4946619217081849,0.49987626825043563,0.7671581769436999,0.4847682119205299
0.2686832740213523,0.6468695867359564,0.6091152815013405,0.6954966887417218
0.2727758007117437,0.5493689680772107,0.8813672922252012,0.7471523178807953
0.8475088967971528,0.4137589705518465,0.8391420911528151,0.2230463576158943
0.42437722419928825,0.48874041078941133,0.2851206434316354,0.3807947019867548
0.3377224199288257,0.6560257362039117,0.61514745308311,0.6429139072847683
0.3437722419928825,0.7329868844345491,0.9918230563002681,0.6025165562913903
0.28131672597864765,0.6030685473892632,0.6788203753351207,0.6519205298013251
0.7790035587188612,0.36476119772333604,0.6123324396782841,0.1511258278145693
0.3927046263345195,0.34224201930215514,0.39222520107238606,0.37602649006622446
0.583629893238434,0.5899529819351663,0.5714477211796247,0.4365562913907288
0.4544483985765124,0.4832962138084653,0.5835120643431637,0.47456953642384025
0.6064056939501777,0.47686216283098304,0.5116621983914209,0.3108609271523184
0.7635231316725978,0.3481811432813693,0.24061662198391426,0.08000000000000007
0.22989323843416376,0.5412026726057917,0.7265415549597858,0.620662251655629
0.32384341637010683,0.5322939866369722,0.45857908847184997,0.5736423841059599
0.27188612099644127,0.6785449146250926,0.7812332439678287,0.5797350993377481
0.7939501779359431,0.5050730017322458,0.40603217158176946,0.15337748344370805
0.7999999999999997,0.40064340509774965,0.870241286863271,0.1464900662251658
0.6565836298932383,0.4634991338777539,0.5970509383378015,0.24900662251655614
0.2749110320284698,0.8334570650829001,0.9108579088471851,0.8507284768211925
0.7064056939501778,0.5253650086612254,0.45308310991957107,0.3117880794701984
0.8891459074733096,0.23137837169017672,0.5516085790884717,0.14834437086092667
0.442526690391459,0.5746102449888646,0.5121983914209116,0.5009271523178809
0.8224199288256228,0.440237564959169,0.5821715817694371,0.20834437086092716
0.4320284697508897,0.8280128681019541,0.6995978552278821,0.4972185430463574
0.6087188612099644,0.44221727295224156,0.468230563002681,0.2996026490066228
0.7946619217081848,0.43776292996783184,0.7009383378016085,0.3047682119205293
0.7774021352313166,0.22964612719624,0.6674262734584451,0.3190728476821194
0.43540925266903907,0.3872803761445205,0.9323056300268098,0.44927152317880825
0.5149466192170817,0.5904479089334345,0.5572386058981234,0.5744370860927148
0.7612099644128113,0.2754268745360058,0.12707774798927618,0.06423841059602697
0.26174377224199286,0.542934917099732,0.38605898123324395,0.9251655629139073
0.2745551601423487,0.30413264043553667,0.8967828418230563,0.5258278145695359
0.2850533807829182,0.6765652066320236,0.7482573726541555,0.9344370860927151
0.43540925266903907,0.3462014352882967,0.8569705093833782,0.5747019867549668
0.6033807829181496,0.44790893343231986,0.34410187667560327,0.2709933774834443
0.24964412811387904,0.4956693887651582,0.762064343163539,0.6658278145695364
0.32153024911032024,0.46448898787429016,0.5947721179624665,0.4121854304635759
0.8507117437722419,0.458549863895076,0.6887399463806971,0.1460927152317879
0.795017793594306,0.4142538975501111,0.6388739946380697,0.16291390728476784
0.42758007117437724,0.6466221232368241,0.8776139410187669,0.40781456953642437
0.6597864768683274,0.45038356842366056,0.6064343163538874,0.23483443708609286
0.8939501779359428,0.6278148973026489,0.4333780160857909,0.27298013245033115
0.2800711743772242,0.22469685721356214,0.45630026809651486,0.5039735099337745
0.7629893238434161,0.440979955456573,0.6888739946380698,0.12516556291390657
0.7161921708185052,0.5275921801534302,0.29986595174262737,0.2790728476821194
0.24555160142348742,0.5810442959663469,0.6979892761394102,0.6388079470198678
0.2201067615658362,0.7079930710220275,0.6630026809651475,0.7252980132450331
0.8683274021352311,0.3929720366245988,0.6658176943699734,0.1474172185430458
0.8250889679715302,0.42662707250680754,0.6029490616621984,0.21880794701986694
0.27633451957295374,0.4427121999505097,0.7680965147453085,0.6740397350993375
0.2603202846975089,0.42563721851027125,0.9308310991957105,0.7556291390728473
0.4638790035587188,0.35609997525365245,0.8632707774798929,0.29947019867549685
0.7642348754448399,0.42563721851027125,0.22332439678284183,0.25814569536423804
0.7923487544483986,0.5209106656768157,0.3443699731903485,0.2056953642384105
0.3496441281138789,0.49913387775303164,0.6278820375335121,0.46291390728476767
0.32384341637010683,0.5446671615936651,0.7505361930294907,0.8234437086092719
0.8007117437722419,0.30339024993813624,0.7966487935656836,0.27841059602648954
0.7642348754448399,0.43306112348428627,0.224798927613941,0.3087417218543047
0.7695729537366548,0.440979955456573,0.4277479892761394,0.4023841059602651
0.8026690391459074,0.349170997277902,0.6274798927613943,0.13986754966887371
0.7891459074733095,0.40435535758475893,0.7420911528150136,0.2400000000000002
0.23790035587188607,0.20390992328631796,0.697721179624665,0.6317880794701987
0.28238434163701065,0.128433556050485,0.5080428954423593,0.5144370860927152
0.7946619217081848,0.42563721851027125,0.23512064343163547,0.2528476821192056
0.2727758007117437,0.5681761940113859,0.696916890080429,0.6727152317880796
0.6012455516014233,0.523137837169017,0.660455764075067,0.25549668874172227
0.23487544483985767,0.6010888393961906,0.4859249329758714,0.7883443708609263
0.7074733096085409,0.5602573620390991,0.6167560321715817,0.4317880794701985
0.7601423487544482,0.4454342984409827,0.5978552278820375,0.20556291390728454
0.6827402135231316,0.3872803761445205,0.9553619302949063,0.2670198675496689
0.3496441281138789,0.6317743132887905,0.9130026809651475,0.7083443708609272
0.7850533807829182,0.44914625092798843,0.7875335120643432,0.33841059602649004
0.3476868327402135,0.6837416481069063,0.6155495978552279,0.5234437086092711
0.47153024911032027,0.6226181638208352,0.7164879356568365,0.508344370860927
0.8250889679715302,0.42266765652066596,0.6305630026809652,0.18781456953642373
0.9218861209964412,0.4028705765899545,0.3695710455764076,0.13602649006622514
0.7466192170818503,0.48131650581539276,0.7136729222520108,0.35033112582781456
0.7774021352313166,0.20836426627072413,0.8187667560321716,0.2483443708609272
0.5610320284697509,0.53204652313784,0.7953083109919572,0.28662251655629145
0.8145907473309607,0.4474140064340517,0.3796246648793566,0.13562913907284724
0.582918149466192,0.5602573620390991,0.7410187667560324,0.4713907284768215
0.47153024911032027,0.7295223954466721,0.7455764075067026,0.2943046357615895
0.3137010676156584,0.4179658500371204,0.8792225201072388,0.6455629139072849
0.2702846975088967,0.2053947042811224,0.614745308310992,0.5392052980132451
0.3314946619217082,0.7079930710220275,0.760857908847185,0.5296688741721853
0.7421708185053378,0.3160108883939614,0.4632707774798928,0.28450331125827866
0.2743772241992882,0.807720861172978,0.9801608579088474,0.7960264900662253
0.8551601423487544,0.443702053947046,0.4694369973190348,0.15907284768211927
0.3930604982206406,0.39965355110121337,0.6970509383378019,0.4018543046357621
0.7706405693950177,0.31997030438010654,0.3557640750670242,0.21615894039735117
0.3508896797153024,0.7696114823063631,0.7260053619302951,0.6152317880794698
0.29483985765124554,0.7443702053947057,0.36675603217158187,0.684900662251656
0.46156583629893233,0.469438257856968,0.6123324396782841,0.4160264900662254
0.7999999999999997,0.4055926750804275,0.8171581769436997,0.23443708609271496
0.4209964412811388,0.39495174461767135,0.7206434316353887,0.29417218543046353
0.19466192170818497,0.5711457560009912,0.4699731903485255,0.798940397350993
0.2964412811387901,0.28210838901262036,0.9315013404825738,0.7241059602649011
0.3113879003558718,0.5493689680772107,0.776407506702413,0.620662251655629
0.7629893238434161,0.328136599851522,0.11514745308310992,0.12119205298013291
0.0,0.3805988616679059,0.9361930294906169,0.6523178807947021
0.8110320284697509,0.3650086612224719,0.453887399463807,0.14105960264900652
0.7316725978647688,0.28384063350656064,0.4067024128686327,0.20304635761589385
0.7999999999999997,0.3853006681514515,0.4365951742627347,0.1747019867549664
0.42437722419928825,0.48502845830240204,0.3781501340482574,0.3894039735099337
0.6023131672597865,0.6181638208364291,0.7761394101876675,0.3993377483443714
0.5256227758007117,0.5986142044048535,0.6018766756032172,0.4482119205298014
0.34234875444839863,0.5958921059143805,0.3845844504021448,0.5280794701986755
0.29145907473309607,0.7181390744865155,0.8443699731903487,0.9103311258278151
0.7855871886120996,0.4679534768621636,0.33337801608579093,0.14384105960264915
0.3199288256227758,0.5508537490720116,0.7506702412868633,0.5431788079470197
0.7806049822064057,0.49047265528334805,0.3884718498659518,0.1805298013245027
0.4638790035587188,0.430091561494681,0.8101876675603219,0.3529801324503312
0.32758007117437726,0.44221727295224156,0.503485254691689,0.43973509933774846
0.34537366548042703,0.6372185102697365,0.6774798927613941,0.6509933774834442
0.2923487544483986,0.31898045038357026,0.7136729222520108,0.4564238410596033
0.1850533807829181,0.6466221232368241,0.40268096514745316,0.6815894039735104
0.2724199288256228,0.6468695867359564,0.5449061662198391,0.8883443708609269
0.2964412811387901,0.07770353872803781,0.9890080428954424,0.7311258278145694
0.4101423487544483,0.38480574115318333,0.761260053619303,0.30781456953642383
0.2450177935943061,0.3786191536748369,0.9282841823056303,0.6398675496688737
0.5663701067615657,0.3714427121999506,0.4621983914209115,0.2350993377483439
0.7836298932384341,0.27443702053947305,0.6427613941018768,0.17456953642384132
0.3113879003558718,0.9396189062113329,0.5737265415549597,0.6229139072847687
0.2923487544483986,0.36426627072507145,0.7679624664879356,0.48940397350993337
0.2727758007117437,0.549616431576343,0.5990616621983915,0.6807947019867555
0.3001779359430604,0.517693640188071,0.7965147453083112,0.5908609271523177
0.7706405693950177,0.30784459292254596,0.6111260053619305,0.18569536423841004
0.7330960854092526,0.38109378866617405,0.4703753351206435,0.21245033112582767
0.6713523131672597,0.5617421430339036,0.5733243967828419,0.3099337748344375
0.8288256227758005,0.38010393466963777,0.5727882037533514,0.10609271523178787
0.28113879003558706,0.6208859193269021,0.940348525469169,0.5652980132450329
0.8551601423487544,0.42811185350161196,0.6762734584450403,0.2652980132450331
0.6345195729537366,0.42662707250680754,0.5516085790884717,0.2107284768211919
0.23594306049822056,0.576837416481073,0.5103217158176945,0.556158940397351
0.28540925266903905,0.936154417223463,0.8284182305630028,0.7501986754966881
0.290035587188612,0.4048502845830271,0.6144772117962467,0.6578807947019865
0.2160142348754448,0.3937144271219992,0.9995978552278821,0.6972185430463576
0.9163701067615658,0.15887156644394906,0.6190348525469169,0.15205298013245017
0.0092526690391459,0.40707745607523194,0.5349865951742627,0.5392052980132451
0.47153024911032027,0.5308092056421714,0.5584450402144772,0.29867549668874194
0.8341637010676154,0.45211581291759373,0.6378016085790885,0.20384105960264876
0.2870106761565836,0.6713684731502099,0.8164879356568366,0.6535099337748349
0.3927046263345195,0.35882207374412545,0.5709115281501342,0.39390728476821213
0.6852313167259786,0.594407324919576,0.4033512064343164,0.35443708609271507
0.3649466192170818,0.37762929967829706,0.8117962466487938,0.4920529801324509
0.34199288256227756,0.5961395694135128,0.4569705093833781,0.5752317880794697
0.597864768683274,0.5305617421430355,0.4857908847184987,0.4452980132450328
0.18167259786476864,0.8037614451868329,0.7072386058981233,0.8715231788079469
0.32651245551601427,0.7814897302647879,0.8292225201072387,0.6200000000000001
0.34003558718861204,0.8032665181885683,0.7504021447721181,0.6488741721854305
0.3649466192170818,0.4038604305864908,0.7845844504021449,0.5859602649006623
0.6681494661921706,0.4498886414253924,0.8817694369973192,0.3112582781456954
0.2829181494661921,0.6857213560999789,0.8790884718498662,0.7307284768211924
0.31619217081850537,0.5647117050235124,0.38605898123324395,0.6173509933774834
0.8224199288256228,0.42687453600593983,0.8312332439678285,0.1788079470198678
0.8224199288256228,0.427369463004208,0.8632707774798929,0.21205298013244978
0.32384341637010683,0.5199208116802794,0.3431635388739946,0.5882119205298011
0.7788256227758005,0.1853501608512751,0.44142091152815016,0.08013245033112604
0.20960854092526693,0.4912150457807485,0.6423592493297587,0.7251655629139071
0.2921708185053381,0.4177183865379881,0.4843163538873995,0.629403973509933
0.29288256227758,0.9972779015095306,0.6384718498659518,0.7603973509933777
0.6597864768683274,0.4610244988864167,0.7045576407506704,0.2701986754966894
0.8145907473309607,0.6634496411779303,0.6312332439678285,0.5018543046357609
0.2724199288256228,0.6585003711952488,0.5461126005361929,0.9107284768211921
0.755693950177936,0.39792130660727665,0.3945040214477213,0.06754966887417257
0.6176156583629894,0.5783221974758739,0.5579088471849867,0.3443708609271523
0.3113879003558718,0.9668398911160629,0.5902144772117963,0.6406622516556286
0.5686832740213522,0.48131650581539276,0.24959785522788208,0.28039735099337726
0.6149466192170819,0.42811185350161196,0.8575067024128689,0.21827814569536397
0.34928825622775805,0.4714179658500406,0.5950402144772118,0.5782781456953643
0.25355871886120995,0.6295471417965892,0.5529490616621984,0.6784105960264899
0.24128113879003565,0.5619896065330394,0.8644772117962467,0.6671523178807943
0.31637010676156585,0.43207126948775354,0.82171581769437,0.7455629139072846
0.6850533807829181,0.630536995793122,0.4100536193029491,0.2997350993377479
0.3629893238434163,0.5404602821083913,0.861662198391421,0.5378807947019864
0.4889679715302492,0.32442464736451626,0.27037533512064343,0.2268874172185429
0.6425266903914589,0.39767384310814435,0.8034852546916891,0.24556291390728457
0.3137010676156584,0.36352388022766746,0.9650134048257373,0.669668874172185
0.5256227758007117,0.5996040584013862,0.6599195710455765,0.4850331125827809
0.43540925266903907,0.33407572383073614,0.88029490616622,0.5600000000000005
0.7825622775800712,0.3942093541202709,0.5304289544235925,0.19178807947019916
0.5131672597864769,0.49764909675823077,0.1876675603217159,0.23655629139072865
0.3496441281138789,0.5968819599109132,0.7886058981233246,0.5556291390728472
0.6215302491103202,0.6087602078693415,0.3912868632707775,0.3357615894039734
0.4234875444839856,0.235090324177186,0.5371313672922251,0.30781456953642383
0.22989323843416376,0.5317990596387041,0.6478552278820375,0.6157615894039736
0.6140569395017793,0.6283098243009171,0.7945040214477213,0.39046357615894056
0.5610320284697509,0.4944320712694896,0.6684986595174265,0.2859602649006625
0.3227758007117437,0.695619896065331,0.8469168900804289,0.709668874172185
0.24928825622775797,0.6790398416233643,0.6785522788203755,0.9125827814569538
0.7921708185053379,0.3736698836921555,0.805093833780161,0.13894039735099373
0.4731316725978648,0.35634743875278474,0.7201072386058982,0.3580132450331126
0.2747330960854092,0.8235585251175479,0.39222520107238606,0.7233112582781454
0.25782918149466194,0.4892353377876759,0.7745308310991958,0.8741721854304636
0.7946619217081848,0.41474882454837925,0.48887399463806974,0.20476821192053052
0.7754448398576511,0.3501608512744383,0.48619302949061666,0.15496688741721787
0.154270462633452,0.6416728532541462,0.5832439678284183,0.661456953642384
0.6062277580071175,0.3462014352882967,0.7572386058981233,0.29986754966887386
0.8693950177935942,0.38158871566443864,0.3697050938337802,0.12052980132450308
0.3279359430604982,0.5741153179906,0.44745308310991955,0.596556291390729
0.8288256227758005,0.3402623113090826,0.7983914209115284,0.11350993377483398
0.4167259786476868,0.5919326899282353,0.8808310991957105,0.4615894039735098
0.6010676156583629,0.6082652808710733,0.7151474530831099,0.2561589403973512
0.5843416370106761,0.589705518436034,0.4345844504021447,0.35245033112582824
0.28131672597864765,0.6560257362039117,0.8159517426273459,0.8513907284768214
0.7699288256227758,0.5070527097253184,0.2652815013404826,0.3452980132450332
0.4329181494661921,0.3407572383073507,0.7371313672922253,0.4597350993377489
0.5843416370106761,0.5988616679039858,0.755495978552279,0.4076821192052984
0.3113879003558718,0.5434298440979966,0.7029490616621985,0.5960264900662251
0.708540925266904,0.4944320712694896,0.24651474530831102,0.22052980132450362
0.7500000000000001,0.46003464488988044,0.40201072386058984,0.3537748344370861
0.29466192170818506,0.928730512249448,0.4879356568364612,0.5619867549668873
0.6955516014234876,0.4095520910665691,0.5159517426273459,0.427682119205298
0.7138790035587189,0.6255877258104441,0.620509383378016,0.4316556291390734
0.2738434163701068,0.5803019054689464,0.7993297587131367,0.758145695364238
0.5895017793594305,0.4481563969314557,0.6679624664879358,0.33920529801324495
0.29483985765124554,0.7379361544172269,0.23016085790884716,0.6160264900662247
0.6010676156583629,0.5696609750061867,0.520643431635389,0.3741721854304636
0.6181494661921708,0.42563721851027125,0.8013404825737267,0.43854304635761565
0.5362989323843416,0.6659242761692639,0.7624664879356569,0.5870198675496683
0.6023131672597865,0.6142044048502875,0.5576407506702412,0.2929801324503307
0.7914590747330962,0.33853006681514586,0.6800268096514748,0.2421192052980139
0.2743772241992882,0.7626825043306127,0.8384718498659518,0.669668874172185
0.5131672597864769,0.4845335313041339,0.7227882037533513,0.2629139072847684
0.7699288256227758,0.48775055679287505,0.5892761394101877,0.42105960264900677
0.5064056939501779,0.5941598614204402,0.5229222520107237,0.5958940397350991
0.2973309608540925,0.6436525612472188,0.8092493297587133,0.7030463576158938
0.7914590747330962,0.2754268745360058,0.5589812332439679,0.10582781456953683
0.8846975088967971,0.3140311804008924,0.46568364611260055,0.2972185430463572
0.26476868327402137,0.5973768869091813,0.8092493297587133,0.6090066225165565
0.827224199288256,0.38010393466963777,0.4360589812332441,0.11774834437086046
0.3227758007117437,0.7000742390497408,0.7222520107238606,0.5233112582781452
0.7825622775800712,0.3956941351150718,0.654691689008043,0.2516556291390728
0.7158362989323844,0.5001237317495679,0.6888739946380698,0.26887417218543064
0.23380782918149468,0.48799802029200734,0.6286863270777479,0.9063576158940396
0.27419928825622775,0.7295223954466721,0.8678284182305631,0.669933774834437
0.3352313167259787,0.6453848057411555,0.3785522788203753,0.46503311258278135
0.2724199288256228,0.561247216035639,0.6691689008042896,0.8780132450331131
0.8508896797153026,0.4659737688690946,0.8115281501340483,0.22529801324503307
0.6827402135231316,0.4305864884929491,0.5769436997319035,0.266092715231788
0.48736654804270463,0.7772828507795104,0.46072386058981235,0.5113907284768215
0.28647686832740216,0.6545409552091108,0.7705093833780163,0.7929801324503307
0.2160142348754448,0.40905716406830095,0.9423592493297588,0.6966887417218546
0.7923487544483986,0.5219005196733519,0.27922252010723864,0.18370860927152322
0.7629893238434161,0.3709477852016825,0.22935656836461132,0.1809271523178806
0.8597864768683275,0.5345211581291771,0.3359249329758713,0.07973509933774814
0.26174377224199286,0.6760702796337554,0.5587131367292224,0.9823841059602652
0.6734875444839857,0.47809948032665517,0.7777479892761394,0.30688741721854296
0.8145907473309607,0.6312793862905224,0.8167560321715819,0.7205298013245036
0.793238434163701,0.2910170749814398,0.6422252010723861,0.225960264900662
0.32117437722419917,0.5535758475624846,0.40308310991957114,0.5523178807947016
0.19466192170818497,0.8663697104677084,0.6898123324396783,0.7720529801324503
0.2702846975088967,0.6664192031675356,0.8832439678284183,0.7026490066225168
0.2686832740213523,0.6389507547636732,0.5605898123324398,0.6463576158940398
0.2644128113879003,0.448403860430588,0.7521447721179626,0.7475496688741723
0.8083629893238434,0.2761692650334062,0.3879356568364612,0.12304635761589378
0.30213523131672604,0.7374412274189588,0.9010723860589813,0.7190728476821189
0.27419928825622775,0.4763672358327149,0.8746648793565686,0.7562913907284772
0.7309608540925266,0.38554813165058377,0.6961126005361931,0.129139072847682
0.7439501779359431,0.360059391239794,0.8218498659517428,0.30238410596026455
0.286832740213523,0.6273199703043808,0.6096514745308312,0.7026490066225168
0.34430604982206403,0.6288047512991852,0.3203753351206435,0.6108609271523182
0.19466192170818497,0.5515961395694156,0.4880697050938338,0.24331125827814581
0.3704626334519573,0.42266765652066596,0.9514745308310995,0.47072847682119257
0.4101423487544483,0.3872803761445205,0.4382037533512065,0.273907284768212
0.28131672597864765,0.6505815392229657,0.795040214477212,0.790596026490066
0.702491103202847,0.4137589705518465,0.43806970509383386,0.2786754966887415
0.6713523131672597,0.6260826528087122,0.8348525469168901,0.4068874172185435
0.34946619217081853,0.7369463004206871,0.279088471849866,0.677748344370861
0.7629893238434161,0.4271219995050757,0.586461126005362,0.10357615894039718
0.24448398576512453,0.42761692650334027,0.9998659517426276,0.6660927152317884
0.32117437722419917,0.5501113585746111,0.4836461126005362,0.5894039735099339
0.8793594306049822,0.4182133135362527,0.750804289544236,0.3104635761589405
0.3927046263345195,0.3484286067805016,0.5187667560321716,0.3784105960264901
0.7754448398576511,0.35634743875278474,0.6032171581769439,0.20754966887417226
0.39982206405693943,0.2981935164563261,0.7254691689008044,0.5320529801324501
0.7074733096085409,0.5721356099975274,0.3730563002680966,0.2993377483443709
0.6329181494661921,0.33580796832467286,0.8347184986595175,0.29788079470198703
0.2852313167259787,0.664439495174463,0.650402144772118,0.7747019867549669
0.1925266903914591,0.5726305369957956,0.4809651474530831,0.6953642384105958
0.5567615658362989,0.6867112100965116,0.5117962466487935,0.4920529801324509
0.3927046263345195,0.3462014352882967,0.5091152815013404,0.3833112582781455
0.7393238434163699,0.38827023014105677,0.789946380697051,0.3597350993377484
0.31619217081850537,0.545657015590205,0.30911528150134043,0.6731125827814566
0.6987544483985765,0.6886909180895842,0.43565683646112613,0.37894039735099305
0.7806049822064057,0.5011135857461042,0.18257372654155496,0.17854304635761586
0.3704626334519573,0.42835931700074426,0.9364611260053621,0.5087417218543049
0.7608540925266903,0.49047265528334805,0.7266756032171582,0.2625165562913905
0.45409252669039146,0.5305617421430355,0.9990616621983917,0.459337748344371
0.2724199288256228,0.5882207374412296,0.529892761394102,0.823046357615894
0.26405693950177944,0.5008661222469684,0.8626005361930296,0.5815894039735099
0.9218861209964412,0.41078940856223767,0.6384718498659518,0.13509933774834426
0.3649466192170818,0.5038356842365772,0.8235924932975873,0.8080794701986749
0.3649466192170818,0.3964365256124722,0.9079088471849868,0.7705960264900664
0.7220640569395017,0.5085374907201228,0.838739946380697,0.4312582781456955
0.2870106761565836,0.6852264291017107,0.965549597855228,0.6725827814569536
0.7396797153024911,0.6045533283840676,0.3997319034852547,0.3472847682119209
0.8295373665480427,0.346448898787429,0.8227882037533514,0.1743046357615894
0.9553380782918147,0.3538728037614476,0.4970509383378016,0.13456953642384128
0.7327402135231317,0.2907696114823075,0.8524128686327079,0.22423841059602623
0.6834519572953736,0.5149715416976015,0.47680965147453086,0.25814569536423804
0.8177935943060496,0.28384063350656064,0.39048257372654155,0.17072847682119185
0.27330960854092523,0.7255629794605305,0.7001340482573728,0.75841059602649
0.5064056939501779,0.568671121009654,0.5753351206434318,0.5672847682119198
0.827224199288256,0.40806731007176467,0.6758713136729224,0.28158940397351007
0.2667259786476869,0.48205889631279675,0.973324396782842,0.814701986754967
0.19466192170818497,0.5567928730512257,0.4915549597855228,0.7855629139072846
0.2530249110320284,0.440237564959169,0.6882037533512066,0.6894039735099335
0.7161921708185052,0.534768621628313,0.5376675603217158,0.3029139072847684
0.7921708185053379,0.3457065082900286,0.2584450402144773,0.20304635761589385
0.2790035587188612,0.8260331601088851,0.5923592493297587,0.5913907284768216
0.24964412811387904,0.49542192526602236,0.7837801608579089,0.7226490066225164
0.24110320284697506,0.48131650581539276,0.6945040214477214,0.758145695364238
0.5686832740213522,0.44221727295224156,0.720241286863271,0.3095364238410596
0.24928825622775797,0.6627072506805263,0.6060321715817694,0.7965562913907283
0.8117437722419928,0.3650086612224719,0.8706434316353888,0.23271523178807918
0.8295373665480427,0.30363771343726853,0.5655495978552278,0.06463576158940398
0.7309608540925266,0.44766146993318756,0.26045576407506704,0.1200000000000001
0.48736654804270463,0.7186340014847801,0.6450402144772118,0.6997350993377482
0.2702846975088967,0.2727047760455328,0.6878016085790886,0.5458278145695363
0.7161921708185052,0.5295718881464992,0.33967828418230567,0.2964238410596023
0.7898576512455516,0.42563721851027125,0.5289544235924932,0.2958940397350993
0.7790035587188612,0.3612967087354626,0.6091152815013405,0.1589403973509933
0.3227758007117437,0.6990843850532045,0.8428954423592494,0.5455629139072844
0.23416370106761575,0.6312793862905224,0.4067024128686327,0.4002649006622523
0.3455516014234875,0.3736698836921555,0.15093833780160865,0.5226490066225171
0.708540925266904,0.472160356347441,0.1482573726541555,0.20543046357615857
0.28113879003558706,0.6604800791883214,0.8301608579088473,0.580927152317881
0.44893238434163707,0.6399406087602095,0.9203753351206436,0.5348344370860927
0.755693950177936,0.40509774808215937,0.5470509383378017,0.15920529801324435
0.30106761565836304,0.35783221974758916,0.7478552278820376,0.6230463576158938
0.2160142348754448,0.451125958921061,0.9644772117962468,0.6898013245033106
0.8683274021352311,0.4305864884929491,0.6237265415549598,0.2508609271523179
0.2653024911032029,0.4892353377876759,0.6561662198391423,0.9407947019867553
0.2724199288256228,0.6753278891363514,0.6100536193029491,0.9878145695364235
0.2604982206405694,0.5723830734966597,0.5979892761394103,0.5417218543046358
0.8177935943060496,0.36921554070774576,0.8513404825737265,0.13602649006622514
0.2784697508896796,0.7775303142786427,0.9599195710455766,0.7368211920529797
0.28113879003558706,0.3709477852016825,0.6843163538873995,0.572317880794702
0.6850533807829181,0.6666666666666679,0.4587131367292226,0.3438410596026493
0.7120996441281137,0.41351150705271067,0.3857908847184987,0.4328476821192053
0.33256227758007106,0.32838406335065784,0.6399463806970509,0.2970860927152321
0.7806049822064057,0.49987626825043563,0.5083109919571045,0.2826490066225169
0.38327402135231314,0.6607275426874573,0.9723860589812332,0.5492715231788079
0.8846975088967971,0.30932937391734683,0.32131367292225205,0.24331125827814581
0.755693950177936,0.40509774808215937,0.45563002680965153,0.17298013245033061
0.4352313167259786,0.5921801534273712,0.5320375335120644,0.42437086092715237
0.40355871886120986,0.4637465973768897,0.9887399463806972,0.5443708609271525
0.7158362989323844,0.45211581291759373,0.7258713136729222,0.27417218543046307
0.6149466192170819,0.4550853749072026,0.8474530831099196,0.27298013245033115
0.596085409252669,0.5298193516456315,0.6176943699731905,0.402781456953643
0.253914590747331,0.3100717644147508,0.7581769436997321,0.6149668874172187
0.8873665480427045,0.43528829497649113,0.6876675603217159,0.31443708609271503
0.29074733096085414,0.6508290027221015,0.7843163538873994,0.5854304635761585
0.7186832740213523,0.33556050482554056,0.538739946380697,0.2031788079470198
0.29145907473309607,0.7315021034397446,0.875201072386059,0.8872847682119209
0.7695729537366548,0.4481563969314557,0.3951742627345845,0.4370860927152318
0.27313167259786475,0.6493442217272971,0.6686327077747991,0.621854304635761
0.2624555160142349,0.989111606038108,0.6668900804289546,0.7880794701986753
0.3496441281138789,0.5753526354862686,0.6726541554959786,0.4846357615894039
0.7706405693950177,0.3414996288047547,0.6819034852546919,0.35867549668874155
0.43451957295373667,0.3043801039346725,0.9990616621983917,0.41033112582781506
0.7695729537366548,0.45038356842366056,0.9510723860589814,0.3471523178807949
0.5612099644128113,0.34966592427617016,0.2198391420911529,0.22900662251655657
0.68576512455516,0.5023509032417763,0.7158176943699732,0.3887417218543048
0.5546263345195729,0.6753278891363514,0.6812332439678284,0.4670198675496682
0.32384341637010683,0.5261073991586258,0.3907506702412869,0.5378807947019864
0.3649466192170818,0.3667409057164086,0.3105898123324397,0.3498013245033116
0.6834519572953736,0.5261073991586258,0.5871313672922251,0.2627814569536424
0.7923487544483986,0.5214055926750838,0.3520107238605899,0.20874172185430417
0.2686832740213523,0.6436525612472188,0.5757372654155497,0.7083443708609272
0.8165480427046262,0.18732986884434766,0.8363270777479894,0.1472847682119207
0.4596085409252668,0.38480574115318333,0.7497319034852548,0.3435761589403974
0.8576512455516013,0.33853006681514586,0.2564343163538874,0.19721854304635755
0.7699288256227758,0.549616431576343,0.4239946380697051,0.40384105960264893
0.748932384341637,0.5473892600841381,0.5768096514745309,0.3556291390728479
0.8939501779359428,0.6122246968572149,0.3431635388739946,0.250066225165563
0.5660142348754448,0.4194506310319248,0.6529490616621985,0.3415894039735097
0.32544483985765116,0.6189062113338295,0.6953083109919573,0.8136423841059601
0.7138790035587189,0.5963870329126486,0.6331099195710457,0.34582781456953615
0.591814946619217,0.5756000989854009,0.6572386058981234,0.39456953642384107
0.2613879003558718,0.5664439495174456,0.8512064343163541,0.8063576158940391
0.5998220640569395,0.346448898787429,0.7611260053619304,0.2694039735099336
0.2263345195729537,0.6446424152437551,0.6463806970509385,0.8162913907284768
0.28220640569395017,0.5575352635486261,0.9609919571045578,0.847019867549669
0.2902135231316726,0.48379114080673347,0.3659517426273459,0.5307284768211922
0.2738434163701068,0.5723830734966597,0.7619302949061664,0.725960264900662
0.4731316725978648,0.31947537738183485,0.5966487935656837,0.36940397350993326
0.41921708185053386,0.46176688938381716,0.7131367292225204,0.42781456953642394
0.2879003558718861,0.6740905716406829,0.5841823056300268,0.750066225165563
0.8939501779359428,0.6144518683494198,0.35790884718498656,0.24715231788079528
0.755693950177936,0.3818361791635745,0.4266756032171582,0.0860927152317883
0.596085409252669,0.5352635486265775,0.3447721179624666,0.3103311258278145
0.23701067615658356,0.608017817371941,0.5438337801608579,0.8376158940397351
0.290035587188612,0.52585993565949,0.735656836461126,0.8162913907284768
0.8939501779359428,0.6270725068052485,0.49718498659517424,0.3038410596026484
0.6149466192170819,0.4209354120267257,0.6797587131367293,0.21695364238410608
0.7601423487544482,0.4446919079435787,0.5564343163538874,0.20635761589403945
0.6033807829181496,0.4956693887651582,0.5806970509383378,0.29655629139072825
0.3496441281138789,0.5006186587478361,0.8038873994638072,0.5288741721854304
0.34288256227758007,0.2806236080178195,0.7891420911528153,0.4805298013245034
0.2902135231316726,0.5021034397426369,0.5577747989276141,0.6578807947019865
0.8186832740213522,0.3887651571393249,0.7227882037533513,0.25152317880794683
0.34430604982206403,0.684731502103439,0.5951742627345844,0.8716556291390729
0.4320284697508897,0.7804998762682551,0.585254691689008,0.5164238410596029
0.7790035587188612,0.33778767631774187,0.8095174262734586,0.20847682119205313
0.41530249110320283,0.346448898787429,0.782975871313673,0.39125827814569547
0.683629893238434,0.5991091314031216,0.5126005361930295,0.3535099337748342
0.43932384341637,0.3132887899034884,0.7613941018766757,0.29536423841059634
0.28113879003558706,0.7310071764414765,0.8127345844504021,0.5623841059602652
0.7327402135231317,0.23113090819104443,0.6707774798927615,0.17947019867549674
0.8508896797153026,0.4815639693145286,0.5026809651474531,0.0898013245033118
0.24555160142348742,0.5528334570650841,0.8726541554959786,0.8827814569536425
0.583629893238434,0.6297946052957215,0.7108579088471851,0.5039735099337745
0.3466192170818506,0.7906458797327396,0.7175603217158177,0.7193377483443708
0.40160142348754446,0.31205147240781983,0.7896782841823058,0.3066225165562919
0.68576512455516,0.5110121257114599,0.5324396782841823,0.3589403973509935
0.25782918149466194,0.4917099727790166,0.6351206434316354,0.6919205298013242
0.4209964412811388,0.37292749319475504,0.5963806970509384,0.25350993377483366
0.4638790035587188,0.4733976738431096,0.29798927613941023,0.3944370860927151
0.22811387900355873,0.6218757733234348,0.5970509383378015,0.7423841059602649
0.7806049822064057,0.5021034397426369,0.2033512064343163,0.18357615894039725
0.27419928825622775,0.46721108636476316,0.8671581769436998,0.7756291390728478
0.5686832740213522,0.4595397178916123,0.40697050938337803,0.3136423841059601
0.43932384341637,0.3484286067805016,0.56514745308311,0.2728476821192052
0.25978647686832745,0.7673843108141547,0.852815013404826,0.7654304635761591
0.35854092526690384,0.6013363028953265,0.7702412868632709,0.7214569536423845
0.27633451957295374,0.34941846077703786,0.7191689008042896,0.6078145695364237
0.351067615658363,0.5283345706508307,0.21420911528150138,0.47668874172185394
0.7220640569395017,0.4216778025241297,0.6793565683646112,0.36026490066225136
0.4053380782918149,0.6005939123979225,0.8193029490616623,0.41907284768211905
0.49003558718861207,0.6686463746597369,0.6936997319034854,0.5380132450331123
0.7421708185053378,0.3038851769364008,0.762064343163539,0.28821192052980127
0.37366548042704617,0.6597376886909174,0.8187667560321716,0.5635761589403971
0.42330960854092525,0.7060133630289549,0.4100536193029491,0.44516556291390774
0.2293594306049822,0.49962880475130333,0.7626005361930297,0.6870198675496688
0.8234875444839856,0.326156891858453,0.5894101876675604,0.2682119205298008
0.7135231316725977,0.5216530561742161,0.35656836461126,0.3231788079470199
0.2747330960854092,0.7654046028210857,0.7160857908847187,0.8622516556291391
0.346797153024911,0.5939123979213079,0.7280160857908848,0.669139072847682
0.7898576512455516,0.4219252660232655,0.36662198391420914,0.2384105960264895
0.6204626334519573,0.4706755753526366,0.7227882037533513,0.22754966887417183
0.9026690391459075,0.36971046770601745,0.6770777479892762,0.18887417218543057
0.8713523131672597,0.5419450631031921,0.7238605898123325,0.17523178807947026
0.3137010676156584,0.35238802276664316,0.7050938337801609,0.6382781456953639
0.6211743772241992,0.6340014847809954,0.7369973190348527,0.29576158940397335
0.45409252669039146,0.5609997525364996,0.860857908847185,0.49602649006622457
0.28131672597864765,0.6555308092056435,0.7605898123324397,0.8006622516556288
0.3279359430604982,0.576837416481073,0.7998659517426274,0.847019867549669
0.7695729537366548,0.4523632764167296,0.819436997319035,0.4056953642384107
0.3603202846975089,0.5298193516456315,0.6995978552278821,0.4682119205298019
0.3354092526690391,0.6750804256372192,0.7737265415549599,0.5584105960264907
0.20106761565836295,0.8554813165058164,0.605898123324397,0.7797350993377483
0.7179715302491102,0.5164563226924059,0.30147453083109915,0.33417218543046356
0.25355871886120995,0.6364761197723361,0.7158176943699732,0.8116556291390733
0.754982206405694,0.4459292254392473,0.40750670241286874,0.29827814569536404
0.31120996441281135,0.45335313041326586,0.9073726541554961,0.8565562913907288
0.3418149466192171,0.3630289532293993,0.3575067024128686,0.3319205298013248
0.686476868327402,0.6270725068052485,0.2258713136729223,0.2676821192052987
0.28131672597864765,0.6560257362039117,0.8159517426273459,0.8513907284768214
0.6734875444839857,0.4805741153179923,0.7319034852546917,0.2909933774834439
0.286832740213523,0.49269982677554935,0.67828418230563,0.597483443708609
0.27188612099644127,0.7027963375402138,0.9597855227882037,0.7513907284768209
0.7384341637010675,0.49690670626083033,0.5246648793565685,0.45801324503311225
0.41921708185053386,0.45162088591932914,0.5812332439678285,0.3659602649006617
0.24768683274021353,0.5857461024498889,0.9191689008042896,0.7764238410596027
0.286832740213523,0.6151942588468202,0.5510723860589812,0.6466225165562909
0.6494661921708184,0.5085374907201228,0.7919571045576408,0.2805298013245032
0.7327402135231317,0.5194258846820112,0.7309651474530832,0.3815894039735097
0.8172597864768684,0.37292749319475504,0.5630026809651476,0.29854304635761597
0.2530249110320284,0.455827765404603,0.5936997319034851,0.6235761589403968
0.9284697508896796,0.43479336797822654,0.38887399463806976,0.14039735099337758
0.2749110320284698,0.5642167780252443,0.763538873994638,0.7288741721854306
0.286832740213523,0.4137589705518465,0.8328418230563004,0.5407947019867549
0.904626334519573,0.38703291264538464,0.43592493297587137,0.19443708609271493
0.24661921708185053,0.5478841870824063,0.6646112600536194,0.7756291390728478
0.5660142348754448,0.4192031675327925,0.6953083109919573,0.1758940397350992
0.27419928825622775,0.7324919574362809,0.8356568364611261,0.8903311258278146
0.32580071174377223,0.47834694382578746,0.8894101876675604,0.717748344370861
0.6590747330960852,0.43033902499381327,0.7403485254691691,0.3305960264900669
0.8341637010676154,0.4536005939124017,0.8698391420911529,0.20768211920529822
0.33096085409252674,0.4696857213561003,0.7254691689008044,0.5870198675496683
0.38523131672597855,0.534768621628313,0.5089812332439678,0.45205298013245
0.2604982206405694,0.6463746597376918,0.754289544235925,0.8022516556291386
0.6690391459074733,0.68275179411037,0.7705093833780163,0.4503311258278142
0.6834519572953736,0.536005939123978,0.6585790884718499,0.28132450331125813
0.2519572953736655,0.5978718139074495,0.6282841823056302,0.6561589403973507
0.8341637010676154,0.4550853749072026,0.8373994638069706,0.23947019867549635
0.34430604982206403,0.6919079435783253,0.5798927613941018,0.8600000000000003
0.20195729537366547,0.5167037861915382,0.5678284182305631,0.59682119205298
0.7601423487544482,0.49913387775303164,0.2805630026809652,0.17827814569536482
0.26103202846975093,0.6104924523632782,0.8352546916890082,0.6894039735099335
0.6720640569395017,0.4956693887651582,0.6130026809651477,0.27139072847682133
0.23380782918149468,0.520415738678544,0.86514745308311,0.8810596026490058
0.2530249110320284,0.4830487503093295,0.7760053619302951,0.6038410596026491
0.6140569395017793,0.6473645137342245,0.6836461126005364,0.31509933774834487
0.4101423487544483,0.3902499381341258,0.7411528150134048,0.2954966887417214
0.6752669039145908,0.48255382331106134,0.6888739946380698,0.31933774834437045
0.2800711743772242,0.22543924771096258,0.537935656836461,0.5267549668874167
0.5064056939501779,0.5810442959663469,0.5214477211796247,0.5745695364238408
0.8026690391459074,0.4137589705518465,0.658176943699732,0.19589403973509967
0.27224199288256223,0.5835189309576876,0.9276139410187669,0.6184105960264903
0.6064056939501777,0.4892353377876759,0.7100536193029492,0.3558940397350989
0.8507117437722419,0.41846077703538853,0.5310991957104558,0.19443708609271493
0.34537366548042703,0.6810195496164333,0.8002680965147455,0.71046357615894
0.42437722419928825,0.4778520168275193,0.44410187667560325,0.4582781456953642
0.25444839857651236,0.592427616926507,0.7151474530831099,0.7908609271523179
0.3322064056939502,0.37663944568176433,0.8676943699731905,0.6798675496688737
0.2653024911032029,0.3019054689433318,0.8962466487935659,0.7621192052980135
0.2622775800711744,0.5548131650581531,0.8103217158176945,0.6729801324503306
0.40160142348754446,0.30809205642167825,0.8139410187667562,0.32463576158940377
0.4804270462633451,0.5397178916109908,0.568632707774799,0.4486092715231784
0.4868327402135231,0.8208364266270713,0.8203753351206435,0.7045033112582777
0.827224199288256,0.4152437515466474,0.6597855227882039,0.2545695364238414
0.595373665480427,0.4154912150457797,0.7482573726541555,0.3278145695364234
0.3603202846975089,0.5134867607027971,0.7617962466487938,0.49192052980132406
0.2921708185053381,0.42835931700074426,0.5229222520107237,0.6148344370860928
0.28647686832740216,0.6097500618658742,0.8911528150134049,0.7683443708609268
0.30177935943060497,0.5572878000494939,0.7168900804289546,0.5867549668874172
0.8224199288256228,0.4251422915120031,0.4857908847184987,0.1879470198675497
0.19359430604982208,0.5117545162088604,0.8879356568364611,0.8325827814569537
0.25782918149466194,0.48874041078941133,0.5693029490616623,0.7047682119205305
0.6637010676156582,0.4206879485275934,0.36554959785522795,0.290066225165563
0.2879003558718861,0.6693887651571409,0.5486595174262734,0.7633112582781454
0.7788256227758005,0.22667656520663115,0.35402144772117966,0.13125827814569568
0.7535587188612097,0.3595644642415259,0.5113941018766757,0.3438410596026493
0.34288256227758007,0.3650086612224719,0.6451742627345844,0.4370860927152318
0.42953736654804264,0.5038356842365772,0.3383378016085791,0.48821192052980145
0.25782918149466194,0.47414006434051004,0.8219839142091154,0.3108609271523184
0.19697508896797156,0.75550606285573,0.7230563002680965,0.7140397350993375
0.2818505338078292,0.5963870329126486,0.7463806970509383,0.7382781456953644
0.8165480427046262,0.18856718634001624,0.7436997319034855,0.14596026490066194
0.711387900355872,0.5392229646127191,0.2855227882037534,0.2716556291390724
0.2923487544483986,0.3516456322692427,0.6497319034852547,0.49642384105960247
0.24822064056939508,0.4773570898292512,0.6652815013404827,0.6119205298013242
0.7220640569395017,0.5043306112348453,0.8024128686327079,0.410993377483444
0.2893238434163701,0.5065577827270502,0.9331099195710457,0.5776158940397353
0.5546263345195729,0.6775550606285599,0.6827077747989276,0.44847682119205334
0.5603202846975089,0.48131650581539276,0.7329758713136729,0.3973509933774837
0.4596085409252668,0.3929720366245988,0.9270777479892762,0.36688741721854257
0.25355871886120995,0.635238802276664,0.5689008042895443,0.6422516556291393
0.2622775800711744,0.5241276911655568,0.8832439678284183,0.7692715231788076
0.3838078291814946,0.4206879485275934,0.7026809651474533,0.4423841059602651
0.299288256227758,0.5483791140806744,0.7063002680965149,0.5700662251655633
0.6149466192170819,0.4263796090076717,0.7375335120643431,0.21284768211920468
0.32758007117437726,0.4682009403612959,0.4091152815013405,0.32172185430463607
0.6334519572953737,0.4818114328136609,0.4478552278820375,0.39589403973509896
0.34946619217081853,0.7183865379856478,0.19356568364611265,0.6700662251655629
0.8715302491103202,0.27913882702301507,0.6596514745308311,0.15245033112582718
0.2480427046263345,0.6733481811432824,0.5619302949061664,0.5835761589403976
0.32580071174377223,0.4870081662954746,0.6238605898123324,0.7304635761589404
0.8846975088967971,0.30759712942341366,0.2967828418230564,0.21245033112582767
0.3838078291814946,0.5181885671863427,0.255093833780161,0.3613245033112582
0.2263345195729537,0.6545409552091108,0.5739946380697052,0.7810596026490071
0.7101423487544484,0.5102697352140559,0.33337801608579093,0.2786754966887415
0.595373665480427,0.4342984409799584,0.5987935656836463,0.27470198675496693
0.22135231316725967,0.7047760455332863,0.6556300268096515,0.9344370860927151
0.29288256227758,0.9868844345459067,0.6175603217158177,0.7629139072847684
0.5992882562277578,0.4590447908933477,0.7201072386058982,0.30278145695364245
0.7946619217081848,0.4419698094531057,0.45469168900804285,0.33178807947019884
0.5149466192170817,0.6196486018312299,0.5378016085790887,0.5360264900662255
0.45231316725978643,0.3914872556297979,0.8899463806970511,0.3618543046357612
0.7316725978647688,0.2576095025983669,0.6089812332439679,0.17364238410596045
0.2540925266903915,0.448403860430588,0.7694369973190349,0.8264900662251655
0.7161921708185052,0.5330363771343727,0.439544235924933,0.35867549668874155
0.48736654804270463,0.7151695124969066,0.6772117962466488,0.6634437086092717
0.3496441281138789,0.5137342242019329,0.6644772117962467,0.4744370860927152
0.6010676156583629,0.6033160108883955,0.7038873994638071,0.22423841059602623
0.29466192170818506,0.901509527344718,0.8784182305630028,0.6295364238410599
0.2549822064056939,0.2578569660974992,0.8584450402144772,0.6985430463576154
0.8774021352313167,0.5889631279386336,0.7884718498659518,0.13192052980132463
0.3927046263345195,0.37713437268003247,0.5469168900804291,0.36940397350993326
0.3322064056939502,0.35238802276664316,0.7998659517426274,0.6059602649006619
0.29483985765124554,0.6943825785696625,0.4785522788203754,0.6545695364238409
0.7946619217081848,0.43776292996783184,0.3903485254691689,0.2834437086092718
0.8083629893238434,0.32912645384806183,0.898123324396783,0.21417218543046346
0.731850533807829,0.48478099480326975,0.49008042895442355,0.25019867549668806
0.2923487544483986,0.5812917594654792,0.8993297587131368,0.5456953642384104
0.6934163701067614,0.45186834941846143,0.786461126005362,0.29827814569536404
0.290035587188612,0.5520910665676837,0.7084450402144773,0.8347019867549665
0.582918149466192,0.5553080920564248,0.7119302949061663,0.4511258278145691
0.6220640569395018,0.5555555555555571,0.5868632707774799,0.3525827814569533
0.6832740213523131,0.4258846820094071,0.7184986595174263,0.2793377483443713
0.7790035587188612,0.3306112348428627,0.8438337801608582,0.26185430463576154
0.2743772241992882,0.7911408067310077,0.9520107238605899,0.7679470198675498
0.7939501779359431,0.5055679287305139,0.41032171581769444,0.15589403973509874
0.4209964412811388,0.40979955456570494,0.889544235924933,0.33178807947019884
0.2603202846975089,0.43231873298688583,0.9075067024128689,0.8218543046357611
0.34003558718861204,0.9091808958178724,0.6056300268096515,0.620927152317881
0.8007117437722419,0.3360554318238087,0.4454423592493298,0.2503311258278149
0.5660142348754448,0.41994555803019296,0.6721179624664881,0.28834437086092635
0.7138790035587189,0.653551101212571,0.5549597855227881,0.35417218543046314
0.4868327402135231,0.7906458797327396,0.4310991957104558,0.5006622516556289
0.5948398576512456,0.6057906458797362,0.851608579088472,0.3907284768211916
0.7806049822064057,0.4993813412521675,0.18632707774798934,0.22119205298013256
0.43540925266903907,0.39618906211333993,0.820911528150134,0.6034437086092712
0.7466192170818503,0.4669636228656273,0.6373994638069707,0.3034437086092714
0.2880782918149466,0.224201930215294,0.989946380697051,0.8504635761589405
0.27633451957295374,0.4615194258846813,0.522117962466488,0.5919205298013246
0.22348754448398578,0.4132640435535784,0.5293565683646113,0.7121854304635757
0.17864768683274013,0.5758475624845332,0.46514745308310995,0.65364238410596
0.8145907473309607,0.37193763919821876,0.635254691689008,0.1515231788079472
0.7642348754448399,0.4291017074981447,0.21085790884718497,0.2834437086092718
0.28113879003558706,0.3845582776540475,0.7331099195710458,0.5905960264900667
0.24768683274021353,0.5986142044048535,0.8238605898123326,0.709933774834437
0.6176156583629894,0.5486265775798067,0.5435656836461127,0.257880794701987
0.6177935943060496,0.6161841128433565,0.7040214477211797,0.4309933774834436
0.6850533807829181,0.6508290027221015,0.4514745308310993,0.27377483443708606
0.7466192170818503,0.5134867607027971,0.12788203753351213,0.21695364238410608
0.47153024911032027,0.5382331106161864,0.56313672922252,0.35072847682119246
0.2613879003558718,0.5691660480079186,0.8671581769436998,0.8376158940397351
0.8293594306049822,0.38703291264538464,0.8231903485254692,0.1825165562913913
0.2852313167259787,0.6572630536995838,0.706970509383378,0.7621192052980135
0.8508896797153026,0.4773570898292512,0.8367292225201075,0.233907284768212
0.27935943060498225,0.7067557535263589,0.6845844504021448,0.7366887417218546
0.7220640569395017,0.4414748824548411,0.6639410187667563,0.32423841059602676
0.3199288256227758,0.573372927493196,0.8075067024128686,0.6108609271523182
0.3476868327402135,0.6832467211086382,0.610455764075067,0.4947019867549667
0.1841637010676157,0.549616431576343,0.39611260053619307,0.6504635761589403
0.3263345195729538,0.549616431576343,0.47131367292225207,0.6521854304635761
0.7629893238434161,0.39247710962633064,0.5497319034852546,0.10622516556291384
0.7999999999999997,0.456570155902007,0.546514745308311,0.1920529801324502
0.7327402135231317,0.29670873546152166,0.8710455764075069,0.28410596026490076
0.6501779359430605,0.5194258846820112,0.8257372654155497,0.27920529801324445
0.4412811387900355,0.31700074239050124,0.7946380697050939,0.3716556291390729
0.3784697508896797,0.49690670626083033,0.6130026809651477,0.4217218543046357
0.2667259786476869,0.4773570898292512,0.8848525469168902,0.9078145695364244
0.795017793594306,0.41747092303885225,0.612466487935657,0.15496688741721787
0.29288256227758,0.9948032665181898,0.5882037533512066,0.75841059602649
0.3672597864768683,0.230388517693644,0.9599195710455766,0.3647682119205298
0.7220640569395017,0.4291017074981447,0.7928954423592494,0.4291390728476827
0.4250889679715302,0.6646869586735988,0.4387399463806971,0.44013245033112547
0.6345195729537366,0.45978718139074815,0.6120643431635389,0.21430463576158942
0.6752669039145908,0.5879732739420938,0.6333780160857909,0.47999999999999954
0.8026690391459074,0.42959663449641283,0.581769436997319,0.18940397350993354
0.42437722419928825,0.4959168522642905,0.2845844504021448,0.3439735099337753
0.6055160142348753,0.5191784211828789,0.8006702412868634,0.3411920529801318
0.3113879003558718,0.9386290522148002,0.6210455764075067,0.7086092715231782
0.8576512455516013,0.2991833704528588,0.908176943699732,0.16781456953642415
0.3562277580071175,0.5194258846820112,0.5190348525469171,0.5287417218543045
0.28131672597864765,0.6602326156891891,0.44584450402144776,0.7490066225165561
0.25124555160142337,0.3038851769364008,0.37453083109919577,0.8458278145695362
0.27117437722419935,0.5087849542192551,0.8123324396782843,0.6750993377483443
0.34288256227758007,0.6609750061865896,0.22010723860589815,0.5350993377483446
0.7774021352313166,0.19500123731749497,0.32520107238605905,0.08264900662251673
0.32153024911032024,0.4818114328136609,0.6304289544235926,0.40715231788079453
0.8596085409252668,0.349170997277902,0.8745308310991957,0.23933774834437038
0.28131672597864765,0.6790398416233643,0.6998659517426273,0.8733774834437087
0.6012455516014233,0.5127443702053966,0.5512064343163541,0.28410596026490076
0.8402135231316724,0.35882207374412545,0.6339142091152814,0.1121854304635761
0.904626334519573,0.38307349665924306,0.4714477211796247,0.1807947019867555
0.6798932384341637,0.4305864884929491,0.8276139410187668,0.30490066225165524
0.588967971530249,0.560504825538235,0.605898123324397,0.31509933774834487
0.8402135231316724,0.3556050482553843,0.4560321715817695,0.06437086092715205
0.25782918149466194,0.4637465973768897,0.7781501340482575,0.895099337748344
0.9676156583629892,0.3429844097995556,0.8247989276139411,0.16980132450331098
0.7448398576512455,0.5278396436525625,0.3636729222520107,0.33165562913907287
0.6430604982206406,0.38010393466963777,0.6419571045576409,0.33178807947019884
0.8007117437722419,0.31427864390002824,0.7060321715817697,0.16953642384105994
0.8820284697508897,0.5498638950754788,0.7556300268096516,0.3079470198675498
0.40160142348754446,0.26156891858451203,0.45120643431635393,0.23496688741721883
0.6023131672597865,0.49814402375649536,0.6439678284182306,0.2776158940397355
0.27188612099644127,0.6936401880722585,0.8835120643431635,0.7127152317880796
0.6229537366548042,0.34694382578569716,0.8253351206434316,0.24278145695364195
0.3476868327402135,0.4021281860925541,0.726809651474531,0.4789403973509936
0.5663701067615657,0.3630289532293993,0.6828418230563005,0.2947019867549665
0.5663701067615657,0.3694630042068816,0.6152815013404824,0.2602649006622517
0.26814946619217084,0.8062360801781772,0.6623324396782844,0.936423841059602
0.2749110320284698,0.8359317000742443,0.9340482573726543,0.8360264900662253
0.6176156583629894,0.538728037614451,0.37774798927613945,0.25390728476821156
0.23701067615658356,0.6198960653303658,0.5261394101876677,0.8700662251655631
0.27117437722419935,0.5471417965850058,0.831501340482574,0.773907284768212
0.6859430604982205,0.4189557040336567,0.6691689008042896,0.266622516556291
0.3199288256227758,0.5666914130165814,0.8101876675603219,0.5762913907284766
0.39982206405693943,0.3073496659242778,0.7001340482573728,0.4725827814569534
0.23274021352313157,0.5587725810442983,0.6890080428954424,0.8678145695364234
0.25871886120996435,0.36995793120514975,0.8146112600536193,0.8688741721854303
0.6902135231316727,0.7005691660480124,0.48512064343163547,0.4376158940397348
0.5992882562277578,0.47983172482058833,0.940348525469169,0.3386754966887411
0.1852313167259787,0.5976243504083172,0.5048257372654157,0.7962913907284763
0.6177935943060496,0.6092551348676096,0.5021447721179626,0.41999999999999993
0.7453736654804269,0.6124721603563472,0.1639410187667561,0.24900662251655614
0.24341637010676154,0.7686216283098268,0.8014745308310993,0.7799999999999994
0.19359430604982208,0.5060628557287821,0.8571045576407508,0.773907284768212
0.791103202846975,0.435535758475627,0.48391420911528155,0.24119205298013302
0.5553380782918148,0.5189309576837431,0.600402144772118,0.29986754966887386
0.6181494661921708,0.4441969809453141,0.7373994638069705,0.39999999999999947
0.23594306049822056,0.6171739668398928,0.6971849865951742,0.596423841059603
0.3048042704626335,0.44073249195743713,0.8206434316353888,0.6468874172185437
0.7836298932384341,0.2890373669883708,0.6509383378016087,0.18821192052980162
0.2540925266903915,0.521158129175948,0.6545576407506704,0.7056953642384105
0.8638790035587188,0.2761692650334062,0.4843163538873995,0.13125827814569568
0.5934163701067615,0.41846077703538853,0.7916890080428955,0.3696688741721852
0.6827402135231316,0.4182133135362527,0.5320375335120644,0.22490066225165606
0.5925266903914589,0.4318238059886177,0.8269436997319035,0.4540397350993377
0.6062277580071175,0.4305864884929491,0.6583109919571046,0.29907284768211895
0.93576512455516,0.4805741153179923,0.7076407506702413,0.1920529801324502
0.8145907473309607,0.6646869586735988,0.6013404825737265,0.4780132450331127
0.37580071174377216,0.35609997525365245,0.7092493297587132,0.4203973509933778
0.6953736654804269,0.5459044790893373,0.640348525469169,0.3741721854304636
0.3455516014234875,0.37218510269735106,0.19571045576407503,0.5586754966887417
0.2850533807829182,0.7198713189804522,0.4642091152815014,0.7810596026490071
0.2788256227758007,0.7260579064587986,0.7345844504021448,0.9299337748344376
0.3137010676156584,0.40534521158129166,0.8756032171581769,0.644635761589404
0.5816725978647687,0.46993318485523616,0.6143431635388741,0.33668874172185426
0.21850533807829187,0.5454095520910656,0.7797587131367294,0.581192052980132
0.8172597864768684,0.40930462756743324,0.6884718498659519,0.13456953642384128
0.6332740213523133,0.5451620885919333,0.5274798927613942,0.3655629139072847
0.2879003558718861,0.6419203167532821,0.7245308310991958,0.8452980132450332
0.8551601423487544,0.45434298440980214,0.634584450402145,0.1581456953642384
0.4544483985765124,0.4696857213561003,0.8213136729222521,0.46675496688741713
0.3352313167259787,0.6451373422420232,0.5518766756032172,0.5290066225165564
0.290035587188612,0.4085622370700328,0.5575067024128688,0.6396026490066227
0.683629893238434,0.557782727047762,0.29343163538874,0.3364238410596032
0.28647686832740216,0.5906953724325668,0.7912868632707777,0.79046357615894
0.6565836298932383,0.472160356347441,0.8273458445040216,0.4717880794701985
0.2702846975088967,0.1927740658252901,0.6315013404825738,0.5601324503311256
0.19377224199288257,0.8742885424399915,0.8230563002680966,0.7867549668874174
0.29679715302491094,0.4179658500371204,0.49879356568364625,0.5671523178807947
0.597864768683274,0.523137837169017,0.3941018766756033,0.4180132450331122
0.7699288256227758,0.5404602821083913,0.3486595174262735,0.3700662251655631
0.3137010676156584,0.36698836921554445,0.6674262734584451,0.5937748344370855
0.24110320284697506,0.6458797327394237,0.8619302949061662,0.9231788079470196
0.8085409252669037,0.3833209601583789,0.5455764075067024,0.1659602649006624
0.1841637010676157,0.5817866864637473,0.535254691689008,0.6394701986754967
0.4638790035587188,0.4800791883197242,0.4526809651474531,0.2263576158940399
0.6229537366548042,0.30809205642167825,0.7797587131367294,0.2296688741721855
0.6033807829181496,0.445681761940115,0.6013404825737265,0.3169536423841057
0.24110320284697506,0.5169512496906705,0.5859249329758713,0.6300662251655629
0.8110320284697509,0.37490720118782406,0.7617962466487938,0.29324503311258265
0.93576512455516,0.5446671615936651,0.39932975871313675,0.17245033112582764
0.24964412811387904,0.5201682751794117,0.48217158176943703,0.5962913907284761
0.7532028469750888,0.38579559514971606,0.5520107238605898,0.22701986754966885
0.7601423487544482,0.49542192526602236,0.5871313672922251,0.31350993377483416
0.7135231316725977,0.5194258846820112,0.8250670241286864,0.4010596026490072
0.9676156583629892,0.34471665429349585,0.38163538873994646,0.13999999999999968
0.34946619217081853,0.7196238554813199,0.7168900804289546,0.7001324503311261
0.24555160142348742,0.5270972531551621,0.8021447721179626,0.822781456953642
0.2480427046263345,0.6468695867359564,0.4693029490616622,0.5815894039735099
0.2850533807829182,0.6862162830982435,0.7810991957104558,0.9517880794701989
0.7161921708185052,0.5325414501361045,0.35455764075067026,0.2943046357615895
0.28540925266903905,0.7102202425142323,0.7105898123324397,0.6143046357615889
0.6934163701067614,0.46028210838901273,0.5297587131367292,0.26304635761589434
0.31637010676156585,0.48131650581539276,0.2706434316353888,0.5700662251655633
0.27188612099644127,0.7077456075228916,0.9134048257372656,0.8406622516556297
0.8071174377224198,0.4167285325414518,0.641823056300268,0.33139072847682094
0.8637010676156583,0.36327641672853517,0.6549597855227882,0.16993377483443695
0.7161921708185052,0.5365008661222497,0.5934316353887399,0.3562913907284768
0.34430604982206403,0.5644642415243766,0.05187667560321718,0.5990728476821197
0.27526690391459074,0.4234100470180664,0.7946380697050939,0.6745695364238413
0.23380782918149468,0.5016085127443723,0.5160857908847185,0.8304635761589401
0.2775800711743772,0.7577332343479348,0.7931635388739948,0.7780132450331125
0.5612099644128113,0.346448898787429,0.22962466487935657,0.2107284768211919
0.6884341637010675,0.49987626825043563,0.8104557640750671,0.2701986754966894
0.32153024911032024,0.4258846820094071,0.49678284182305626,0.3651655629139068
0.2923487544483986,0.341004701806483,0.6479892761394104,0.4656953642384112
0.801423487544484,0.2724573125464005,0.5197050938337802,0.2388079470198674
0.32651245551601427,0.7871813907448697,0.7080428954423592,0.5615894039735103
0.33256227758007106,0.3167532788913654,0.7548257372654157,0.37311258278145676
0.34199288256227756,0.5835189309576876,0.7451742627345845,0.7282119205298017
0.32544483985765116,0.6810195496164333,0.632975871313673,0.8566887417218538
0.41921708185053386,0.46300420687948574,0.7886058981233246,0.5441059602649005
0.5925266903914589,0.4587973273942083,0.4162198391420912,0.39125827814569547
0.3199288256227758,0.5196733481811435,0.708176943699732,0.557218543046357
0.7275800711743771,0.37292749319475504,0.6809651474530831,0.1916556291390732
0.7629893238434161,0.4243999010146027,0.569436997319035,0.10940397350993347
0.7642348754448399,0.44914625092798843,0.4815013404825737,0.3654304635761596
0.32580071174377223,0.45483791140806673,0.603083109919571,0.5586754966887417
0.2572953736654804,0.5040831477357095,0.884584450402145,0.8333774834437087
0.154270462633452,0.6354862657757998,0.6501340482573728,0.7390728476821193
0.31637010676156585,0.5595149715416987,0.6537533512064344,0.7131125827814575
0.6389679715302491,0.6713684731502099,0.6565683646112601,0.4818543046357613
0.2734875444839857,0.6129670873546154,0.9128686327077749,0.5874172185430462
0.6955516014234876,0.4154912150457797,0.56313672922252,0.31814569536423765
0.26103202846975093,0.6161841128433565,0.7898123324396784,0.668741721854305
0.28113879003558706,0.7213560999752531,0.7694369973190349,0.5339072847682118
0.3263345195729538,0.5652066320217806,0.8902144772117964,0.7811920529801322
0.2902135231316726,0.5033407572383091,0.5698391420911528,0.5626490066225163
0.6389679715302491,0.6661717396683997,0.5046916890080428,0.394834437086093
0.4234875444839856,0.2578569660974992,0.5552278820375336,0.3324503311258278
0.22989323843416376,0.5102697352140559,0.9396782841823057,0.6867549668874178
0.9218861209964412,0.40806731007176467,0.5113941018766757,0.14264900662251634
0.2653024911032029,0.4513734224201933,0.7329758713136729,0.9749668874172182
0.29181494661921703,0.7268002969561991,0.7057640750670242,0.5904635761589399
0.3455516014234875,0.4944320712694896,0.7855227882037534,0.6675496688741722
0.6177935943060496,0.6194011383320976,0.6319034852546919,0.41364238410596066
0.5149466192170817,0.5978718139074495,0.7564343163538874,0.6298013245033109
0.5925266903914589,0.4649839148725583,0.47466487935656837,0.3911258278145695
0.2702846975088967,0.6891858450878523,0.8131367292225202,0.7210596026490066
0.6140569395017793,0.48527592180153434,0.5002680965147455,0.3658278145695366
0.43540925266903907,0.3890126206384572,0.9210455764075067,0.43152317880794655
0.25444839857651236,0.6166790398416246,0.676809651474531,0.7919205298013248
0.7612099644128113,0.3083395199208141,0.4231903485254693,0.23059602649006639
0.8576512455516013,0.339024993813414,0.952680965147453,0.2226490066225164
0.29483985765124554,0.7483296213808472,0.5869973190348525,0.8006622516556288
0.4209964412811388,0.39222964612719835,0.7672922252010725,0.34701986754966896
0.686476868327402,0.6661717396683997,0.6634048257372656,0.36781456953642344
0.2715302491103202,0.578817124474142,0.3758713136729223,0.612052980132451
0.3496441281138789,0.6357337292749357,0.9104557640750672,0.669271523178808
0.30213523131672604,0.6159366493442242,0.8482573726541556,0.6080794701986756
0.5976868327402135,0.5996040584013862,0.35227882037533526,0.29192052980132477
0.2921708185053381,0.435535758475627,0.5281501340482573,0.6399999999999997
0.7316725978647688,0.2808710715169518,0.5040214477211795,0.18728476821191986
0.28113879003558706,0.4130165800544461,0.8230563002680966,0.6341721854304634
0.27330960854092523,0.7245731254639942,0.838739946380697,0.8113907284768205
0.0,0.3900024746349935,0.8920911528150135,0.6704635761589399
0.2749110320284698,0.8188567186340023,0.8772117962466488,0.9128476821192057
0.4441281138790035,0.38406335065577935,0.5655495978552278,0.3071523178807949
0.6140569395017793,0.6409304627567458,0.47225201072386064,0.27470198675496693
0.4412811387900355,0.29670873546152166,0.6485254691689009,0.32754966887417236
0.8083629893238434,0.3011630784459278,0.6292225201072386,0.12397350993377465
0.2498220640569394,0.45929225439248,0.8725201072386062,0.8315231788079469
0.6332740213523133,0.5426874536005961,0.453887399463807,0.37311258278145676
0.8350533807829182,0.3904974016332581,0.2867292225201073,0.15721854304635752
0.5149466192170817,0.6216283098243025,0.6412868632707776,0.5611920529801324
0.8809608540925268,0.43033902499381327,0.6431635388739947,0.18807947019867477
0.26103202846975093,0.6401880722593418,0.8021447721179626,0.6803973509933776
0.33274021352313166,0.597129423410049,0.6461126005361932,0.45059602649006614
0.18167259786476864,0.8267755506062855,0.7159517426273458,0.9152317880794705
0.7635231316725978,0.3531304132640436,0.3331099195710456,0.09456953642384036
0.5603202846975089,0.49220489977728477,0.4494638069705094,0.24278145695364195
0.2530249110320284,0.4830487503093295,0.7163538873994639,0.6272847682119203
0.795017793594306,0.4414748824548411,0.37721179624664886,0.1270198675496692
0.5567615658362989,0.6894333085869846,0.5588471849865952,0.4851655629139069
0.40391459074733094,0.5345211581291771,0.5049597855227883,0.5015894039735098
0.7074733096085409,0.5790645879732743,0.593029490616622,0.36529801324503275
0.5998220640569395,0.4048502845830271,0.8403485254691689,0.28701986754966935
0.40391459074733094,0.49814402375649536,0.39705093833780164,0.3100662251655635
0.827224199288256,0.3754021281860922,0.4520107238605899,0.12529801324503342
0.2829181494661921,0.39990101460034566,0.9619302949061663,0.8002649006622518
0.28861209964412804,0.6879485275921837,0.6056300268096515,0.5470198675496691
0.6023131672597865,0.6265775798069804,0.3873994638069706,0.3190728476821194
0.7466192170818503,0.5275921801534302,0.3115281501340483,0.1978807947019865
0.596085409252669,0.5716406829992593,0.850804289544236,0.3982781456953637
0.2879003558718861,0.6693887651571409,0.6294906166219838,0.774569536423841
0.7939501779359431,0.38678544914625235,0.4741286863270778,0.17496688741721922
0.45409252669039146,0.5283345706508307,0.9993297587131369,0.5337748344370858
0.4544483985765124,0.5043306112348453,0.7695710455764075,0.5377483443708613
0.6832740213523131,0.42415243751546683,0.5792225201072385,0.22490066225165606
0.23327402135231312,0.5520910665676837,0.432171581769437,0.6112582781456952
0.6177935943060496,0.6020786933927269,0.8230563002680966,0.48158940397351024
0.8508896797153026,0.4800791883197242,0.4793565683646113,0.11986754966887414
0.3377224199288257,0.6537985647117068,0.47667560321715824,0.5810596026490069
0.5976868327402135,0.6095025983667419,0.5454423592493298,0.29152317880794687
0.2459074733096085,0.4137589705518465,0.8520107238605901,0.6319205298013246
0.7850533807829182,0.3823311061618426,0.6778820375335122,0.20026490066225122
0.3455516014234875,0.4432071269487743,0.5498659517426274,0.5218543046357622
0.8110320284697509,0.37465973768869176,0.7558981233243969,0.2602649006622517
0.7161921708185052,0.5300668151447674,0.32399463806970513,0.31311258278145626
0.39982206405693943,0.3209601583766428,0.6864611260053619,0.44556291390728475
0.7074733096085409,0.5699084385053226,0.4239946380697051,0.3278145695364234
0.7788256227758005,0.4493937144271207,0.8558981233243967,0.18304635761589338
0.7642348754448399,0.4345459044790907,0.6651474530831101,0.3750993377483445
0.7466192170818503,0.49542192526602236,0.7615281501340485,0.3501986754966886
0.5603202846975089,0.448403860430588,0.6991957104557642,0.2962913907284763
0.596085409252669,0.5199208116802794,0.39329758713136737,0.32463576158940377
0.32153024911032024,0.49072011878248034,0.6719839142091153,0.4362913907284769
0.4596085409252668,0.41351150705271067,0.6388739946380697,0.3252980132450327
0.8809608540925268,0.4008908685968855,0.8403485254691689,0.3070198675496689
0.23274021352313157,0.5832714674585517,0.6847184986595176,0.9104635761589401
0.6752669039145908,0.48874041078941133,0.6198391420911529,0.2401324503311253
0.6062277580071175,0.35807968324672146,0.8096514745308312,0.2699337748344366
0.598220640569395,0.4318238059886177,0.710455764075067,0.2790728476821194
0.848220640569395,0.5115070527097245,0.38163538873994646,0.24728476821192036
0.8172597864768684,0.3788666171739692,0.6678284182305629,0.2925827814569537
0.827224199288256,0.3709477852016825,0.40817694369973195,0.09668874172185404
0.48736654804270463,0.8203414996288068,0.5784182305630026,0.5944370860927153
0.2861209964412811,0.5607522890373673,0.6553619302949063,0.6801324503311257
0.4868327402135231,0.7864390002474657,0.675603217158177,0.637086092715232
0.2724199288256228,0.6740905716406829,0.607372654155496,0.9536423841059598
0.2427046263345195,0.5721356099975274,0.6132707774798929,0.556556291390728
0.7629893238434161,0.41846077703538853,0.5384718498659518,0.12238410596026483
0.2667259786476869,0.45186834941846143,0.5313672922252011,0.6592052980132443
0.31120996441281135,0.4993813412521675,0.9270777479892762,0.7792052980132445
0.8295373665480427,0.28483048750309337,0.40268096514745316,0.08291390728476777
0.2653024911032029,0.4224201930215301,0.7435656836461126,0.7565562913907282
0.25782918149466194,0.48874041078941133,0.4615281501340483,0.7544370860927154
0.6720640569395017,0.46300420687948574,0.6907506702412871,0.3676821192052975
0.30925266903914594,0.851274437020539,0.5506702412868634,0.4968211920529795
0.6033807829181496,0.49517446176689006,0.5337801608579089,0.3136423841059601
0.3261565836298932,0.5909428359317026,0.28579088471849873,0.5876821192052981
0.8110320284697509,0.37564959168522805,0.7505361930294907,0.2123178807947026
0.2966192170818506,0.6072754268745371,0.6297587131367293,0.6642384105960266
0.299288256227758,0.5785696609750062,0.7820375335120646,0.6282119205298011
0.25444839857651236,0.6290522147983175,0.6770777479892762,0.7919205298013248
0.3352313167259787,0.6429101707498148,0.4427613941018768,0.45178807947019894
0.8165480427046262,0.20242514229151354,0.6489276139410187,0.14066225165562862
0.6690391459074733,0.6594902251917851,0.5683646112600536,0.43403973509933724
0.6637010676156582,0.3862905221479842,0.30764075067024127,0.26503311258278117
0.7845195729537365,0.5199208116802794,0.3431635388739946,0.18821192052980162
0.8026690391459074,0.43702053947042785,0.6320375335120643,0.2068874172185433
0.7635231316725978,0.3481811432813693,0.3648793565683646,0.1651655629139075
0.7870106761565837,0.3890126206384572,0.458176943699732,0.20476821192053052
0.68576512455516,0.5033407572383091,0.2735924932975871,0.29364238410596055
0.27313167259786475,0.6636971046770626,0.7711796246648794,0.6554966887417217
0.3048042704626335,0.43033902499381327,0.851608579088472,0.8121854304635763
0.6998220640569394,0.33011630784459456,0.3552278820375336,0.20635761589403945
0.2540925266903915,0.461271962385549,0.7777479892761394,0.950993377483444
0.595373665480427,0.47958426132145604,0.701206434316354,0.3480794701986758
0.7327402135231317,0.235090324177186,0.5567024128686329,0.15298013245033104
0.6204626334519573,0.4167285325414518,0.48176943699731906,0.2127152317880796
0.42028469750889674,0.568671121009654,0.3702412868632708,0.3554966887417219
0.24928825622775797,0.6768126701311559,0.6398123324396785,0.8883443708609269
0.2653024911032029,0.4731502103439773,0.6828418230563005,0.9798675496688745
0.8809608540925268,0.42118287552586153,0.9068364611260054,0.32357615894039693
0.6229537366548042,0.29967829745112695,0.75201072386059,0.27125827814569536
0.25355871886120995,0.6924028705765934,0.6494638069705094,0.7504635761589409
0.30391459074733085,0.5268497896560262,0.9014745308310994,0.7696688741721855
0.22811387900355873,0.6127196238554831,0.709785522788204,0.8501986754966886
0.7612099644128113,0.23360554318238158,0.313941018766756,0.09258278145695353
0.7774021352313166,0.19475377381836267,0.27198391420911533,0.11986754966887414
0.28540925266903905,0.9180895817866883,0.8424932975871313,0.7516556291390728
0.6220640569395018,0.5731254639940602,0.36126005361930297,0.37231788079470185
0.4754448398576512,0.33011630784459456,0.9990616621983917,0.4101986754966891
0.40355871886120986,0.47117050235090474,0.9987935656836462,0.5721854304635761
0.7774021352313166,0.19797079930710382,0.16541554959785526,0.13642384105960303
0.7946619217081848,0.42662707250680754,0.28646112600536194,0.24609271523178755
0.3476868327402135,0.4041078940856231,0.7607238605898126,0.4748344370860931
0.6690391459074733,0.6775550606285599,0.7277479892761394,0.4014569536423842
0.28131672597864765,0.6208859193269021,0.7919571045576408,0.7382781456953644
0.3466192170818506,0.7552585993565941,0.7990616621983915,0.5860927152317883
0.5663701067615657,0.38134125216530634,0.4631367292225202,0.20437086092715262
0.2747330960854092,0.8720613709477902,0.8154155495978554,0.758013245033113
0.7870106761565837,0.3865379856471165,0.7722520107238606,0.3357615894039734
0.8551601423487544,0.43974263796090085,0.46246648793565687,0.1581456953642384
0.7330960854092526,0.2989359069537265,0.6808310991957105,0.17205298013245063
0.8160142348754448,0.3150210343974287,0.29544235924932977,0.1788079470198678
0.48736654804270463,0.824053452115816,0.6320375335120643,0.6574834437086086
0.2644128113879003,0.4177183865379881,0.7735924932975873,0.7724503311258273
0.2818505338078292,0.5699084385053226,0.7974530831099196,0.6246357615894045
0.6526690391459075,0.44048502845830484,0.30026809651474534,0.3200000000000003
0.8715302491103202,0.23979213066073157,0.261260053619303,0.20185430463576193
0.658896797153025,0.333580796832468,0.6501340482573728,0.20635761589403945
0.6220640569395018,0.5592675080425664,0.4609919571045577,0.3324503311258278
0.6345195729537366,0.4528582034149977,0.40978552278820385,0.2185430463576159
0.5912811387900355,0.5201682751794117,0.9656836461126006,0.4905960264900662
0.19074733096085406,0.6775550606285599,0.8060321715817695,0.8344370860927155
0.3377224199288257,0.6597376886909174,0.3502680965147453,0.6429139072847683
0.33256227758007106,0.3167532788913654,0.75201072386059,0.33708609271523127
0.8508896797153026,0.4882454837911432,0.8841823056300269,0.21139072847682172
0.2645907473309608,0.6149467953476879,0.8510723860589813,0.8442384105960263
0.29466192170818506,0.9628804751299178,0.7159517426273458,0.8360264900662253
0.5185053380782918,0.5342736946300448,0.5462466487935658,0.41748344370860924
0.28451957295373664,0.28210838901262036,0.9857908847184986,0.6317880794701987
0.4731316725978648,0.3100717644147508,0.489142091152815,0.363443708609271
0.7772241992882564,0.43528829497649113,0.7878016085790887,0.3241059602649008
0.7999999999999997,0.4664686958673627,0.5408847184986596,0.2105960264900668
0.9553380782918147,0.31898045038357026,0.6384718498659518,0.13814569536423793
0.31637010676156585,0.6557782727047758,0.9943699731903486,0.6198675496688741
0.7914590747330962,0.3028953229398681,0.6344504021447721,0.15139072847682122
0.27526690391459074,0.4036129670873585,0.7474530831099195,0.6554966887417217
0.2644128113879003,0.4243999010146027,0.7158176943699732,0.7545695364238414
0.736476868327402,0.6134620143528835,0.3769436997319035,0.16423841059602662
0.8597864768683275,0.517693640188071,0.7936997319034853,0.12211920529801379
0.683629893238434,0.5721356099975274,0.6226541554959786,0.3782781456953641
0.154270462633452,0.6456322692402878,0.7119302949061663,0.8862251655629141
0.2818505338078292,0.5689185845087863,0.8520107238605901,0.6123178807947021
0.8830960854092526,0.31056669141301896,0.9021447721179625,0.23033112582781445
0.8683274021352311,0.45063103192279286,0.422117962466488,0.19364238410596002
0.8939501779359428,0.6194011383320976,0.33579088471849866,0.14463576158940405
0.5948398576512456,0.47537738183618217,0.8469168900804289,0.35827814569536454
0.8939501779359428,0.6070279633754012,0.6560321715817694,0.22026490066225168
0.3322064056939502,0.36055431823806217,0.9432975871313676,0.5839735099337755
0.28238434163701065,0.15021034397426547,0.8155495978552281,0.6105960264900663
0.3097864768683274,0.6142044048502875,0.6840482573726543,0.5741721854304638
0.731850533807829,0.47809948032665517,0.37935656836461135,0.2868874172185434
0.33274021352313166,0.5679287305122536,0.6611260053619303,0.5064900662251652
0.35854092526690384,0.5716406829992593,0.5932975871313673,0.6875496688741727
0.6176156583629894,0.5424399901014603,0.5502680965147453,0.4189403973509931
0.755693950177936,0.3739173471912913,0.24785522788203757,0.17046357615893992
0.6313167259786477,0.6198960653303658,0.7676943699731904,0.3382781456953641
0.25551601423487535,0.21925266023261614,0.4001340482573727,0.4887417218543053
0.29483985765124554,0.6770601336302917,0.6579088471849868,0.6978807947019865
0.8939501779359428,0.608017817371941,0.6711796246648793,0.19059602649006546
0.2480427046263345,0.6592427616926528,0.6876675603217159,0.7317880794701983
0.8224199288256228,0.4486513239297203,0.7418230563002683,0.185430463576159
0.18167259786476864,0.8250433061123523,0.7214477211796246,0.9038410596026489
0.28451957295373664,0.2353377876763183,0.8861930294906168,0.5927152317880795
0.2715302491103202,0.6159366493442242,0.5810991957104559,0.7305960264900664
0.26174377224199286,0.6458797327394237,0.5036193029490617,0.975364238410596
0.7677935943060498,0.4130165800544461,0.08967828418230567,0.09748344370860895
0.6176156583629894,0.545657015590205,0.5959785522788204,0.43152317880794655
0.27224199288256223,0.5978718139074495,0.7852546916890082,0.5977483443708609
0.755693950177936,0.3751546646869599,0.2855227882037534,0.16158940397350996
0.2501779359430605,0.8856718634001517,0.5827077747989278,0.9063576158940396
0.28861209964412804,0.6750804256372192,0.7991957104557643,0.5708609271523182
0.6215302491103202,0.6005939123979225,0.6238605898123324,0.4668874172185431
0.32544483985765116,0.654293491709975,0.5638069705093836,0.8304635761589401
0.7309608540925266,0.4528582034149977,0.5737265415549597,0.31470198675496697
0.7185053380782916,0.4761197723335826,0.26005361930294907,0.2814569536423841
0.3199288256227758,0.5033407572383091,0.766353887399464,0.5753642384105957
0.346797153024911,0.5278396436525625,0.7085790884718499,0.7654304635761591
0.43540925266903907,0.35634743875278474,0.9012064343163542,0.6068874172185428
0.41921708185053386,0.4261321455085394,0.14705093833780164,0.33509933774834444
0.3352313167259787,0.6288047512991852,0.8144772117962467,0.7801324503311262
0.23487544483985767,0.584261321455088,0.6089812332439679,0.8899337748344367
0.8172597864768684,0.3741648106904236,0.5966487935656837,0.29655629139072825
0.9676156583629892,0.34719128928482945,0.4426273458445041,0.13059602649006585
0.42437722419928825,0.5436773075971324,0.4411528150134048,0.4495364238410593
0.7999999999999997,0.48255382331106134,0.8258713136729223,0.20264900662251684
0.45017793594306044,0.4986389507547635,0.8001340482573727,0.4656953642384112
0.596085409252669,0.5723830734966597,0.6934316353887402,0.3435761589403974
0.19377224199288257,0.9012620638455822,0.8065683646112602,0.79046357615894
0.2879003558718861,0.4899777282850799,0.6076407506702413,0.5272847682119206
0.45231316725978643,0.39222964612719835,0.4525469168900805,0.30238410596026455
0.2644128113879003,0.45434298440980214,0.7910187667560322,0.7675496688741719
0.7898576512455516,0.39618906211333993,0.26943699731903487,0.23748344370860952
0.7322064056939502,0.5498638950754788,0.6812332439678284,0.5052980132450333
0.6859430604982205,0.41177926255877395,0.7178284182305632,0.3411920529801318
0.3731316725978647,0.5167037861915382,0.8587131367292227,0.4218543046357617
0.8597864768683275,0.5508537490720116,0.7985254691689008,0.11311258278145697
0.2450177935943061,0.4466716159366513,0.8340482573726542,0.7139072847682124
0.8186832740213522,0.2600841375897076,0.39544235924932986,0.13986754966887371
0.23274021352313157,0.5904479089334345,0.7250670241286865,0.9562913907284765
0.8774021352313167,0.5864884929472929,0.7752010723860592,0.1912582781456953
0.31637010676156585,0.4607770353872809,0.3967828418230563,0.5631788079470192
0.5064056939501779,0.5854986389507566,0.5703753351206435,0.5607947019867554
0.8117437722419928,0.3704528582034179,0.7344504021447722,0.25271523178807875
0.2966192170818506,0.610739915862414,0.750804289544236,0.6479470198675497
0.7535587188612097,0.320712694877507,0.5148793565683647,0.346490066225166
0.2850533807829182,0.6971046770601355,0.8223860589812333,0.9517880794701989
0.2784697508896796,0.6795347686216289,0.9117962466487937,0.6157615894039736
0.2790035587188612,0.8220737441227399,0.6526809651474532,0.6043708609271521
0.544661921708185,0.40163325909428593,0.8572386058981234,0.29655629139072825
0.7138790035587189,0.6075228903736729,0.4785522788203754,0.3194701986754964
0.6852313167259786,0.6060381093788685,0.3079088471849866,0.3291390728476822
0.4638790035587188,0.32590942835931713,0.5115281501340483,0.24066225165562916
0.8514234875444838,0.22840880970057142,0.8908847184986595,0.19973509933774825
0.23274021352313157,0.5694135115070544,0.7537533512064345,0.8978807947019867
0.8565836298932384,0.4486513239297203,0.3914209115281501,0.11814569536423836
0.30106761565836304,0.38134125216530634,0.812868632707775,0.6437086092715232
0.3177935943060498,0.39247710962633064,0.6837801608579088,0.6969536423841056
0.6012455516014233,0.47290274684484146,0.7887399463806972,0.387019867549669
0.6580071174377223,0.3066072754268738,0.4930294906166221,0.20768211920529822
0.2715302491103202,0.5609997525364996,0.42975871313672925,0.6168211920529796
0.2667259786476869,0.4563226924028747,0.5268096514745308,0.6909933774834434
0.6300711743772242,0.6191536748329618,0.8109919571045578,0.3750993377483445
0.2293594306049822,0.5030932937391768,0.8123324396782843,0.7058278145695365
0.6709964412811388,0.4419698094531057,0.17439678284182308,0.27470198675496693
0.2702846975088967,0.33011630784459456,0.9680965147453084,0.7268874172185429
0.4320284697508897,0.7557535263548623,0.7052278820375337,0.18357615894039725
0.5992882562277578,0.4706755753526366,0.6197050938337803,0.30198675496688754
0.2923487544483986,0.6748329621380869,0.626005361930295,0.7121854304635757
0.5781138790035586,0.48502845830240204,0.6648793565683646,0.37019867549668817
0.23790035587188607,0.17173966839891364,0.8162198391420914,0.66251655629139
0.7677935943060498,0.5023509032417763,0.700402144772118,0.2769536423841057
0.7074733096085409,0.5602573620390991,0.5420911528150134,0.4321854304635764
0.4946619217081849,0.5016085127443723,0.7690348525469171,0.5352317880794706
0.45017793594306044,0.4912150457807485,0.8840482573726542,0.49033112582781424
0.5170818505338078,0.5407077456075235,0.6743967828418231,0.4450331125827818
0.27526690391459074,0.3761445186834962,0.8081769436997319,0.6829139072847683
0.4329181494661921,0.5553080920564248,0.8536193029490617,0.6508609271523174
0.3177935943060498,0.39693145261074037,0.6951742627345845,0.6324503311258276
0.3784697508896797,0.5016085127443723,0.7174262734584451,0.44185430463576125
0.3466192170818506,0.7577332343479348,0.8438337801608582,0.6174834437086094
0.8891459074733096,0.22073744122742056,0.4880697050938338,0.21350993377483451
0.849644128113879,0.3407572383073507,0.6373994638069707,0.26344370860927135
0.4596085409252668,0.38950754763672535,0.7848525469168901,0.3803973509933778
0.4754448398576512,0.3187329868844344,0.9825737265415551,0.4034437086092719
0.736476868327402,0.6268250433061162,0.4680965147453083,0.16066225165562908
0.3930604982206406,0.42811185350161196,0.8434316353887401,0.3882119205298009
0.2850533807829182,0.7117050235090332,0.4869973190348526,0.749801324503311
0.24555160142348742,0.52585993565949,0.8124664879356569,0.8556291390728479
0.3649466192170818,0.41004701806483723,0.8095174262734586,0.4777483443708608
0.2667259786476869,0.47562484533531446,0.9021447721179625,0.8811920529801327
0.6998220640569394,0.33308586983419985,0.3458445040214478,0.21801324503311292
0.34234875444839863,0.5342736946300448,0.22721179624664883,0.5792052980132452
0.8131672597864769,0.3763919821826285,0.526407506702413,0.1419867549668874
0.7161921708185052,0.5350160851274453,0.38820375335120655,0.3108609271523184
0.3377224199288257,0.5968819599109132,0.8044235924932976,0.7132450331125826
0.3261565836298932,0.5840138579559522,0.5678284182305631,0.604900662251656
0.6902135231316727,0.6973521405592713,0.5777479892761395,0.41298013245033083
0.34946619217081853,0.7319970304380128,0.2341823056300269,0.677615894039735
0.4749110320284696,0.47191289284830873,0.5663538873994638,0.4984105960264902
0.708540925266904,0.4788418708240556,0.7262734584450403,0.29364238410596055
0.2743772241992882,0.7998020292006949,0.8097855227882038,0.572847682119205
0.4412811387900355,0.4315763424894854,0.9223860589812334,0.37112582781456904
0.8295373665480427,0.33580796832467286,0.8786863270777481,0.15245033112582718
0.34288256227758007,0.657015590200448,0.2987935656836462,0.572715231788079
0.4544483985765124,0.4659737688690946,0.7718498659517428,0.46132450331125785
0.23701067615658356,0.6164315763424888,0.5005361930294907,0.8405298013245037
0.25355871886120995,0.6092551348676096,0.780697050938338,0.798940397350993
0.5781138790035586,0.49022519178421575,0.5359249329758715,0.3231788079470199
0.27419928825622775,0.7324919574362809,0.8718498659517426,0.8916556291390725
0.5546263345195729,0.6792873051224966,0.6706434316353889,0.4540397350993377
0.7327402135231317,0.4286067804998801,0.2789544235924933,0.22940397350993358
0.3508896797153024,0.7510517198713202,0.7904825737265417,0.621854304635761
0.40160142348754446,0.24028705765899616,0.370911528150134,0.22344370860927132
0.3097864768683274,0.6320217767879228,0.6384718498659518,0.548609271523179
0.2852313167259787,0.6099975253650101,0.8009383378016086,0.7423841059602649
0.8638790035587188,0.26503340757238547,0.46461126005361936,0.14569536423841
0.45017793594306044,0.5397178916109908,0.7904825737265417,0.4814569536423843
0.658896797153025,0.37490720118782406,0.8560321715817696,0.2520529801324507
0.6612099644128114,0.6186587478346972,0.67171581769437,0.4263576158940392
0.28113879003558706,0.7485770848799831,0.944638069705094,0.6478145695364237
0.8809608540925268,0.4152437515466474,0.37828418230563005,0.3260927152317876
0.2734875444839857,0.6139569413511552,0.81514745308311,0.515629139072848
0.7601423487544482,0.5085374907201228,0.25335120643431636,0.1945695364238409
0.711387900355872,0.4944320712694896,0.49504021447721186,0.3596026490066224
0.7046263345195728,0.16926503340757293,0.426005361930295,0.14662251655629088
0.26085409252669045,0.9698094531056682,0.7257372654155498,0.8092715231788077
0.3227758007117437,0.7169017569908469,0.7718498659517428,0.613509933774834
0.24964412811387904,0.5263548626577581,0.7327077747989277,0.6717880794701987
0.2653024911032029,0.3127938629052238,0.5738605898123326,0.7596026490066228
0.23487544483985767,0.605295718881468,0.4991957104557641,0.79748344370861
0.8507117437722419,0.4219252660232655,0.2,0.11165562913907312
0.351067615658363,0.5003711952487038,0.8439678284182306,0.6630463576158938
0.7448398576512455,0.5246226181638249,0.3359249329758713,0.32476821192052974
0.2784697508896796,0.7993071022024267,0.961260053619303,0.7402649006622513
0.23327402135231312,0.5511012125711474,0.4249329758713137,0.6442384105960262
0.31637010676156585,0.4399901014600367,0.8088471849865952,0.774437086092715
0.795017793594306,0.45211581291759373,0.79544235924933,0.17814569536423797
0.33274021352313166,0.517693640188071,0.5761394101876678,0.4088741721854303
0.7695729537366548,0.45310566691413356,0.794235924932976,0.3452980132450332
0.20195729537366547,0.5082900272209869,0.7717158176943699,0.7011920529801321
0.2788256227758007,0.7225934174709252,0.660455764075067,0.8814569536423837
0.2604982206405694,0.6975996040584036,0.7978552278820377,0.7315231788079473
0.6827402135231316,0.5194258846820112,0.7863270777479894,0.35695364238410576
0.7384341637010675,0.49517446176689006,0.7142091152815015,0.4581456953642391
0.8475088967971528,0.39891116060381293,0.8650134048257374,0.24980132450331105
0.7629893238434161,0.36030685473892987,0.09718498659517433,0.16251655629138995
0.28131672597864765,0.6599851521900533,0.7627345844504021,0.7872847682119204
0.40391459074733094,0.5033407572383091,0.19678284182305633,0.2553642384105963
0.4234875444839856,0.2326156891858453,0.5190348525469171,0.32754966887417236
0.6355871886120995,0.5023509032417763,0.6932975871313674,0.3132450331125831
0.5546263345195729,0.6740905716406829,0.7302949061662201,0.5190728476821187
0.793238434163701,0.33828260331601,0.4738605898123324,0.16450331125827855
0.7327402135231317,0.2937391734719128,0.8636729222520108,0.24900662251655614
0.22989323843416376,0.5137342242019329,0.8663538873994638,0.6745695364238413
0.3137010676156584,0.39247710962633064,0.8739946380697052,0.6403973509933776
0.4868327402135231,0.792873051224948,0.3802949061662199,0.46344370860927153
0.8551601423487544,0.44766146993318756,0.41367292225201074,0.16132450331125803
0.6681494661921706,0.472160356347441,0.3016085790884719,0.3642384105960259
0.7384341637010675,0.4912150457807485,0.5447721179624665,0.4586754966887412
0.26263345195729526,0.5154664686958697,0.860857908847185,0.5423841059602648
0.2829181494661921,0.6837416481069063,0.8900804289544235,0.7394701986754963
0.595373665480427,0.4137589705518465,0.8257372654155497,0.3245033112582778
0.6140569395017793,0.6481069042316285,0.4693029490616622,0.2827814569536429
0.6612099644128114,0.6109873793615463,0.6399463806970509,0.42437086092715237
0.9026690391459075,0.35882207374412545,0.6158176943699731,0.161456953642384
0.2667259786476869,0.4595397178916123,0.7229222520107239,0.7441059602649007
0.8375444839857652,0.34991338777530245,0.5439678284182305,0.14887417218543053
0.3113879003558718,0.53204652313784,0.8135388739946381,0.7254304635761581
0.8638790035587188,0.2974511259589221,0.5979892761394103,0.21006622516556295
0.9218861209964412,0.3904974016332581,0.8985254691689009,0.14569536423841
0.5546263345195729,0.6585003711952488,0.7605898123324397,0.4867549668874167
0.37099644128113873,0.49492699826775777,0.622520107238606,0.39377483443708616
0.2973309608540925,0.28186092551348807,0.7538873994638071,0.8761589403973513
0.2667259786476869,0.45533283840633487,0.7467828418230564,0.6944370860927149
0.40160142348754446,0.25068052462262,0.5004021447721181,0.3084768211920528
0.7330960854092526,0.39247710962633064,0.5538873994638069,0.2152317880794703
0.8548042704626334,0.4563226924028747,0.39651474530831105,0.2703311258278145
0.4596085409252668,0.3865379856471165,0.934584450402145,0.3410596026490067
0.7569395017793595,0.32986884434546226,0.3626005361930295,0.07774834437086042
0.25551601423487535,0.6708735461519453,0.7130026809651475,0.7784105960264895
0.3097864768683274,0.6228656273199711,0.6674262734584451,0.5331125827814569
0.21583629893238432,0.43207126948775354,0.8261394101876676,0.8121854304635763
0.38932384341637016,0.2697352140559275,0.603083109919571,0.5582781456953647
0.30106761565836304,0.38827023014105677,0.7317694369973191,0.847019867549669
0.3480427046263346,0.8030190546894325,0.8057640750670243,0.7513907284768209
0.4250889679715302,0.7008166295471447,0.5796246648793566,0.5054304635761593
0.2923487544483986,0.3622865627319989,0.6789544235924934,0.4388079470198676
0.6923487544483985,0.5308092056421714,0.7668900804289545,0.33298013245033076
0.6128113879003557,0.5931700074239075,0.5975871313672922,0.40211920529801315
0.3508896797153024,0.7517941103687207,0.772922252010724,0.588609271523179
0.7695729537366548,0.4501361049245247,0.44745308310991955,0.3651655629139068
0.6537366548042703,0.6567681267013121,0.7189008042895444,0.41774834437086117
0.34003558718861204,0.8490472655283376,0.5808310991957104,0.6675496688741722
0.8288256227758005,0.3454590447908963,0.8506702412868634,0.18185430463576147
0.30391459074733085,0.5330363771343727,0.9130026809651475,0.8042384105960263
0.576512455516014,0.6020786933927269,0.6742627345844505,0.44635761589403966
0.7999999999999997,0.44914625092798843,0.8156836461126007,0.24105960264900617
0.3437722419928825,0.7485770848799831,0.8735924932975874,0.7850331125827807
0.2480427046263345,0.6636971046770626,0.7459785522788205,0.8010596026490067
0.17989323843416372,0.5911902994308349,0.8009383378016086,0.9207947019867548
0.6884341637010675,0.4889878742885436,0.8596514745308312,0.3774834437086092
0.7870106761565837,0.3947042811185355,0.7112600536193032,0.17271523178807957
0.8402135231316724,0.36426627072507145,0.5363270777479892,0.09337748344370844
0.20195729537366547,0.7495669388765158,0.7481233243967831,0.7025165562913909
0.30106761565836304,0.3622865627319989,0.6384718498659518,0.5994701986754967
0.4754448398576512,0.34050977480821487,0.9990616621983917,0.402781456953643
0.6211743772241992,0.6451373422420232,0.7975871313672924,0.3523178807947023
0.2775800711743772,0.7579806978470671,0.7443699731903486,0.7218543046357615
0.43540925266903907,0.3927245731254665,0.8398123324396782,0.44423841059602687
0.3480427046263346,0.7795100222717188,0.6772117962466488,0.516556291390728
0.7754448398576511,0.32863152684979013,0.4517426273458445,0.1486092715231786
0.8793594306049822,0.4194506310319248,0.44906166219839144,0.18768211920529776
0.7046263345195728,0.22865627319970372,0.22855227882037538,0.13668874172185408
0.3437722419928825,0.6300420687948538,0.8089812332439679,0.5769536423841055
0.8234875444839856,0.28953229398663893,0.7772117962466489,0.2446357615894046
0.8508896797153026,0.4691907943578357,0.8365951742627347,0.23337748344370812
0.5149466192170817,0.6112348428606822,0.6126005361930296,0.5825165562913908
0.6690391459074733,0.6810195496164333,0.7600536193029492,0.4413245033112583
0.6229537366548042,0.31155654540955524,0.6789544235924934,0.2139072847682124
0.7774021352313166,0.2563721851026983,0.5479892761394103,0.23403973509933795
0.25355871886120995,0.6396931452610772,0.5809651474530833,0.6842384105960271
0.22259786476868326,0.6837416481069063,0.789946380697051,0.5672847682119198
0.5752669039145907,0.37169017569908647,0.7927613941018767,0.2388079470198674
0.27313167259786475,0.6347438752783958,0.6359249329758714,0.6278145695364241
0.28113879003558706,0.6926503340757257,0.6611260053619303,0.524238410596026
0.8172597864768684,0.3751546646869599,0.613941018766756,0.29072847682119196
0.6062277580071175,0.32491957436278085,0.799597855227882,0.32105960264900624
0.36085409252669043,0.6825043306112377,0.8541554959785524,0.5605298013245035
0.7699288256227758,0.4830487503093295,0.6509383378016087,0.3973509933774837
0.7921708185053379,0.3714427121999506,0.48123324396782846,0.21337748344370855
0.6386120996441281,0.5006186587478361,0.49611260053619305,0.21655629139072818
0.8873665480427045,0.47389260084137774,0.6864611260053619,0.1829139072847683
0.4441281138790035,0.38406335065577935,0.8144772117962467,0.29483443708609247
0.7855871886120996,0.41846077703538853,0.2879356568364611,0.19642384105960264
0.6064056939501777,0.48502845830240204,0.644638069705094,0.3154966887417219
0.7806049822064057,0.466716159366495,0.6706434316353889,0.21086092715231786
0.34234875444839863,0.6285572878000494,0.8739946380697052,0.6639735099337747
0.28238434163701065,0.010393466963623865,0.9166219839142091,0.6084768211920526
0.7601423487544482,0.4439495174461783,0.5083109919571045,0.16754966887417222
0.2734875444839857,0.6221232368225706,0.8127345844504021,0.5071523178807951
0.31761565836298933,0.46844840386043174,0.5865951742627344,0.21549668874172134
0.20106761565836295,0.8292501855976298,0.746246648793566,0.8158940397350998
0.5895017793594305,0.44518683494184685,0.6867292225201074,0.39258278145695336
0.19377224199288257,0.8668646374659765,0.861662198391421,0.8143046357615891
0.4053380782918149,0.523880227666421,0.46286863270777484,0.38013245033112586
0.731850533807829,0.5117545162088604,0.19504021447721182,0.2487417218543051
0.42028469750889674,0.5461519425884696,0.17680965147453082,0.523576158940398
0.25355871886120995,0.6879485275921837,0.5888739946380697,0.7694039735099336
0.7706405693950177,0.33778767631774187,0.6289544235924933,0.22860927152317867
0.4638790035587188,0.35906953724325774,0.8731903485254693,0.36781456953642344
0.2838078291814947,0.23731749566939087,0.8477211796246649,0.8585430463576156
0.3476868327402135,0.6825043306112377,0.8163538873994638,0.685430463576159
0.8809608540925268,0.4055926750804275,0.8021447721179626,0.29284768211920564
0.31637010676156585,0.5115070527097245,0.4394101876675604,0.5288741721854304
0.2293594306049822,0.5008661222469684,0.7957104557640753,0.6919205298013242
0.28131672597864765,0.6557782727047758,0.35683646112600537,0.709668874172185
0.18167259786476864,0.8361791635733766,0.7278820375335122,0.9411920529801323
0.0092526690391459,0.40979955456570494,0.6336461126005362,0.5621192052980133
0.6496441281138788,0.445681761940115,0.3841823056300268,0.34913907284768175
0.7064056939501778,0.5936649344221756,0.6215817694369974,0.33748344370860917
0.591814946619217,0.578817124474142,0.632975871313673,0.38092715231788077
0.5610320284697509,0.5159613956941378,0.7882037533512065,0.4585430463576161
0.7806049822064057,0.5038356842365772,0.3010723860589813,0.17112582781456975
0.32669039145907464,0.43801039346696413,0.9856568364611262,0.588609271523179
0.8638790035587188,0.30536995793120525,0.6722520107238605,0.19629139072847668
0.2921708185053381,0.4471665429349194,0.30576407506702413,0.6007947019867546
0.7220640569395017,0.43405097748082255,0.8040214477211798,0.3357615894039734
0.6149466192170819,0.4204404850284611,0.7235924932975872,0.2462251655629144
0.4412811387900355,0.451125958921061,0.9966487935656838,0.38754966887417197
0.7421708185053378,0.3157634248948291,0.40978552278820385,0.20768211920529822
0.7158362989323844,0.46300420687948574,0.5151474530831099,0.26847682119205274
0.19377224199288257,0.9034892353377906,0.8454423592493299,0.8998675496688744
0.7946619217081848,0.4318238059886177,0.3840482573726542,0.2876821192052983
0.6064056939501777,0.4751299183370463,0.4327077747989277,0.2768211920529806
0.6329181494661921,0.33506557782726887,0.7985254691689008,0.2683443708609268
0.24928825622775797,0.6552833457065113,0.583780160857909,0.8972185430463577
0.9375444839857651,0.44790893343231986,0.48176943699731906,0.18384105960264918
0.8172597864768684,0.3823311061618426,0.34785522788203754,0.15774834437086138
0.2829181494661921,0.6869586735956474,0.893833780160858,0.7086092715231782
0.4749110320284696,0.4751299183370463,0.32788203753351214,0.48410596026490094
0.29483985765124554,0.6270725068052485,0.8756032171581769,0.7748344370860929
0.6884341637010675,0.47290274684484146,0.7840482573726542,0.29112582781456986
0.2807829181494662,0.8005444196980953,0.947721179624665,0.7123178807947026
0.6229537366548042,0.32912645384806183,0.6485254691689009,0.24158940397351003
0.24555160142348742,0.5795595149715425,0.7028150134048257,0.6438410596026491
0.904626334519573,0.38480574115318333,0.4898123324396783,0.1957615894039737
0.3048042704626335,0.40262311309081866,0.7486595174262736,0.7618543046357615
0.3279359430604982,0.5681761940113859,0.26997319034852557,0.5543046357615893
0.347508896797153,0.3991586241029452,0.32627345844504024,0.2871523178807944
0.658896797153025,0.36995793120514975,0.8391420911528151,0.3691390728476822
0.43932384341637,0.31724820588963354,0.42184986595174273,0.2347019867549669
0.8343416370106761,0.48131650581539276,0.25321715817694374,0.18490066225165602
0.26405693950177944,0.5006186587478361,0.8717158176943702,0.6096688741721854
0.658896797153025,0.36995793120514975,0.8509383378016087,0.42238410596026466
0.24964412811387904,0.5179411036872104,0.6965147453083111,0.6577483443708614
0.29288256227758,0.996040584013862,0.5737265415549597,0.7349668874172188
0.6140569395017793,0.6357337292749357,0.9261394101876677,0.40622516556291366
0.4544483985765124,0.4919574362781489,0.6939678284182307,0.4876821192052976
0.2540925266903915,0.39123979213066207,0.7537533512064345,0.572582781456954
0.26263345195729526,0.48750309329374275,0.8352546916890082,0.48728476821192057
0.7855871886120996,0.4075723830735001,0.553083109919571,0.18701986754966882
0.2818505338078292,0.5830240039594194,0.5591152815013405,0.6908609271523183
0.25782918149466194,0.49789656025736306,0.6701072386058982,0.7993377483443709
0.5362989323843416,0.6716159366493457,0.5867292225201073,0.4618543046357617
0.4053380782918149,0.5040831477357095,0.529892761394102,0.4924503311258279
0.22989323843416376,0.542192526602328,0.7457104557640752,0.6247682119205296
0.31120996441281135,0.5112595892105922,0.8924932975871316,0.9084768211920533
0.6332740213523133,0.5902004454342986,0.714343163538874,0.46715231788079414
0.708540925266904,0.4842860678050016,0.7068364611260056,0.24781456953642422
0.7275800711743771,0.3781242266765652,0.41983914209115286,0.18860927152317863
0.6720640569395017,0.518436030685475,0.7765415549597856,0.24993377483443702
0.3001779359430604,0.49888641425389935,0.5628686327077748,0.5470198675496691
0.3508896797153024,0.7522890373669888,0.7757372654155499,0.596688741721854
0.8774021352313167,0.5882207374412296,0.7443699731903486,0.19271523178807914
0.6494661921708184,0.4936896807720892,0.7411528150134048,0.25549668874172227
0.45409252669039146,0.5580301905468978,0.8580428954423593,0.48370860927152304
0.26476868327402137,0.6013363028953265,0.8296246648793568,0.6217218543046359
0.8341637010676154,0.44790893343231986,0.9229222520107239,0.18397350993377426
0.8596085409252668,0.317990596387034,0.7218498659517427,0.17456953642384132
0.38523131672597855,0.54689433308587,0.5152815013404826,0.4288741721854299
0.6832740213523131,0.41846077703538853,0.5815013404825737,0.2683443708609268
0.8085409252669037,0.4288542439990124,0.6005361930294906,0.22794701986754973
0.7240213523131672,0.5902004454342986,0.5812332439678285,0.2958940397350993
0.25551601423487535,0.6768126701311559,0.7678284182305632,0.7796026490066224
0.708540925266904,0.458549863895076,0.2983914209115282,0.2623841059602645
0.8565836298932384,0.440979955456573,0.19571045576407503,0.15721854304635752
0.8007117437722419,0.34248948280128744,0.5209115281501342,0.18278145695364234
0.20960854092526693,0.49245236327641706,0.6654155495978553,0.7352317880794699
0.346797153024911,0.5295718881464992,0.56313672922252,0.5600000000000005
0.5880782918149464,0.5167037861915382,0.9963806970509383,0.34993377483443755
0.27224199288256223,0.5919326899282353,0.7690348525469171,0.5731125827814569
0.8258007117437721,0.3432318732986879,0.7935656836461127,0.11907284768211923
0.6681494661921706,0.4986389507547635,0.5400804289544237,0.29033112582781495
0.43540925266903907,0.3432318732986879,0.8522788203753353,0.5589403973509928
0.32544483985765116,0.6231130908191069,0.6741286863270777,0.8606622516556293
0.7999999999999997,0.4028705765899545,0.8714477211796248,0.2520529801324507
0.8110320284697509,0.3694630042068816,0.4942359249329759,0.1762913907284771
0.7158362989323844,0.45038356842366056,0.8270777479892764,0.32635761589403955
0.2653024911032029,0.42959663449641283,0.7786863270777482,0.8646357615894038
0.8713523131672597,0.47290274684484146,0.6183646112600536,0.11403973509933785
0.8597864768683275,0.5483791140806744,0.6859249329758714,0.15549668874172173
0.7064056939501778,0.5657015590200452,0.7394101876675605,0.39920529801324456
0.6494661921708184,0.46745854986389546,0.4974530831099196,0.2690066225165566
0.588967971530249,0.6000989853996543,0.8770777479892762,0.34331125827814546
0.4638790035587188,0.455827765404603,0.8654155495978555,0.4328476821192053
0.48736654804270463,0.7443702053947057,0.7071045576407509,0.653245033112583
0.3001779359430604,0.4986389507547635,0.6747989276139412,0.5417218543046358
0.2263345195729537,0.6646869586735988,0.6123324396782841,0.7688741721854306
0.5816725978647687,0.4983914872556312,0.8160857908847186,0.3907284768211916
0.3263345195729538,0.5127443702053966,0.676809651474531,0.6882119205298016
0.2966192170818506,0.6095025983667419,0.7836461126005363,0.6152317880794698
0.18558718861209966,0.5033407572383091,0.9111260053619303,0.8336423841059597
0.7185053380782916,0.4536005939124017,0.2761394101876676,0.2649006622516552
0.7635231316725978,0.37663944568176433,0.4848525469168901,0.19748344370860949
0.6062277580071175,0.3758970551843639,0.5320375335120644,0.21735099337748398
0.7158362989323844,0.44048502845830484,0.6463806970509385,0.28119205298013217
0.2540925266903915,0.44790893343231986,0.7947721179624665,0.8864900662251651
0.3476868327402135,0.6832467211086382,0.5919571045576408,0.4961589403973514
0.583629893238434,0.5807968324672146,0.7600536193029492,0.4862251655629146
0.9163701067615658,0.15317990596387432,0.6730563002680965,0.1507284768211914
0.7608540925266903,0.4830487503093295,0.27225201072386057,0.2140397350993375
0.8250889679715302,0.4261321455085394,0.8230563002680966,0.21324503311258258
0.2893238434163701,0.5013610492452365,0.9214477211796248,0.5932450331125825
0.24857651245551593,0.4444444444444464,0.6195710455764076,0.9886092715231785
0.25444839857651236,0.657015590200448,0.6776139410187669,0.814701986754967
0.7322064056939502,0.5956446424152446,0.5978552278820375,0.2392052980132453
0.6181494661921708,0.4137589705518465,0.7848525469168901,0.4279470198675499
0.351067615658363,0.5040831477357095,0.8711796246648795,0.6252980132450334
0.3377224199288257,0.5726305369957956,0.8438337801608582,0.7242384105960262
0.6797153024911032,0.5134867607027971,0.61313672922252,0.3498013245033116
0.7608540925266903,0.45706508290027514,0.5536193029490617,0.24821192052980123
0.28131672597864765,0.64068299925761,0.8214477211796247,0.783311258278145
0.19377224199288257,0.906953724325664,0.7998659517426274,0.8002649006622518
0.4544483985765124,0.5040831477357095,0.7825737265415551,0.5353642384105957
0.731850533807829,0.5325414501361045,0.49664879356568364,0.39456953642384107
0.3731316725978647,0.5058153922296498,0.9843163538873996,0.4131125827814568
0.6081850533807828,0.28854243999010265,0.9341823056300269,0.25311258278145665
0.6859430604982205,0.47661469933185074,0.7955764075067024,0.3494039735099337
0.9284697508896796,0.47265528334570917,0.658981233243968,0.13629139072847707
0.8774021352313167,0.5681761940113859,0.2380697050938338,0.19748344370860949
0.34946619217081853,0.756248453353134,0.8087131367292226,0.8260927152317876
0.5362989323843416,0.6530561742143028,0.4907506702412869,0.45999999999999996
0.7886120996441283,0.45731254639940744,0.503485254691689,0.3568211920529798
0.7946619217081848,0.44889878742885614,0.7631367292225202,0.3256953642384106
0.8683274021352311,0.4454342984409827,0.4150134048257374,0.19046357615894038
0.5362989323843416,0.6770601336302917,0.6729222520107241,0.49324503311258283
0.5895017793594305,0.4778520168275193,0.8790884718498662,0.4772185430463578
0.8558718861209963,0.33951992081168214,0.6420911528150133,0.2403973509933781
0.7240213523131672,0.6859688195991112,0.7336461126005365,0.017350993377482915
0.3046263345195729,0.4800791883197242,0.7979892761394103,0.4867549668874167
0.3649466192170818,0.3627814897302635,0.360857908847185,0.33880794701986705
0.9676156583629892,0.34793367978223344,0.421313672922252,0.15139072847682122
0.2784697508896796,0.8067310071764418,0.9506702412868635,0.7564238410596023
0.7064056939501778,0.5889631279386336,0.6422252010723861,0.3494039735099337
0.8343416370106761,0.49072011878248034,0.620509383378016,0.19046357615894038
0.6850533807829181,0.5652066320217806,0.6541554959785523,0.36529801324503275
0.7898576512455516,0.39519920811680365,0.1966487935656836,0.20264900662251684
0.5603202846975089,0.48973026478594406,0.4660857908847185,0.2596026490066228
0.9521352313167261,0.47414006434051004,0.7871313672922253,0.13549668874172216
0.7923487544483986,0.5369957931205178,0.3880697050938338,0.1196026490066231
0.24857651245551593,0.4498886414253924,0.8900804289544235,0.9241059602649004
0.27633451957295374,0.4466716159366513,0.7239946380697051,0.6260927152317874
0.5880782918149464,0.5236327641672851,0.8152815013404826,0.41695364238410626
0.5843416370106761,0.6099975253650101,0.6045576407506703,0.39920529801324456
0.5948398576512456,0.5827765404602836,0.5337801608579089,0.33761589403973513
0.9026690391459075,0.3400148478099503,0.5013404825737267,0.16251655629138995
0.8939501779359428,0.608017817371941,0.6711796246648793,0.19059602649006546
0.8026690391459074,0.3818361791635745,0.7863270777479894,0.26423841059602626
0.18558718861209966,0.5095273447166555,0.9199731903485255,0.8475496688741719
0.7135231316725977,0.520415738678544,0.8368632707774799,0.4858278145695367
0.2893238434163701,0.5115070527097245,0.941152815013405,0.5682119205298015
0.6537366548042703,0.6674090571640718,0.7642091152815014,0.4271523178807941
0.7845195729537365,0.520415738678544,0.35737265415549596,0.18927152317880847
0.8234875444839856,0.2850779510022292,0.7048257372654156,0.1725827814569536
0.736476868327402,0.6233605543182392,0.4410187667560322,0.1721854304635757
0.2852313167259787,0.6716159366493457,0.5985254691689008,0.8161589403973508
0.9026690391459075,0.36203909923286304,0.6686327077747991,0.1332450331125825
0.7074733096085409,0.5627319970304399,0.6423592493297587,0.3862251655629141
0.33256227758007106,0.3167532788913654,0.7840482573726542,0.3075496688741728
0.2686832740213523,0.6518188567186378,0.6394101876675604,0.7222516556291394
0.6501779359430605,0.5169512496906705,0.8077747989276141,0.3063576158940391
0.5866548042704626,0.4983914872556312,0.547319034852547,0.35827814569536454
0.2879003558718861,0.6693887651571409,0.5579088471849867,0.7784105960264895
0.7850533807829182,0.44790893343231986,0.6663538873994639,0.20874172185430417
0.44056939501779346,0.4075723830735001,0.9229222520107239,0.3494039735099337
0.8250889679715302,0.4157386785449191,0.8243967828418233,0.2041059602649007
0.7642348754448399,0.43528829497649113,0.4063002680965147,0.32384105960264886
0.27224199288256223,0.5862410294481606,0.7844504021447722,0.5192052980132447
0.1749110320284697,0.6394456817619414,0.9857908847184986,0.9101986754966891
0.7322064056939502,0.5746102449888646,0.3072386058981233,0.2545695364238414
0.4441281138790035,0.3890126206384572,0.7896782841823058,0.3095364238410596
0.28131672597864765,0.6594902251917851,0.8017426273458446,0.9080794701986754
0.7939501779359431,0.4563226924028747,0.35656836461126,0.2101986754966889
0.3466192170818506,0.7611977233358083,0.9213136729222522,0.6074172185430466
0.8177935943060496,0.4028705765899545,0.46729222520107244,0.17456953642384132
0.8177935943060496,0.32912645384806183,0.56313672922252,0.19403973509933792
0.8507117437722419,0.4761197723335826,0.8119302949061662,0.23642384105960268
0.6023131672597865,0.6174214303390286,0.7030831099195711,0.31642384105960275
0.2222419928825623,0.4315763424894854,0.7873994638069706,0.636423841059603
0.286832740213523,0.5699084385053226,0.3040214477211797,0.4415894039735102
0.6781138790035587,0.48106904231626046,0.5735924932975871,0.29615894039735124
0.2768683274021353,0.7268002969561991,0.6186327077747988,0.531920529801325
0.8713523131672597,0.5030932937391768,0.19034852546916886,0.1324503311258276
0.8117437722419928,0.31724820588963354,0.9395442359249331,0.28781456953642426
0.8597864768683275,0.5384805741153187,0.40428954423592495,0.09761589403973492
0.6637010676156582,0.4271219995050757,0.3900804289544236,0.3256953642384106
0.93576512455516,0.5412026726057917,0.47345844504021456,0.16503311258278153
0.34946619217081853,0.7463499133877747,0.3063002680965147,0.5986754966887418
0.3496441281138789,0.5050730017322458,0.7796246648793566,0.5172185430463578
0.5131672597864769,0.45731254639940744,0.7603217158176945,0.3688741721854303
0.4749110320284696,0.4733976738431096,0.3739946380697052,0.508344370860927
0.5663701067615657,0.3758970551843639,0.5083109919571045,0.24357615894039686
0.35854092526690384,0.5560504825538253,0.6607238605898123,0.5972185430463579
0.3281138790035586,0.7178916109873796,0.6540214477211796,0.7680794701986757
0.8793594306049822,0.41004701806483723,0.5033512064343164,0.2193377483443708
0.6850533807829181,0.6236080178173751,0.42975871313672925,0.28331125827814496
0.32758007117437726,0.440979955456573,0.4930294906166221,0.37072847682119203
0.8508896797153026,0.4800791883197242,0.8478552278820377,0.2309933774834434
0.8250889679715302,0.4194506310319248,0.762064343163539,0.21324503311258258
0.8131672597864769,0.37218510269735106,0.8691689008042898,0.17867549668874183
0.22811387900355873,0.6164315763424888,0.7449061662198393,0.8483443708609268
0.748932384341637,0.5444196980945328,0.5567024128686329,0.3290066225165562
0.2934163701067616,0.5389755011135868,0.4195710455764075,0.637615894039735
0.8565836298932384,0.4580549368968079,0.8605898123324398,0.24238410596026494
0.7999999999999997,0.46176688938381716,0.8376675603217159,0.2442384105960267
0.8071174377224198,0.4122741895570421,0.5498659517426274,0.234304635761589
0.248932384341637,0.5463994060876054,0.9717158176943701,0.6909933774834434
0.48736654804270463,0.752783964365257,0.6721179624664881,0.6030463576158942
0.17989323843416372,0.6164315763424888,0.8438337801608582,0.8976158940397347
0.2572953736654804,0.49789656025736306,0.7176943699731904,0.6426490066225163
0.300355871886121,0.5931700074239075,0.4820375335120644,0.6437086092715232
0.588967971530249,0.5654540955209129,0.7919571045576408,0.402649006622517
0.7845195729537365,0.5221479831724842,0.4697050938337802,0.2570860927152321
0.6955516014234876,0.5040831477357095,0.254691689008043,0.3819867549668876
0.6355871886120995,0.4986389507547635,0.6530831099195711,0.35536423841059595
0.5998220640569395,0.3947042811185355,0.9509383378016087,0.3754966887417224
0.582918149466192,0.5572878000494939,0.7226541554959787,0.46344370860927153
0.6211743772241992,0.5674338035139854,0.8498659517426275,0.2776158940397355
0.7999999999999997,0.3677307597129449,0.3183646112600537,0.17827814569536482
0.45017793594306044,0.520415738678544,0.6083109919571046,0.4631788079470205
0.22135231316725967,0.6825043306112377,0.47064343163538885,0.8112582781456954
0.24555160142348742,0.5763424894828013,0.7215817694369975,0.6727152317880796
0.8177935943060496,0.31205147240781983,0.464745308310992,0.1821192052980134
0.7439501779359431,0.3667409057164086,0.7883378016085794,0.29788079470198703
0.31619217081850537,0.5723830734966597,0.3985254691689008,0.6637086092715236
0.8402135231316724,0.3682256867112095,0.7076407506702413,0.10331125827814525
0.6430604982206406,0.3823311061618426,0.679088471849866,0.3378807947019862
0.27188612099644127,0.690175699084385,0.9609919571045578,0.7896688741721851
0.6297153024911032,0.3900024746349935,0.7210455764075068,0.22609271523178798
0.3227758007117437,0.701064093046277,0.6678284182305629,0.5186754966887417
0.6300711743772242,0.6013363028953265,0.6675603217158177,0.32052980132450326
0.32117437722419917,0.5617421430339036,0.38324396782841824,0.6189403973509933
0.42953736654804264,0.5092798812175232,0.5514745308310993,0.5614569536423835
0.31619217081850537,0.5949022519178442,0.5959785522788204,0.6782781456953648
0.7845195729537365,0.5194258846820112,0.37654155495978553,0.1895364238410595
0.6526690391459075,0.4335560504825544,0.18538873994638078,0.3956291390728479
0.6430604982206406,0.41846077703538853,0.15080428954423597,0.22066225165562958
0.29288256227758,0.9896065330363832,0.6642091152815015,0.7618543046357615
0.2645907473309608,0.6097500618658742,0.8699731903485255,0.846490066225166
0.40391459074733094,0.5181885671863427,0.39423592493297593,0.36688741721854257
0.2667259786476869,0.4803266518188565,0.9187667560321715,0.9108609271523171
0.30355871886121,0.39792130660727665,0.5644772117962467,0.6757615894039732
0.6220640569395018,0.581539222964615,0.503485254691689,0.34701986754966896
0.6229537366548042,0.33655035882207684,0.6163538873994638,0.210331125827814
0.6935943060498221,0.35214055926751087,0.5403485254691691,0.26145695364238364
0.3496441281138789,0.47809948032665517,0.2636729222520107,0.4867549668874167
0.35854092526690384,0.6097500618658742,0.775603217158177,0.717748344370861
0.597864768683274,0.5181885671863427,0.6486595174262735,0.5415894039735099
0.17989323843416372,0.5872308834446933,0.7879356568364613,0.910993377483444
0.34537366548042703,0.6486018312298967,0.6741286863270777,0.5675496688741726
0.2702846975088967,0.7089829250185602,0.7985254691689008,0.669403973509934
0.2973309608540925,0.6248453353130436,0.7924932975871315,0.5630463576158942
0.6834519572953736,0.5365008661222497,0.829490616621984,0.3178807947019866
0.8375444839857652,0.3739173471912913,0.8711796246648795,0.20000000000000018
0.7999999999999997,0.36352388022766746,0.3831099195710456,0.08662251655629127
0.9676156583629892,0.3509032417718423,0.4813672922252011,0.15178807947019912
0.8820284697508897,0.536748329621382,0.7411528150134048,0.18317880794701935
0.3137010676156584,0.3610492452363303,0.6553619302949063,0.5875496688741721
0.6117437722419928,0.456570155902007,0.4426273458445041,0.39999999999999947
0.27526690391459074,0.38703291264538464,0.794235924932976,0.6754966887417213
0.3113879003558718,0.523880227666421,0.862466487935657,0.7002649006622512
0.7064056939501778,0.5773323434793376,0.6620643431635389,0.370860927152318
0.7999999999999997,0.4550853749072026,0.7050938337801609,0.2007947019867551
0.28113879003558706,0.45607522890373886,0.8520107238605901,0.7193377483443708
0.7608540925266903,0.47859440732491976,0.7439678284182307,0.26516556291390714
0.576512455516014,0.6292996782974534,0.57171581769437,0.42781456953642394
0.4804270462633451,0.5248700816629572,0.5005361930294907,0.4127152317880798
0.4946619217081849,0.5001237317495679,0.7487935656836462,0.4962913907284774
0.27419928825622775,0.7312546399406123,0.7936997319034853,0.799072847682119
0.2768683274021353,0.7087354615194279,0.9332439678284183,0.6119205298013242
0.8508896797153026,0.47191289284830873,0.8524128686327079,0.20649006622516541
0.28113879003558706,0.4704281118535043,0.8529490616621984,0.6947019867549669
0.2923487544483986,0.3833209601583789,0.7449061662198393,0.467284768211921
0.8683274021352311,0.49047265528334805,0.4735924932975872,0.19748344370860949
0.708540925266904,0.4632516703786216,0.15911528150134052,0.22397350993377518
0.588967971530249,0.6070279633754012,0.8402144772117963,0.387019867549669
0.27117437722419935,0.5189309576837431,0.8014745308310993,0.6923178807947012
0.8774021352313167,0.5726305369957956,0.014879356568364643,0.09841059602648983
0.3227758007117437,0.6980945310566717,0.9126005361930296,0.6500662251655625
0.8713523131672597,0.4580549368968079,0.1601876675603217,0.11523178807946977
0.34288256227758007,0.6686463746597369,0.1844504021447722,0.5443708609271525
0.686476868327402,0.48973026478594406,0.9935656836461129,0.3315231788079469
0.8715302491103202,0.21900519673348384,0.2304289544235925,0.2052980132450326
0.795017793594306,0.43033902499381327,0.33512064343163545,0.11748344370860941
0.8507117437722419,0.4214303390249938,0.22667560321715824,0.17827814569536482
0.17989323843416372,0.5914377629299672,0.7808310991957106,0.919470198675497
0.7309608540925266,0.45335313041326586,0.3300268096514745,0.12887417218543096
0.5866548042704626,0.518436030685475,0.18981233243967827,0.22874172185430464
0.8172597864768684,0.38406335065577935,0.30857908847184984,0.15496688741721787
0.8693950177935942,0.4192031675327925,0.810857908847185,0.2603973509933777
0.7923487544483986,0.552338530066816,0.5576407506702412,0.07006622516556327
0.3227758007117437,0.7020539470428133,0.6278820375335121,0.515496688741722
0.3261565836298932,0.5887156644394942,0.3126005361930296,0.5663576158940398
0.711387900355872,0.4974016332590949,0.4660857908847185,0.3574834437086096
0.2743772241992882,0.805741153179909,0.9560321715817695,0.8082119205298008
0.848220640569395,0.531304132640436,0.25831099195710455,0.25894039735099295
0.32384341637010683,0.5073001732244506,0.16849865951742632,0.5341721854304629
0.2501779359430605,0.7958426132145497,0.5871313672922251,0.717350993377484
0.7699288256227758,0.5357584756248457,0.2745308310991958,0.3860927152317881
0.8258007117437721,0.32986884434546226,0.4134048257372654,0.07788079470198639
0.7699288256227758,0.4974016332590949,0.4050938337801609,0.3430463576158944
0.4946619217081849,0.5030932937391768,0.7672922252010725,0.4701986754966887
0.7384341637010675,0.36080178173719446,0.5841823056300268,0.26105960264900663
0.2704626334519573,0.7329868844345491,0.7112600536193032,0.8361589403973504
0.8117437722419928,0.36971046770601745,0.7174262734584451,0.18768211920529776
0.4234875444839856,0.2464736451373426,0.5932975871313673,0.3415894039735097
0.32580071174377223,0.4716654293491729,0.7049597855227885,0.7545695364238414
0.24555160142348742,0.31650581539222955,0.6113941018766758,0.5325827814569539
0.28451957295373664,0.3214550853749074,0.7757372654155499,0.5872847682119211
0.7046263345195728,0.16901756990844063,0.5680965147453083,0.14503311258278107
0.6177935943060496,0.6137094778520193,0.5345844504021449,0.4072847682119205
0.8258007117437721,0.3333333333333357,0.5558981233243969,0.12092715231788098
0.9375444839857651,0.4481563969314557,0.4565683646112601,0.18357615894039725
0.5866548042704626,0.5112595892105922,0.2668900804289544,0.31562913907284695
0.2807829181494662,0.8522642910170752,0.8134048257372655,0.7878145695364243
0.2738434163701068,0.5731254639940602,0.7689008042895444,0.6943046357615899
0.34733096085409254,0.6203909923286339,0.5461126005361929,0.5413245033112579
0.5546263345195729,0.6696362286562767,0.7847184986595175,0.47867549668874165
0.26476868327402137,0.5874783469438256,0.8949061662198392,0.7127152317880796
0.4167259786476868,0.5164563226924059,0.8493297587131368,0.5655629139072849
0.8713523131672597,0.46547884187082644,0.07895442359249333,0.1096688741721854
0.2829181494661921,0.4142538975501111,0.9510723860589814,0.8287417218543043
0.5546263345195729,0.6632021776787944,0.6912868632707776,0.44980132450331123
0.29483985765124554,0.6530561742143028,0.828686327077748,0.7022516556291389
0.6720640569395017,0.5174461766889387,0.8919571045576409,0.26344370860927135
0.23380782918149468,0.4974016332590949,0.5596514745308312,0.8549668874172189
0.40391459074733094,0.49072011878248034,0.6912868632707776,0.3519205298013244
0.6023131672597865,0.6035634743875278,0.42091152815013405,0.3452980132450332
0.28861209964412804,0.6998267755506085,0.9219839142091155,0.6039735099337751
0.5781138790035586,0.49888641425389935,0.5995978552278822,0.35245033112582824
0.5880782918149464,0.515713932195002,0.9923592493297588,0.38715231788079496
0.8597864768683275,0.542192526602328,0.20134048257372655,0.17298013245033061
0.253202846975089,0.44790893343231986,0.9184986595174263,0.5815894039735099
0.16601423487544475,0.8710715169512504,0.6026809651474532,0.7733774834437082
0.7629893238434161,0.40336550358822265,0.535254691689008,0.10834437086092752
0.32580071174377223,0.5035882207374414,0.884584450402145,0.6847682119205292
0.6023131672597865,0.6154417223459561,0.8703753351206436,0.39708609271523176
0.25355871886120995,0.6354862657757998,0.6900804289544238,0.7883443708609263
0.7886120996441283,0.48230635981192904,0.28096514745308315,0.257748344370861
0.7138790035587189,0.6451373422420232,0.747721179624665,0.4536423841059598
0.6220640569395018,0.576095025983669,0.40147453083109924,0.3070198675496689
0.17864768683274013,0.5793120514724066,0.42305630026809654,0.64476821192053
0.4053380782918149,0.5362534026231138,0.5194369973190349,0.3750993377483445
0.748932384341637,0.5355110121257134,0.09959785522788211,0.13960264900662267
0.6987544483985765,0.6829992576095059,0.396916890080429,0.3894039735099337
0.27633451957295374,0.45038356842366056,0.49785522788203757,0.5837086092715227
0.3838078291814946,0.5102697352140559,0.36286863270777486,0.3815894039735097
0.7046263345195728,0.16975996040584107,0.41380697050938337,0.16423841059602662
0.6081850533807828,0.37169017569908647,0.7422252010723862,0.2786754966887415
0.588967971530249,0.573372927493196,0.631769436997319,0.32834437086092727
0.37580071174377216,0.3687206137094776,0.7778820375335123,0.5019867549668877
0.8224199288256228,0.4271219995050757,0.8790884718498662,0.23165562913907323
0.31120996441281135,0.5169512496906705,0.8817694369973192,0.8076821192052979
0.2727758007117437,0.5337787676317767,0.7266756032171582,0.7299337748344374
0.4889679715302492,0.3266518188567211,0.2226541554959786,0.21456953642384047
0.299288256227758,0.21232368225686926,0.9658176943699732,0.5087417218543049
0.2686832740213523,0.6374659737688688,0.5849865951742628,0.6719205298013247
0.5612099644128113,0.36080178173719446,0.5509383378016086,0.42649006622516517
0.5064056939501779,0.5567928730512257,0.5101876675603216,0.5125827814569535
0.5866548042704626,0.515713932195002,0.14798927613941026,0.36821192052980134
0.30391459074733085,0.528582034149963,0.9243967828418231,0.5913907284768216
0.7999999999999997,0.3954466716159395,0.282975871313673,0.14264900662251634
0.8145907473309607,0.6612224696857218,0.5525469168900805,0.4490066225165563
0.5976868327402135,0.6196486018312299,0.5470509383378017,0.29735099337748316
0.7275800711743771,0.4048502845830271,0.7903485254691689,0.28172185430463514
0.2450177935943061,0.38282603316011077,0.8985254691689009,0.6227814569536418
0.7845195729537365,0.5191784211828789,0.38324396782841824,0.24158940397351003
0.7973309608540925,0.16159366493442207,0.5195710455764075,0.19019867549668845
0.32544483985765116,0.6609750061865896,0.6238605898123324,0.8365562913907283
0.6024911032028469,0.5085374907201228,0.7743967828418232,0.2896688741721851
0.29483985765124554,0.7495669388765158,0.6634048257372656,0.8446357615894033
0.29145907473309607,0.7119524870081655,0.4995978552278821,0.6825165562913913
0.8830960854092526,0.38010393466963777,0.7367292225201072,0.273509933774835
0.6064056939501777,0.48106904231626046,0.559383378016086,0.3192052980132454
0.6064056939501777,0.49319475377382105,0.7648793565683647,0.3372185430463581
0.5967971530249109,0.3004206879485274,0.3891420911528151,0.24900662251655614
0.2715302491103202,0.5973768869091813,0.7975871313672924,0.8006622516556288
0.25355871886120995,0.5627319970304399,0.6560321715817694,0.7252980132450331
0.8145907473309607,0.46448898787429016,0.5816353887399464,0.17907284768211884
0.248932384341637,0.5590200445434306,0.7634048257372656,0.7467549668874174
0.3784697508896797,0.48775055679287505,0.8030831099195712,0.5842384105960265
0.7850533807829182,0.4112843355605058,0.37104557640750674,0.1978807947019865
0.28131672597864765,0.6550358822073754,0.4194369973190349,0.7362913907284767
0.29483985765124554,0.6139569413511552,0.9028150134048258,0.7892715231788081
0.4638790035587188,0.357337292749321,0.8916890080428956,0.3803973509933778
0.27313167259786475,0.7473397673843145,0.5890080428954425,0.7059602649006624
0.2715302491103202,0.6377134372680047,0.7781501340482575,0.8119205298013243
0.3480427046263346,0.8037614451868329,0.7277479892761394,0.5394701986754971
0.5998220640569395,0.35659490225191703,0.763538873994638,0.2694039735099336
0.7736654804270463,0.45261073991586187,0.36112600536193035,0.26013245033112575
0.6709964412811388,0.46572630536995874,0.7517426273458445,0.29165562913907284
0.2645907473309608,0.6127196238554831,0.7630026809651476,0.725960264900662
0.2861209964412811,0.5562979460529576,0.729088471849866,0.7147019867549673
0.25355871886120995,0.6322692402870622,0.5203753351206435,0.6511258278145693
0.8110320284697509,0.354615194258848,0.6048257372654158,0.16119205298013206
0.7790035587188612,0.35535758475624846,0.6018766756032172,0.20132450331125806
0.34946619217081853,0.7505567928730521,0.822922252010724,0.7994701986754968
0.4101423487544483,0.4360306854738951,0.39919571045576413,0.22940397350993358
0.6923487544483985,0.5105171987131918,0.5239946380697051,0.31721854304635766
0.4889679715302492,0.325414501361049,0.25120643431635387,0.23827814569536443
0.25978647686832745,0.7834694382578569,0.9788203753351208,0.7088741721854301
0.5839857651245551,0.36896807720861347,0.9873994638069705,0.38397350993377444
0.6176156583629894,0.5357584756248457,0.31461126005361933,0.25801324503311296
0.32384341637010683,0.49492699826775777,0.16139410187667563,0.5704635761589403
0.6332740213523133,0.544172234595397,0.4694369973190348,0.3335099337748346
0.28113879003558706,0.6473645137342245,0.8253351206434316,0.6438410596026491
0.6859430604982205,0.4137589705518465,0.8749329758713138,0.3643708609271519
0.4638790035587188,0.432813659985154,0.8422252010723861,0.531788079470199
0.28451957295373664,0.3083395199208141,0.9025469168900806,0.5916556291390727
0.8145907473309607,0.6669141301658037,0.6991957104557642,0.5104635761589407
0.21067615658362993,0.48874041078941133,0.5703753351206435,0.6276821192052973
0.34288256227758007,0.6787923781242284,0.2982573726541556,0.4156291390728475
0.5610320284697509,0.5045780747339776,0.8225201072386061,0.48291390728476813
0.7637010676156583,0.27443702053947305,0.9793565683646115,0.3982781456953637
0.2788256227758007,0.7285325414501393,0.7714477211796247,0.9655629139072852
0.8293594306049822,0.3944568176194032,0.9290884718498662,0.28582781456953565
0.6565836298932383,0.47661469933185074,0.7638069705093835,0.35947019867549646
0.2902135231316726,0.5073001732244506,0.6509383378016087,0.5916556291390727
0.7973309608540925,0.19203167532788967,0.8891420911528152,0.16900662251655607
0.4889679715302492,0.30635981192774153,0.7697050938337804,0.26516556291390714
0.7016014234875446,0.5981192774065818,0.24463806970509389,0.25814569536423804
0.8487544483985764,0.4088097005691651,0.7064343163538875,0.13390728476821234
0.3048042704626335,0.37268002969562275,0.9168900804289544,0.8725827814569538
0.42758007117437724,0.6706260826528094,0.5561662198391422,0.41999999999999993
0.4638790035587188,0.3568423657510529,0.9073726541554961,0.3260927152317876
0.2622775800711744,0.555060628557289,0.80201072386059,0.7242384105960262
0.7640569395017792,0.545657015590205,0.3193029490616623,0.12450331125827852
0.7898576512455516,0.3994060876020811,0.243029490616622,0.1949668874172188
0.18558718861209966,0.5189309576837431,0.9230563002680967,0.8462251655629132
0.44056939501779346,0.3103192279138831,0.999195710455764,0.35986754966887435
0.4638790035587188,0.455827765404603,0.6432975871313673,0.31562913907284695
0.2160142348754448,0.5055679287305139,0.6536193029490616,0.6855629139072841
0.8451957295373665,0.2949764909675814,0.3747989276139411,0.27960264900662235
0.24661921708185053,0.5805493689680787,0.3693029490616622,0.6782781456953648
0.32153024911032024,0.40262311309081866,0.5890080428954425,0.4545695364238407
0.6128113879003557,0.55308092056422,0.7130026809651475,0.4374834437086097
0.43540925266903907,0.3640188072259356,0.8963806970509385,0.6380132450331129
0.8715302491103202,0.16530561742143135,0.30536193029490627,0.1784105960264899
0.6012455516014233,0.48230635981192904,0.8067024128686326,0.42079470198675484
0.27935943060498225,0.7141796585003739,0.6895442359249331,0.7121854304635757
0.33274021352313166,0.602573620390995,0.7127345844504023,0.4750993377483441
0.29145907473309607,0.7235832714674615,0.567426273458445,0.7148344370860933
0.32153024911032024,0.455827765404603,0.5301608579088473,0.39509933774834405
0.711387900355872,0.5602573620390991,0.47506702412868634,0.40092715231788034
0.34288256227758007,0.6451373422420232,0.7419571045576407,0.644370860927153
0.5998220640569395,0.38851769364018907,0.746916890080429,0.27337748344370816
0.4749110320284696,0.5261073991586258,0.7372654155495979,0.4312582781456955
0.6537366548042703,0.6778025241276922,0.8378016085790887,0.4049006622516558
0.2738434163701068,0.5775798069784734,0.7991957104557643,0.7540397350993375
0.9676156583629892,0.34719128928482945,0.48176943699731906,0.1667549668874173
0.8475088967971528,0.36921554070774576,0.793029490616622,0.20423841059602665
0.7309608540925266,0.38579559514971606,0.6915549597855231,0.11576158940397363
0.8774021352313167,0.5877258104429615,0.6752010723860591,0.19298013245033108
0.8693950177935942,0.4298440979955487,0.6647453083109922,0.2409271523178802
0.351067615658363,0.5233853006681528,0.23552278820375344,0.46543046357615836
0.28113879003558706,0.27072506805246377,0.8462466487935658,0.596953642384106
0.3352313167259787,0.6661717396683997,0.6823056300268098,0.564370860927152
0.8165480427046262,0.1878247958426158,0.8351206434316354,0.23933774834437038
0.2222419928825623,0.42291512001979825,0.9014745308310994,0.6406622516556286
0.28131672597864765,0.6550358822073754,0.4194369973190349,0.7362913907284767
0.3263345195729538,0.5602573620390991,0.5584450402144772,0.5745695364238408
0.28113879003558706,0.5946547884187083,0.9013404825737266,0.5574834437086098
0.7185053380782916,0.5082900272209869,0.5879356568364611,0.2683443708609268
0.31423487544483986,0.4870081662954746,0.19785522788203752,0.6149668874172187
0.3354092526690391,0.7515466468695884,0.7860589812332441,0.6147019867549668
0.7421708185053378,0.32219747587230785,0.1839142091152815,0.18384105960264918
0.7327402135231317,0.24276169265033687,0.45026809651474536,0.11430463576158889
0.3396797153024911,0.684731502103439,0.5438337801608579,0.5388079470198672
0.30213523131672604,0.637960900767137,0.9347184986595176,0.5887417218543041
0.47153024911032027,0.5330363771343727,0.5802949061662197,0.3617218543046352
0.5912811387900355,0.536748329621382,0.8683646112600538,0.4607947019867549
0.2790035587188612,0.7946052957188847,0.9119302949061663,0.6439735099337751
0.7138790035587189,0.6409304627567458,0.7022788203753352,0.45139072847682105
0.34199288256227756,0.5840138579559522,0.7399463806970512,0.7316556291390732
0.299288256227758,0.6040584013857959,0.8100536193029491,0.7348344370860929
0.582918149466192,0.5511012125711474,0.7241286863270777,0.3655629139072847
0.2902135231316726,0.4917099727790166,0.2642091152815014,0.46675496688741713
0.290035587188612,0.5859935659490247,0.6678284182305629,0.8601324503311254
0.24822064056939508,0.46473645137342245,0.622520107238606,0.5814569536423848
0.26103202846975093,0.5919326899282353,0.908981233243968,0.8054304635761591
0.7736654804270463,0.463994060876022,0.5211796246648794,0.22251655629139044
0.26405693950177944,0.5021034397426369,0.8741286863270779,0.5898013245033118
0.2686832740213523,0.6612224696857218,0.6564343163538875,0.7550993377483444
0.7016014234875446,0.6181638208364291,0.5053619302949062,0.28993377483443705
0.7629893238434161,0.435535758475627,0.6839142091152817,0.13350993377483444
0.2734875444839857,0.6095025983667419,0.8837801608579088,0.5472847682119202
0.2743772241992882,0.781984657263056,0.6471849865951744,0.4988079470198681
0.6087188612099644,0.4345459044790907,0.8016085790884719,0.2703311258278145
0.7788256227758005,0.40534521158129166,0.6487935656836461,0.13046357615894077
0.25551601423487535,0.6312793862905224,0.5697050938337802,0.6794701986754967
0.3263345195729538,0.550358822073747,0.48391420911528155,0.5859602649006623
0.6902135231316727,0.7032912645384819,0.4931635388739947,0.49152317880794705
0.2852313167259787,0.6055431823806003,0.7753351206434318,0.7850331125827807
0.5362989323843416,0.6317743132887905,0.4410187667560322,0.4705960264900666
0.49003558718861207,0.6735956446424183,0.7500000000000002,0.499602649006623
0.7914590747330962,0.34768621628310115,0.6699731903485258,0.21099337748344382
0.7384341637010675,0.49789656025736306,0.4266756032171582,0.44185430463576125
0.8375444839857652,0.3709477852016825,0.7697050938337804,0.16198675496688786
0.2604982206405694,0.6050482553823322,0.5308310991957104,0.4553642384105956
0.21583629893238432,0.39965355110121337,0.734182305630027,0.8000000000000007
0.6055160142348753,0.5233853006681528,0.7975871313672924,0.3219867549668871
0.2540925266903915,0.43776292996783184,0.5270777479892761,0.7520529801324507
0.2800711743772242,0.23657510517199043,0.5806970509383378,0.5817218543046359
0.43540925266903907,0.3402623113090826,0.8639410187667562,0.5754966887417217
0.30106761565836304,0.3838158871566435,0.8340482573726542,0.8165562913907287
0.40160142348754446,0.25142291512002046,0.30254691689008045,0.24781456953642422
0.1749110320284697,0.6429101707498148,0.9585790884718499,0.9162913907284764
0.7601423487544482,0.4412274189557053,0.3739946380697052,0.13377483443708638
0.2838078291814947,0.21702548874041128,0.8571045576407508,0.8509933774834435
0.7046263345195728,0.1771838653798561,0.5095174262734585,0.11748344370860941
0.32117437722419917,0.5699084385053226,0.45026809651474536,0.5827814569536418
0.848220640569395,0.5127443702053966,0.15214477211796246,0.24238410596026494
0.39982206405693943,0.3011630784459278,0.8264075067024128,0.4483443708609274
0.8402135231316724,0.3778767631774329,0.7289544235924934,0.10317880794702017
0.3354092526690391,0.6948775055679306,0.8053619302949062,0.5596026490066226
0.8809608540925268,0.4085622370700328,0.8072386058981234,0.298940397350993
0.2571174377224199,0.6028210838901273,0.8274798927613942,0.8572185430463577
0.24928825622775797,0.677307597129424,0.6089812332439679,0.8741721854304636
0.7453736654804269,0.6194011383320976,0.5770777479892761,0.25390728476821156
0.596085409252669,0.518436030685475,0.4912868632707776,0.33377483443708567
0.28220640569395017,0.5528334570650841,0.9715817694369975,0.8350993377483444
0.6062277580071175,0.320712694877507,0.7836461126005363,0.28794701986754934
0.25444839857651236,0.6619648601831258,0.6892761394101878,0.7850331125827807
0.28131672597864765,0.6585003711952488,0.4045576407506703,0.7331125827814571
0.6329181494661921,0.360059391239794,0.685656836461126,0.22701986754966885
0.795017793594306,0.4112843355605058,0.6778820375335122,0.16781456953642415
0.29483985765124554,0.5877258104429615,0.9109919571045577,0.7866225165562915
0.8846975088967971,0.29522395446671723,0.21528150134048257,0.2119205298013247
0.34234875444839863,0.5600098985399669,0.16474530831099204,0.6280794701986752
0.8071174377224198,0.4189557040336567,0.8475871313672925,0.25218543046357667
0.4053380782918149,0.6067804998762689,0.7784182305630027,0.5750993377483447
0.2749110320284698,0.5795595149715425,0.704691689008043,0.7119205298013247
0.41921708185053386,0.4382578569661,0.3558981233243968,0.4610596026490068
0.34430604982206403,0.558525117545166,0.079088471849866,0.5924503311258276
0.5457295373665481,0.685473892600843,0.5280160857908849,0.4557615894039735
0.2727758007117437,0.5654540955209129,0.764343163538874,0.7178807947019861
0.4596085409252668,0.40336550358822265,0.764343163538874,0.35324503311258315
0.8295373665480427,0.34496411779262814,0.8428954423592494,0.20476821192053052
0.23701067615658356,0.6181638208364291,0.5878016085790885,0.8382781456953641
0.22259786476868326,0.7000742390497408,0.7884718498659518,0.5980132450331128
0.6220640569395018,0.5520910665676837,0.7445040214477212,0.37854304635761515
0.68576512455516,0.5100222717149236,0.47627345844504027,0.3973509933774837
0.6211743772241992,0.6070279633754012,0.8985254691689009,0.31350993377483416
0.42953736654804264,0.5025983667409086,0.3210455764075067,0.5713907284768212
0.3352313167259787,0.6206384558277662,0.7690348525469171,0.7120529801324498
0.795017793594306,0.44790893343231986,0.719034852546917,0.21456953642384047
0.34288256227758007,0.6829992576095059,0.3840482573726542,0.4863576158940397
0.7637010676156583,0.28384063350656064,0.9290884718498662,0.38847682119205285
0.3838078291814946,0.49987626825043563,0.4351206434316354,0.3709933774834431
0.4793594306049821,0.3684731502103453,0.46675603217158185,0.2549668874172184
0.252135231316726,0.32838406335065784,0.49879356568364625,0.532847682119205
0.7101423487544484,0.5038356842365772,0.4000000000000001,0.27456953642384097
0.6345195729537366,0.4179658500371204,0.6852546916890083,0.2993377483443709
0.7316725978647688,0.26651818856718634,0.6738605898123324,0.19695364238410562
0.300355871886121,0.6142044048502875,0.5865951742627344,0.5972185430463579
0.5170818505338078,0.5327889136352404,0.662466487935657,0.44384105960264897
0.42028469750889674,0.5822816134620155,0.8617962466487936,0.4939072847682118
0.27313167259786475,0.7087354615194279,0.9372654155495981,0.677086092715232
0.286832740213523,0.542934917099732,0.49785522788203757,0.5023841059602647
0.28131672597864765,0.6258351893095764,0.82171581769437,0.7597350993377487
0.8475088967971528,0.4028705765899545,0.8617962466487936,0.241721854304636
0.3649466192170818,0.38431081415491164,0.8335120643431635,0.5871523178807943
0.2480427046263345,0.6867112100965116,0.6544235924932975,0.6262251655629143
0.2480427046263345,0.6557782727047758,0.8018766756032172,0.8332450331125827
0.8597864768683275,0.5572878000494939,0.32694369973190357,0.2078145695364233
0.582918149466192,0.5587725810442983,0.7214477211796246,0.4380132450331127
0.25551601423487535,0.25142291512002046,0.5419571045576408,0.5139072847682122
0.7535587188612097,0.3786191536748369,0.5223860589812332,0.35112582781456947
0.8774021352313167,0.5887156644394942,0.7458445040214479,0.17602649006622517
0.3496441281138789,0.4788418708240556,0.6347184986595173,0.4041059602649
0.8809608540925268,0.4013857955951501,0.39276139410187666,0.18596026490066198
0.8713523131672597,0.5602573620390991,0.7424932975871315,0.19682119205298054
0.0092526690391459,0.41004701806483723,0.7058981233243968,0.6096688741721854
0.4259786476868327,0.2741895570403372,0.40214477211796257,0.24701986754966931
0.576512455516014,0.6077703538728052,0.5540214477211798,0.3932450331125823
0.6010676156583629,0.6050482553823322,0.7934316353887401,0.2939072847682116
0.8295373665480427,0.28285077951002435,0.5628686327077748,0.08900662251655689
0.8939501779359428,0.6013363028953265,0.5935656836461127,0.33880794701986705
0.8263345195729536,0.44345459044791014,0.4091152815013405,0.2243708609271522
0.41530249110320283,0.3862905221479842,0.9285522788203755,0.4121854304635759
0.6064056939501777,0.48948280128681176,0.7399463806970512,0.33086092715231796
0.6081850533807828,0.3736698836921555,0.912466487935657,0.3305960264900669
0.9231316725978645,0.3664934422172763,0.4770777479892762,0.14172185430463546
0.2571174377224199,0.6572630536995838,0.7970509383378017,0.830860927152318
0.6055160142348753,0.5661964860183133,0.8386058981233246,0.2894039735099341
0.3199288256227758,0.4993813412521675,0.8049597855227884,0.5822516556291397
0.42953736654804264,0.5129918337045289,0.453887399463807,0.46423841059602644
0.4596085409252668,0.4110368720613735,0.6781501340482576,0.28490066225165567
0.6140569395017793,0.6399406087602095,0.8316353887399464,0.34463576158940334
0.6149466192170819,0.4271219995050757,0.81514745308311,0.2074172185430463
0.7046263345195728,0.3046275674338048,0.4473190348525469,0.11086092715231821
0.8145907473309607,0.4315763424894854,0.5454423592493298,0.13443708609271532
0.2160142348754448,0.5090324177183874,0.7235924932975872,0.6727152317880796
0.2852313167259787,0.6265775798069804,0.889544235924933,0.8662251655629145
0.7439501779359431,0.3558525117545166,0.5017426273458445,0.17576158940397324
0.347508896797153,0.4315763424894854,0.7975871313672924,0.5219867549668873
0.3496441281138789,0.4790893343231879,0.24651474530831102,0.4396026490066225
0.23523131672597863,0.5246226181638249,0.5971849865951744,0.524635761589404
0.6012455516014233,0.4751299183370463,0.7703753351206435,0.41999999999999993
0.27224199288256223,0.6003464488987902,0.7809651474530832,0.572582781456954
0.37580071174377216,0.36624597871814046,0.8781501340482574,0.5605298013245035
0.27419928825622775,0.7302647859440761,0.8765415549597857,0.7323178807947022
0.9231316725978645,0.3875278396436528,0.6793565683646112,0.1796026490066227
0.27117437722419935,0.5545657015590209,0.8924932975871316,0.8750993377483445
0.5692170818505339,0.315268497896561,0.4261394101876676,0.17231788079470167
0.442526690391459,0.6092551348676096,0.6647453083109922,0.4933774834437088
0.6300711743772242,0.6023261568918592,0.8345844504021447,0.38476821192053023
0.19377224199288257,0.9109131403118056,0.7888739946380698,0.7958940397350993
0.2724199288256228,0.4540955209106663,0.4764075067024129,0.7377483443708606
0.2966192170818506,0.6159366493442242,0.7617962466487938,0.7627814569536424
0.3476868327402135,0.6961148230635992,0.6002680965147453,0.5386754966887422
0.1841637010676157,0.5743627814897323,0.4731903485254692,0.6442384105960262
0.2724199288256228,0.5325414501361045,0.6009383378016087,0.8508609271523175
0.290035587188612,0.4013857955951501,0.6056300268096515,0.7331125827814571
0.2201067615658362,0.7238307349665938,0.7229222520107239,0.7635761589403973
0.7439501779359431,0.3432318732986879,0.7510723860589814,0.1519205298013251
0.442526690391459,0.5973768869091813,0.5540214477211798,0.47364238410596027
0.19359430604982208,0.5063103192279144,0.8784182305630028,0.8418543046357616
0.2530249110320284,0.47933679782232375,0.6973190348525471,0.605165562913907
0.40160142348754446,0.2766641920316779,0.822922252010724,0.26423841059602626
0.25782918149466194,0.49220489977728477,0.8382037533512066,0.8115231788079464
0.6055160142348753,0.5228903736698847,0.6436997319034852,0.25880794701986787
0.31120996441281135,0.49987626825043563,0.8890080428954423,0.8577483443708607
0.5064056939501779,0.558525117545166,0.5541554959785524,0.5031788079470196
0.4889679715302492,0.2781489730264788,0.7219839142091153,0.38847682119205285
0.3838078291814946,0.4288542439990124,0.6687667560321717,0.2801324503311262
0.7914590747330962,0.32343479336798,0.7820375335120646,0.217748344370861
0.7845195729537365,0.518436030685475,0.6727882037533512,0.2649006622516552
0.23594306049822056,0.565949022519181,0.5459785522788205,0.5683443708609275
0.26174377224199286,0.5149715416976015,0.4481233243967829,0.992715231788079
0.3731316725978647,0.5035882207374414,0.7752010723860592,0.4382781456953646
0.6626334519572953,0.5968819599109132,0.2801608579088472,0.3903311258278146
0.2861209964412811,0.6137094778520193,0.7064343163538875,0.8143046357615891
0.5612099644128113,0.3486760702796339,0.7843163538873994,0.37059602649006607
0.31423487544483986,0.472160356347441,0.25603217158176944,0.6084768211920526
0.28861209964412804,0.5676812670131177,0.8550938337801608,0.5868874172185432
0.21067615658362993,0.5075476367235829,0.7162198391420911,0.6165562913907285
0.6215302491103202,0.6166790398416246,0.3442359249329759,0.3268874172185434
0.5553380782918148,0.5164563226924059,0.4339142091152815,0.3133774834437091
0.6713523131672597,0.6409304627567458,0.7501340482573726,0.39629139072847686
0.28647686832740216,0.6208859193269021,0.8324396782841823,0.7860927152317885
0.28451957295373664,0.3278891363523897,0.7191689008042896,0.5709933774834441
0.3281138790035586,0.7483296213808472,0.7270777479892763,0.61364238410596
0.4101423487544483,0.3610492452363303,0.8592493297587132,0.34993377483443755
0.30925266903914594,0.8421182875525908,0.5588471849865952,0.6071523178807947
0.2966192170818506,0.6122246968572149,0.7210455764075068,0.6882119205298016
0.6140569395017793,0.5035882207374414,0.6214477211796248,0.3505960264900665
0.7914590747330962,0.2462261816382103,0.7473190348525471,0.08370860927152268
0.27117437722419935,0.5124969067062644,0.7947721179624665,0.6858278145695369
0.2768683274021353,0.7317495669388805,0.6396782841823057,0.5231788079470201
0.2480427046263345,0.6525612472160383,0.6164879356568365,0.6784105960264899
0.6010676156583629,0.5961395694135128,0.6699731903485258,0.2329801324503311
0.2724199288256228,0.599851521900522,0.5436997319034853,0.8345695364238406
0.29181494661921703,0.7654046028210857,0.5443699731903486,0.5226490066225171
0.8613879003558716,0.20935412026726397,0.8995978552278823,0.15827814569536436
0.2523131672597865,0.4083147735709005,0.5065683646112602,0.5075496688741721
0.3496441281138789,0.6280623608017812,0.9123324396782844,0.7160264900662252
0.45409252669039146,0.5629794605295722,0.8711796246648795,0.475496688741722
0.7999999999999997,0.4536005939124017,0.8595174262734586,0.2945695364238414
0.5948398576512456,0.6085127443702092,0.6361930294906166,0.305827814569537
0.7640569395017792,0.5535758475624846,0.24879356568364613,0.15271523178808
0.34288256227758007,0.6844840386043067,0.8453083109919572,0.6823841059602644
0.6713523131672597,0.646127196238556,0.690348525469169,0.37721854304635727
0.5612099644128113,0.33382826033160384,0.5285522788203754,0.3357615894039734
0.23380782918149468,0.5142291512001975,0.5840482573726542,0.8773509933774832
0.754982206405694,0.4392477109626327,0.6781501340482576,0.32397350993377483
0.28113879003558706,0.7498144023756517,0.8809651474530833,0.734304635761589
0.836832740213523,0.21776787923781527,0.8706434316353888,0.161456953642384
0.2715302491103202,0.633259094283595,0.7142091152815015,0.7908609271523179
0.347508896797153,0.4298440979955487,0.45965147453083116,0.36490066225165574
0.24110320284697506,0.5854986389507566,0.6556300268096515,0.6671523178807943
0.7886120996441283,0.4773570898292512,0.8816353887399464,0.25841059602648997
0.2745551601423487,0.28656273199703364,0.8865951742627347,0.4976158940397353
0.8633451957295372,0.3187329868844344,0.5481233243967829,0.2164238410596031
0.801423487544484,0.30635981192774153,0.6454423592493297,0.1593377483443712
0.3137010676156584,0.3531304132640436,0.5592493297587131,0.6711258278145698
0.4234875444839856,0.29992576095025925,0.1349865951742628,0.27708609271523166
0.3314946619217082,0.7040336550358859,0.7985254691689008,0.6033112582781452
0.8341637010676154,0.44048502845830484,0.7041554959785525,0.1601324503311261
0.5567615658362989,0.6894333085869846,0.5571045576407507,0.4507284768211921
0.6211743772241992,0.6456322692402878,0.784986595174263,0.3070198675496689
0.6565836298932383,0.4513734224201933,0.6127345844504022,0.22026490066225168
0.7439501779359431,0.3711952487008183,0.7482573726541555,0.27139072847682133
0.7891459074733095,0.40707745607523194,0.4127345844504022,0.27456953642384097
0.7532028469750888,0.3664934422172763,0.5975871313672922,0.18198675496688743
0.7886120996441283,0.4899777282850799,0.8630026809651474,0.2558940397350993
0.7612099644128113,0.2986884434545942,0.43686327077747994,0.24026490066225126
0.7046263345195728,0.207869339272456,0.4085790884718499,0.13298013245033147
0.2715302491103202,0.5973768869091813,0.4876675603217158,0.6754966887417213
0.7699288256227758,0.4832962138084653,0.5998659517426275,0.451655629139073
0.2523131672597865,0.39792130660727665,0.4471849865951743,0.5098013245033108
0.2953736654804271,0.46250927988122115,0.9544235924932978,0.6060927152317879
0.3508896797153024,0.7525365008661211,0.7778820375335123,0.6017218543046354
0.8507117437722419,0.4778520168275193,0.80857908847185,0.20397350993377472
0.6713523131672597,0.581539222964615,0.903887399463807,0.339072847682119
0.642170818505338,0.39668398911160807,0.9782841823056303,0.3132450331125831
0.8224199288256228,0.4258846820094071,0.5678284182305631,0.1821192052980134
0.6953736654804269,0.5409552091066594,0.5203753351206435,0.3190728476821194
0.8565836298932384,0.4390002474635004,0.19584450402144776,0.1349668874172183
0.6752669039145908,0.5280871071516984,0.40482573726541554,0.281854304635762
0.8295373665480427,0.2976985894580544,0.5071045576407507,0.1270198675496692
0.7601423487544482,0.4417223459539734,0.36126005361930297,0.10132450331125842
0.2964412811387901,0.1603563474387535,0.9797587131367294,0.7623841059602645
0.29466192170818506,0.9383815887156643,0.5806970509383378,0.5868874172185432
0.7677935943060498,0.49913387775303164,0.581769436997319,0.17019867549668888
0.6496441281138788,0.4142538975501111,0.38337801608579086,0.27668874172185376
0.6055160142348753,0.5614946795347713,0.8261394101876676,0.3001324503311258
0.3113879003558718,0.5194258846820112,0.7530831099195712,0.6256953642384104
0.6023131672597865,0.4773570898292512,0.6520107238605899,0.266225165562914
0.2724199288256228,0.6750804256372192,0.6112600536193029,0.9847682119205299
0.25978647686832745,0.4677060133630313,0.7171581769436999,0.6703311258278148
0.2747330960854092,0.7958426132145497,0.41595174262734597,0.6978807947019865
0.2973309608540925,0.6194011383320976,0.9100536193029491,0.6223841059602648
0.576512455516014,0.6055431823806003,0.6372654155495978,0.4279470198675499
0.7074733096085409,0.5731254639940602,0.27372654155495973,0.26225165562913944
0.32758007117437726,0.4444444444444464,0.407774798927614,0.3729801324503317
0.27224199288256223,0.586983419945561,0.9457104557640752,0.6321854304635766
0.442526690391459,0.5619896065330394,0.41863270777479894,0.451523178807947
0.5663701067615657,0.3758970551843639,0.5340482573726544,0.30940397350993365
0.3261565836298932,0.6005939123979225,0.8391420911528151,0.8949668874172181
0.27224199288256223,0.5820341499628796,0.908176943699732,0.5503311258278147
0.3263345195729538,0.5669388765157137,0.6797587131367293,0.6108609271523182
0.3314946619217082,0.7366988369215548,0.7745308310991958,0.5570860927152319
0.2743772241992882,0.7953476862162852,0.6963806970509385,0.5136423841059603
0.8341637010676154,0.45607522890373886,0.849597855227882,0.23245033112582814
0.8809608540925268,0.4011383320960178,0.41474530831099204,0.20331125827814578
0.30355871886121,0.39668398911160807,0.5297587131367292,0.6268874172185424
0.836832740213523,0.205147240781983,0.7761394101876675,0.15801324503311243
0.588967971530249,0.6060381093788685,0.8225201072386061,0.3890066225165558
0.28131672597864765,0.6580054441969843,0.4443699731903486,0.7170860927152312
0.3261565836298932,0.5832714674585517,0.7887399463806972,0.6802649006622516
0.6902135231316727,0.6961148230635992,0.6022788203753351,0.4398675496688744
0.21067615658362993,0.49616431576342634,0.6498659517426275,0.5778807947019864
0.5610320284697509,0.5008661222469684,0.543029490616622,0.33999999999999986
0.3496441281138789,0.4870081662954746,0.30147453083109915,0.41536423841059644
0.7421708185053378,0.29720366245978624,0.7845844504021449,0.346754966887417
0.41690391459074727,0.6035634743875278,0.7217158176943701,0.581192052980132
0.3838078291814946,0.4382578569661,0.6655495978552279,0.4528476821192049
0.27633451957295374,0.4578074733976756,0.49450402144772126,0.5606622516556286
0.3261565836298932,0.5817866864637473,0.5809651474530833,0.6087417218543045
0.6229537366548042,0.3160108883939614,0.6609919571045577,0.23059602649006639
0.3322064056939502,0.3543677307597157,0.7860589812332441,0.6593377483443712
0.21067615658362993,0.47859440732491976,0.5701072386058983,0.6643708609271526
0.290035587188612,0.5694135115070544,0.7071045576407509,0.8651655629139068
0.93576512455516,0.4125216530561744,0.5832439678284183,0.145298013245033
0.68576512455516,0.5016085127443723,0.3703753351206434,0.41298013245033083
0.25782918149466194,0.4855233853006702,0.49343163538873996,0.7331125827814571
0.596085409252669,0.5902004454342986,0.8097855227882038,0.41867549668874204
0.6297153024911032,0.41994555803019296,0.3410187667560322,0.20278145695364191
0.27419928825622775,0.4709230388517689,0.8717158176943702,0.7811920529801322
0.2622775800711744,0.5236327641672851,0.8892761394101878,0.7856953642384106
0.8596085409252668,0.34471665429349585,0.6955764075067026,0.1435761589403972
0.2768683274021353,0.7139321950012381,0.9304289544235926,0.6160264900662247
0.5948398576512456,0.4360306854738951,0.8278820375335121,0.379205298013245
0.6565836298932383,0.4696857213561003,0.5479892761394103,0.3194701986754964
0.7939501779359431,0.3865379856471165,0.535254691689008,0.1507284768211914
0.7532028469750888,0.4041078940856231,0.5790884718498661,0.23205298013245024
0.6496441281138788,0.38505320465231563,0.5327077747989277,0.4035761589403979
0.7275800711743771,0.40237564959168637,0.5088471849865952,0.27125827814569536
0.2800711743772242,0.22890373669883957,0.17680965147453082,0.4158940397350994
0.7601423487544482,0.49344221727295334,0.4733243967828418,0.2218543046357615
0.7064056939501778,0.5362534026231138,0.6158176943699731,0.29033112582781495
0.2964412811387901,0.18312298935907023,0.9276139410187669,0.677748344370861
0.6062277580071175,0.3640188072259356,0.6892761394101878,0.2284768211920527
0.2850533807829182,0.7183865379856478,0.41702412868632716,0.7333774834437081
0.5718861209964413,0.5728780004949279,0.8296246648793568,0.370331125827815
0.2788256227758007,0.6958673595644669,0.5827077747989278,0.814172185430464
0.7914590747330962,0.2808710715169518,0.5654155495978552,0.12781456953642412
0.21850533807829187,0.5528334570650841,0.7510723860589814,0.5327152317880799
0.23416370106761575,0.6278148973026489,0.6655495978552279,0.5132450331125824
0.2749110320284698,0.8126701311556559,0.9109919571045577,0.7233112582781454
0.4352313167259786,0.5369957931205178,0.6026809651474532,0.4082119205298014
0.2653024911032029,0.3754021281860922,0.6347184986595173,0.7193377483443708
0.7240213523131672,0.5684236575105182,0.8261394101876676,0.3969536423841058
0.6781138790035587,0.4872556297946069,0.5993297587131368,0.31350993377483416
0.8873665480427045,0.42959663449641283,0.41876675603217156,0.2037086092715228
0.3496441281138789,0.6206384558277662,0.9418230563002681,0.6407947019867546
0.4749110320284696,0.4830487503093295,0.5715817694369973,0.5080794701986759
0.28451957295373664,0.31477357089829283,0.8513404825737265,0.6010596026490065
0.26405693950177944,0.5048255382331099,0.8576407506702415,0.5958940397350991
0.2800711743772242,0.22444939371442985,0.22841823056300276,0.419735099337748
0.27313167259786475,0.7834694382578569,0.6290884718498659,0.7639735099337743
0.5967971530249109,0.2566196486018306,0.26501340482573726,0.24966887417218597
0.6565836298932383,0.4682009403612959,0.8612600536193031,0.41536423841059644
0.6012455516014233,0.5001237317495679,0.7541554959785524,0.411523178807947
0.2667259786476869,0.474882454837914,0.7831099195710458,0.7437086092715237
0.7608540925266903,0.4615194258846813,0.3249329758713137,0.2284768211920527
0.736476868327402,0.6245978718139078,0.784182305630027,0.23403973509933795
0.8451957295373665,0.28111853501608763,0.3640750670241287,0.1655629139072845
0.6425266903914589,0.4154912150457797,0.5734584450402145,0.3099337748344375
0.24822064056939508,0.3932195001237311,0.5510723860589812,0.5447682119205295
0.6501779359430605,0.5043306112348453,0.7072386058981233,0.3419867549668876
0.8197508896797153,0.4677060133630313,0.42694369973190344,0.24529801324503264
0.7612099644128113,0.2647859440732496,0.24557640750670245,0.06516556291390696
0.286832740213523,0.5607522890373673,0.35670241286863275,0.4501986754966891
0.2727758007117437,0.6735956446424183,0.861662198391421,0.7826490066225169
0.5064056939501779,0.5800544419698106,0.46957104557640755,0.5684768211920534
0.2923487544483986,0.3531304132640436,0.761260053619303,0.4684768211920529
0.7921708185053379,0.3677307597129449,0.785656836461126,0.18238410596026444
0.8820284697508897,0.4909675822816162,0.6467828418230563,0.30198675496688754
0.4638790035587188,0.3387775303142817,0.5824396782841825,0.2442384105960267
0.25551601423487535,0.2353377876763183,0.748525469168901,0.7202649006622517
0.7439501779359431,0.3558525117545166,0.8664879356568367,0.27006622516556256
0.8551601423487544,0.46028210838901273,0.7319034852546917,0.20132450331125806
0.49003558718861207,0.5857461024498889,0.5317694369973192,0.507682119205298
0.347508896797153,0.40930462756743324,0.6477211796246649,0.4627814569536426
0.3838078291814946,0.5471417965850058,0.5529490616621984,0.4684768211920529
0.2603202846975089,0.3964365256124722,0.6289544235924933,0.5594701986754966
0.6832740213523131,0.4194506310319248,0.6663538873994639,0.2992052980132449
0.8576512455516013,0.35882207374412545,0.6731903485254693,0.16119205298013206
0.6177935943060496,0.6134620143528835,0.6121983914209117,0.42781456953642394
0.29181494661921703,0.7404107894085641,0.5896782841823056,0.5769536423841055
0.7891459074733095,0.39767384310814435,0.561662198391421,0.18635761589403987
0.24341637010676154,0.756248453353134,0.6715817694369974,0.8423841059602655
0.5012455516014235,0.2991833704528588,0.37493297587131375,0.16119205298013206
0.8793594306049822,0.4065825290769638,0.3979892761394102,0.23748344370860952
0.31619217081850537,0.5498638950754788,0.3343163538873995,0.6141721854304638
0.23274021352313157,0.5741153179906,0.6378016085790885,0.8818543046357616
0.2818505338078292,0.5748577084880004,0.6664879356568365,0.6298013245033109
0.290035587188612,0.5607522890373673,0.7253351206434318,0.8621192052980131
0.6496441281138788,0.41846077703538853,0.3923592493297587,0.3372185430463581
0.34288256227758007,0.6837416481069063,0.8210455764075069,0.653112582781457
0.3281138790035586,0.7490720118782477,0.5239946380697051,0.6184105960264903
0.3838078291814946,0.5261073991586258,0.3198391420911529,0.4125827814569538
0.5843416370106761,0.5949022519178442,0.3491957104557641,0.3192052980132454
0.7788256227758005,0.45186834941846143,0.8057640750670243,0.1813245033112585
0.26103202846975093,0.6243504083147755,0.7697050938337804,0.6554966887417217
0.2459074733096085,0.7550111358574618,0.5128686327077749,0.6638410596026487
0.28647686832740216,0.7013115565454129,0.8506702412868634,0.8084768211920528
0.2790035587188612,0.7985647117050263,0.7986595174262736,0.5476821192052981
0.7330960854092526,0.3122989359069557,0.586058981233244,0.10251655629139034
0.4596085409252668,0.4085622370700328,0.7513404825737267,0.3041059602649012
0.5663701067615657,0.33679782232120914,0.6895442359249331,0.3402649006622518
0.2973309608540925,0.6189062113338295,0.812064343163539,0.5350993377483446
0.7891459074733095,0.4159861420440514,0.8667560321715819,0.18754966887417268
0.7220640569395017,0.5171987131898064,0.8663538873994638,0.4388079470198676
0.28113879003558706,0.2954714179658531,0.7793565683646113,0.6021192052980133
0.7074733096085409,0.5652066320217806,0.5691689008042895,0.37403973509933763
0.29466192170818506,0.9183370452858206,0.88029490616622,0.6713907284768208
0.2501779359430605,0.771096263301164,0.7875335120643432,0.8864900662251651
0.3231316725978648,0.6740905716406829,0.6801608579088472,0.589139072847682
0.708540925266904,0.4944320712694896,0.4017426273458446,0.2119205298013247
0.3177935943060498,0.49047265528334805,0.6339142091152814,0.5875496688741721
0.21583629893238432,0.4493937144271207,0.7575067024128685,0.8161589403973508
0.2523131672597865,0.463994060876022,0.7680965147453085,0.8313907284768209
0.30177935943060497,0.5491215045780784,0.7953083109919572,0.7462251655629144
0.8083629893238434,0.2823558525117562,0.3861930294906167,0.11245033112582803
0.31423487544483986,0.48205889631279675,0.1828418230563003,0.6059602649006619
0.3352313167259787,0.6248453353130436,0.79544235924933,0.7398675496688742
0.3649466192170818,0.37441227418955947,0.9758713136729225,0.7860927152317885
0.6859430604982205,0.4088097005691651,0.6995978552278821,0.35788079470198664
0.8774021352313167,0.5661964860183133,0.6226541554959786,0.17615894039735114
0.7309608540925266,0.4219252660232655,0.46903485254691685,0.1494039735099344
0.25444839857651236,0.6045533283840676,0.7000000000000002,0.8129801324503312
0.8693950177935942,0.39965355110121337,0.8443699731903487,0.18158940397351042
0.4889679715302492,0.31650581539222955,0.5310991957104558,0.2529801324503316
0.4167259786476868,0.5199208116802794,0.8455764075067025,0.5034437086092716
0.26405693950177944,0.4986389507547635,0.8705093833780162,0.5859602649006623
0.6300711743772242,0.6201435288295016,0.7977211796246648,0.32225165562913904
0.7921708185053379,0.36352388022766746,0.6258713136729224,0.18225165562913848
0.2263345195729537,0.6599851521900533,0.5654155495978552,0.8185430463576155
0.7612099644128113,0.2667656520663222,0.5603217158176943,0.09006622516556284
0.346797153024911,0.531304132640436,0.4621983914209115,0.7472847682119204
0.2775800711743772,0.7505567928730521,0.7128686327077749,0.7292715231788076
0.7921708185053379,0.36995793120514975,0.7742627345844504,0.2793377483443713
0.6494661921708184,0.469438257856968,0.4902144772117963,0.25801324503311296
0.801423487544484,0.2754268745360058,0.3758713136729223,0.12966887417218587
0.576512455516014,0.5926750804256393,0.7466487935656838,0.42701986754966903
0.44893238434163707,0.6555308092056435,0.9034852546916889,0.6472847682119207
0.3649466192170818,0.37564959168522805,0.679088471849866,0.42980132450331077
0.5546263345195729,0.6815144766147014,0.6753351206434317,0.4582781456953642
0.27330960854092523,0.745360059391242,0.7308310991957105,0.8431788079470204
0.7101423487544484,0.5035882207374414,0.5096514745308312,0.3264900662251655
0.595373665480427,0.4142538975501111,0.6308310991957105,0.28794701986754934
0.24964412811387904,0.5021034397426369,0.5644772117962467,0.6303311258278148
0.7384341637010675,0.49814402375649536,0.38378016085790884,0.40503311258278085
0.27188612099644127,0.685473892600843,0.9757372654155496,0.766490066225165
0.3476868327402135,0.36698836921554445,0.7115281501340485,0.6098013245033114
0.442526690391459,0.5872308834446933,0.5036193029490617,0.44105960264900634
0.347508896797153,0.4021281860925541,0.35160857908847193,0.2896688741721851
0.5674377224199288,0.4382578569661,0.8549597855227884,0.46211920529801276
0.19466192170818497,0.8658747834694438,0.7194369973190351,0.7859602649006625
0.3508896797153024,0.7911408067310077,0.7813672922252011,0.636953642384106
0.6533807829181494,0.7347191289284858,0.4273458445040214,0.354701986754967
0.7706405693950177,0.31427864390002824,0.4505361930294907,0.2603973509933777
0.4793594306049821,0.32195001237317555,0.6084450402144772,0.28781456953642426
0.27633451957295374,0.45335313041326586,0.7672922252010725,0.677615894039735
0.7612099644128113,0.24276169265033687,0.40924932975871325,0.08993377483443687
0.7637010676156583,0.2878000494927022,0.8123324396782843,0.3215894039735101
0.7569395017793595,0.32195001237317555,0.5226541554959785,0.33006622516556305
0.731850533807829,0.5369957931205178,0.5022788203753352,0.4347019867549671
0.6334519572953737,0.47537738183618217,0.43351206434316353,0.35112582781456947
0.39982206405693943,0.29670873546152166,0.7522788203753352,0.5749668874172187
0.8596085409252668,0.35238802276664316,0.8249329758713138,0.25178807947019877
0.49003558718861207,0.6300420687948538,0.47667560321715824,0.4744370860927152
0.7569395017793595,0.3266518188567211,0.4831099195710456,0.18384105960264918
0.44893238434163707,0.5721356099975274,0.6613941018766758,0.5221192052980133
0.9999999999999999,0.33853006681514586,0.7506702412868633,0.18701986754966882
0.6389679715302491,0.6721108636476139,0.6052278820375334,0.41284768211920575
0.7330960854092526,0.2576095025983669,0.8465147453083111,0.20516556291390753
0.7699288256227758,0.5261073991586258,0.2619302949061663,0.3629139072847689
0.8713523131672597,0.5642167780252443,0.7461126005361931,0.20609271523178752
0.7608540925266903,0.4634991338777539,0.2840482573726542,0.17655629139072815
0.3508896797153024,0.7923781242266799,0.8002680965147455,0.6193377483443703
0.2807829181494662,0.8037614451868329,0.9222520107238608,0.7185430463576159
0.5948398576512456,0.42019302152932525,0.6221179624664879,0.3249006622516557
0.8809608540925268,0.4095520910665691,0.4483914209115281,0.22741721854304675
0.4209964412811388,0.3838158871566435,0.5690348525469171,0.281854304635762
0.4135231316725979,0.2860678049987655,0.5848525469168901,0.27337748344370816
0.8083629893238434,0.341747092303887,0.8446380697050939,0.15880794701986733
0.42330960854092525,0.6832467211086382,0.7786863270777482,0.6211920529801329
0.40160142348754446,0.27171492204900005,0.6016085790884718,0.2503311258278149
0.30177935943060497,0.5874783469438256,0.7796246648793566,0.5582781456953647
0.7891459074733095,0.3934669636228669,0.7722520107238606,0.30198675496688754
0.8873665480427045,0.4286067804998801,0.4583109919571046,0.2707284768211915
0.7161921708185052,0.5741153179906,0.6398123324396785,0.35483443708609297
0.28238434163701065,0.06335065577827592,0.7797587131367294,0.5668874172185427
0.8713523131672597,0.46176688938381716,0.5079088471849866,0.120397350993378
0.7788256227758005,0.4137589705518465,0.41528150134048264,0.12119205298013291
0.29145907473309607,0.7290274684484075,0.872922252010724,0.8952317880794709
0.299288256227758,0.5466468695867377,0.8339142091152816,0.549006622516556
0.6612099644128114,0.5775798069784734,0.6046916890080429,0.36688741721854257
0.2715302491103202,0.5647117050235124,0.8170241286863273,0.8132450331125831
0.5064056939501779,0.5877258104429615,0.5139410187667561,0.5981456953642388
0.34288256227758007,0.26354862657758105,0.8290884718498661,0.5125827814569535
0.8250889679715302,0.4278643900024761,0.660455764075067,0.19311258278145615
0.591814946619217,0.5798069784706783,0.6113941018766758,0.3558940397350989
0.23790035587188607,0.16654293491709993,0.8899463806970511,0.6562913907284766
0.9163701067615658,0.34199455580302285,0.6876675603217159,0.2403973509933781
0.7330960854092526,0.326156891858453,0.49396782841823056,0.15947019867549717
0.32651245551601427,0.7777777777777786,0.7463806970509383,0.5719205298013241
0.23790035587188607,0.27171492204900005,0.7825737265415551,0.6350993377483443
0.5895017793594305,0.4459292254392473,0.6899463806970512,0.38596026490066215
0.596085409252669,0.5718881464983916,0.5600536193029491,0.3716556291390729
0.7046263345195728,0.32195001237317555,0.6063002680965148,0.14701986754966878
0.6425266903914589,0.39891116060381293,0.7438337801608579,0.2446357615894046
0.8007117437722419,0.3293739173471941,0.4282841823056301,0.2405298013245032
0.30391459074733085,0.5283345706508307,0.9104557640750672,0.7917880794701988
0.42758007117437724,0.6753278891363514,0.6138069705093834,0.46463576158940345
0.8293594306049822,0.3887651571393249,0.7197050938337803,0.14516556291390792
0.42330960854092525,0.6993318485523403,0.3243967828418231,0.4643708609271524
0.2667259786476869,0.46572630536995874,0.5882037533512066,0.7213245033112585
0.5976868327402135,0.6300420687948538,0.7146112600536194,0.31350993377483416
0.25871886120996435,0.38134125216530634,0.8292225201072387,0.8449006622516562
0.5976868327402135,0.586983419945561,0.8526809651474532,0.4507284768211921
0.8250889679715302,0.42687453600593983,0.6780160857908848,0.1407947019867546
0.9766903914590747,0.33382826033160384,0.7331099195710458,0.34291390728476756
0.686476868327402,0.6206384558277662,0.2580428954423593,0.28079470198675427
0.2644128113879003,0.4110368720613735,0.8018766756032172,0.7866225165562915
0.41921708185053386,0.4659737688690946,0.7037533512064345,0.5815894039735099
0.19466192170818497,0.8549863895075518,0.6607238605898123,0.7837086092715229
0.6300711743772242,0.6265775798069804,0.7962466487935658,0.3219867549668871
0.26263345195729526,0.5023509032417763,0.6509383378016087,0.45629139072847646
0.27188612099644127,0.6862162830982435,0.976809651474531,0.7646357615894042
0.5948398576512456,0.5966344964117809,0.689142091152815,0.3452980132450332
0.28131672597864765,0.6661717396683997,0.7860589812332441,0.9047682119205298
0.7074733096085409,0.5775798069784734,0.550804289544236,0.346754966887417
0.2743772241992882,0.7602078693392755,0.8434316353887401,0.6825165562913913
0.3137010676156584,0.3538728037614476,0.6387399463806971,0.636953642384106
0.24928825622775797,0.6785449146250926,0.6434316353887399,0.8989403973509935
0.8293594306049822,0.4214303390249938,0.8808310991957105,0.30238410596026455
0.8475088967971528,0.3652561247216042,0.7845844504021449,0.2123178807947026
0.5895017793594305,0.4474140064340517,0.653887399463807,0.36860927152317835
0.31619217081850537,0.544172234595397,0.5136729222520109,0.7590728476821189
0.27188612099644127,0.6817619401138373,0.7722520107238606,0.6181456953642384
0.7635231316725978,0.3462014352882967,0.35000000000000003,0.11046357615894031
0.641459074733096,0.47710962633011533,0.27546916890080436,0.3899337748344367
0.31619217081850537,0.6713684731502099,0.7714477211796247,0.8451655629139072
0.8250889679715302,0.4231625835189341,0.6626005361930296,0.18304635761589338
0.7642348754448399,0.4115317990596381,0.7766756032171582,0.3529801324503312
0.31619217081850537,0.5463994060876054,0.27815013404825745,0.6305960264900659
0.8026690391459074,0.36723583271467675,0.682573726541555,0.2380132450331125
0.7240213523131672,0.5973768869091813,0.4796246648793567,0.26344370860927135
0.5880782918149464,0.5137342242019329,0.7422252010723862,0.3328476821192048
0.17989323843416372,0.5946547884187083,0.8105898123324398,0.9060927152317886
0.3480427046263346,0.7713437268002963,0.8861930294906168,0.5794701986754962
0.2540925266903915,0.4412274189557053,0.5025469168900805,0.7544370860927154
0.29466192170818506,0.923286315268502,0.5415549597855227,0.5780132450331124
0.32669039145907464,0.38975501113585764,0.7126005361930297,0.4450331125827818
0.7185053380782916,0.4439495174461783,0.3355227882037534,0.2288741721854306
0.793238434163701,0.2976985894580544,0.5780160857908849,0.2413245033112581
0.6998220640569394,0.37218510269735106,0.7079088471849868,0.3774834437086092
0.28113879003558706,0.20019797079930868,0.7819034852546918,0.44887417218543035
0.2818505338078292,0.5919326899282353,0.7461126005361931,0.7245033112582782
0.5912811387900355,0.4959168522642905,0.5561662198391422,0.3398675496688748
0.22811387900355873,0.6013363028953265,0.615951742627346,0.7931125827814567
0.8110320284697509,0.3429844097995556,0.23579088471849868,0.1564238410596026
0.23790035587188607,0.30883444691908224,0.8434316353887401,0.6896688741721855
0.6064056939501777,0.4971541697599626,0.8804289544235926,0.34291390728476756
0.6987544483985765,0.6909180895817855,0.575201072386059,0.4185430463576161
0.5912811387900355,0.5325414501361045,0.8642091152815015,0.4854304635761588
0.7695729537366548,0.4486513239297203,0.6849865951742629,0.2691390728476817
0.8548042704626334,0.4568176194011393,0.425603217158177,0.2197350993377487
0.7946619217081848,0.4474140064340517,0.6221179624664879,0.30821192052980084
0.23380782918149468,0.5226429101707524,0.6942359249329759,0.9029139072847681
0.27330960854092523,0.7213560999752531,0.8309651474530833,0.8039735099337744
0.5567615658362989,0.6911655530809249,0.6163538873994638,0.44635761589403966
0.32384341637010683,0.49344221727295334,0.28873994638069705,0.549006622516556
0.2523131672597865,0.4187082405345208,0.6080428954423593,0.5492715231788079
0.93576512455516,0.48131650581539276,0.6847184986595176,0.17682119205298008
0.22989323843416376,0.534768621628313,0.6896782841823057,0.6018543046357614
0.3927046263345195,0.3892600841375895,0.3880697050938338,0.30066225165562876
0.30391459074733085,0.48775055679287505,0.8201072386058981,0.6890066225165556
0.6752669039145908,0.5981192774065818,0.5032171581769438,0.38966887417218565
0.5686832740213522,0.47438752783964233,0.24892761394101887,0.29947019867549685
0.24110320284697506,0.5045780747339776,0.5991957104557641,0.6433112582781453
0.24110320284697506,0.6367235832714684,0.8621983914209115,0.7458278145695365
0.7637010676156583,0.1823805988616698,0.7052278820375337,0.20715231788079436
0.32758007117437726,0.4486513239297203,0.22855227882037538,0.28993377483443705
0.4754448398576512,0.2682504330611266,0.9990616621983917,0.4229139072847685
0.5948398576512456,0.4508784954219287,0.7631367292225202,0.36357615894039697
0.8774021352313167,0.586983419945561,0.747721179624665,0.20066225165562912
0.708540925266904,0.4855233853006702,0.22466487935656837,0.2189403973509938
0.3261565836298932,0.5949022519178442,0.8052278820375336,0.839205298013245
0.7825622775800712,0.4137589705518465,0.4786863270777481,0.24158940397351003
0.7330960854092526,0.34669636228656486,0.3247989276139411,0.12821192052980113
0.23167259786476868,0.6899282355852527,0.6567024128686327,0.7615894039735096
0.8637010676156583,0.34224201930215514,0.3963806970509384,0.2719205298013243
0.3845195729537366,0.5243751546646891,0.49611260053619305,0.4701986754966887
0.5149466192170817,0.6060381093788685,0.6239946380697052,0.5845033112582776
0.2702846975088967,0.6476119772333568,0.9189008042895443,0.7090066225165561
0.7695729537366548,0.4474140064340517,0.6609919571045577,0.31112582781456943
0.8507117437722419,0.4682009403612959,0.8950402144772118,0.17907284768211884
0.41690391459074727,0.6000989853996543,0.7998659517426274,0.580927152317881
0.2800711743772242,0.22791388270230328,0.1733243967828419,0.3956291390728479
0.7327402135231317,0.28458302400396107,0.4808310991957105,0.10741721854304664
0.793238434163701,0.38406335065577935,0.6340482573726542,0.282251655629139
0.8402135231316724,0.4041078940856231,0.8422252010723861,0.11165562913907312
0.2622775800711744,0.5365008661222497,0.7495978552278821,0.653112582781457
0.3281138790035586,0.7495669388765158,0.47788203753351216,0.6190728476821192
0.2667259786476869,0.4686958673595676,0.9387399463806971,0.8561589403973509
0.2871886120996441,0.5117545162088604,0.8479892761394101,0.7374834437086095
0.2540925266903915,0.4679534768621636,0.7651474530831099,0.669933774834437
0.2667259786476869,0.463994060876022,0.7840482573726542,0.8112582781456954
0.45409252669039146,0.5068052462261825,0.9601876675603218,0.5035761589403966
0.17989323843416372,0.6144518683494198,0.8435656836461127,0.8799999999999999
0.8375444839857652,0.34125216530561886,0.6265415549597855,0.0786754966887413
0.7886120996441283,0.49220489977728477,0.5432975871313674,0.29841059602649
0.7640569395017792,0.542192526602328,0.22064343163538885,0.08741721854304618
0.7601423487544482,0.5077951002227188,0.24624664879356567,0.21417218543046346
0.26405693950177944,0.5077951002227188,0.8619302949061662,0.612052980132451
0.9754448398576513,0.4261321455085394,0.6288203753351207,0.1601324503311261
0.7850533807829182,0.4496411779262566,0.8199731903485257,0.362516556291391
0.904626334519573,0.3177431328879017,0.5869973190348525,0.24490066225165563
0.34288256227758007,0.6859688195991112,0.8408847184986596,0.709933774834437
0.793238434163701,0.27740658252907835,0.9628686327077749,0.30900662251655575
0.6713523131672597,0.6552833457065113,0.7710455764075068,0.39139072847682144
0.7161921708185052,0.537490720118786,0.4282841823056301,0.298807947019867
0.8071174377224198,0.4305864884929491,0.8131367292225202,0.3348344370860925
0.3281138790035586,0.7498144023756517,0.45067024128686334,0.6348344370860923
0.7612099644128113,0.24399901014600545,0.40871313672922255,0.09629139072847615
0.3437722419928825,0.7448651323929738,0.93686327077748,0.7862251655629136
0.2775800711743772,0.800296956198963,0.8533512064343165,0.8671523178807945
0.27313167259786475,0.8188567186340023,0.7557640750670243,0.8570860927152317
0.24964412811387904,0.5206632021776798,0.6797587131367293,0.6434437086092712
0.23274021352313157,0.5941598614204402,0.8147453083109921,0.9415894039735102
0.2480427046263345,0.6510764662212338,0.49222520107238615,0.5639735099337742
0.32758007117437726,0.46028210838901273,0.28713136729222516,0.26556291390728504
0.2727758007117437,0.5404602821083913,0.6611260053619303,0.6789403973509929
0.3508896797153024,0.7856966097500653,0.7604557640750673,0.628874172185431
0.2921708185053381,0.5082900272209869,0.6422252010723861,0.7603973509933777
0.6859430604982205,0.4068299925760961,0.9461126005361931,0.3626490066225161
0.6827402135231316,0.4159861420440514,0.6164879356568365,0.25735099337748313
0.6537366548042703,0.6575105171987161,0.7005361930294907,0.3823841059602646
0.7891459074733095,0.4149962880475151,0.848123324396783,0.2909933774834439
0.2702846975088967,0.2860678049987655,0.7517426273458445,0.5810596026490069
0.18558718861209966,0.48379114080673347,0.9221179624664879,0.8597350993377484
0.7608540925266903,0.48775055679287505,0.25670241286863277,0.20649006622516541
0.34946619217081853,0.7673843108141547,0.8530831099195713,0.7462251655629144
0.7806049822064057,0.4662212323682269,0.6383378016085792,0.22370860927152325
0.8891459074733096,0.2407819846572643,0.6042895442359251,0.1739072847682115
0.2921708185053381,0.43974263796090085,0.5064343163538876,0.6312582781456957
0.7185053380782916,0.5075476367235829,0.5269436997319037,0.24119205298013302
0.7637010676156583,0.2816134620143522,0.9963806970509383,0.3899337748344367
0.30925266903914594,0.89755011135858,0.5730563002680966,0.6078145695364237
0.736476868327402,0.6337540212818631,0.6958445040214478,0.19562913907284685
0.8234875444839856,0.339024993813414,0.5855227882037533,0.24768211920529737
0.32153024911032024,0.4130165800544461,0.5382037533512063,0.47655629139072886
0.2871886120996441,0.49987626825043563,0.8611260053619303,0.7414569536423841
0.6300711743772242,0.6206384558277662,0.7092493297587132,0.36238410596026505
0.4053380782918149,0.59514971541698,0.7506702412868633,0.4090066225165563
0.6023131672597865,0.472160356347441,0.7308310991957105,0.2625165562913905
0.44056939501779346,0.3942093541202709,0.9438337801608581,0.3683443708609273
0.2784697508896796,0.6966097500618673,0.9348525469168902,0.6298013245033109
0.5612099644128113,0.35214055926751087,0.4420911528150135,0.19735099337748352
0.3466192170818506,0.7656520663202215,0.8316353887399464,0.5944370860927153
0.3649466192170818,0.36352388022766746,0.989142091152815,0.8268874172185434
0.3784697508896797,0.5003711952487038,0.8371313672922254,0.41125827814569504
0.6023131672597865,0.6055431823806003,0.48109919571045584,0.338543046357616
0.19074733096085406,0.6728532541450178,0.7726541554959787,0.8091390728476826
0.4638790035587188,0.4595397178916123,0.34611260053619314,0.40092715231788034
0.5998220640569395,0.3788666171739692,0.7154155495978554,0.26384105960264925
0.28540925266903905,0.8386537985647138,0.8313672922252011,0.8021192052980135
0.2519572953736655,0.6097500618658742,0.622520107238606,0.6325827814569536
0.6781138790035587,0.4605295718881486,0.6195710455764076,0.28370860927152286
0.583629893238434,0.5958921059143805,0.5769436997319035,0.44675496688741756
0.4259786476868327,0.2731997030438009,0.47506702412868634,0.22754966887417183
0.1925266903914591,0.5973768869091813,0.48337801608579084,0.6513907284768212
0.26174377224199286,0.5887156644394942,0.29584450402144774,0.9064900662251656
0.4868327402135231,0.7876763177431343,0.5416890080428955,0.5613245033112584
0.7532028469750888,0.29670873546152166,0.3099195710455765,0.11271523178807907
0.2702846975088967,0.7423904974016331,0.8252010723860592,0.7206622516556296
0.3496441281138789,0.47809948032665517,0.33847184986595186,0.39880794701986755
0.27313167259786475,0.7292749319475398,0.6341823056300269,0.7280794701986757
0.8026690391459074,0.4498886414253924,0.7642091152815014,0.2765562913907287
0.6389679715302491,0.6676565206632041,0.7191689008042896,0.48119205298013235
0.6345195729537366,0.4236575105171987,0.6387399463806971,0.22582781456953605
0.8295373665480427,0.339024993813414,0.8719839142091155,0.15629139072847664
0.3476868327402135,0.3835684236575112,0.49772117962466494,0.47576158940397395
0.24110320284697506,0.602573620390995,0.727613941018767,0.6917880794701992
0.19074733096085406,0.6802771591190329,0.7502680965147455,0.8344370860927155
0.6149466192170819,0.42538975501113896,0.6919571045576409,0.25933774834437084
0.736476868327402,0.6300420687948538,0.46407506702412876,0.17483443708609236
0.7999999999999997,0.4563226924028747,0.6292225201072386,0.22384105960264922
0.7074733096085409,0.5704033655035907,0.2619302949061663,0.28291390728476795
0.848220640569395,0.5261073991586258,0.5758713136729223,0.25854304635761594
0.827224199288256,0.37564959168522805,0.6231903485254693,0.06490066225165592
0.4209964412811388,0.3964365256124722,0.8278820375335121,0.36980132450331116
0.3279359430604982,0.5731254639940602,0.7474530831099195,0.8283443708609273
0.595729537366548,0.20564216778025468,0.5290884718498661,0.3377483443708611
0.7138790035587189,0.6231130908191069,0.34731903485254695,0.27417218543046307
0.4544483985765124,0.5035882207374414,0.7887399463806972,0.5251655629139078
0.22348754448398578,0.37441227418955947,0.6316353887399466,0.6920529801324502
0.7220640569395017,0.4365256124721597,0.7581769436997321,0.35205298013245034
0.7330960854092526,0.22642910170749886,0.7927613941018767,0.18437086092715216
0.6010676156583629,0.5956446424152446,0.6907506702412871,0.4316556291390734
0.3508896797153024,0.7515466468695884,0.7888739946380698,0.612052980132451
0.5718861209964413,0.5602573620390991,0.6045576407506703,0.3769536423841062
0.23487544483985767,0.5837663944568199,0.5815013404825737,0.8700662251655631
0.3496441281138789,0.47859440732491976,0.46085790884718497,0.43033112582781463
0.4889679715302492,0.3113090819104194,0.5904825737265416,0.2958940397350993
0.5553380782918148,0.5144766146993334,0.4831099195710456,0.3003973509933777
0.4352313167259786,0.5706508290027266,0.44235924932975873,0.42158940397350975
0.2829181494661921,0.3763919821826285,0.9746648793565684,0.7218543046357615
0.2973309608540925,0.28111853501608763,0.6908847184986595,0.8517880794701984
0.347508896797153,0.4112843355605058,0.7154155495978554,0.355099337748344
0.2603202846975089,0.34991338777530245,0.7095174262734585,0.5992052980132447
0.5839857651245551,0.3959415986142041,0.7541554959785524,0.3211920529801322
0.5948398576512456,0.6114823063598145,0.8466487935656837,0.4011920529801323
0.34733096085409254,0.6117297698589468,0.9301608579088474,0.6280794701986752
0.7914590747330962,0.24969067062608374,0.682573726541555,0.1361589403973511
0.6033807829181496,0.45706508290027514,0.35938337801608583,0.28781456953642426
0.827224199288256,0.4179658500371204,0.581769436997319,0.24437086092715177
0.7999999999999997,0.4041078940856231,0.8575067024128689,0.23271523178807918
0.30106761565836304,0.3860430586488519,0.775603217158177,0.8407947019867548
0.3314946619217082,0.7540212818609291,0.8207774798927616,0.5516556291390735
0.41921708185053386,0.4679534768621636,0.6349865951742628,0.5606622516556286
0.6389679715302491,0.6706260826528094,0.5597855227882038,0.37761589403973517
0.25124555160142337,0.30363771343726853,0.5099195710455764,0.8716556291390729
0.5752669039145907,0.3598119277406582,0.7087131367292228,0.23231788079470217
0.27224199288256223,0.5966344964117809,0.9593833780160859,0.6113907284768212
0.6010676156583629,0.5718881464983916,0.6008042895442358,0.3778807947019871
0.31637010676156585,0.6468695867359564,0.7683646112600537,0.5131125827814573
0.20195729537366547,0.8104429596634546,0.7250670241286865,0.7764238410596027
0.3855871886120996,0.47537738183618217,0.8686327077747991,0.507682119205298
0.23487544483985767,0.5835189309576876,0.5501340482573727,0.8615894039735101
0.7601423487544482,0.4469190794357871,0.3321715817694371,0.14556291390728493
0.5546263345195729,0.6802771591190329,0.6648793565683646,0.47324503311258326
0.32117437722419917,0.5825290769611478,0.7226541554959787,0.6005298013245035
0.7135231316725977,0.526602326156894,0.23404825737265428,0.31192052980132434
0.26103202846975093,0.6048007918831999,0.8920911528150135,0.799072847682119
0.300355871886121,0.6072754268745371,0.5422252010723863,0.69364238410596
0.24555160142348742,0.3380351398168777,0.6894101876675605,0.5764238410596025
0.731850533807829,0.5283345706508307,0.43686327077747994,0.3835761589403974
0.30391459074733085,0.5342736946300448,0.8910187667560323,0.8105960264900656
0.7706405693950177,0.34248948280128744,0.6652815013404827,0.26304635761589434
0.4670818505338078,0.4459292254392473,0.6816353887399464,0.49033112582781424
0.26476868327402137,0.5919326899282353,0.8197050938337802,0.6501986754966893
0.23701067615658356,0.6013363028953265,0.6018766756032172,0.8892715231788078
0.43540925266903907,0.34941846077703786,0.8619302949061662,0.6101986754966884
0.2973309608540925,0.6342489482801312,0.7931635388739948,0.6311258278145697
0.3322064056939502,0.48403860430586576,0.7521447721179626,0.7152317880794703
0.7327402135231317,0.23880227666419174,0.4124664879356568,0.12211920529801379
0.44893238434163707,0.6070279633754012,0.5857908847184987,0.4462251655629137
0.2667259786476869,0.47958426132145604,0.8591152815013408,0.7545695364238414
0.24857651245551593,0.4333085869834221,0.9353887399463809,0.9418543046357613
0.6859430604982205,0.4085622370700328,0.6656836461126006,0.3178807947019866
0.904626334519573,0.33135362534026314,0.46461126005361936,0.20807947019867612
0.582918149466192,0.544172234595397,0.737667560321716,0.3716556291390729
0.7327402135231317,0.5154664686958697,0.7493297587131367,0.4096688741721852
0.46156583629893233,0.4704281118535043,0.9257372654155498,0.39999999999999947
0.9284697508896796,0.38010393466963777,0.7378016085790886,0.17403973509933746
0.6720640569395017,0.5107646622123241,0.9710455764075068,0.3079470198675498
0.3261565836298932,0.6030685473892632,0.7778820375335123,0.6593377483443712
0.1749110320284697,0.6666666666666679,0.6762734584450403,0.8446357615894033
0.21067615658362993,0.472160356347441,0.5815013404825737,0.6752317880794703
0.8939501779359428,0.6057906458797362,0.586461126005362,0.290596026490066
0.2738434163701068,0.5731254639940602,0.6044235924932977,0.6651655629139075
0.7946619217081848,0.43033902499381327,0.5411528150134051,0.2325827814569532
0.9530249110320285,0.46572630536995874,0.8436997319034854,0.1419867549668874
0.23701067615658356,0.6097500618658742,0.7194369973190351,0.8305960264900669
0.4259786476868327,0.27072506805246377,0.45750670241286867,0.2372185430463576
0.7772241992882564,0.3934669636228669,0.31849865951742634,0.27668874172185376
0.338256227758007,0.30091561494679553,0.25214477211796243,0.12649006622516534
0.8514234875444838,0.1851026973521428,0.651608579088472,0.1316556291390727
0.286832740213523,0.5518436030685514,0.44410187667560325,0.4739072847682122
0.5930604982206406,0.37936154417223733,0.7674262734584452,0.20794701986754927
0.7891459074733095,0.4157386785449191,0.9556300268096516,0.2633112582781454
0.7074733096085409,0.5763424894828013,0.4936997319034853,0.36026490066225136
0.6176156583629894,0.5723830734966597,0.6142091152815012,0.41377483443708574
0.9026690391459075,0.3709477852016825,0.7056300268096516,0.23867549668874144
0.8873665480427045,0.4563226924028747,0.4470509383378016,0.2525827814569537
0.4234875444839856,0.26156891858451203,0.47560321715817694,0.2773509933774836
0.5718861209964413,0.531304132640436,0.7694369973190349,0.42410596026490044
0.27188612099644127,0.6869586735956474,0.9703753351206437,0.7619867549668875
0.45017793594306044,0.5256124721603577,0.6328418230563002,0.4715231788079475
0.8090747330960854,0.4459292254392473,0.28659517426273456,0.3196026490066224
0.8683274021352311,0.4555803019054707,0.4072386058981234,0.19006622516556337
0.42330960854092525,0.6926503340757257,0.48686327077748,0.5499337748344368
0.755693950177936,0.37663944568176433,0.4278820375335121,0.10039735099337754
0.588967971530249,0.5899529819351663,0.832975871313673,0.3562913907284768
0.7790035587188612,0.35708982925018873,0.6632707774798929,0.23165562913907323
0.8177935943060496,0.36698836921554445,0.7197050938337803,0.14715231788079475
0.7064056939501778,0.531304132640436,0.49436997319034853,0.322384105960265
0.2784697508896796,0.6906706260826532,0.9209115281501343,0.604503311258278
0.2540925266903915,0.44642415243751543,0.7057640750670242,0.7871523178807944
0.8165480427046262,0.19920811680277595,0.559383378016086,0.14463576158940405
0.35854092526690384,0.5756000989854009,0.7481233243967831,0.6649006622516556
0.3263345195729538,0.5718881464983916,0.887265415549598,0.7388079470198674
0.3838078291814946,0.5075476367235829,0.3194369973190349,0.34490066225165616
0.8846975088967971,0.3038851769364008,0.40656836461126006,0.24675496688741738
0.8177935943060496,0.23880227666419174,0.5869973190348525,0.2045033112582777
0.23523131672597863,0.597129423410049,0.7619302949061664,0.5335099337748348
0.2818505338078292,0.4946795347686219,0.8643431635388741,0.7692715231788076
0.16601423487544475,0.860183122989362,0.667024128686327,0.7764238410596027
0.6300711743772242,0.6127196238554831,0.8245308310991957,0.3654304635761596
0.5948398576512456,0.6020786933927269,0.7130026809651475,0.355099337748344
0.27313167259786475,0.7656520663202215,0.482975871313673,0.7210596026490066
0.93576512455516,0.4192031675327925,0.43297587131367293,0.14052980132450354
0.8713523131672597,0.4805741153179923,0.13538873994638068,0.11072847682119225
0.28131672597864765,0.6661717396683997,0.7860589812332441,0.9047682119205298
0.7891459074733095,0.4152437515466474,0.49008042895442355,0.22860927152317867
0.3455516014234875,0.40534521158129166,0.18257372654155496,0.5864900662251662
0.27419928825622775,0.7235832714674615,0.7766756032171582,0.6006622516556295
0.6181494661921708,0.43033902499381327,0.774128686327078,0.4279470198675499
0.20960854092526693,0.5174461766889387,0.6339142091152814,0.7215894039735105
0.27188612099644127,0.6884434545904519,0.9254691689008043,0.73364238410596
0.686476868327402,0.49517446176689006,0.8243967828418233,0.282251655629139
0.2501779359430605,0.792873051224948,0.6596514745308311,0.7323178807947022
0.588967971530249,0.6018312298935946,0.8383378016085792,0.3725827814569538
0.32544483985765116,0.6357337292749357,0.5266756032171582,0.7799999999999994
0.4868327402135231,0.8272704776045536,0.7973190348525472,0.6324503311258276
0.5948398576512456,0.5810442959663469,0.5576407506702412,0.2508609271523179
0.26174377224199286,0.6758228161346231,0.5506702412868634,0.9806622516556294
0.748932384341637,0.5315515961395718,0.09932975871313676,0.1468874172185437
0.24964412811387904,0.4959168522642905,0.787265415549598,0.6544370860927158
0.8613879003558716,0.25686711210096647,0.6155495978552279,0.1332450331125825
0.2603202846975089,0.3501608512744383,0.7363270777479893,0.5958940397350991
0.7532028469750888,0.31477357089829283,0.3394101876675604,0.06741721854304661
0.3199288256227758,0.5431823805988643,0.7347184986595177,0.5266225165562908
0.7384341637010675,0.4974016332590949,0.4703753351206435,0.4696688741721857
0.2572953736654804,0.5033407572383091,0.7631367292225202,0.661324503311258
0.27419928825622775,0.7151695124969066,0.8482573726541556,0.8296688741721852
0.8402135231316724,0.349170997277902,0.5355227882037534,0.07218543046357606
0.7939501779359431,0.49987626825043563,0.228686327077748,0.15536423841059577
0.27419928825622775,0.4679534768621636,0.8564343163538874,0.8021192052980135
0.8891459074733096,0.2155407077456104,0.6148793565683648,0.16410596026490065
0.2861209964412811,0.6057906458797362,0.6982573726541557,0.7863576158940395
0.6998220640569394,0.3516456322692427,0.4666219839142091,0.23417218543046392
0.7754448398576511,0.33011630784459456,0.0749329758713137,0.11907284768211923
0.7453736654804269,0.6122246968572149,0.3757372654155497,0.19549668874172177
0.7886120996441283,0.49418460777035733,0.415549597855228,0.24397350993377476
0.8551601423487544,0.4523632764167296,0.5134048257372654,0.1945695364238409
0.2667259786476869,0.4709230388517689,0.9270777479892762,0.846754966887417
0.8507117437722419,0.42019302152932525,0.47466487935656837,0.1564238410596026
0.6313167259786477,0.6164315763424888,0.7647453083109921,0.3129801324503312
0.32580071174377223,0.47438752783964233,0.887265415549598,0.6299337748344369
0.7973309608540925,0.2100965107646644,0.8087131367292226,0.1809271523178806
0.5494661921708185,0.3043801039346725,0.411260053619303,0.12026490066225115
0.7101423487544484,0.4662212323682269,0.6064343163538874,0.3365562913907283
0.3927046263345195,0.4008908685968855,0.39383378016085796,0.25350993377483366
0.2523131672597865,0.34941846077703786,0.7475871313672924,0.6741721854304643
0.6211743772241992,0.5701559020044549,0.8823056300268097,0.2859602649006625
0.3048042704626335,0.4399901014600367,0.8014745308310993,0.8105960264900656
0.93576512455516,0.4271219995050757,0.4907506702412869,0.13099337748344375
0.8551601423487544,0.4508784954219287,0.6215817694369974,0.20754966887417226
0.30391459074733085,0.5308092056421714,0.9201072386058982,0.8083443708609277
0.6355871886120995,0.49764909675823077,0.6119302949061662,0.3415894039735097
0.6389679715302491,0.6713684731502099,0.5357908847184987,0.4627814569536426
0.6140569395017793,0.635238802276664,0.4774798927613942,0.3262251655629136
0.6215302491103202,0.3788666171739692,0.4859249329758714,0.3911258278145695
0.7612099644128113,0.2905221479831752,0.6119302949061662,0.14582781456953597
0.4441281138790035,0.41623360554318367,0.9235924932975872,0.38847682119205285
0.8793594306049822,0.4102944815639731,0.4033512064343164,0.1846357615894041
0.7914590747330962,0.30809205642167825,0.7347184986595177,0.13298013245033147
0.7466192170818503,0.5159613956941378,0.17426273458445046,0.25894039735099295
0.6637010676156582,0.4011383320960178,0.36273458445040213,0.2409271523178802
0.6713523131672597,0.5840138579559522,0.88029490616622,0.3601324503311254
0.6211743772241992,0.6189062113338295,0.6230563002680967,0.23814569536423846
0.5149466192170817,0.5956446424152446,0.576005361930295,0.5760264900662255
0.748932384341637,0.5115070527097245,0.3398123324396783,0.24807947019867527
0.45409252669039146,0.5498638950754788,0.9609919571045578,0.47576158940397395
0.4946619217081849,0.5426874536005961,0.6666219839142093,0.5063576158940402
0.8295373665480427,0.34199455580302285,0.8619302949061662,0.16715231788079432
0.42028469750889674,0.5379856471170505,0.21447721179624674,0.44768211920529843
0.6955516014234876,0.4788418708240556,0.369034852546917,0.5127152317880794
0.32758007117437726,0.4563226924028747,0.318230563002681,0.274039735099338
0.7788256227758005,0.210591437762929,0.7628686327077749,0.07841059602649025
0.711387900355872,0.5270972531551621,0.3369973190348526,0.3091390728476826
0.7569395017793595,0.3306112348428627,0.5979892761394103,0.3305960264900669
0.7806049822064057,0.49418460777035733,0.2701072386058982,0.19602649006622475
0.6709964412811388,0.4605295718881486,0.3986595174262734,0.32794701986754937
0.3231316725978648,0.7315021034397446,0.966756032171582,0.8168211920529798
0.34199288256227756,0.5830240039594194,0.7136729222520108,0.758940397350993
0.8514234875444838,0.24944320712695145,0.8595174262734586,0.14052980132450354
0.35854092526690384,0.5538233110616204,0.8272117962466488,0.6565562913907286
0.3496441281138789,0.49517446176689006,0.45911528150134057,0.47496688741721815
0.7316725978647688,0.28656273199703364,0.3907506702412869,0.1680794701986752
0.2604982206405694,0.5758475624845332,0.579490616621984,0.531920529801325
0.32384341637010683,0.54689433308587,0.7498659517426274,0.8246357615894038
0.4946619217081849,0.5053204652313781,0.7723860589812335,0.5060927152317882
0.22348754448398578,0.38554813165058377,0.603083109919571,0.6972185430463576
0.8613879003558716,0.2073744122741914,0.9211796246648796,0.15549668874172173
0.3261565836298932,0.5892105914377659,0.7495978552278821,0.7554966887417223
0.7316725978647688,0.322692402870576,0.5139410187667561,0.1672847682119203
0.2973309608540925,0.64068299925761,0.8058981233243969,0.6800000000000006
0.2747330960854092,0.8428606780499912,0.593833780160858,0.7328476821192051
0.7421708185053378,0.2907696114823075,0.8123324396782843,0.3415894039735097
0.23416370106761575,0.674585498638951,0.593029490616622,0.46675496688741713
0.2829181494661921,0.6995793120514726,0.6416890080428956,0.556158940397351
0.5816725978647687,0.4550853749072026,0.6536193029490616,0.3562913907284768
0.28861209964412804,0.5196733481811435,0.8501340482573727,0.5664900662251648
0.44056939501779346,0.4189557040336567,0.999195710455764,0.38649006622516513
0.7327402135231317,0.4251422915120031,0.40764075067024136,0.2226490066225164
0.8693950177935942,0.4231625835189341,0.7662198391420914,0.2834437086092718
0.8565836298932384,0.4310814154912137,0.6537533512064344,0.17456953642384132
0.347508896797153,0.43528829497649113,0.5684986595174264,0.3990728476821186
0.5992882562277578,0.48502845830240204,0.786461126005362,0.33258278145695375
0.8145907473309607,0.6676565206632041,0.7183646112600539,0.5266225165562908
0.6859430604982205,0.40509774808215937,0.9855227882037534,0.32635761589403955
0.93576512455516,0.5983667409057176,0.6088471849865953,0.22092715231788063
0.8177935943060496,0.37169017569908647,0.1865951742627346,0.2070198675496684
0.2893238434163701,0.45162088591932914,0.673324396782842,0.4670198675496682
0.28540925266903905,0.8314773570898311,0.8356568364611261,0.7870198675496693
0.7788256227758005,0.18708240534521536,0.3037533512064344,0.06556291390728486
0.37580071174377216,0.3538728037614476,0.7194369973190351,0.40370860927152297
0.32544483985765116,0.6943825785696625,0.6111260053619305,0.8701986754966882
0.7453736654804269,0.6211333828260344,0.6529490616621985,0.21509933774834433
0.7327402135231317,0.22717149220490285,0.7461126005361931,0.18013245033112568
0.8250889679715302,0.4132640435535784,0.7305630026809653,0.1394701986754967
0.6923487544483985,0.4983914872556312,0.45857908847184997,0.24966887417218597
0.29288256227758,0.9856471170502381,0.6332439678284183,0.783311258278145
0.6709964412811388,0.4419698094531057,0.2640750670241287,0.29947019867549685
0.6884341637010675,0.4466716159366513,0.4473190348525469,0.24940397350993315
0.3496441281138789,0.6164315763424888,0.9341823056300269,0.621456953642384
0.8683274021352311,0.3900024746349935,0.5756032171581771,0.13390728476821234
0.8830960854092526,0.23583271467458644,0.19450402144772122,0.1659602649006624
0.582918149466192,0.5275921801534302,0.8092493297587133,0.3794701986754969
0.595373665480427,0.4261321455085394,0.7672922252010725,0.3125827814569542
0.34288256227758007,0.6867112100965116,0.8672922252010726,0.70158940397351
0.7706405693950177,0.31081415491215125,0.3005361930294906,0.1336423841059604
0.2749110320284698,0.8148973026478608,0.7455764075067026,0.7678145695364238
0.795017793594306,0.45310566691413356,0.7630026809651476,0.1316556291390727
0.30213523131672604,0.7161593664934465,0.9306970509383379,0.6708609271523178
0.2498220640569394,0.4550853749072026,0.8750670241286864,0.8411920529801318
0.3603202846975089,0.5082900272209869,0.7785522788203754,0.4846357615894039
0.3603202846975089,0.4936896807720892,0.6415549597855228,0.4590728476821191
0.17989323843416372,0.6092551348676096,0.82828418230563,0.8821192052980136
0.23790035587188607,0.19252660232615781,0.7258713136729222,0.6479470198675497
0.4234875444839856,0.2660232615689182,0.2927613941018767,0.3084768211920528
0.6140569395017793,0.6490967582281648,0.5436997319034853,0.2773509933774836
0.25444839857651236,0.5515961395694156,0.8583109919571048,0.830860927152318
0.2829181494661921,0.6936401880722585,0.6592493297587132,0.5589403973509928
0.7774021352313166,0.23682256867112272,0.6415549597855228,0.2743046357615899
0.5866548042704626,0.5199208116802794,0.31957104557640753,0.25192052980132384
0.748932384341637,0.5506062855728793,0.585254691689008,0.3626490066225161
0.7135231316725977,0.5290769611482311,0.20388739946380702,0.3443708609271523
0.2715302491103202,0.6357337292749357,0.766353887399464,0.8190728476821194
0.7855871886120996,0.4112843355605058,0.5289544235924932,0.1805298013245027
0.32384341637010683,0.5508537490720116,0.636058981233244,0.7864900662251655
0.33274021352313166,0.6201435288295016,0.5050938337801609,0.4776158940397348
0.7677935943060498,0.49814402375649536,0.4997319034852548,0.1622516556291389
0.4209964412811388,0.40039594159861736,0.7847184986595175,0.3173509933774836
0.8715302491103202,0.15268497896560262,0.5936997319034851,0.15841059602649032
0.2603202846975089,0.36723583271467675,0.6029490616621984,0.5752317880794697
0.8713523131672597,0.5236327641672851,0.5825737265415549,0.22529801324503307
0.6055160142348753,0.5283345706508307,0.5481233243967829,0.2525827814569537
0.8939501779359428,0.6070279633754012,0.6560321715817694,0.22026490066225168
0.39982206405693943,0.30264785944073225,0.7695710455764075,0.4531125827814577
0.2604982206405694,0.7070032170254912,0.8718498659517426,0.7856953642384106
0.24857651245551593,0.4169759960405841,0.9341823056300269,0.9553642384105956
0.5170818505338078,0.49418460777035733,0.597319034852547,0.45589403973509945
0.8814946619217082,0.2590942835931713,0.5868632707774799,0.19430463576158985
0.3845195729537366,0.5303142786439032,0.5845844504021449,0.5182781456953638
0.6797153024911032,0.5038356842365772,0.36568364611260057,0.3196026490066224
0.591814946619217,0.6166790398416246,0.5512064343163541,0.36860927152317835
0.6827402135231316,0.4884929472902755,0.7584450402144773,0.37483443708609254
0.6612099644128114,0.6203909923286339,0.6650134048257375,0.4185430463576161
0.351067615658363,0.5105171987131918,0.8412868632707775,0.5123178807947015
0.2879003558718861,0.6528087107151705,0.7682305630026811,0.8418543046357616
0.2923487544483986,0.5674338035139854,0.8892761394101878,0.5445033112582784
0.8288256227758005,0.35634743875278474,0.525603217158177,0.09470198675496722
0.23380782918149468,0.4773570898292512,0.7207774798927615,0.9348344370860922
0.2973309608540925,0.6312793862905224,0.8168900804289545,0.6064900662251658
0.28540925266903905,0.8525117545162075,0.8190348525469169,0.7315231788079473
0.7939501779359431,0.38703291264538464,0.4445040214477212,0.14370860927152318
0.25355871886120995,0.7114575600099009,0.8022788203753353,0.9184105960264901
0.4209964412811388,0.4058401385795598,0.8445040214477213,0.30529801324503314
0.7158362989323844,0.4763672358327149,0.514343163538874,0.29735099337748316
0.7384341637010675,0.49962880475130333,0.4949061662198391,0.41298013245033083
0.7923487544483986,0.5471417965850058,0.44691689008042895,0.0864900662251662
0.4135231316725979,0.24127691165553244,0.4621983914209115,0.26225165562913944
0.42330960854092525,0.7094778520168283,0.5138069705093835,0.4937748344370867
0.5925266903914589,0.48948280128681176,0.5871313672922251,0.41986754966887396
0.34199288256227756,0.5825290769611478,0.7317694369973191,0.7717880794701983
0.8508896797153026,0.4855233853006702,0.8810991957104559,0.21284768211920468
0.27313167259786475,0.5807968324672146,0.5766756032171583,0.6023841059602653
0.16601423487544475,0.8663697104677084,0.6189008042895443,0.7605298013245037
0.28131672597864765,0.6738431081415506,0.7182305630026811,0.9267549668874171
0.5663701067615657,0.3761445186834962,0.5191689008042897,0.20278145695364191
0.6590747330960852,0.42662707250680754,0.598123324396783,0.290596026490066
0.25978647686832745,0.7998020292006949,0.9400804289544236,0.6695364238410599
0.6827402135231316,0.42266765652066596,0.5439678284182305,0.27218543046357624
0.7706405693950177,0.3400148478099503,0.6872654155495979,0.28172185430463514
0.7640569395017792,0.5926750804256393,0.5270777479892761,0.21920529801324484
0.34946619217081853,0.7394209354120278,0.7403485254691691,0.822251655629139
0.42028469750889674,0.5322939866369722,0.3841823056300268,0.45350993377483473
0.6425266903914589,0.36995793120514975,0.6727882037533512,0.35774834437086067
0.6496441281138788,0.4390002474635004,0.35000000000000003,0.29748344370861
0.7886120996441283,0.4632516703786216,0.47171581769437004,0.3878145695364239
0.588967971530249,0.5902004454342986,0.8323056300268099,0.3849006622516553
0.30177935943060497,0.5540707745607527,0.6928954423592495,0.6646357615894036
0.9026690391459075,0.36203909923286304,0.8520107238605901,0.17324503311258255
0.32669039145907464,0.4068299925760961,0.6852546916890083,0.44609271523178773
0.5567615658362989,0.6899282355852527,0.6554959785522787,0.4867549668874167
0.24928825622775797,0.578817124474142,0.792225201072386,0.8418543046357616
0.2807829181494662,0.8101954961643187,0.8442359249329761,0.6460927152317879
0.28540925266903905,0.6575105171987161,0.6189008042895443,0.6243708609271517
0.248932384341637,0.5426874536005961,0.6959785522788204,0.6735099337748345
0.31619217081850537,0.5874783469438256,0.4902144772117963,0.6382781456953639
0.6128113879003557,0.5545657015590209,0.7658176943699733,0.44437086092715194
0.2749110320284698,0.5701559020044549,0.7199731903485256,0.7211920529801326
0.24964412811387904,0.49517446176689006,0.8075067024128686,0.7715231788079473
0.25978647686832745,0.8243009156149483,0.9650134048257373,0.7052980132450326
0.28451957295373664,0.3318485523385313,0.8123324396782843,0.6407947019867546
0.3476868327402135,0.6832467211086382,0.6966487935656838,0.5011920529801328
0.7064056939501778,0.5016085127443723,0.3680965147453084,0.25894039735099295
0.3322064056939502,0.36451373422420374,0.9662198391420913,0.5788079470198673
0.32544483985765116,0.6124721603563472,0.7112600536193032,0.871788079470198
0.26085409252669045,0.9542192526602342,0.6447721179624666,0.7754966887417218
0.6176156583629894,0.5419450631031921,0.5095174262734585,0.44013245033112547
0.7466192170818503,0.5171987131898064,0.15321715817694376,0.16900662251655607
0.6955516014234876,0.5753526354862686,0.6431635388739947,0.41205298013244995
0.31423487544483986,0.4919574362781489,0.23284182305630036,0.6211920529801329
0.2743772241992882,0.8042563721851081,0.9873994638069705,0.6389403973509937
0.22508896797153022,0.7277901509527354,0.6264075067024131,0.5467549668874172
0.351067615658363,0.5300668151447674,0.46193029490616627,0.5059602649006623
0.8507117437722419,0.4800791883197242,0.8083109919571048,0.22251655629139044
0.2540925266903915,0.442959663449642,0.7238605898123325,0.7950993377483444
0.21583629893238432,0.448403860430588,0.7904825737265417,0.8325827814569537
0.6953736654804269,0.5082900272209869,0.35080428954423587,0.23615894039735075
0.31120996441281135,0.5214055926750838,0.8227882037533514,0.7886092715231792
0.7850533807829182,0.4038604305864908,0.3891420911528151,0.13894039735099373
0.6313167259786477,0.6451373422420232,0.68686327077748,0.2715231788079473
0.2861209964412811,0.5694135115070544,0.5426273458445041,0.7007947019867551
0.93576512455516,0.542934917099732,0.33686327077747985,0.19483443708609283
0.3177935943060498,0.3880227666419245,0.7030831099195711,0.6528476821192051
0.6220640569395018,0.584261321455088,0.6085790884718498,0.3638410596026489
0.5948398576512456,0.42563721851027125,0.8597855227882039,0.35033112582781456
0.21957295373665486,0.5493689680772107,0.6445040214477213,0.7801324503311262
0.19359430604982208,0.5013610492452365,0.8589812332439679,0.8317880794701988
0.6128113879003557,0.558525117545166,0.6813672922252012,0.43350993377483427
0.32580071174377223,0.531304132640436,0.88686327077748,0.6988079470198674
0.6533807829181494,0.7334818114328137,0.47225201072386064,0.3821192052980136
0.34288256227758007,0.6649344221727311,0.19343163538874003,0.5098013245033108
0.8145907473309607,0.6582529076961166,0.6776139410187669,0.5690066225165564
0.44056939501779346,0.3241771838653804,0.9990616621983917,0.32185430463576115
0.3476868327402135,0.6533036377134387,0.6927613941018766,0.5907284768211918
0.8026690391459074,0.35807968324672146,0.688337801608579,0.18225165562913848
0.2879003558718861,0.6731007176441501,0.5683646112600536,0.7435761589403969
0.2160142348754448,0.3875278396436528,0.9886058981233246,0.7139072847682124
0.44893238434163707,0.6466221232368241,0.9737265415549599,0.5707284768211922
0.7185053380782916,0.4964117792625622,0.3458445040214478,0.23814569536423846
0.8007117437722419,0.33160108883939543,0.4229222520107239,0.24437086092715177
0.25124555160142337,0.29522395446671723,0.36394101876675605,0.8476821192052979
0.7946619217081848,0.42662707250680754,0.3016085790884719,0.3047682119205293
0.2871886120996441,0.5028458302400409,0.8202412868632709,0.7075496688741723
0.39982206405693943,0.33506557782726887,0.7148793565683647,0.44966887417218526
0.2069395017793595,0.3489235337787697,0.8646112600536195,0.6090066225165565
0.5866548042704626,0.5127443702053966,0.18914209115281505,0.3769536423841062
0.2829181494661921,0.6904231625835209,0.7788203753351206,0.6029139072847682
0.6681494661921706,0.48379114080673347,0.4738605898123324,0.3415894039735097
0.32117437722419917,0.5723830734966597,0.6796246648793567,0.6264900662251653
0.7629893238434161,0.432813659985154,0.641823056300268,0.14092715231788056
0.9284697508896796,0.4662212323682269,0.6935656836461126,0.17152317880794676
0.827224199288256,0.3986636971046771,0.6970509383378019,0.12331125827814571
0.6902135231316727,0.6990843850532045,0.46621983914209125,0.435364238410596
0.3418149466192171,0.3568423657510529,0.5871313672922251,0.3794701986754969
0.26263345195729526,0.47710962633011533,0.7498659517426274,0.49735099337748334
0.2790035587188612,0.8064835436773095,0.5210455764075068,0.49311258278145687
0.4101423487544483,0.3914872556297979,0.7470509383378019,0.314569536423841
0.7240213523131672,0.5830240039594194,0.639544235924933,0.31112582781456943
0.24555160142348742,0.35535758475624846,0.6272117962466488,0.5687417218543045
0.22989323843416376,0.5137342242019329,0.8813672922252012,0.6486092715231786
0.49003558718861207,0.6577579806978484,0.746916890080429,0.5374834437086093
0.7327402135231317,0.4234100470180664,0.4664879356568365,0.2731125827814571
0.7891459074733095,0.43479336797822654,0.9553619302949063,0.2635761589403973
0.31637010676156585,0.521158129175948,0.4912868632707776,0.5431788079470197
0.7309608540925266,0.3853006681514515,0.6871313672922252,0.09655629139072897
0.6537366548042703,0.6683989111606046,0.7175603217158177,0.44026490066225143
0.755693950177936,0.3682256867112095,0.3719839142091153,0.08331125827814567
0.658896797153025,0.33407572383073614,0.7174262734584451,0.2218543046357615
0.24555160142348742,0.5587725810442983,0.9096514745308313,0.8487417218543039
0.20195729537366547,0.8069784706755776,0.7357908847184988,0.7597350993377487
0.686476868327402,0.5097748082157914,0.7513404825737267,0.3088741721854298
0.27188612099644127,0.6805246226181652,0.9363270777479893,0.654172185430463
0.43932384341637,0.3429844097995556,0.5332439678284184,0.26437086092715223
0.38523131672597855,0.5501113585746111,0.5260053619302949,0.4652980132450333
0.5976868327402135,0.6010888393961906,0.4312332439678284,0.27999999999999936
0.25978647686832745,0.4669636228656273,0.6904825737265416,0.6323178807947016
0.1850533807829181,0.6679039841623364,0.4926273458445041,0.7158940397350992
0.2749110320284698,0.8200940361296709,0.7403485254691691,0.7425165562913909
0.7642348754448399,0.451125958921061,0.6089812332439679,0.2847682119205297
0.6220640569395018,0.586983419945561,0.6666219839142093,0.32768211920529833
0.2624555160142349,0.7792625587725865,0.6603217158176944,0.5358940397350995
0.7327402135231317,0.2858203414996332,0.7719839142091154,0.16092715231788102
0.8350533807829182,0.37243256619649046,0.7894101876675605,0.1419867549668874
0.6752669039145908,0.49492699826775777,0.4631367292225202,0.25019867549668806
0.2293594306049822,0.5065577827270502,0.8012064343163541,0.7026490066225168
0.8026690391459074,0.4474140064340517,0.772117962466488,0.28622516556291355
0.3649466192170818,0.4021281860925541,0.8914209115281502,0.8124503311258282
0.7790035587188612,0.33432318732986843,0.8289544235924935,0.21629139072847625
0.731850533807829,0.4271219995050757,0.5373994638069706,0.21364238410596048
0.4412811387900355,0.4189557040336567,0.9990616621983917,0.4374834437086097
0.6425266903914589,0.4157386785449191,0.5241286863270778,0.1998675496688742
0.28131672597864765,0.6580054441969843,0.4443699731903486,0.7170860927152312
0.17864768683274013,0.5765899529819372,0.38056300268096527,0.6316556291390727
0.1850533807829181,0.6540460282108427,0.4470509383378016,0.7083443708609272
0.4412811387900355,0.42291512001979825,0.9990616621983917,0.4121854304635759
0.31120996441281135,0.5124969067062644,0.894638069705094,0.8206622516556292
0.32153024911032024,0.4731502103439773,0.6394101876675604,0.4082119205298014
0.27117437722419935,0.5201682751794117,0.8714477211796248,0.709668874172185
0.3261565836298932,0.5770848799802053,0.636058981233244,0.7298013245033115
0.8177935943060496,0.3504083147735706,0.8009383378016086,0.19099337748344336
0.3377224199288257,0.6572630536995838,0.3453083109919572,0.628609271523179
0.26263345195729526,0.47265528334570917,0.6831099195710457,0.4176158940397352
0.5967971530249109,0.2882949764909668,0.3861930294906167,0.24145695364238406
0.31619217081850537,0.6537985647117068,0.8144772117962467,0.8654304635761596
0.7327402135231317,0.477604553328387,0.5843163538873997,0.23602649006622478
0.26174377224199286,0.573372927493196,0.29356568364611263,0.8974834437086088
0.795017793594306,0.4206879485275934,0.543029490616622,0.1515231788079472
0.25355871886120995,0.6268250433061162,0.5986595174262734,0.6834437086092713
0.27419928825622775,0.7213560999752531,0.7998659517426274,0.7082119205298012
0.7921708185053379,0.38431081415491164,0.8135388739946381,0.15880794701986733
0.2459074733096085,0.760950259836676,0.8249329758713138,0.718278145695364
0.2727758007117437,0.6839891116060386,0.859383378016086,0.7482119205298012
0.2923487544483986,0.46003464488988044,0.8190348525469169,0.5411920529801328
0.6834519572953736,0.5050730017322458,0.6966487935656838,0.30980132450331066
0.7891459074733095,0.3981687701064125,0.7509383378016086,0.2429139072847688
0.2784697508896796,0.7423904974016331,0.9714477211796249,0.7186754966887419
0.2743772241992882,0.7730759712942401,0.7242627345844506,0.55682119205298
0.8293594306049822,0.38109378866617405,0.626005361930295,0.13112582781456972
0.7138790035587189,0.6048007918831999,0.5455764075067024,0.3560264900662249
0.5553380782918148,0.5174461766889387,0.5517426273458446,0.322516556291391
0.827224199288256,0.3974263796090085,0.82828418230563,0.09814569536423878
0.5718861209964413,0.568671121009654,0.7394101876675605,0.35364238410596016
0.2653024911032029,0.32021776787923883,0.3242627345844505,0.7207947019867547
0.7330960854092526,0.3214550853749074,0.5250670241286863,0.0939072847682123
0.34234875444839863,0.5134867607027971,0.6970509383378019,0.6411920529801325
0.2768683274021353,0.7159119029943106,0.8105898123324398,0.7385430463576155
0.2387900355871886,0.5013610492452365,0.9453083109919571,0.7193377483443708
0.6850533807829181,0.5431823805988643,0.6187667560321717,0.4023841059602651
0.7074733096085409,0.576837416481073,0.25991957104557645,0.2950993377483444
0.8873665480427045,0.42811185350161196,0.49008042895442355,0.1833112582781462
0.30177935943060497,0.555803019054693,0.7053619302949063,0.6078145695364237
0.1852313167259787,0.5756000989854009,0.6402144772117961,0.8103311258278145
0.27633451957295374,0.4164810690423195,0.8847184986595176,0.6022516556291393
0.22188612099644123,0.3212076218757751,0.9785522788203755,0.693509933774834
0.7327402135231317,0.29943083395199466,0.9022788203753354,0.2720529801324503
0.2921708185053381,0.45459044790893444,0.30911528150134043,0.604105960264901
0.2747330960854092,0.8527592180153434,0.631769436997319,0.749933774834437
0.596085409252669,0.5263548626577581,0.36715817694369984,0.3299337748344371
0.6389679715302491,0.6609750061865896,0.4459785522788204,0.3667549668874166
0.827224199288256,0.3714427121999506,0.4139410187667561,0.07695364238410551
0.5718861209964413,0.5560504825538253,0.49450402144772126,0.35814569536423857
0.8258007117437721,0.339024993813414,0.7021447721179626,0.09443708609271528
0.5718861209964413,0.5434298440979966,0.5592493297587131,0.3936423841059602
0.9241992882562277,0.23632764167285458,0.453887399463807,0.24066225165562916
0.736476868327402,0.633259094283595,0.48337801608579084,0.145298013245033
0.2829181494661921,0.38579559514971606,0.9544235924932978,0.6924503311258281
0.347508896797153,0.42811185350161196,0.7915549597855229,0.501059602649006
0.42330960854092525,0.6862162830982435,0.679088471849866,0.6007947019867546
0.8596085409252668,0.3137837169017601,0.4447721179624666,0.1498013245033114
0.6955516014234876,0.4498886414253924,0.4813672922252011,0.3562913907284768
0.40355871886120986,0.49269982677554935,0.9119302949061663,0.6372185430463579
0.2644128113879003,0.3016580054441995,0.8599195710455765,0.7650331125827812
0.7788256227758005,0.4261321455085394,0.4941018766756033,0.07271523178807904
0.2734875444839857,0.6075228903736729,0.8223860589812333,0.5129801324503314
0.28451957295373664,0.33135362534026314,0.7056300268096516,0.5797350993377481
0.3231316725978648,0.7396683989111601,0.9710455764075068,0.7698013245033115
0.6430604982206406,0.4028705765899545,0.4785522788203754,0.2631788079470194
0.3113879003558718,0.555060628557289,0.7934316353887401,0.6743046357615894
0.8224199288256228,0.4221727295223978,0.32788203753351214,0.13523178807947023
0.5866548042704626,0.5124969067062644,0.8076407506702414,0.42410596026490044
0.2523131672597865,0.4493937144271207,0.8064343163538874,0.6431788079470193
0.8224199288256228,0.4243999010146027,0.4436997319034853,0.1589403973509933
0.2743772241992882,0.7864390002474657,0.6313672922252012,0.48278145695364216
0.4793594306049821,0.34050977480821487,0.5238605898123325,0.2980132450331121
0.2768683274021353,0.7164068299925788,0.7857908847184989,0.6814569536423836
0.3314946619217082,0.7000742390497408,0.8453083109919572,0.6266225165562913
0.26085409252669045,0.9712942341004762,0.7327077747989277,0.8095364238410596
0.7855871886120996,0.41474882454837925,0.439946380697051,0.1957615894039737
0.30213523131672604,0.6255877258104441,0.9264075067024129,0.5984105960264898
0.4596085409252668,0.4011383320960178,0.7959785522788205,0.3431788079470204
0.8633451957295372,0.33209601583766357,0.29477211796246644,0.26516556291390714
0.8693950177935942,0.360059391239794,0.6749329758713136,0.13854304635761583
0.2702846975088967,0.336302895322941,0.9463806970509383,0.7223841059602654
0.24341637010676154,0.6335065577827272,0.5698391420911528,0.7850331125827807
0.3377224199288257,0.6594902251917851,0.30201072386058986,0.6429139072847683
0.6859430604982205,0.4298440979955487,0.9683646112600537,0.2699337748344366
0.904626334519573,0.36080178173719446,0.4522788203753351,0.15841059602649032
0.7453736654804269,0.6149467953476879,0.6564343163538875,0.24317880794701985
0.658896797153025,0.36995793120514975,0.8067024128686326,0.42450331125827834
0.23274021352313157,0.5902004454342986,0.7682305630026811,0.9340397350993372
0.3476868327402135,0.3768869091808966,0.5595174262734584,0.43483443708609215
0.708540925266904,0.4815639693145286,0.7041554959785525,0.21364238410596048
0.34003558718861204,0.9161098737936193,0.6012064343163539,0.6210596026490061
0.6425266903914589,0.37218510269735106,0.5784182305630026,0.33629139072847636
0.24928825622775797,0.6758228161346231,0.6945040214477214,0.8964238410596028
0.2160142348754448,0.44073249195743713,0.948123324396783,0.7149668874172184
0.8475088967971528,0.3612967087354626,0.7528150134048259,0.17205298013245063
0.2829181494661921,0.6914130165800572,0.7237265415549599,0.564370860927152
0.3137010676156584,0.35214055926751087,0.5915549597855227,0.6486092715231786
0.16601423487544475,0.8389012620638461,0.7415549597855229,0.8197350993377484
0.8507117437722419,0.47933679782232375,0.7962466487935658,0.193245033112583
0.7855871886120996,0.5053204652313781,0.36782841823056306,0.3166887417218547
0.588967971530249,0.5803019054689464,0.5501340482573727,0.2863576158940395
0.8507117437722419,0.4189557040336567,0.5210455764075068,0.19443708609271493
0.6565836298932383,0.45756000989853973,0.650402144772118,0.21324503311258258
0.6181494661921708,0.4508784954219287,0.7443699731903486,0.3981456953642386
0.2749110320284698,0.8101954961643187,0.5455764075067024,0.7214569536423845
0.7327402135231317,0.2984409799554584,0.63029490616622,0.14662251655629088
0.7532028469750888,0.2880475129918345,0.7301608579088472,0.16900662251655607
0.4320284697508897,0.8292501855976298,0.5510723860589812,0.4557615894039735
0.6229537366548042,0.3434793367978237,0.7623324396782845,0.2699337748344366
0.23416370106761575,0.6424152437515502,0.5040214477211795,0.4548344370860926
0.3437722419928825,0.7522890373669888,0.9026809651474532,0.773509933774835
0.28861209964412804,0.6218757733234348,0.8491957104557641,0.5852980132450325
0.3927046263345195,0.39891116060381293,0.40924932975871325,0.3324503311258278
0.8288256227758005,0.34248948280128744,0.819436997319035,0.1589403973509933
0.6494661921708184,0.48255382331106134,0.5432975871313674,0.257748344370861
0.26476868327402137,0.5864884929472929,0.8639410187667562,0.653377483443708
0.8830960854092526,0.23014105419450814,0.12091152815013406,0.20092715231788105
0.4804270462633451,0.5129918337045289,0.44182305630026814,0.4347019867549671
0.6496441281138788,0.43207126948775354,0.31300268096514744,0.31483443708609204
0.42330960854092525,0.7027963375402138,0.3664879356568365,0.4855629139072848
0.7135231316725977,0.6139569413511552,0.5815013404825737,0.3762913907284773
0.6734875444839857,0.4805741153179923,0.6820375335120643,0.2777483443708615
0.24110320284697506,0.4986389507547635,0.6427613941018768,0.6639735099337747
0.35854092526690384,0.5545657015590209,0.8191689008042897,0.7352317880794699
0.7601423487544482,0.44246473645137385,0.3801608579088473,0.14132450331125845
0.2459074733096085,0.7852016827517936,0.7987935656836462,0.8528476821192053
0.582918149466192,0.5565454095520934,0.7000000000000002,0.43735099337748284
0.6884341637010675,0.47859440732491976,0.8662198391420914,0.3600000000000003
0.7240213523131672,0.6357337292749357,0.5451742627345846,0.3190728476821194
0.442526690391459,0.5775798069784734,0.48887399463806974,0.4524503311258279
0.24110320284697506,0.47562484533531446,0.7497319034852548,0.7802649006622522
0.2572953736654804,0.4751299183370463,0.812868632707775,0.7646357615894042
0.2829181494661921,0.3610492452363303,0.9809651474530832,0.7377483443708606
0.591814946619217,0.5706508290027266,0.6341823056300269,0.3969536423841058
0.708540925266904,0.48948280128681176,0.6005361930294906,0.2372185430463576
0.6149466192170819,0.4152437515466474,0.9186327077747991,0.23364238410596005
0.6149466192170819,0.4075723830735001,0.9359249329758714,0.2329801324503311
0.39982206405693943,0.30413264043553667,0.7108579088471851,0.4626490066225166
0.2829181494661921,0.45211581291759373,0.946916890080429,0.839072847682119
0.7135231316725977,0.5241276911655568,0.28431635388739956,0.3434437086092714
0.3263345195729538,0.5501113585746111,0.5285522788203754,0.6704635761589399
0.5064056939501779,0.589705518436034,0.5266756032171582,0.6201324503311252
0.27330960854092523,0.7342242019302141,0.8325737265415551,0.8480794701986758
0.19377224199288257,0.8856718634001517,0.8717158176943702,0.8411920529801318
0.2893238434163701,0.4936896807720892,0.9152815013404827,0.5639735099337742
0.8451957295373665,0.26503340757238547,0.36608579088471854,0.17986754966887375
0.801423487544484,0.33655035882207684,0.7693029490616623,0.1667549668874173
0.6644128113879003,0.40732491957436423,0.39825737265415556,0.2835761589403978
0.27935943060498225,0.6953724325661987,0.810857908847185,0.8760264900662245
0.7870106761565837,0.3694630042068816,0.5281501340482573,0.14715231788079475
0.7330960854092526,0.3167532788913654,0.5376675603217158,0.0864900662251662
0.28131672597864765,0.6641920316753307,0.7571045576407509,0.7883443708609263
0.836832740213523,0.14946795347686148,0.6473190348525468,0.15576158940397367
0.34733096085409254,0.6095025983667419,0.9083109919571046,0.5422516556291388
0.6010676156583629,0.5731254639940602,0.6034852546916891,0.39470198675496704
0.7601423487544482,0.5060628557287821,0.23136729222520108,0.1891390728476825
0.3377224199288257,0.6575105171987161,0.468230563002681,0.6429139072847683
0.2749110320284698,0.5845087849542203,0.7332439678284184,0.7202649006622517
0.49003558718861207,0.5506062855728793,0.6373994638069707,0.5415894039735099
0.5706405693950177,0.5018559762435046,0.6201072386058981,0.3331125827814576
0.5131672597864769,0.4889878742885436,0.3010723860589813,0.32476821192052974
0.2807829181494662,0.8552338530066841,0.811662198391421,0.8109933774834435
0.4234875444839856,0.23880227666419174,0.5832439678284183,0.3014569536423837
0.2501779359430605,0.8101954961643187,0.5939678284182306,0.717615894039735
0.3113879003558718,0.5209106656768157,0.8396782841823058,0.637615894039735
0.4441281138790035,0.4187082405345208,0.9056300268096515,0.37271523178807886
0.2747330960854092,0.7896560257362033,0.5099195710455764,0.7368211920529797
0.795017793594306,0.42390497401633453,0.4261394101876676,0.1324503311258276
0.5170818505338078,0.4664686958673627,0.8549597855227884,0.48450331125827795
0.5610320284697509,0.5295718881464992,0.6355227882037533,0.4288741721854299
0.27313167259786475,0.8277654046028218,0.7667560321715818,0.8944370860927151
0.7240213523131672,0.6191536748329618,0.44959785522788215,0.2768211920529806
0.31637010676156585,0.44790893343231986,0.8386058981233246,0.7517880794701988
0.32544483985765116,0.6877010640930479,0.5975871313672922,0.8680794701986754
0.6181494661921708,0.4474140064340517,0.707774798927614,0.419735099337748
0.2734875444839857,0.6302895322939897,0.8520107238605901,0.5107284768211917
0.347508896797153,0.42464736451373497,0.4500000000000001,0.3291390728476822
0.8295373665480427,0.33283840633506756,0.8698391420911529,0.16172185430463593
0.7772241992882564,0.43578322197475927,0.7400804289544236,0.2943046357615895
0.2715302491103202,0.5671863400148496,0.8013404825737267,0.8327152317880797
0.576512455516014,0.6498391487255653,0.6286863270777479,0.45509933774834455
0.32544483985765116,0.531304132640436,0.7825737265415551,0.8010596026490067
0.33701067615658353,0.5308092056421714,0.7752010723860592,0.31443708609271503
0.7384341637010675,0.4733976738431096,0.5957104557640751,0.45298013245033086
0.2604982206405694,0.5624845335313076,0.7453083109919572,0.6762913907284771
0.33096085409252674,0.49814402375649536,0.7242627345844506,0.6105960264900663
0.8083629893238434,0.27715911902994605,0.6674262734584451,0.1299337748344369
0.7384341637010675,0.49913387775303164,0.4576407506702414,0.4189403973509931
0.9375444839857651,0.451125958921061,0.5175603217158178,0.1858278145695369
0.28238434163701065,0.05270972531551621,0.8369973190348527,0.5905960264900667
0.748932384341637,0.5181885671863427,0.23726541554959785,0.21470198675496732
0.8873665480427045,0.440979955456573,0.5479892761394103,0.21735099337748398
0.736476868327402,0.6099975253650101,0.20281501340482572,0.15589403973509874
0.7135231316725977,0.5191784211828789,0.4360589812332441,0.3784105960264901
0.43540925266903907,0.3677307597129449,0.8908847184986595,0.620397350993378
0.7158362989323844,0.4610244988864167,0.7983914209115284,0.28529801324503357
0.8683274021352311,0.3805988616679059,0.9246648793565686,0.14847682119205352
0.5839857651245551,0.36030685473892987,0.9352546916890081,0.31602649006622485
0.8165480427046262,0.18831972284088394,0.8139410187667562,0.14145695364238442
0.2902135231316726,0.4805741153179923,0.37989276139410194,0.564238410596027
0.8715302491103202,0.19846572630537196,0.22855227882037538,0.18119205298013252
0.6204626334519573,0.45335313041326586,0.5730563002680966,0.3274172185430464
0.6055160142348753,0.520415738678544,0.5793565683646114,0.395761589403973
0.2829181494661921,0.3682256867112095,0.9857908847184986,0.7064900662251654
0.6713523131672597,0.5877258104429615,0.8361930294906168,0.29841059602649
0.6690391459074733,0.6688938381588727,0.4394101876675604,0.32516556291390764
0.44893238434163707,0.6817619401138373,0.8040214477211798,0.5210596026490073
0.34003558718861204,0.871566443949515,0.5529490616621984,0.5954966887417221
0.7855871886120996,0.42563721851027125,0.15134048257372662,0.1196026490066231
0.7240213523131672,0.6048007918831999,0.3903485254691689,0.2544370860927154
0.34234875444839863,0.6414253897550104,0.7924932975871315,0.6385430463576158
0.7640569395017792,0.5614946795347713,0.214343163538874,0.1299337748344369
0.8939501779359428,0.6062855728780008,0.6979892761394102,0.23814569536423846
0.4135231316725979,0.26528087107151777,0.432171581769437,0.24304635761589388
0.32580071174377223,0.4587973273942083,0.6490616621983916,0.5768211920529804
0.7923487544483986,0.5572878000494939,0.636058981233244,0.13337748344370848
0.8131672597864769,0.3838158871566435,0.8305630026809652,0.15735099337748348
0.5880782918149464,0.520415738678544,0.7837801608579089,0.3654304635761596
0.8565836298932384,0.43231873298688583,0.6398123324396785,0.19814569536423843
0.5567615658362989,0.6822568671121019,0.6916890080428955,0.4939072847682118
0.8177935943060496,0.39792130660727665,0.8427613941018768,0.233907284768212
0.7532028469750888,0.29225439247711194,0.5977211796246651,0.16397350993377469
0.28113879003558706,0.3583271467458573,0.6871313672922252,0.5712582781456952
0.7240213523131672,0.6273199703043808,0.4786863270777481,0.2908609271523179
0.3113879003558718,0.9465478841870869,0.5903485254691689,0.5973509933774839
0.28861209964412804,0.5325414501361045,0.8667560321715819,0.556556291390728
0.24768683274021353,0.45483791140806673,0.7572386058981233,0.7609271523178807
0.29145907473309607,0.672605790645882,0.7186327077747992,0.8023841059602645
0.6023131672597865,0.6198960653303658,0.7410187667560324,0.363046357615894
0.2293594306049822,0.5127443702053966,0.746916890080429,0.6494039735099344
0.22597864768683273,0.6936401880722585,0.7816353887399465,0.8415894039735097
0.597864768683274,0.5137342242019329,0.4222520107238607,0.42079470198675484
0.2704626334519573,0.7013115565454129,0.4532171581769437,0.6499337748344365
0.3838078291814946,0.5345211581291771,0.5063002680965147,0.44516556291390774
0.2807829181494662,0.7943578322197489,0.9422252010723862,0.7574834437086091
0.7327402135231317,0.4486513239297203,0.2441018766756033,0.2570860927152321
0.31761565836298933,0.4610244988864167,0.5091152815013404,0.17284768211920554
0.29074733096085414,0.6357337292749357,0.7404825737265417,0.4487417218543044
0.7891459074733095,0.43033902499381327,0.9662198391420913,0.3196026490066224
0.8117437722419928,0.35511012125711616,0.6229222520107238,0.16821192052980116
0.6953736654804269,0.5434298440979966,0.5950402144772118,0.3754966887417224
0.5674377224199288,0.4501361049245247,0.8375335120643435,0.43403973509933724
0.686476868327402,0.6597376886909174,0.39584450402144783,0.36397350993377486
0.8085409252669037,0.3880227666419245,0.5856568364611261,0.15986754966887418
0.28451957295373664,0.2709725315515996,0.9695710455764077,0.6076821192052977
0.32384341637010683,0.4946795347686219,0.4564343163538875,0.5929801324503305
0.33167259786476866,0.7941103687206166,0.7978552278820377,0.564370860927152
0.28238434163701065,0.02301410541945259,0.47788203753351216,0.4776158940397348
0.154270462633452,0.6322692402870622,0.5859249329758713,0.7141721854304635
0.22597864768683273,0.695619896065331,0.7762734584450404,0.8280794701986753
0.8475088967971528,0.36451373422420374,0.5961126005361932,0.15324503311258297
0.5610320284697509,0.5058153922296498,0.5596514745308312,0.2814569536423841
0.7806049822064057,0.5045780747339776,0.3391420911528151,0.21324503311258258
0.5185053380782918,0.5481316505815386,0.8615281501340484,0.629139072847682
0.7316725978647688,0.2779015095273465,0.5020107238605898,0.17973509933774778
0.4638790035587188,0.3212076218757751,0.45120643431635393,0.23403973509933795
0.33274021352313166,0.6082652808710733,0.5789544235924933,0.44317880794702
0.28238434163701065,0.12422667656520758,0.7658176943699733,0.6205298013245031
0.5718861209964413,0.5409552091066594,0.6544235924932975,0.4164238410596024
0.6827402135231316,0.44518683494184685,0.607372654155496,0.28662251655629145
0.2160142348754448,0.43207126948775354,0.9383378016085793,0.7128476821192047
0.3480427046263346,0.8079683246721103,0.8788203753351209,0.5613245033112584
0.16601423487544475,0.8445929225439244,0.7151474530831099,0.8027814569536424
0.3649466192170818,0.35708982925018873,0.9815013404825739,0.8161589403973508
0.7921708185053379,0.3704528582034179,0.2867292225201073,0.1862251655629139
0.20106761565836295,0.8309824300915629,0.6599195710455765,0.8010596026490067
0.37099644128113873,0.4387527839643681,0.5638069705093836,0.3817218543046357
0.4638790035587188,0.4496411779262566,0.9221179624664879,0.47668874172185394
0.7608540925266903,0.45929225439248,0.44128686327077743,0.2210596026490066
0.8263345195729536,0.44345459044791014,0.4804289544235925,0.20052980132450315
0.8846975088967971,0.29794605295719023,0.27654155495978555,0.250066225165563
0.2603202846975089,0.4060876020786921,0.7800268096514746,0.6084768211920526
0.32384341637010683,0.5493689680772107,0.7292225201072386,0.8250331125827817
0.20195729537366547,0.5120019797079962,0.6548257372654156,0.678145695364238
0.4441281138790035,0.38827023014105677,0.800804289544236,0.29377483443708563
0.31637010676156585,0.6340014847809954,0.6668900804289546,0.49443708609271475
0.0,0.4132640435535784,1.0,0.6715231788079468
0.8814946619217082,0.2776540460282142,0.5223860589812332,0.19072847682119232
0.4412811387900355,0.45929225439248,0.9967828418230564,0.42119205298013274
0.8026690391459074,0.3627814897302635,0.6304289544235926,0.18516556291390707
0.24110320284697506,0.4696857213561003,0.7471849865951743,0.790728476821192
0.7699288256227758,0.5164563226924059,0.2424932975871314,0.35576158940397384
0.6062277580071175,0.31650581539222955,0.7769436997319035,0.27788079470198657
0.6204626334519573,0.4204404850284611,0.7235924932975872,0.2475496688741723
0.2966192170818506,0.6092551348676096,0.7959785522788205,0.6270198675496692
0.8234875444839856,0.29299678297451237,0.6320375335120643,0.21258278145695364
0.8508896797153026,0.4828012868101972,0.8644772117962467,0.2218543046357615
0.42437722419928825,0.5310566691413037,0.3121983914209116,0.3770860927152322
0.6313167259786477,0.6245978718139078,0.45509383378016083,0.2927152317880797
0.3649466192170818,0.3711952487008183,0.6453083109919573,0.3878145695364239
0.3466192170818506,0.7564959168522662,0.8262734584450404,0.5870198675496683
0.6345195729537366,0.45756000989853973,0.532975871313673,0.22251655629139044
0.39982206405693943,0.328136599851522,0.6709115281501341,0.451523178807947
0.7612099644128113,0.2826033160108885,0.7493297587131367,0.11403973509933785
0.29483985765124554,0.7431328878990371,0.2603217158176944,0.6254304635761594
0.34234875444839863,0.544914625092801,0.14356568364611266,0.540529801324503
0.6953736654804269,0.518436030685475,0.32077747989276145,0.25218543046357667
0.2604982206405694,0.6391982182628091,0.7890080428954425,0.5541721854304642
0.5185053380782918,0.5595149715416987,0.5711796246648795,0.41403973509933767
0.793238434163701,0.4068299925760961,0.7828418230563003,0.35496688741721893
0.34946619217081853,0.7448651323929738,0.8089812332439679,0.8154966887417219
0.583629893238434,0.6035634743875278,0.5109919571045576,0.42980132450331077
0.34946619217081853,0.7282850779510035,0.24504021447721186,0.6720529801324506
0.41530249110320283,0.351893095768375,0.8262734584450404,0.3882119205298009
0.6537366548042703,0.6837416481069063,0.7109919571045578,0.4337748344370862
0.8145907473309607,0.4595397178916123,0.3636729222520107,0.13629139072847707
0.22775800711743766,0.560504825538235,0.7253351206434318,0.7317880794701983
0.8508896797153026,0.47859440732491976,0.5765415549597854,0.14701986754966878
0.5781138790035586,0.49888641425389935,0.5466487935656836,0.33258278145695375
0.4053380782918149,0.5021034397426369,0.5784182305630026,0.4809271523178804
0.6537366548042703,0.6587478346943847,0.812064343163539,0.4376158940397348
0.5603202846975089,0.45929225439248,0.21193029490616627,0.25549668874172227
0.29288256227758,0.9883692155407076,0.6442359249329759,0.7728476821192052
0.6690391459074733,0.6649344221727311,0.44075067024128683,0.3075496688741728
0.45231316725978643,0.3954466716159395,0.8796246648793569,0.32807947019867534
0.26263345195729526,0.4912150457807485,0.7167560321715818,0.5148344370860922
0.40391459074733094,0.49319475377382105,0.5663538873994638,0.3290066225165562
0.6087188612099644,0.43949517446176856,0.7571045576407509,0.33549668874172145
0.4209964412811388,0.3659985152190046,0.5684986595174264,0.24715231788079528
0.6852313167259786,0.6114823063598145,0.23820375335120642,0.29735099337748316
0.8258007117437721,0.33036377134372685,0.44798927613941014,0.11933774834437028
0.7421708185053378,0.3177431328879017,0.4238605898123325,0.20278145695364191
0.6597864768683274,0.46844840386043174,0.6636729222520108,0.3691390728476822
0.7677935943060498,0.5028458302400409,0.6762734584450403,0.2827814569536429
0.32651245551601427,0.7916357337292794,0.7347184986595177,0.5705960264900662
0.7322064056939502,0.558525117545166,0.11367292225201076,0.16331125827814574
0.6087188612099644,0.4540955209106663,0.5155495978552278,0.2540397350993375
0.22259786476868326,0.6807720861172974,0.6596514745308311,0.5962913907284761
0.2966192170818506,0.6149467953476879,0.8836461126005364,0.7549668874172184
0.7790035587188612,0.36154417223459845,0.6289544235924933,0.22026490066225168
0.23167259786476868,0.6268250433061162,0.8092493297587133,0.7611920529801326
0.346797153024911,0.5261073991586258,0.8418230563002682,0.749801324503311
0.8083629893238434,0.3073496659242778,0.6935656836461126,0.10913907284768243
0.7220640569395017,0.44790893343231986,0.5920911528150135,0.2931125827814567
0.4101423487544483,0.38851769364018907,0.5337801608579089,0.28953642384106004
0.7914590747330962,0.3182380598861698,0.7868632707774801,0.21841059602648993
0.34199288256227756,0.5934174709230398,0.42922252010723866,0.5290066225165564
0.2644128113879003,0.4513734224201933,0.7711796246648794,0.7474172185430463
0.3113879003558718,0.5223954466716165,0.8722520107238607,0.6817218543046364
0.8939501779359428,0.6270725068052485,0.49718498659517424,0.3038410596026484
0.3113879003558718,0.9769858945805474,0.6105898123324398,0.6439735099337751
0.2880782918149466,0.24003959415986387,0.5402144772117963,0.7370860927152325
0.6181494661921708,0.4164810690423195,0.8658176943699734,0.47668874172185394
0.7327402135231317,0.30240039594159995,0.8989276139410189,0.21761589403973502
0.41921708185053386,0.42415243751546683,0.210455764075067,0.30278145695364245
0.596085409252669,0.5644642415243766,0.501206434316354,0.3116556291390733
0.3048042704626335,0.40930462756743324,0.707774798927614,0.7864900662251655
0.49003558718861207,0.5436773075971324,0.6878016085790886,0.5784105960264903
0.6389679715302491,0.6609750061865896,0.4227882037533513,0.3741721854304636
0.3354092526690391,0.7186340014847801,0.8117962466487938,0.6407947019867546
0.4101423487544483,0.3833209601583789,0.8774798927613943,0.3588079470198675
0.8939501779359428,0.5983667409057176,0.5719839142091154,0.26211920529801347
0.5170818505338078,0.4686958673595676,0.8619302949061662,0.4002649006622523
0.290035587188612,0.4122741895570421,0.5520107238605898,0.6198675496688741
0.28861209964412804,0.6953724325661987,0.8784182305630028,0.5900662251655628
0.7772241992882564,0.3959415986142041,0.6040214477211798,0.2727152317880801
0.6597864768683274,0.4682009403612959,0.6286863270777479,0.2438410596026488
0.17864768683274013,0.5795595149715425,0.4383378016085791,0.6347019867549673
0.8514234875444838,0.20019797079930868,0.625201072386059,0.20768211920529822
0.2893238434163701,0.4446919079435787,0.775603217158177,0.540662251655629
0.3137010676156584,0.3585746102449896,0.714745308310992,0.6678145695364242
0.2807829181494662,0.8606780499876301,0.8705093833780162,0.5802649006622511
0.2818505338078292,0.5785696609750062,0.6025469168900806,0.6192052980132452
0.8451957295373665,0.2905221479831752,0.35670241286863275,0.25390728476821156
0.6752669039145908,0.4917099727790166,0.5418230563002682,0.2611920529801326
0.8177935943060496,0.35337787676317944,0.7730563002680966,0.16092715231788102
0.34430604982206403,0.5857461024498889,0.07680965147453084,0.5243708609271529
0.6430604982206406,0.3981687701064125,0.7584450402144773,0.4060927152317886
0.7120996441281137,0.4231625835189341,0.38498659517426276,0.4413245033112583
0.7999999999999997,0.4454342984409827,0.7399463806970512,0.1879470198675497
0.32117437722419917,0.5582776540460301,0.5857908847184987,0.6066225165562917
0.2667259786476869,0.47018064835436846,0.7415549597855229,0.7305960264900664
0.4793594306049821,0.37985647117050547,0.7189008042895444,0.35496688741721893
0.4638790035587188,0.33506557782726887,0.7103217158176944,0.2483443708609272
0.6781138790035587,0.4615194258846813,0.5347184986595175,0.33920529801324495
0.8514234875444838,0.19252660232615781,0.7210455764075068,0.17576158940397324
0.2879003558718861,0.6693887651571409,0.5478552278820377,0.7614569536423836
0.0092526690391459,0.39668398911160807,0.5844504021447721,0.580794701986755
0.2784697508896796,0.7144271219995062,0.9671581769436997,0.6470198675496688
0.45231316725978643,0.3942093541202709,0.46903485254691685,0.3117880794701984
0.6176156583629894,0.542192526602328,0.5831099195710456,0.4321854304635764
0.3352313167259787,0.6713684731502099,0.7134048257372656,0.6001324503311256
0.791103202846975,0.41994555803019296,0.3670241286863271,0.22993377483443744
0.9676156583629892,0.33778767631774187,0.9134048257372656,0.19218543046357617
0.26476868327402137,0.6184112843355614,0.8416890080428954,0.6488741721854305
0.7101423487544484,0.5045780747339776,0.32694369973190357,0.2276821192052978
0.7330960854092526,0.36971046770601745,0.47439678284182313,0.19364238410596002
0.28113879003558706,0.6731007176441501,0.7742627345844504,0.5916556291390727
0.5895017793594305,0.4706755753526366,0.8927613941018768,0.5327152317880799
0.20195729537366547,0.5144766146993334,0.6045576407506703,0.6067549668874168
0.3113879003558718,0.9717891610987408,0.6162198391420912,0.6252980132450334
0.3649466192170818,0.29423410047018095,0.7300268096514746,0.6341721854304634
0.28131672597864765,0.6627072506805263,0.7927613941018767,0.918675496688742
0.28113879003558706,0.7493194753773835,0.9591152815013406,0.6829139072847683
0.8402135231316724,0.4041078940856231,0.850804289544236,0.14463576158940405
0.5843416370106761,0.6337540212818631,0.7739946380697051,0.5066225165562912
0.5603202846975089,0.46448898787429016,0.14115281501340493,0.2615894039735096
0.19466192170818497,0.8460777035387288,0.6490616621983916,0.7773509933774836
0.46156583629893233,0.5073001732244506,0.8510723860589813,0.4296688741721848
0.904626334519573,0.3251670378619167,0.5564343163538874,0.2037086092715228
0.45231316725978643,0.3934669636228669,0.5026809651474531,0.3237086092715229
0.28113879003558706,0.7493194753773835,0.9361930294906169,0.7621192052980135
0.2613879003558718,0.558525117545166,0.8533512064343165,0.7144370860927154
0.7016014234875446,0.6139569413511552,0.30469168900804294,0.26847682119205274
0.300355871886121,0.6092551348676096,0.5642091152815014,0.6472847682119207
0.7870106761565837,0.3986636971046771,0.6146112600536193,0.234304635761589
0.7601423487544482,0.44617668893838314,0.6526809651474532,0.1564238410596026
0.27224199288256223,0.5770848799802053,0.8436997319034854,0.49364238410595984
0.755693950177936,0.36921554070774576,0.22252010723860588,0.07271523178807904
0.2768683274021353,0.7198713189804522,0.9193029490616622,0.5537748344370863
0.3562277580071175,0.5327889136352404,0.5816353887399464,0.5190728476821187
0.7898576512455516,0.39990101460034566,0.1998659517426274,0.2372185430463576
0.3231316725978648,0.7438752783964411,0.99343163538874,0.7070198675496684
0.6690391459074733,0.6844840386043067,0.7682305630026811,0.4630463576158945
0.4749110320284696,0.47834694382578746,0.26876675603217165,0.460397350993377
0.23701067615658356,0.6090076713684738,0.5136729222520109,0.8426490066225165
0.8110320284697509,0.351893095768375,0.3281501340482574,0.15337748344370805
0.31619217081850537,0.544914625092801,0.4040214477211797,0.7234437086092713
0.3231316725978648,0.7446176688938415,0.9978552278820376,0.6263576158940403
0.7886120996441283,0.4758723088344503,0.22667560321715824,0.2263576158940399
0.2724199288256228,0.6743380351398187,0.6274798927613943,0.9382781456953646
0.20195729537366547,0.5236327641672851,0.6348525469168902,0.6038410596026491
0.29145907473309607,0.7176441474882473,0.5061662198391421,0.7043708609271526
0.938612099644128,0.34248948280128744,0.7044235924932978,0.20463576158940366
0.6987544483985765,0.6921554070774576,0.5920911528150135,0.40741721854304647
0.2870106761565836,0.6696362286562767,0.8163538873994638,0.5957615894039732
0.7642348754448399,0.4392477109626327,0.4068364611260054,0.30569536423841015
0.6953736654804269,0.4892353377876759,0.4776139410187668,0.28794701986754934
0.6734875444839857,0.4790893343231879,0.7278820375335122,0.38105960264900585
0.3279359430604982,0.5746102449888646,0.7580428954423593,0.8531125827814572
0.6681494661921706,0.4709230388517689,0.6697050938337803,0.4630463576158945
0.3476868327402135,0.4060876020786921,0.7648793565683647,0.4664900662251661
0.7316725978647688,0.2677555060628585,0.6761394101876677,0.20344370860927175
0.7788256227758005,0.45063103192279286,0.8319034852546918,0.18649006622516495
0.4259786476868327,0.26726057906459033,0.5404825737265415,0.2631788079470194
0.686476868327402,0.6911655530809249,0.6514745308310992,0.38688741721854303
0.801423487544484,0.3637713437268033,0.7650134048257373,0.16397350993377469
0.2160142348754448,0.39693145261074037,0.9729222520107239,0.7225165562913904
0.8295373665480427,0.3239297203662481,0.7626005361930297,0.11456953642384171
0.6081850533807828,0.35659490225191703,0.7080428954423592,0.2529801324503316
0.48736654804270463,0.783964365256125,0.4443699731903486,0.4988079470198681
0.31423487544483986,0.5018559762435046,0.28378016085790886,0.6606622516556291
0.6300711743772242,0.6228656273199711,0.8065683646112602,0.31470198675496697
0.3137010676156584,0.36179163573373074,0.8497319034852548,0.6858278145695369
0.6923487544483985,0.5310566691413037,0.7697050938337804,0.34913907284768175
0.2879003558718861,0.5275921801534302,0.6457104557640752,0.5096688741721858
0.8715302491103202,0.2585993565949032,0.41327077747989277,0.21245033112582767
0.30106761565836304,0.3704528582034179,0.26890080428954427,0.5299337748344364
0.1850533807829181,0.6636971046770626,0.5514745308310993,0.7026490066225168
0.7806049822064057,0.46745854986389546,0.6769436997319036,0.22278145695364238
0.45409252669039146,0.5194258846820112,0.9993297587131369,0.5267549668874167
0.2818505338078292,0.48478099480326975,0.8617962466487936,0.701456953642384
0.7642348754448399,0.43677307597129555,0.2302949061662199,0.28211920529801304
0.8830960854092526,0.2444939371442736,0.2315013404825737,0.169668874172185
0.3496441281138789,0.6075228903736729,0.8524128686327079,0.5523178807947016
0.4638790035587188,0.45607522890373886,0.45522788203753356,0.3662251655629145
0.2893238434163701,0.46003464488988044,0.6983914209115283,0.4585430463576161
0.25444839857651236,0.6411779262558781,0.6611260053619303,0.8010596026490067
0.5149466192170817,0.6206384558277662,0.4693029490616622,0.5339072847682118
0.5816725978647687,0.45483791140806673,0.6184986595174264,0.35324503311258315
0.2727758007117437,0.5597624350408346,0.8175603217158178,0.7249006622516561
0.7161921708185052,0.5699084385053226,0.679088471849866,0.3597350993377484
0.25871886120996435,0.36451373422420374,0.9400804289544236,0.9210596026490068
0.8186832740213522,0.3739173471912913,0.690348525469169,0.23973509933774828
0.9218861209964412,0.39891116060381293,0.2945040214477212,0.1332450331125825
0.23790035587188607,0.22890373669883957,0.6631367292225203,0.6308609271523178
0.686476868327402,0.44073249195743713,0.8249329758713138,0.28503311258278075
0.7275800711743771,0.4060876020786921,0.6973190348525471,0.22662251655629184
0.7677935943060498,0.4706755753526366,0.27171581769437,0.09801324503311282
0.8071174377224198,0.4159861420440514,0.5621983914209117,0.26066225165562873
0.7453736654804269,0.6176688938381609,0.5175603217158178,0.20211920529801297
0.2604982206405694,0.7223459539717929,0.9044235924932977,0.7321854304635762
0.44893238434163707,0.5694135115070544,0.6932975871313674,0.5554966887417221
0.28647686832740216,0.7060133630289549,0.8260053619302952,0.7809271523178811
0.2923487544483986,0.6795347686216289,0.547721179624665,0.7305960264900664
0.2749110320284698,0.824053452115816,0.8135388739946381,0.8515231788079474
0.33096085409252674,0.4649839148725583,0.7583109919571045,0.6099337748344373
0.2784697508896796,0.6171739668398928,0.9719839142091153,0.6064900662251658
0.8110320284697509,0.34768621628310115,0.3380697050938339,0.12119205298013291
0.3199288256227758,0.5070527097253184,0.7491957104557643,0.5692715231788084
0.6690391459074733,0.6760702796337554,0.7162198391420911,0.3605298013245033
0.8110320284697509,0.3432318732986879,0.29490616621983917,0.12980132450331094
0.7870106761565837,0.38827023014105677,0.7595174262734585,0.16317880794701978
0.2964412811387901,0.22741895570403514,0.933780160857909,0.69364238410596
0.4731316725978648,0.32442464736451626,0.6823056300268098,0.3878145695364239
0.7466192170818503,0.520415738678544,0.10522788203753353,0.2251655629139071
0.7695729537366548,0.4444444444444464,0.9290884718498662,0.45350993377483473
0.2784697508896796,0.7052709725315545,0.9528150134048259,0.6358940397350992
0.3455516014234875,0.5016085127443723,0.7813672922252011,0.661059602649007
0.3322064056939502,0.5016085127443723,0.7349865951742629,0.7198675496688747
0.1925266903914591,0.5053204652313781,0.6647453083109922,0.7996026490066228
0.5553380782918148,0.515713932195002,0.5139410187667561,0.29774834437086106
0.8131672597864769,0.3890126206384572,0.6863270777479895,0.15655629139072857
0.24857651245551593,0.4679534768621636,0.9107238605898125,0.9312582781456955
0.32153024911032024,0.43033902499381327,0.48672922252010725,0.34622516556291316
0.29679715302491094,0.4555803019054707,0.4676943699731904,0.6090066225165565
0.2613879003558718,0.5384805741153187,0.7981233243967829,0.6943046357615899
0.6734875444839857,0.4857708487998025,0.8170241286863273,0.331125827814569
0.731850533807829,0.5152190051967374,0.1839142091152815,0.2056953642384105
0.6345195729537366,0.41623360554318367,0.7123324396782844,0.2908609271523179
0.6204626334519573,0.42464736451373497,0.36823056300268103,0.2757615894039729
0.6313167259786477,0.6176688938381609,0.4915549597855228,0.2727152317880801
0.5660142348754448,0.4194506310319248,0.68686327077748,0.3154966887417219
0.45409252669039146,0.5305617421430355,0.9994638069705095,0.5842384105960265
0.7322064056939502,0.561247216035639,0.09906166219839152,0.20145695364238403
0.8007117437722419,0.3432318732986879,0.6442359249329759,0.21509933774834433
0.39982206405693943,0.3558525117545166,0.8911528150134049,0.5690066225165564
0.27419928825622775,0.7225934174709252,0.7782841823056301,0.6754966887417213
0.346797153024911,0.538728037614451,0.24262734584450402,0.5754966887417217
0.7845195729537365,0.49764909675823077,0.8609919571045579,0.338543046357616
0.31761565836298933,0.4686958673595676,0.5317694369973192,0.18344370860927128
0.31423487544483986,0.4724078198465733,0.27050938337801617,0.6101986754966884
0.7695729537366548,0.45434298440980214,0.8249329758713138,0.3659602649006617
0.5895017793594305,0.4815639693145286,0.8847184986595176,0.4339072847682113
0.8475088967971528,0.35362534026231174,0.6316353887399466,0.1688741721854301
0.28131672597864765,0.6594902251917851,0.8017426273458446,0.9080794701986754
0.7064056939501778,0.5241276911655568,0.5061662198391421,0.27999999999999936
0.3437722419928825,0.633259094283595,0.809383378016086,0.5630463576158942
0.8177935943060496,0.4008908685968855,0.6882037533512066,0.19695364238410562
0.5686832740213522,0.44790893343231986,0.6650134048257375,0.31271523178807925
0.8576512455516013,0.3504083147735706,0.9351206434316355,0.21509933774834433
0.7923487544483986,0.552338530066816,0.7207774798927615,0.21284768211920468
0.736476868327402,0.6166790398416246,0.38766756032171584,0.161456953642384
0.40160142348754446,0.24548379114080632,0.5446380697050939,0.27841059602648954
0.6010676156583629,0.5822816134620155,0.5558981233243969,0.24105960264900617
0.2702846975088967,0.3110616184112871,0.9445040214477212,0.6283443708609271
0.3496441281138789,0.5647117050235124,0.5572386058981234,0.45218543046357595
0.6140569395017793,0.6453848057411555,0.8266756032171583,0.32384105960264886
0.6597864768683274,0.46745854986389546,0.6849865951742629,0.29417218543046353
0.7322064056939502,0.4508784954219287,0.36943699731903484,0.2562913907284772
0.6181494661921708,0.4540955209106663,0.8132707774798928,0.4384105960264906
0.8258007117437721,0.2878000494927022,0.7962466487935658,0.1743046357615894
0.5686832740213522,0.47958426132145604,0.27104557640750676,0.2826490066225169
0.4329181494661921,0.354615194258848,0.6867292225201074,0.43483443708609215
0.27935943060498225,0.7389260084137597,0.829490616621984,0.7471523178807953
0.3314946619217082,0.7196238554813199,0.7426273458445041,0.5370860927152314
0.25551601423487535,0.23187329868844486,0.7121983914209116,0.7213245033112585
0.7642348754448399,0.41623360554318367,0.7404825737265417,0.27178807947019834
0.27188612099644127,0.7005691660480124,0.9076407506702413,0.8611920529801322
0.43932384341637,0.3516456322692427,0.8549597855227884,0.29112582781456986
0.848220640569395,0.515713932195002,0.18579088471849875,0.25880794701986787
0.2501779359430605,0.8356842365751085,0.7446380697050938,0.9144370860927156
0.20195729537366547,0.5030932937391768,0.7758713136729223,0.6908609271523183
0.5727758007117437,0.29398663697104865,0.4288203753351207,0.19960264900662228
0.2964412811387901,0.14130165800544603,0.9965147453083112,0.6729801324503306
0.24964412811387904,0.5206632021776798,0.7932975871313672,0.6750993377483443
0.4259786476868327,0.27196238554813235,0.6509383378016087,0.2894039735099341
0.28540925266903905,0.8888888888888893,0.8079088471849867,0.7356291390728478
0.6140569395017793,0.638703291264541,0.46085790884718497,0.3104635761589405
0.23487544483985767,0.6176688938381609,0.519839142091153,0.7307284768211924
0.2160142348754448,0.5011135857461042,0.7506702412868633,0.677086092715232
0.702491103202847,0.44221727295224156,0.37211796246648793,0.30317880794701946
0.2879003558718861,0.6760702796337554,0.6167560321715817,0.758145695364238
0.7898576512455516,0.41623360554318367,0.7869973190348527,0.25059602649006596
0.3649466192170818,0.3919821826280625,0.8243967828418233,0.5909933774834437
0.7158362989323844,0.4432071269487743,0.559383378016086,0.24860927152317824
0.5866548042704626,0.5068052462261825,0.46126005361930295,0.3410596026490067
0.351067615658363,0.49764909675823077,0.8327077747989278,0.6249006622516555
0.2727758007117437,0.5498638950754788,0.8591152815013408,0.8123178807947014
0.4352313167259786,0.537490720118786,0.553083109919571,0.4230463576158936
0.827224199288256,0.39396189062113507,0.6072386058981234,0.10900662251655646
0.793238434163701,0.45038356842366056,0.733378016085791,0.27668874172185376
0.7384341637010675,0.343726800296956,0.5876675603217159,0.2384105960264895
0.7699288256227758,0.5451620885919333,0.4056300268096515,0.3675496688741724
0.6752669039145908,0.5021034397426369,0.3144772117962467,0.2301986754966885
0.2624555160142349,0.7525365008661211,0.6804289544235924,0.7060927152317875
0.6565836298932383,0.44518683494184685,0.4731903485254692,0.2052980132450326
0.8814946619217082,0.2843355605048252,0.5536193029490617,0.2140397350993375
0.8565836298932384,0.44345459044791014,0.26327077747989286,0.15880794701986733
0.2727758007117437,0.5708982925018589,0.7615281501340485,0.7050331125827816
0.49003558718861207,0.6716159366493457,0.6824396782841824,0.5043708609271516
0.8487544483985764,0.3736698836921555,0.8701072386058981,0.17205298013245063
0.7601423487544482,0.4909675822816162,0.7036193029490618,0.34039735099337687
0.7535587188612097,0.3140311804008924,0.5910187667560323,0.34132450331125774
0.3097864768683274,0.6055431823806003,0.7737265415549599,0.5747019867549668
0.6140569395017793,0.5035882207374414,0.6443699731903485,0.3576158940397347
0.31423487544483986,0.5389755011135868,0.7777479892761394,0.8655629139072847
0.7158362989323844,0.44518683494184685,0.5483914209115281,0.2566887417218542
0.7677935943060498,0.4563226924028747,0.17144772117962476,0.12675496688741728
0.6690391459074733,0.6622123236822581,0.5071045576407507,0.387019867549669
0.4946619217081849,0.5303142786439032,0.7032171581769437,0.4772185430463578
0.24768683274021353,0.576095025983669,0.7186327077747992,0.6875496688741727
0.3046263345195729,0.46721108636476316,0.6498659517426275,0.48198675496688725
0.6033807829181496,0.4419698094531057,0.7809651474530832,0.2672847682119208
0.5149466192170817,0.6203909923286339,0.45415549597855226,0.5335099337748348
0.3480427046263346,0.8089581786686466,0.9109919571045577,0.669668874172185
0.25355871886120995,0.6765652066320236,0.6411528150134049,0.7569536423841061
0.26174377224199286,0.6344964117792635,0.4643431635388741,0.9629139072847677
0.2743772241992882,0.8005444196980953,0.9317694369973191,0.8238410596026489
0.39982206405693943,0.328136599851522,0.890348525469169,0.5456953642384104
0.4259786476868327,0.25884682009403903,0.7024128686327078,0.2980132450331121
0.711387900355872,0.5179411036872104,0.5132707774798928,0.3923178807947023
0.2923487544483986,0.31997030438010654,0.6258713136729224,0.43152317880794655
0.3466192170818506,0.7782727047760467,0.783378016085791,0.6250331125827815
0.8145907473309607,0.6656768126701316,0.6970509383378019,0.4879470198675495
0.4868327402135231,0.8200940361296709,0.7100536193029492,0.7039735099337747
0.5912811387900355,0.48082157881712817,0.3253351206434317,0.4258278145695371
0.2747330960854092,0.7713437268002963,0.676809651474531,0.8290066225165562
0.30925266903914594,0.7849542192526577,0.8335120643431635,0.6707284768211919
0.7220640569395017,0.4605295718881486,0.4832439678284182,0.2970860927152321
0.5816725978647687,0.455827765404603,0.5950402144772118,0.3219867549668871
0.7316725978647688,0.2749319475377412,0.5268096514745308,0.18860927152317863
0.755693950177936,0.4085622370700328,0.3776139410187667,0.11642384105960257
0.48736654804270463,0.7777777777777786,0.4765415549597855,0.5109933774834436
0.7046263345195728,0.2182628062360834,0.2585790884718499,0.07364238410595991
0.7158362989323844,0.5377381836179183,0.7215817694369975,0.39178807947019845
0.596085409252669,0.5911902994308349,0.7784182305630027,0.4362913907284769
0.6220640569395018,0.578817124474142,0.45951742627345854,0.3278145695364234
0.2749110320284698,0.560504825538235,0.772117962466488,0.8047682119205293
0.2613879003558718,0.5696609750061867,0.8557640750670243,0.6222516556291389
0.8177935943060496,0.36896807720861347,0.8368632707774799,0.15496688741721787
0.8939501779359428,0.6144518683494198,0.35790884718498656,0.24715231788079528
0.6953736654804269,0.536005939123978,0.3902144772117963,0.23602649006622478
0.2838078291814947,0.2628062360801806,0.88029490616622,0.8768211920529803
0.2622775800711744,0.5317990596387041,0.7776139410187668,0.6688741721854301
0.36085409252669043,0.6473645137342245,0.7636729222520109,0.5340397350993378
0.3046263345195729,0.4578074733976756,0.39597855227882045,0.43523178807947005
0.7788256227758005,0.21653056174214314,0.8769436997319036,0.11231788079470206
0.6797153024911032,0.5186834941846108,0.5245308310991956,0.29165562913907284
0.838967971530249,0.40460282108389123,0.439946380697051,0.25880794701986787
0.27313167259786475,0.7564959168522662,0.5436997319034853,0.7039735099337747
0.731850533807829,0.49962880475130333,0.5040214477211795,0.19086092715231828
0.6827402135231316,0.5035882207374414,0.7827077747989277,0.3198675496688743
0.4868327402135231,0.787428854244002,0.49276139410187675,0.6221192052980138
0.44893238434163707,0.6802771591190329,0.8142091152815014,0.6499337748344365
0.3466192170818506,0.7621875773323481,0.9348525469168902,0.6331125827814565
0.731850533807829,0.45756000989853973,0.3859249329758713,0.2719205298013243
0.4889679715302492,0.32887899034892243,0.2359249329758713,0.2596026490066228
0.2201067615658362,0.7005691660480124,0.5806970509383378,0.7056953642384105
0.4259786476868327,0.2697352140559275,0.5446380697050939,0.2590728476821189
0.6023131672597865,0.5006186587478361,0.3487935656836461,0.2425165562913909
0.2686832740213523,0.6565206632021798,0.6781501340482576,0.7305960264900664
0.5610320284697509,0.517693640188071,0.5959785522788204,0.2719205298013243
0.5843416370106761,0.64068299925761,0.7810991957104558,0.5335099337748348
0.3279359430604982,0.5622370700321717,0.2292225201072386,0.5290066225165564
0.31619217081850537,0.6104924523632782,0.9288203753351207,0.7798675496688743
0.5457295373665481,0.6869586735956474,0.8002680965147455,0.5523178807947016
0.46156583629893233,0.47463499133878173,0.8572386058981234,0.39721854304635773
0.42953736654804264,0.521158129175948,0.36501340482573724,0.4470198675496686
0.7421708185053378,0.31625835189309726,0.5312332439678285,0.2939072847682116
0.44056939501779346,0.36426627072507145,0.9993297587131369,0.362516556291391
0.3418149466192171,0.3598119277406582,0.40697050938337803,0.338145695364239
0.3377224199288257,0.6448898787428874,0.6150134048257372,0.6717880794701987
0.29074733096085414,0.6213808463251702,0.6895442359249331,0.428079470198675
0.8507117437722419,0.4417223459539734,0.4481233243967829,0.18768211920529776
0.2667259786476869,0.45310566691413356,0.6895442359249331,0.6928476821192051
0.6425266903914589,0.4021281860925541,0.8668900804289545,0.2218543046357615
0.6117437722419928,0.47265528334570917,0.4179624664879357,0.2631788079470194
0.6681494661921706,0.4704281118535043,0.49624664879356567,0.3000000000000007
0.45231316725978643,0.39123979213066207,0.43083109919571055,0.32887417218543025
0.23434163701067612,0.4469190794357871,0.8257372654155497,0.6180132450331124
0.7825622775800712,0.38035139816877006,0.48176943699731906,0.2193377483443708
0.6709964412811388,0.4909675822816162,0.6009383378016087,0.3017218543046356
0.7138790035587189,0.5993565949022539,0.6357908847184985,0.37602649006622446
0.5912811387900355,0.5068052462261825,0.5439678284182305,0.30026490066225175
0.8293594306049822,0.38282603316011077,0.6627345844504022,0.13602649006622514
0.21583629893238432,0.4167285325414518,0.770911528150134,0.8174834437086096
0.595373665480427,0.445681761940115,0.6020107238605898,0.2964238410596023
0.24555160142348742,0.5852511754516208,0.8713136729222521,0.7890066225165562
0.5895017793594305,0.45063103192279286,0.5215817694369973,0.35284768211920525
0.2807829181494662,0.829497649096762,0.6930294906166221,0.5454304635761584
0.2953736654804271,0.46844840386043174,0.9449061662198392,0.5756291390728476
0.2800711743772242,0.22296461271962542,0.4615281501340483,0.5364238410596025
0.5610320284697509,0.5013610492452365,0.5718498659517426,0.394834437086093
0.5610320284697509,0.5063103192279144,0.7975871313672924,0.4777483443708608
0.23790035587188607,0.3345706508290043,0.8536193029490617,0.6760264900662252
0.24661921708185053,0.6731007176441501,0.5789544235924933,0.7233112582781454
0.7754448398576511,0.35214055926751087,0.55656836461126,0.18344370860927128
0.3496441281138789,0.5862410294481606,0.7731903485254692,0.4854304635761588
0.8250889679715302,0.4271219995050757,0.5821715817694371,0.217748344370861
0.6852313167259786,0.6206384558277662,0.17707774798927617,0.31523178807946994
0.2704626334519573,0.6382083642662728,0.45415549597855226,0.6872847682119199
0.3322064056939502,0.4132640435535784,0.8138069705093833,0.7066225165562914
0.49715302491103197,0.2974511259589221,0.3718498659517426,0.13258278145695357
0.24412811387900346,0.2444939371442736,0.6525469168900804,0.44927152317880825
0.576512455516014,0.6149467953476879,0.5124664879356569,0.4176158940397352
0.7886120996441283,0.46473645137342245,0.4206434316353887,0.3254304635761587
0.24341637010676154,0.6340014847809954,0.5309651474530832,0.8349668874172185
0.3231316725978648,0.6958673595644669,0.6160857908847186,0.4925827814569539
0.3418149466192171,0.3739173471912913,0.3619302949061663,0.4002649006622523
0.8083629893238434,0.32491957436278085,0.9087131367292225,0.21827814569536397
0.7706405693950177,0.30932937391734683,0.6659517426273458,0.19059602649006546
0.754982206405694,0.43207126948775354,0.5060321715817695,0.32344370860927185
0.7316725978647688,0.29522395446671723,0.34410187667560327,0.19973509933774825
0.8514234875444838,0.245978718139078,0.8805630026809652,0.14476821192053002
0.43451957295373667,0.29720366245978624,0.9990616621983917,0.3997350993377484
0.2727758007117437,0.5325414501361045,0.7794906166219839,0.7476821192052974
0.2571174377224199,0.6367235832714684,0.8199731903485257,0.8459602649006621
0.44893238434163707,0.6317743132887905,0.7827077747989277,0.4888741721854304
0.7806049822064057,0.5040831477357095,0.42747989276139414,0.24450331125827862
0.8234875444839856,0.39495174461767135,0.6936997319034854,0.2370860927152325
0.7275800711743771,0.40905716406830095,0.8392761394101877,0.2756291390728478
0.28113879003558706,0.7493194753773835,0.9191689008042896,0.6912582781456953
0.795017793594306,0.4486513239297203,0.7483914209115283,0.20556291390728454
0.2231316725978647,0.1118535016085147,0.8840482573726542,0.6006622516556295
0.24661921708185053,0.5978718139074495,0.40147453083109924,0.6953642384105958
0.9530249110320285,0.4417223459539734,0.8731903485254693,0.18927152317880847
0.6012455516014233,0.5055679287305139,0.8781501340482574,0.3112582781456954
0.6062277580071175,0.3890126206384572,0.5193029490616623,0.201986754966887
0.2704626334519573,0.6035634743875278,0.5840482573726542,0.8137748344370861
0.5912811387900355,0.4830487503093295,0.39758713136729223,0.4133774834437087
0.8224199288256228,0.42538975501113896,0.7986595174262736,0.1978807947019865
0.7466192170818503,0.5206632021776798,0.17171581769437,0.21695364238410608
0.42758007117437724,0.6609750061865896,0.6734584450402146,0.41827814569536415
0.7120996441281137,0.40930462756743324,0.3557640750670242,0.3915231788079465
0.5610320284697509,0.5283345706508307,0.6993297587131369,0.4446357615894039
0.7774021352313166,0.22271714922048957,0.7010723860589814,0.298807947019867
0.2644128113879003,0.43776292996783184,0.7410187667560324,0.75841059602649
0.30391459074733085,0.5219005196733519,0.79544235924933,0.5586754966887417
0.30177935943060497,0.6097500618658742,0.862868632707775,0.7063576158940394
0.38523131672597855,0.5478841870824063,0.6479892761394104,0.47735099337748377
0.2667259786476869,0.4659737688690946,0.9024128686327078,0.8517880794701984
0.6055160142348753,0.5535758475624846,0.7973190348525472,0.27880794701986744
0.2702846975088967,0.1771838653798561,0.6146112600536193,0.5423841059602648
0.7322064056939502,0.5575352635486261,0.18016085790884723,0.16980132450331098
0.3137010676156584,0.3627814897302635,0.9115281501340484,0.6380132450331129
0.2160142348754448,0.5065577827270502,0.670241286863271,0.7084768211920531
0.31120996441281135,0.4773570898292512,0.9202412868632708,0.79841059602649
0.6953736654804269,0.5132392972036648,0.3227882037533512,0.22980132450331148
0.29679715302491094,0.4231625835189341,0.5671581769436997,0.6111258278145693
0.4596085409252668,0.39618906211333993,0.9103217158176944,0.3687417218543052
0.2749110320284698,0.8114328136599873,0.6235924932975871,0.6996026490066223
0.6987544483985765,0.6812670131155656,0.5316353887399463,0.42688741721854306
0.3496441281138789,0.526602326156894,0.5975871313672922,0.580132450331126
0.7939501779359431,0.5055679287305139,0.5903485254691689,0.13761589403973495
0.6834519572953736,0.5035882207374414,0.5344504021447722,0.331125827814569
0.9218861209964412,0.4013857955951501,0.8174262734584452,0.13337748344370848
0.5612099644128113,0.3652561247216042,0.5064343163538876,0.3891390728476818
0.8846975088967971,0.30759712942341366,0.3674262734584451,0.2251655629139071
0.4259786476868327,0.2576095025983669,0.6836461126005364,0.2592052980132449
0.26085409252669045,0.947042811185355,0.7571045576407509,0.7649006622516552
0.4259786476868327,0.2684978965602589,0.4786863270777481,0.22291390728476745
0.6087188612099644,0.43974263796090085,0.4852546916890081,0.2524503311258277
0.2222419928825623,0.4580549368968079,0.8597855227882039,0.6580132450331124
0.7494661921708184,0.4224201930215301,0.4471849865951743,0.2533774834437086
0.7772241992882564,0.4021281860925541,0.3652815013404826,0.2888741721854302
0.3649466192170818,0.4149962880475151,0.965549597855228,0.4972185430463574
0.6425266903914589,0.41202672605790625,0.6628686327077751,0.20556291390728454
0.7185053380782916,0.4474140064340517,0.3642091152815013,0.2483443708609272
0.4234875444839856,0.2947290274684491,0.13512064343163543,0.29443708609271546
0.6827402135231316,0.40163325909428593,0.9281501340482574,0.28463576158940374
0.253202846975089,0.49269982677554935,0.8320375335120644,0.5520529801324505
0.4250889679715302,0.6790398416233643,0.48672922252010725,0.4556291390728484
0.6612099644128114,0.584261321455088,0.5373994638069706,0.3936423841059602
0.8117437722419928,0.3085869834199464,0.9142091152815015,0.24596026490066158
0.6081850533807828,0.2751794110368735,0.8245308310991957,0.2698013245033115
0.34733096085409254,0.6226181638208352,0.5735924932975871,0.6021192052980133
0.6064056939501777,0.49690670626083033,0.7762734584450404,0.34662251655629106
0.45231316725978643,0.3907448651323939,0.8005361930294908,0.3299337748344371
0.641459074733096,0.4830487503093295,0.41581769436997323,0.3784105960264901
0.711387900355872,0.5241276911655568,0.429892761394102,0.32172185430463607
0.27224199288256223,0.6065330363771366,0.9471849865951742,0.588609271523179
0.17989323843416372,0.6055431823806003,0.7951742627345846,0.9056953642384107
0.7466192170818503,0.5147240781984692,0.14785522788203764,0.2107284768211919
0.31761565836298933,0.46572630536995874,0.7008042895442361,0.18317880794701935
0.7640569395017792,0.5850037119524885,0.40442359249329757,0.18397350993377426
0.4412811387900355,0.29423410047018095,0.6493297587131368,0.3320529801324499
0.25782918149466194,0.4870081662954746,0.482573726541555,0.7609271523178807
0.7138790035587189,0.6325167037861945,0.6411528150134049,0.41960264900662203
0.748932384341637,0.539470428111855,0.08967828418230567,0.10715231788079471
0.6211743772241992,0.6349913387775317,0.8344504021447723,0.3169536423841057
0.7999999999999997,0.46745854986389546,0.6832439678284183,0.2078145695364233
0.795017793594306,0.4513734224201933,0.7855227882037534,0.21218543046357574
0.3097864768683274,0.6669141301658037,0.7638069705093835,0.6043708609271521
0.6902135231316727,0.6938876515713943,0.5134048257372654,0.3667549668874166
0.8596085409252668,0.3155159613956968,0.5328418230563003,0.14317880794701932
0.4167259786476868,0.6468695867359564,0.7121983914209116,0.34331125827814546
0.45017793594306044,0.5028458302400409,0.756300268096515,0.5094039735099338
0.2644128113879003,0.3640188072259356,0.8634048257372655,0.7854304635761586
0.7999999999999997,0.37218510269735106,0.3491957104557641,0.13192052980132463
0.731850533807829,0.5025983667409086,0.4659517426273459,0.1866225165562918
0.5781138790035586,0.49814402375649536,0.5368632707774799,0.32675496688741745
0.3784697508896797,0.5018559762435046,0.8249329758713138,0.4781456953642387
0.8258007117437721,0.33036377134372685,0.8001340482573727,0.09947019867549667
0.588967971530249,0.5929225439247716,0.8257372654155497,0.3890066225165558
0.6690391459074733,0.6609750061865896,0.5293565683646113,0.38596026490066215
0.21067615658362993,0.5214055926750838,0.7660857908847185,0.6249006622516555
0.6300711743772242,0.5946547884187083,0.6178284182305631,0.24993377483443702
0.6494661921708184,0.49269982677554935,0.8998659517426275,0.27788079470198657
0.34199288256227756,0.6894333085869846,0.6951742627345845,0.701456953642384
0.44893238434163707,0.5904479089334345,0.557372654155496,0.4425165562913911
0.7161921708185052,0.531304132640436,0.36166219839142094,0.3128476821192052
0.32580071174377223,0.47686216283098304,0.6900804289544238,0.7683443708609268
0.8551601423487544,0.4778520168275193,0.8273458445040216,0.1659602649006624
0.25978647686832745,0.7552585993565941,0.8485254691689008,0.7521854304635767
0.7453736654804269,0.6077703538728052,0.7491957104557643,0.32105960264900624
0.5663701067615657,0.3736698836921555,0.501206434316354,0.2720529801324503
0.7939501779359431,0.3875278396436528,0.45563002680965153,0.14807947019867562
0.3048042704626335,0.4288542439990124,0.7580428954423593,0.83841059602649
0.591814946619217,0.594407324919576,0.5469168900804291,0.38596026490066215
0.34199288256227756,0.6015837663944588,0.28257372654155505,0.5851655629139074
0.2734875444839857,0.6119772333580826,0.9227882037533515,0.605298013245033
0.3437722419928825,0.7505567928730521,0.8831099195710457,0.7756291390728478
0.5998220640569395,0.36995793120514975,0.7072386058981233,0.2871523178807944
0.3227758007117437,0.7411531799059681,0.8463806970509384,0.7503311258278149
0.8165480427046262,0.22296461271962542,0.9502680965147454,0.1800000000000006
0.6181494661921708,0.45335313041326586,0.7939678284182308,0.4501986754966891
0.2604982206405694,0.7042811185350182,0.8750670241286864,0.782251655629139
0.7240213523131672,0.5454095520910656,0.709785522788204,0.44768211920529843
0.7923487544483986,0.5501113585746111,0.6367292225201073,0.17536423841059623
0.27313167259786475,0.7201187824795845,0.7017426273458445,0.7365562913907286
0.4793594306049821,0.4115317990596381,0.8459785522788206,0.3643708609271519
0.3352313167259787,0.6456322692402878,0.6332439678284183,0.6022516556291393
0.2734875444839857,0.6085127443702092,0.8723860589812333,0.5658278145695368
0.23487544483985767,0.6137094778520193,0.49504021447721186,0.7305960264900664
0.658896797153025,0.3333333333333357,0.5820375335120644,0.2437086092715237
0.40391459074733094,0.4513734224201933,0.6654155495978553,0.5580132450331128
0.5612099644128113,0.3511507052709746,0.5721179624664878,0.22384105960264922
0.6181494661921708,0.45211581291759373,0.7760053619302951,0.4188079470198671
0.6332740213523133,0.59514971541698,0.7151474530831099,0.48701986754966864
0.4101423487544483,0.44345459044791014,0.8195710455764076,0.32357615894039693
0.47153024911032027,0.49962880475130333,0.7785522788203754,0.4076821192052984
0.5781138790035586,0.46250927988122115,0.9607238605898125,0.3589403973509935
0.6537366548042703,0.6693887651571409,0.6816353887399464,0.4014569536423842
0.8565836298932384,0.43504083147735884,0.3040214477211797,0.19814569536423843
0.8341637010676154,0.4441969809453141,0.9218498659517427,0.21761589403973502
0.1749110320284697,0.64068299925761,0.8997319034852549,0.8896688741721857
0.5843416370106761,0.6330116307844627,0.7301608579088472,0.4423841059602651
0.7850533807829182,0.45063103192279286,0.7010723860589814,0.25470198675496736
0.8576512455516013,0.3333333333333357,0.14410187667560326,0.13086092715231779
0.41921708185053386,0.4669636228656273,0.6765415549597857,0.5414569536423839
0.7629893238434161,0.31724820588963354,0.12439678284182315,0.11139072847682119
0.5395017793594306,0.2957188814649854,0.40375335120643435,0.1957615894039737
0.7016014234875446,0.6221232368225706,0.7936997319034853,0.45470198675496665
0.7138790035587189,0.6290522147983175,0.4022788203753352,0.257748344370861
0.34234875444839863,0.6310319227913901,0.8635388739946381,0.6760264900662252
0.596085409252669,0.5817866864637473,0.8154155495978554,0.443708609271523
0.6064056939501777,0.49319475377382105,0.7923592493297589,0.36940397350993326
0.6149466192170819,0.41994555803019296,0.8450402144772118,0.2590728476821189
0.3263345195729538,0.5535758475624846,0.4450402144772118,0.5933774834437084
0.7640569395017792,0.6048007918831999,0.7184986595174263,0.16370860927152364
0.20960854092526693,0.49245236327641706,0.6797587131367293,0.7773509933774836
0.4544483985765124,0.4659737688690946,0.6979892761394102,0.44807947019867544
0.24661921708185053,0.5642167780252443,0.4924932975871314,0.7127152317880796
0.25355871886120995,0.6372185102697365,0.7601876675603219,0.8419867549668876
0.5610320284697509,0.5280871071516984,0.7075067024128687,0.2682119205298008
0.24555160142348742,0.320712694877507,0.6227882037533512,0.5301986754966892
0.27633451957295374,0.3637713437268033,0.8112600536193031,0.580927152317881
0.25355871886120995,0.6384558277654087,0.7896782841823058,0.7335099337748341
0.7608540925266903,0.46572630536995874,0.2950402144772118,0.16794701986754923
0.2622775800711744,0.5570403365503616,0.7647453083109921,0.7068874172185433
0.7939501779359431,0.4417223459539734,0.42707774798927617,0.1349668874172183
0.6781138790035587,0.4555803019054707,0.5449061662198391,0.29788079470198703
0.34234875444839863,0.635981192774068,0.8197050938337802,0.6590728476821193
0.154270462633452,0.6476119772333568,0.6597855227882039,0.6793377483443708
0.7806049822064057,0.4828012868101972,0.6394101876675604,0.1809271523178806
0.7806049822064057,0.5018559762435046,0.460455764075067,0.26887417218543064
0.6612099644128114,0.5859935659490247,0.5111260053619302,0.41867549668874204
0.8873665480427045,0.4236575105171987,0.4482573726541555,0.23403973509933795
0.2966192170818506,0.6166790398416246,0.8654155495978555,0.8211920529801322
0.42028469750889674,0.5407077456075235,0.19530831099195717,0.5313907284768211
0.711387900355872,0.5332838406335085,0.2762734584450403,0.3026490066225165
0.7790035587188612,0.3531304132640436,0.7348525469168901,0.21337748344370855
0.7946619217081848,0.430091561494681,0.950402144772118,0.2947019867549665
0.2498220640569394,0.4704281118535043,0.9140750670241289,0.8454304635761583
0.6998220640569394,0.3407572383073507,0.6780160857908848,0.22993377483443744
0.7569395017793595,0.32293986636971184,0.057640750670241325,0.10410596026490104
0.2738434163701068,0.5751051719871327,0.7852546916890082,0.7544370860927154
0.28647686832740216,0.6322692402870622,0.7998659517426274,0.7867549668874174
0.24110320284697506,0.5939123979213079,0.8701072386058981,0.8692715231788073
0.22811387900355873,0.6072754268745371,0.5742627345844504,0.7492715231788081
0.2549822064056939,0.21479831724820997,0.9746648793565684,0.7058278145695365
0.597864768683274,0.5355110121257134,0.5335120643431637,0.4503311258278142
0.351067615658363,0.5275921801534302,0.16930294906166216,0.44635761589403966
0.7772241992882564,0.37663944568176433,0.30026809651474534,0.2507284768211919
0.5064056939501779,0.5852511754516208,0.5084450402144773,0.572980132450331
0.4234875444839856,0.2709725315515996,0.2099195710455764,0.2931125827814567
0.8596085409252668,0.35882207374412545,0.8225201072386061,0.20264900662251684
0.5064056939501779,0.5483791140806744,0.6218498659517426,0.547814569536424
0.29483985765124554,0.7456075228903742,0.4537533512064343,0.7270198675496689
0.3377224199288257,0.658995298193517,0.411260053619303,0.6429139072847683
0.27313167259786475,0.8012868101954957,0.7414209115281503,0.8084768211920528
0.2653024911032029,0.3875278396436528,0.6241286863270779,0.710331125827814
0.5256227758007117,0.6003464488987902,0.6006702412868634,0.4715231788079475
0.3001779359430604,0.5068052462261825,0.8218498659517428,0.5603973509933775
0.2807829181494662,0.8638950754763677,0.8155495978552281,0.7964238410596023
0.2571174377224199,0.6117297698589468,0.8310991957104559,0.8309933774834439
0.7774021352313166,0.2509279881217523,0.5475871313672922,0.26463576158940416
0.2069395017793595,0.3348181143281366,0.8260053619302952,0.5817218543046359
0.6313167259786477,0.6419203167532821,0.5128686327077749,0.2127152317880796
0.8110320284697509,0.3664934422172763,0.415549597855228,0.24993377483443702
0.34288256227758007,0.688195991091316,0.8786863270777481,0.6540397350993379
0.7261565836298932,0.4496411779262566,0.5226541554959785,0.3129801324503312
0.3466192170818506,0.750804256372188,0.7609919571045578,0.5937748344370855
0.40391459074733094,0.5587725810442983,0.7628686327077749,0.4474172185430465
0.9284697508896796,0.42811185350161196,0.37439678284182315,0.17867549668874183
0.6953736654804269,0.5337787676317767,0.356970509383378,0.234304635761589
0.442526690391459,0.6028210838901273,0.5765415549597854,0.4655629139072852
0.2523131672597865,0.4392477109626327,0.7553619302949062,0.5858278145695364
0.43540925266903907,0.3944568176194032,0.8254691689008045,0.6108609271523182
0.7453736654804269,0.6134620143528835,0.3532171581769437,0.17046357615893992
0.8165480427046262,0.24177183865380059,0.6036193029490617,0.22463576158940413
0.595373665480427,0.458549863895076,0.6288203753351207,0.2980132450331121
0.6389679715302491,0.6619648601831258,0.6218498659517426,0.4531125827814577
0.641459074733096,0.474882454837914,0.7040214477211797,0.39059602649006653
0.8693950177935942,0.4154912150457797,0.8431635388739946,0.26754966887417186
0.28131672597864765,0.5508537490720116,0.5659517426273459,0.661324503311258
0.8713523131672597,0.517693640188071,0.48445040214477225,0.17086092715231782
0.2501779359430605,0.8421182875525908,0.689142091152815,0.9309933774834436
0.7327402135231317,0.2880475129918345,0.8378016085790887,0.18741721854304672
0.19466192170818497,0.5538233110616204,0.42091152815013405,0.774039735099338
0.2540925266903915,0.5033407572383091,0.6416890080428956,0.7222516556291394
0.19377224199288257,0.8901262063845579,0.8048257372654155,0.7707284768211915
0.2387900355871886,0.5102697352140559,0.9359249329758714,0.572317880794702
0.3231316725978648,0.7149220489977743,0.7414209115281503,0.5331125827814569
0.6332740213523133,0.5501113585746111,0.6640750670241287,0.38635761589404005
0.4889679715302492,0.2860678049987655,0.8211796246648793,0.3969536423841058
0.597864768683274,0.5100222717149236,0.403485254691689,0.4321854304635764
0.8295373665480427,0.2984409799554584,0.5101876675603216,0.14225165562913933
0.27526690391459074,0.3981687701064125,0.7571045576407509,0.6554966887417217
0.40355871886120986,0.4679534768621636,0.9995978552278821,0.5936423841059604
0.5610320284697509,0.47933679782232375,0.5214477211796247,0.2935099337748346
0.28113879003558706,0.7525365008661211,0.832975871313673,0.733774834437086
0.6023131672597865,0.6181638208364291,0.6404825737265416,0.3315231788079469
0.6055160142348753,0.521158129175948,0.5424932975871315,0.2421192052980139
0.24341637010676154,0.7381836179163592,0.6532171581769439,0.8250331125827817
0.7706405693950177,0.32887899034892243,0.5069705093833781,0.20278145695364191
0.5866548042704626,0.5137342242019329,0.8030831099195712,0.3841059602649004
0.731850533807829,0.5087849542192551,0.2258713136729223,0.22490066225165606
0.2784697508896796,0.6681514476614723,0.9516085790884719,0.6740397350993375
0.7629893238434161,0.4122741895570421,0.5284182305630027,0.10172185430463543
0.8026690391459074,0.3402623113090826,0.8017426273458446,0.18821192052980162
0.5362989323843416,0.674585498638951,0.7466487935656838,0.5188079470198677
0.6204626334519573,0.4417223459539734,0.47345844504021456,0.3393377483443709
0.3377224199288257,0.6208859193269021,0.8124664879356569,0.725827814569536
0.4441281138790035,0.3900024746349935,0.7522788203753352,0.29735099337748316
0.30391459074733085,0.5352635486265775,0.9715817694369975,0.7977483443708611
0.731850533807829,0.4439495174461783,0.5965147453083111,0.2350993377483439
0.7535587188612097,0.29398663697104865,0.8005361930294908,0.32635761589403955
0.8596085409252668,0.34768621628310115,0.8438337801608582,0.1407947019867546
0.43540925266903907,0.3791140806731015,0.9443699731903488,0.6262251655629143
0.6690391459074733,0.6862162830982435,0.7567024128686328,0.47576158940397395
0.6334519572953737,0.4704281118535043,0.3599195710455764,0.25841059602648997
0.28647686832740216,0.6966097500618673,0.8525469168900806,0.7811920529801322
0.248932384341637,0.5555555555555571,0.7187667560321718,0.7120529801324498
0.736476868327402,0.6122246968572149,0.23002680965147454,0.1899337748344374
0.6430604982206406,0.40435535758475893,0.27654155495978555,0.25470198675496736
0.4135231316725979,0.27567433803514163,0.5068364611260054,0.26132450331125856
0.582918149466192,0.557782727047762,0.7013404825737266,0.3927152317880793
0.26814946619217084,0.8114328136599873,0.7229222520107239,0.9618543046357617
0.597864768683274,0.544172234595397,0.5670241286863271,0.4805298013245034
0.8026690391459074,0.34471665429349585,0.7934316353887401,0.1700662251655629
0.32153024911032024,0.4085622370700328,0.5435656836461127,0.44715231788079457
0.2427046263345195,0.5822816134620155,0.6817694369973191,0.5916556291390727
0.8793594306049822,0.4338035139816867,0.5261394101876677,0.27258278145695325
0.3418149466192171,0.39767384310814435,0.6301608579088471,0.3907284768211916
0.2459074733096085,0.7792625587725865,0.7955764075067024,0.8344370860927155
0.8873665480427045,0.4583024003959437,0.640348525469169,0.28331125827814496
0.4868327402135231,0.8292501855976298,0.6731903485254693,0.5960264900662251
0.7855871886120996,0.46003464488988044,0.2817694369973191,0.1705960264900659
0.7316725978647688,0.27295223954466863,0.6258713136729224,0.2119205298013247
0.7695729537366548,0.44889878742885614,0.3757372654155497,0.3662251655629145
0.6300711743772242,0.6048007918831999,0.838739946380697,0.32596026490066254
0.31619217081850537,0.6278148973026489,0.8534852546916891,0.8754966887417224
0.32651245551601427,0.778520168275179,0.7502680965147455,0.5990728476821197
0.6149466192170819,0.4493937144271207,0.8750670241286864,0.217748344370861
0.2852313167259787,0.6367235832714684,0.6701072386058982,0.678013245033112
0.3227758007117437,0.30264785944073225,0.24048257372654164,0.12847682119205306
0.2702846975088967,0.19797079930710382,0.6045576407506703,0.5437086092715235
0.8288256227758005,0.33976738431081444,0.6406166219839142,0.1990728476821193
0.8071174377224198,0.4308339519920814,0.7053619302949063,0.24450331125827862
0.6140569395017793,0.6384558277654087,0.5474530831099196,0.3174834437086096
0.7754448398576511,0.3214550853749074,0.20308310991957107,0.28503311258278075
0.6176156583629894,0.5854986389507566,0.3918230563002681,0.2421192052980139
0.3261565836298932,0.5748577084880004,0.6502680965147452,0.7613245033112586
0.3113879003558718,0.936154417223463,0.6935656836461126,0.677086092715232
0.7466192170818503,0.5310566691413037,0.3955764075067025,0.2562913907284772
0.8565836298932384,0.4590447908933477,0.7479892761394102,0.22172185430463554
0.18665480427046266,0.7201187824795845,0.7063002680965149,0.5872847682119211
0.7946619217081848,0.4286067804998801,0.9400804289544236,0.32145695364238414
0.7946619217081848,0.4419698094531057,0.6140750670241288,0.3382781456953641
0.2800711743772242,0.3046275674338048,0.7975871313672924,0.621854304635761
0.37099644128113873,0.5228903736698847,0.7402144772117965,0.4647682119205303
0.711387900355872,0.5600098985399669,0.4190348525469169,0.3837086092715234
0.8186832740213522,0.3956941351150718,0.7158176943699732,0.1747019867549664
0.6386120996441281,0.4936896807720892,0.6758713136729224,0.20158940397351
0.2667259786476869,0.4508784954219287,0.5935656836461127,0.669403973509934
0.7640569395017792,0.6216283098243025,0.7352546916890081,0.2107284768211919
0.8507117437722419,0.4360306854738951,0.35348525469168907,0.15867549668874137
0.2604982206405694,0.6396931452610772,0.7237265415549599,0.7184105960264899
0.28647686832740216,0.6869586735956474,0.8245308310991957,0.8169536423841057
0.8693950177935942,0.37218510269735106,0.32412868632707786,0.14993377483443648
0.34537366548042703,0.6164315763424888,0.7615281501340485,0.8566887417218538
0.8713523131672597,0.4590447908933477,0.3332439678284183,0.09403973509933827
0.27224199288256223,0.5931700074239075,0.9495978552278823,0.613112582781457
0.33256227758007106,0.3167532788913654,0.7726541554959787,0.32185430463576115
0.34288256227758007,0.6886909180895842,0.8572386058981234,0.6245033112582785
0.347508896797153,0.4243999010146027,0.7567024128686328,0.5222516556291392
0.93576512455516,0.5444196980945328,0.5369973190348527,0.14993377483443648
0.4053380782918149,0.5085374907201228,0.5662198391420912,0.38927152317880775
0.20106761565836295,0.8247958426132165,0.63029490616622,0.7788079470198674
0.24928825622775797,0.6520663202177701,0.6420911528150133,0.7672847682119208
0.6496441281138788,0.41450136104924695,0.3884718498659518,0.290066225165563
0.2818505338078292,0.49022519178421575,0.8619302949061662,0.7296688741721855
0.8263345195729536,0.4474140064340517,0.5640750670241288,0.21788079470198607
0.1749110320284697,0.654293491709975,0.9155495978552279,0.8498013245033116
0.2902135231316726,0.5075476367235829,0.6328418230563002,0.677615894039735
0.6313167259786477,0.6253402623113082,0.6966487935656838,0.33999999999999986
0.2768683274021353,0.7166542934917111,0.7486595174262736,0.6015894039735104
0.24110320284697506,0.6446424152437551,0.8723860589812333,0.8590728476821194
0.711387900355872,0.5575352635486261,0.36514745308311,0.3531125827814572
0.28451957295373664,0.29522395446671723,0.9715817694369975,0.6154966887417217
0.23523131672597863,0.540212818609259,0.649195710455764,0.5621192052980133
0.1925266903914591,0.6253402623113082,0.5038873994638069,0.726092715231788
0.442526690391459,0.5718881464983916,0.41581769436997323,0.4553642384105956
0.2807829181494662,0.8530066815144757,0.8351206434316354,0.5765562913907285
0.8693950177935942,0.3768869091808966,0.33284182305630033,0.1622516556291389
0.7886120996441283,0.47438752783964233,0.896916890080429,0.241721854304636
0.582918149466192,0.55308092056422,0.7033512064343164,0.3823841059602646
0.24110320284697506,0.584261321455088,0.8883378016085792,0.9084768211920533
0.6537366548042703,0.6760702796337554,0.6253351206434317,0.41788079470198713
0.25551601423487535,0.6186587478346972,0.5014745308310993,0.629271523178808
0.26814946619217084,0.8069784706755776,0.6741286863270777,0.9239735099337745
0.4259786476868327,0.26528087107151777,0.6552278820375335,0.27006622516556256
0.7946619217081848,0.4278643900024761,0.516621983914209,0.23006622516556252
0.8172597864768684,0.3763919821826285,0.6372654155495978,0.29152317880794687
0.5912811387900355,0.5209106656768157,0.6292225201072386,0.3037086092715233
0.34199288256227756,0.6436525612472188,0.4694369973190348,0.6324503311258276
0.6884341637010675,0.42538975501113896,0.6853887399463807,0.29284768211920564
0.28647686832740216,0.643405097748083,0.7707774798927616,0.7843708609271527
0.7850533807829182,0.44073249195743713,0.5432975871313674,0.16291390728476784
0.8713523131672597,0.48799802029200734,0.15428954423592495,0.10079470198675455
0.31032028469750883,0.5248700816629572,0.6730563002680965,0.524238410596026
0.27633451957295374,0.4399901014600367,0.886058981233244,0.6900662251655634
0.7706405693950177,0.3155159613956968,0.3121983914209116,0.20397350993377472
0.8633451957295372,0.31625835189309726,0.7576407506702414,0.26092715231788066
0.793238434163701,0.3182380598861698,0.4361930294906167,0.2450331125827816
0.28861209964412804,0.5857461024498889,0.8662198391420914,0.5988079470198677
0.2702846975088967,0.3236822568671158,0.9709115281501342,0.7478145695364242
0.37580071174377216,0.3543677307597157,0.8266756032171583,0.4686092715231789
0.37099644128113873,0.43677307597129555,0.6994638069705095,0.3850331125827813
0.7870106761565837,0.3909923286315298,0.569436997319035,0.23245033112582814
0.27313167259786475,0.7149220489977743,0.9281501340482574,0.677748344370861
0.27330960854092523,0.7404107894085641,0.7561662198391421,0.8282119205298013
0.7064056939501778,0.5716406829992593,0.690348525469169,0.370860927152318
0.7612099644128113,0.3019054689433318,0.4548257372654156,0.2454304635761595
0.2715302491103202,0.568671121009654,0.7963806970509384,0.8598675496688744
0.5843416370106761,0.658995298193517,0.7449061662198393,0.5088741721854309
0.24822064056939508,0.4362781489730274,0.6128686327077748,0.5524503311258284
0.33167259786476866,0.7970799307102183,0.8258713136729223,0.6090066225165565
0.3046263345195729,0.4936896807720892,0.5247989276139409,0.6150993377483438
0.8576512455516013,0.34966592427617016,0.3950402144772119,0.18238410596026444
0.7158362989323844,0.48775055679287505,0.518632707774799,0.3099337748344375
0.4320284697508897,0.8270230141054213,0.67171581769437,0.5417218543046358
0.2850533807829182,0.7171492204899792,0.4293565683646114,0.7170860927152312
0.1852313167259787,0.6654293491709993,0.7241286863270777,0.7894039735099341
0.5948398576512456,0.5716406829992593,0.46903485254691685,0.29245033112582774
0.34946619217081853,0.7560009898539981,0.4707774798927615,0.6201324503311252
0.2807829181494662,0.8485523385300695,0.7923592493297589,0.7788079470198674
0.6797153024911032,0.5270972531551621,0.5194369973190349,0.3157615894039738
0.2715302491103202,0.6067804998762689,0.5182305630026809,0.7006622516556291
0.2450177935943061,0.45459044790893444,0.8491957104557641,0.7198675496688747
0.22135231316725967,0.6884434545904519,0.514343163538874,0.8434437086092714
0.8637010676156583,0.3427369463004233,0.41327077747989277,0.27880794701986744
0.2572953736654804,0.5058153922296498,0.9278820375335122,0.7533774834437086
0.595373665480427,0.4224201930215301,0.7438337801608579,0.346754966887417
0.7421708185053378,0.3160108883939614,0.5096514745308312,0.3063576158940391
0.7309608540925266,0.45335313041326586,0.6166219839142091,0.13708609271523198
0.30213523131672604,0.6639445681761948,0.9264075067024129,0.5973509933774839
0.6492882562277579,0.31081415491215125,0.486461126005362,0.21456953642384047
0.6229537366548042,0.38505320465231563,0.8963806970509385,0.27139072847682133
0.2572953736654804,0.49418460777035733,0.8567024128686327,0.8239735099337748
0.6752669039145908,0.49789656025736306,0.3624664879356569,0.2429139072847688
0.4638790035587188,0.36080178173719446,0.8280160857908847,0.29496688741721844
0.7870106761565837,0.37465973768869176,0.5525469168900805,0.17403973509933746
0.2850533807829182,0.7188814649839195,0.7773458445040216,0.8933774834437083
0.351067615658363,0.5055679287305139,0.9234584450402146,0.5619867549668873
0.25355871886120995,0.6805246226181652,0.6183646112600536,0.7539072847682116
0.6128113879003557,0.5538233110616204,0.7021447721179626,0.4446357615894039
0.3927046263345195,0.4196980945310571,0.6875335120643431,0.44026490066225143
0.8846975088967971,0.2954714179658531,0.2242627345844504,0.21735099337748398
0.5546263345195729,0.6763177431328913,0.6430294906166221,0.4586754966887412
0.2604982206405694,0.5657015590200452,0.660455764075067,0.6335099337748344
0.27330960854092523,0.7604553328384078,0.7800268096514746,0.8328476821192048
0.1841637010676157,0.5664439495174456,0.426005361930295,0.6242384105960266
0.2966192170818506,0.6082652808710733,0.7199731903485256,0.6084768211920526
0.1852313167259787,0.6102449888641424,0.47466487935656837,0.7920529801324507
0.32758007117437726,0.4790893343231879,0.7022788203753352,0.48662251655629163
0.4329181494661921,0.5110121257114599,0.7319034852546917,0.4501986754966891
0.22135231316725967,0.6931452610739939,0.45080428954423596,0.7737748344370861
0.21067615658362993,0.4724078198465733,0.5591152815013405,0.6716556291390727
0.21352313167259784,0.5473892600841381,0.5605898123324398,0.8055629139072842
0.827224199288256,0.38010393466963777,0.44959785522788215,0.06556291390728486
0.8508896797153026,0.4842860678050016,0.5796246648793566,0.0894039735099339
0.37099644128113873,0.455827765404603,0.3979892761394102,0.4052980132450337
0.30355871886121,0.39792130660727665,0.5848525469168901,0.6539072847682119
0.32758007117437726,0.4642415243751543,0.27640750670241293,0.314569536423841
0.8814946619217082,0.27468448403860535,0.7281501340482575,0.20264900662251684
0.2923487544483986,0.6978470675575394,0.3194369973190349,0.6797350993377478
0.795017793594306,0.4441969809453141,0.4045576407506703,0.08066225165562901
0.596085409252669,0.5704033655035907,0.8171581769436997,0.47986754966887446
0.8693950177935942,0.3630289532293993,0.27882037533512066,0.13298013245033147
0.29466192170818506,0.915862410294487,0.8756032171581769,0.7034437086092717
0.40160142348754446,0.30363771343726853,0.8428954423592494,0.3303311258278141
0.31120996441281135,0.4855233853006702,0.8840482573726542,0.7801324503311262
0.9231316725978645,0.3835684236575112,0.6526809651474532,0.1357615894039732
0.27633451957295374,0.4622618163820853,0.6567024128686327,0.6429139072847683
0.7845195729537365,0.5186834941846108,0.5975871313672922,0.22410596026490115
0.28647686832740216,0.5934174709230398,0.8061662198391422,0.8022516556291386
0.45231316725978643,0.3853006681514515,0.8861930294906168,0.3501986754966886
0.7850533807829182,0.4333085869834221,0.42466487935656844,0.15788079470198646
0.9163701067615658,0.13214550853749074,0.6441018766756033,0.13298013245033147
0.2859430604982206,0.456570155902007,0.859383378016086,0.6642384105960266
0.24964412811387904,0.5243751546646891,0.7361930294906167,0.6772185430463571
0.26814946619217084,0.8114328136599873,0.6583109919571046,0.919205298013245
0.8830960854092526,0.23063598119277628,0.5415549597855227,0.2647682119205301
0.4793594306049821,0.4152437515466474,0.8487935656836461,0.32105960264900624
0.7327402135231317,0.2776540460282142,0.39946380697050937,0.1158940397350996
0.8774021352313167,0.5859935659490247,0.7319034852546917,0.11854304635761537
0.29145907473309607,0.7292749319475398,0.6501340482573728,0.7410596026490062
0.755693950177936,0.3872803761445205,0.40750670241286874,0.0872847682119211
0.2459074733096085,0.7743132887899051,0.56313672922252,0.6762913907284771
0.6998220640569394,0.339024993813414,0.6191689008042895,0.22198675496688747
0.8258007117437721,0.2833457065082925,0.7672922252010725,0.1250331125827815
0.0092526690391459,0.4038604305864908,0.5420911528150134,0.5826490066225167
0.2603202846975089,0.3504083147735706,0.7379356568364612,0.588476821192053
0.7973309608540925,0.18634001484781137,0.7997319034852548,0.16158940397350996
0.8793594306049822,0.41623360554318367,0.7880697050938339,0.29695364238410615
0.7275800711743771,0.3657510517198723,0.5022788203753352,0.25549668874172227
0.22241992882562278,0.7312546399406123,0.5798927613941018,0.5737748344370859
0.2768683274021353,0.7164068299925788,0.7703753351206435,0.6197350993377482
0.32669039145907464,0.4224201930215301,0.7701072386058982,0.49854304635761526
0.8250889679715302,0.42489482801286726,0.5319034852546916,0.12860927152317903
0.8085409252669037,0.3984162336055448,0.42466487935656844,0.17125827814569572
0.4946619217081849,0.49888641425389935,0.7662198391420914,0.47986754966887446
0.21957295373665486,0.536748329621382,0.7087131367292228,0.8119205298013243
0.6987544483985765,0.6820094036129696,0.4378016085790885,0.38423841059602637
0.4946619217081849,0.49814402375649536,0.7558981233243969,0.48066225165562937
0.3281138790035586,0.7354615194258862,0.5080428954423593,0.7011920529801321
0.4754448398576512,0.2519178421182886,0.9990616621983917,0.4051655629139077
0.2523131672597865,0.3791140806731015,0.6525469168900804,0.5597350993377477
0.27188612099644127,0.6832467211086382,0.8025469168900807,0.6596026490066222
0.25551601423487535,0.6486018312298967,0.5914209115281504,0.7488741721854302
0.5185053380782918,0.555803019054693,0.5537533512064343,0.41788079470198713
0.286832740213523,0.578817124474142,0.2631367292225201,0.41947019867549695
0.3496441281138789,0.5540707745607527,0.5408847184986596,0.4978807947019872
0.7825622775800712,0.4122741895570421,0.6383378016085792,0.26715231788079485
0.34199288256227756,0.6132145508537512,0.3056300268096515,0.6084768211920526
0.6834519572953736,0.5035882207374414,0.39597855227882045,0.23615894039735075
0.347508896797153,0.41351150705271067,0.6563002680965146,0.40834437086092645
0.7421708185053378,0.2843355605048252,0.8505361930294908,0.32437086092715184
0.848220640569395,0.5226429101707524,0.210455764075067,0.23033112582781445
0.5925266903914589,0.4605295718881486,0.686058981233244,0.44966887417218526
0.2738434163701068,0.5731254639940602,0.7253351206434318,0.741986754966887
0.7016014234875446,0.5862410294481606,0.47345844504021456,0.27417218543046307
0.43932384341637,0.3182380598861698,0.3298927613941019,0.21841059602648993
0.7535587188612097,0.37243256619649046,0.5113941018766757,0.38437086092715234
0.27117437722419935,0.5186834941846108,0.8064343163538874,0.7164238410596031
0.7754448398576511,0.32566196486018484,0.5750670241286864,0.15443708609271578
0.23327402135231312,0.5478841870824063,0.37989276139410194,0.612980132450331
0.6023131672597865,0.4959168522642905,0.3471849865951743,0.22821192052980166
0.2645907473309608,0.6335065577827272,0.7757372654155499,0.7312582781456953
0.3377224199288257,0.6567681267013121,0.5520107238605898,0.6429139072847683
0.25978647686832745,0.7876763177431343,0.9668900804289544,0.6847682119205292
0.9530249110320285,0.4642415243751543,0.9471849865951742,0.19046357615894038
0.6533807829181494,0.7307597129423407,0.5170241286863271,0.35496688741721893
0.3177935943060498,0.4055926750804275,0.7060321715817697,0.6392052980132448
0.3838078291814946,0.5023509032417763,0.39222520107238606,0.3883443708609269
0.6389679715302491,0.6609750061865896,0.48672922252010725,0.419735099337748
0.2790035587188612,0.8025241276911643,0.6735924932975872,0.4862251655629146
0.3352313167259787,0.6419203167532821,0.3662198391420913,0.507682119205298
0.7870106761565837,0.39618906211333993,0.7978552278820377,0.1833112582781462
0.6852313167259786,0.6443949517446192,0.5028150134048257,0.42317880794701956
0.6128113879003557,0.5939123979213079,0.6664879356568365,0.4503311258278142
0.27330960854092523,0.7624350408314804,0.7859249329758713,0.8725827814569538
0.44893238434163707,0.5642167780252443,0.7888739946380698,0.5745695364238408
0.5149466192170817,0.6186587478346972,0.7174262734584451,0.6197350993377482
0.2880782918149466,0.24201930215293288,0.5993297587131368,0.8076821192052979
0.29483985765124554,0.7119524870081655,0.25938337801608574,0.6282119205298011
0.755693950177936,0.3927245731254665,0.3707774798927614,0.06649006622516485
0.24341637010676154,0.6364761197723361,0.5719839142091154,0.822913907284768
0.8145907473309607,0.43949517446176856,0.46675603217158185,0.11854304635761537
0.6332740213523133,0.5570403365503616,0.7868632707774801,0.47417218543046324
0.28238434163701065,0.0423162583518959,0.9042895442359249,0.630198675496688
0.5457295373665481,0.6770601336302917,0.6006702412868634,0.22357615894039728
0.3279359430604982,0.576095025983669,0.6723860589812334,0.581192052980132
0.7601423487544482,0.45607522890373886,0.43739946380697053,0.16940397350993397
0.442526690391459,0.6102449888641424,0.639142091152815,0.507682119205298
0.41530249110320283,0.3902499381341258,0.9269436997319036,0.32635761589403955
0.8258007117437721,0.30611234842860924,0.8534852546916891,0.20132450331125806
0.93576512455516,0.5392229646127191,0.271313672922252,0.15509933774834472
0.5567615658362989,0.6758228161346231,0.7510723860589814,0.5149668874172182
0.38932384341637016,0.5657015590200452,0.8474530831099196,0.4990728476821191
0.28861209964412804,0.7042811185350182,0.933378016085791,0.6459602649006619
0.8165480427046262,0.235090324177186,0.8930294906166223,0.2462251655629144
0.25978647686832745,0.7795100222717188,0.9907506702412869,0.7354966887417218
0.7850533807829182,0.41846077703538853,0.3624664879356569,0.16463576158940363
0.27419928825622775,0.46993318485523616,0.8619302949061662,0.7888741721854302
0.32384341637010683,0.5011135857461042,0.1823056300268096,0.5634437086092721
0.23523131672597863,0.5728780004949279,0.6855227882037536,0.5600000000000005
0.28451957295373664,0.33927245731254985,0.822922252010724,0.6284768211920531
0.25871886120996435,0.41450136104924695,0.9597855227882037,0.9341721854304641
0.5912811387900355,0.523137837169017,0.9593833780160859,0.3860927152317881
0.31120996441281135,0.5073001732244506,0.9088471849865953,0.8107284768211924
0.8514234875444838,0.23014105419450814,0.9608579088471849,0.17443708609271535
0.29145907473309607,0.7183865379856478,0.8160857908847186,0.8827814569536425
0.848220640569395,0.5268497896560262,0.31796246648793575,0.24145695364238406
0.21583629893238432,0.46448898787429016,0.7419571045576407,0.8554966887417219
0.2653024911032029,0.48082157881712817,0.6932975871313674,0.9614569536423847
0.8551601423487544,0.4318238059886177,0.8408847184986596,0.2569536423841061
0.41921708185053386,0.4291017074981447,0.214343163538874,0.38423841059602637
0.22135231316725967,0.7211086364761208,0.5684986595174264,0.7806622516556292
0.23274021352313157,0.5993565949022539,0.7949061662198393,0.9625165562913907
0.8613879003558716,0.24573125463994216,0.8152815013404826,0.1515231788079472
0.2852313167259787,0.6337540212818631,0.7335120643431636,0.6928476821192051
0.7850533807829182,0.4498886414253924,0.8627345844504022,0.25523178807946945
0.42437722419928825,0.5063103192279144,0.26595174262734583,0.3480794701986758
0.42330960854092525,0.7126948775055695,0.5978552278820375,0.5098013245033108
0.3396797153024911,0.7079930710220275,0.5789544235924933,0.5607947019867554
0.8160142348754448,0.30264785944073225,0.3111260053619304,0.24516556291390668
0.8939501779359428,0.5983667409057176,0.5719839142091154,0.26211920529801347
0.2749110320284698,0.5330363771343727,0.8693029490616622,0.8887417218543048
0.642170818505338,0.4441969809453141,0.8931635388739947,0.3120529801324503
0.29466192170818506,0.9208116802771578,0.7894101876675605,0.6034437086092712
0.27935943060498225,0.705765899529819,0.7611260053619304,0.8107284768211924
0.27224199288256223,0.5748577084880004,0.8534852546916891,0.48821192052980145
0.7677935943060498,0.36476119772333604,0.6046916890080429,0.13192052980132463
0.7946619217081848,0.4496411779262566,0.8052278820375336,0.23443708609271496
0.8683274021352311,0.38703291264538464,0.47627345844504027,0.1445033112582781
0.2850533807829182,0.7131898045038376,0.48163538873994644,0.7109933774834438
0.7384341637010675,0.4964117792625622,0.6123324396782841,0.43774834437086074
0.848220640569395,0.5162088591932701,0.6450402144772118,0.22728476821192078
0.2727758007117437,0.6740905716406829,0.8115281501340483,0.8570860927152317
0.576512455516014,0.5751051719871327,0.8281501340482575,0.42900662251655586
0.7532028469750888,0.3457065082900286,0.40710455764075065,0.11192052980132416
0.595373665480427,0.4085622370700328,0.6749329758713136,0.3009271523178807
0.28540925266903905,0.7023014105419456,0.6298927613941019,0.5823841059602648
0.6494661921708184,0.47463499133878173,0.5218498659517425,0.25682119205298015
0.755693950177936,0.37169017569908647,0.21514745308310995,0.11986754966887414
0.3279359430604982,0.5723830734966597,0.6941018766756033,0.556556291390728
0.5131672597864769,0.4956693887651582,0.5360589812332439,0.3178807947019866
0.6117437722419928,0.44790893343231986,0.41367292225201074,0.4203973509933778
0.8145907473309607,0.6567681267013121,0.8360589812332442,0.6540397350993379
0.7101423487544484,0.5147240781984692,0.41420911528150134,0.27139072847682133
0.8234875444839856,0.2709725315515996,0.8213136729222521,0.16781456953642415
0.3508896797153024,0.7951002227171493,0.7882037533512065,0.6528476821192051
0.32153024911032024,0.41722345953971995,0.5442359249329758,0.4398675496688744
0.34946619217081853,0.7656520663202215,0.7018766756032173,0.6925827814569541
0.576512455516014,0.6124721603563472,0.4195710455764075,0.4123178807947019
0.6177935943060496,0.6075228903736729,0.6805630026809653,0.4531125827814577
0.6713523131672597,0.6142044048502875,0.8792225201072388,0.387417218543046
0.29145907473309607,0.6768126701311559,0.7112600536193032,0.782251655629139
0.3496441281138789,0.5223954466716165,0.4609919571045577,0.43682119205297987
0.3455516014234875,0.3650086612224719,0.5558981233243969,0.5172185430463578
0.43451957295373667,0.2870576589952982,0.9990616621983917,0.42066225165562887
0.7677935943060498,0.49517446176689006,0.3532171581769437,0.11430463576158889
0.7612099644128113,0.2962138084632535,0.16367292225201086,0.12423841059602658
0.8597864768683275,0.5382331106161864,0.2053619302949063,0.06503311258278188
0.7240213523131672,0.6525612472160383,0.6571045576407506,0.2703311258278145
0.8402135231316724,0.34669636228656486,0.411662198391421,0.06463576158940398
0.299288256227758,0.6065330363771366,0.8276139410187668,0.7325827814569532
0.6565836298932383,0.4419698094531057,0.49008042895442355,0.22715231788079482
0.5064056939501779,0.5515961395694156,0.5432975871313674,0.5037086092715235
0.31637010676156585,0.6297946052957215,0.6784182305630029,0.5634437086092721
0.7921708185053379,0.3462014352882967,0.5089812332439678,0.16172185430463593
0.7322064056939502,0.5488740410789426,0.6587131367292227,0.5007947019867549
0.29145907473309607,0.7364513734224225,0.7777479892761394,0.7781456953642385
0.7637010676156583,0.20069289779757682,0.7203753351206434,0.30437086092715226
0.3930604982206406,0.4088097005691651,0.9034852546916889,0.37523178807946955
0.29145907473309607,0.6683989111606046,0.7365951742627348,0.7994701986754968
0.3480427046263346,0.7666419203167543,0.8258713136729223,0.6435761589403972
0.24555160142348742,0.4432071269487743,0.6719839142091153,0.5842384105960265
0.9026690391459075,0.3407572383073507,0.5140750670241288,0.13377483443708638
0.2622775800711744,0.5644642415243766,0.8193029490616623,0.7196026490066219
0.3476868327402135,0.36352388022766746,0.5501340482573727,0.6184105960264903
0.8451957295373665,0.2962138084632535,0.4505361930294907,0.27629139072847675
0.1850533807829181,0.6481069042316285,0.4621983914209115,0.6912582781456953
0.28131672597864765,0.6557782727047758,0.35683646112600537,0.709668874172185
0.8487544483985764,0.39519920811680365,0.6608579088471851,0.15245033112582718
0.34003558718861204,0.856718634001485,0.6060321715817694,0.6427814569536423
0.9676156583629892,0.3481811432813693,0.5985254691689008,0.1747019867549664
0.21583629893238432,0.40732491957436423,0.7648793565683647,0.7532450331125826
0.6033807829181496,0.4870081662954746,0.5176943699731904,0.25735099337748313
0.49003558718861207,0.6151942588468202,0.5510723860589812,0.4818543046357613
0.27188612099644127,0.6896807720861204,0.8983914209115282,0.7194701986754968
0.2519572953736655,0.6297946052957215,0.6928954423592495,0.620927152317881
0.2530249110320284,0.4714179658500406,0.6443699731903485,0.6161589403973506
0.8548042704626334,0.456570155902007,0.3813672922252011,0.25682119205298015
0.27188612099644127,0.6842365751051744,0.9017426273458446,0.831125827814569
0.5880782918149464,0.5117545162088604,0.5242627345844504,0.32423841059602676
0.3855871886120996,0.48750309329374275,0.7703753351206435,0.5150993377483442
0.2519572953736655,0.6268250433061162,0.6920911528150135,0.6390728476821188
0.2923487544483986,0.33036377134372685,0.7219839142091153,0.5088741721854309
0.8596085409252668,0.31922791388270255,0.4333780160857909,0.11470198675496679
0.5149466192170817,0.6201435288295016,0.47292225201072396,0.5341721854304629
0.2953736654804271,0.46547884187082644,0.9288203753351207,0.5792052980132452
0.5567615658362989,0.688195991091316,0.5888739946380697,0.49271523178807897
0.3314946619217082,0.7599604058401397,0.8195710455764076,0.5512582781456956
0.2604982206405694,0.70378619153675,0.9347184986595176,0.7386754966887414
0.3418149466192171,0.36080178173719446,0.39664879356568367,0.34741721854304686
0.25551601423487535,0.6327641672853268,0.4699731903485255,0.725562913907285
0.7788256227758005,0.4055926750804275,0.6071045576407506,0.16026490066225207
0.6389679715302491,0.6533036377134387,0.4808310991957105,0.4055629139072847
0.7275800711743771,0.3791140806731015,0.7136729222520108,0.241721854304636
0.32651245551601427,0.805741153179909,0.8184986595174264,0.5957615894039732
0.4754448398576512,0.31155654540955524,0.9970509383378017,0.38794701986754987
0.31637010676156585,0.45038356842366056,0.4871313672922252,0.5133774834437084
0.28131672597864765,0.5718881464983916,0.489142091152815,0.6423841059602644
0.27188612099644127,0.6867112100965116,0.8538873994638072,0.7618543046357615
0.731850533807829,0.5055679287305139,0.3243967828418231,0.257748344370861
0.25355871886120995,0.6968572135609996,0.8335120643431635,0.8434437086092714
0.5686832740213522,0.4830487503093295,0.218230563002681,0.2627814569536424
0.3838078291814946,0.5303142786439032,0.40697050938337803,0.419337748344371
0.6752669039145908,0.4857708487998025,0.6640750670241287,0.28132450331125813
0.2747330960854092,0.8366740905716448,0.8049597855227884,0.9043708609271528
0.2530249110320284,0.44642415243751543,0.6747989276139412,0.6997350993377482
0.26174377224199286,0.6191536748329618,0.4300268096514746,0.9422516556291392
0.8177935943060496,0.4028705765899545,0.5234584450402144,0.19019867549668845
0.4101423487544483,0.3860430586488519,0.5766756032171583,0.2736423841059601
0.29466192170818506,0.9086859688195972,0.889544235924933,0.8378807947019862
0.748932384341637,0.5149715416976015,0.24772117962466494,0.2637086092715233
0.2870106761565836,0.6654293491709993,0.9174262734584451,0.6426490066225163
0.8507117437722419,0.4196980945310571,0.5182305630026809,0.16649006622516538
0.5925266903914589,0.46547884187082644,0.5784182305630026,0.4984105960264902
0.32117437722419917,0.5704033655035907,0.6656836461126006,0.5774834437086094
0.93576512455516,0.4944320712694896,0.7699731903485256,0.24225165562913897
0.7891459074733095,0.4204404850284611,0.6796246648793567,0.3431788079470204
0.32241992882562265,0.5325414501361045,0.32828418230563,0.5193377483443715
0.7327402135231317,0.26379609007671334,0.4312332439678284,0.07483443708609272
0.5781138790035586,0.48775055679287505,0.5758713136729223,0.3324503311258278
0.24555160142348742,0.5647117050235124,0.946916890080429,0.7707284768211915
0.7161921708185052,0.5382331106161864,0.6028150134048258,0.3811920529801327
0.5912811387900355,0.4855233853006702,0.40589812332439684,0.38927152317880775
0.2572953736654804,0.5060628557287821,0.8115281501340483,0.6679470198675492
0.7973309608540925,0.16877010640930834,0.6091152815013405,0.193245033112583
0.3314946619217082,0.6961148230635992,0.9226541554959786,0.6335099337748344
0.27313167259786475,0.5765899529819372,0.5441018766756034,0.6272847682119203
0.3097864768683274,0.6436525612472188,0.6486595174262735,0.5617218543046363
0.2852313167259787,0.6448898787428874,0.5368632707774799,0.66158940397351
0.7855871886120996,0.4966592427616945,0.5004021447721181,0.298807947019867
0.3113879003558718,0.5446671615936651,0.8428954423592494,0.7262251655629139
0.30106761565836304,0.3758970551843639,0.36514745308311,0.5699337748344373
0.28113879003558706,0.427369463004208,0.8235924932975873,0.6720529801324506
0.248932384341637,0.5518436030685514,0.8737265415549598,0.7890066225165562
0.5998220640569395,0.4058401385795598,0.8959785522788206,0.298940397350993
0.5948398576512456,0.44642415243751543,0.8195710455764076,0.37801324503311307
0.6537366548042703,0.6582529076961166,0.8142091152815014,0.42079470198675484
0.18558718861209966,0.4528582034149977,0.9175603217158179,0.8527152317880793
0.8596085409252668,0.3509032417718423,0.8435656836461127,0.22423841059602623
0.2870106761565836,0.6632021776787944,0.9494638069705095,0.6597350993377482
0.2686832740213523,0.6347438752783958,0.57171581769437,0.6631788079470198
0.4167259786476868,0.6599851521900533,0.7974530831099196,0.4148344370860926
0.8565836298932384,0.4595397178916123,0.8556300268096515,0.23774834437086056
0.8891459074733096,0.22890373669883957,0.49504021447721186,0.1743046357615894
0.7453736654804269,0.610739915862414,0.297721179624665,0.1568211920529805
0.7629893238434161,0.3387775303142817,0.08498659517426277,0.15615894039735068
0.6998220640569394,0.33927245731254985,0.3869973190348526,0.2329801324503311
0.2923487544483986,0.33036377134372685,0.635254691689008,0.4329801324503313
0.4946619217081849,0.521158129175948,0.7672922252010725,0.5121854304635765
0.8197508896797153,0.47117050235090474,0.40536193029490614,0.25271523178807875
0.2749110320284698,0.8270230141054213,0.886058981233244,0.8415894039735097
0.3704626334519573,0.5011135857461042,0.9683646112600537,0.564503311258278
0.2653024911032029,0.3268992823558534,0.19410187667560325,0.7101986754966889
0.8891459074733096,0.2157881712447427,0.6099195710455765,0.1725827814569536
0.4412811387900355,0.4412274189557053,0.9990616621983917,0.4098013245033112
0.3377224199288257,0.6547884187082431,0.4184986595174263,0.6491390728476816
0.34288256227758007,0.6765652066320236,0.2596514745308311,0.47827814569536464
0.8110320284697509,0.3739173471912913,0.7237265415549599,0.282251655629139
0.795017793594306,0.44617668893838314,0.6477211796246649,0.24026490066225126
0.34946619217081853,0.7216035634743889,0.1571045576407507,0.6352317880794702
0.4412811387900355,0.30759712942341366,0.6737265415549598,0.20172185430463596
0.7074733096085409,0.5748577084880004,0.37667560321715815,0.3654304635761596
0.47153024911032027,0.5233853006681528,0.6479892761394104,0.3679470198675503
0.29181494661921703,0.7302647859440761,0.679088471849866,0.5696688741721854
0.42758007117437724,0.6971046770601355,0.7693029490616623,0.45390728476821174
0.4754448398576512,0.2808710715169518,0.9965147453083112,0.41112582781456997
0.3437722419928825,0.7542687453600614,0.8825737265415552,0.758940397350993
0.4638790035587188,0.3318485523385313,0.6155495978552279,0.2748344370860929
0.2973309608540925,0.2964612719623858,0.7415549597855229,0.8663576158940396
0.2644128113879003,0.2984409799554584,0.8859249329758716,0.7447682119205297
0.5457295373665481,0.6899282355852527,0.6202412868632707,0.4953642384105965
0.290035587188612,0.4474140064340517,0.43029490616621985,0.5711258278145692
0.7706405693950177,0.3333333333333357,0.5943699731903487,0.1990728476821193
0.3480427046263346,0.7876763177431343,0.5843163538873997,0.49364238410595984
0.7629893238434161,0.430091561494681,0.5919571045576408,0.12198675496688782
0.4234875444839856,0.325414501361049,0.5225201072386061,0.33006622516556305
0.7327402135231317,0.24672110863647845,0.37788203753351207,0.0993377483443707
0.6923487544483985,0.49047265528334805,0.38659517426273465,0.28370860927152286
0.4053380782918149,0.5671863400148496,0.5949061662198392,0.35907284768211944
0.2923487544483986,0.37292749319475504,0.7390080428954424,0.47165562913907255
0.7535587188612097,0.2873051224944341,0.8270777479892764,0.38384105960264936
0.20195729537366547,0.5221479831724842,0.6478552278820375,0.637086092715232
0.6332740213523133,0.534768621628313,0.30093833780160856,0.29986754966887386
0.34288256227758007,0.20712694877505555,0.8600536193029491,0.44092715231788127
0.6781138790035587,0.4862657757980706,0.6805630026809653,0.3207947019867552
0.658896797153025,0.3734224201930232,0.9034852546916889,0.3389403973509939
0.7327402135231317,0.30536995793120525,0.8757372654155497,0.15774834437086138
0.7439501779359431,0.351893095768375,0.48284182305630025,0.1634437086092717
0.39982206405693943,0.29967829745112695,0.8064343163538874,0.45470198675496665
0.45409252669039146,0.5233853006681528,0.9994638069705095,0.5180132450331127
0.5976868327402135,0.6159366493442242,0.6888739946380698,0.3092715231788077
0.31637010676156585,0.5018559762435046,0.1915549597855229,0.5679470198675496
0.7836298932384341,0.26726057906459033,0.5004021447721181,0.23735099337748355
0.23380782918149468,0.5058153922296498,0.5190348525469171,0.822913907284768
0.25978647686832745,0.8277654046028218,0.9455764075067024,0.7377483443708606
0.32544483985765116,0.6441474882454834,0.4719839142091154,0.7883443708609263
0.29074733096085414,0.6498391487255653,0.7847184986595175,0.5446357615894035
0.31619217081850537,0.5434298440979966,0.5969168900804291,0.8198675496688743
0.827224199288256,0.4125216530561744,0.6615281501340484,0.2809271523178811
0.2768683274021353,0.7166542934917111,0.7505361930294907,0.6231788079470197
0.8809608540925268,0.41450136104924695,0.4802949061662199,0.19589403973509967
0.8576512455516013,0.35065577827270644,0.45630026809651486,0.1982781456953644
0.29181494661921703,0.7198713189804522,0.7084450402144773,0.5793377483443711
0.6681494661921706,0.5087849542192551,0.6576407506702415,0.3829139072847685
0.7772241992882564,0.3825785696609785,0.2752010723860591,0.1924503311258281
0.6494661921708184,0.5058153922296498,0.7711796246648794,0.31801324503311257
0.6859430604982205,0.4432071269487743,0.9466487935656838,0.36940397350993326
0.7825622775800712,0.4110368720613735,0.8260053619302952,0.201986754966887
0.2934163701067616,0.5780747339767416,0.6229222520107238,0.5932450331125825
0.253202846975089,0.4441969809453141,0.9445040214477212,0.5956291390728481
0.8165480427046262,0.17545162088591937,0.5821715817694371,0.17496688741721922
0.4731316725978648,0.3296213808463264,0.7040214477211797,0.37403973509933763
0.7421708185053378,0.31997030438010654,0.30589812332439686,0.1805298013245027
0.2704626334519573,0.6312793862905224,0.5392761394101877,0.6982781456953644
0.6149466192170819,0.4231625835189341,0.6213136729222519,0.3256953642384106
0.2973309608540925,0.2704776045533315,0.7410187667560324,0.8606622516556293
0.3845195729537366,0.521158129175948,0.8739946380697052,0.5846357615894036
0.1841637010676157,0.552338530066816,0.5040214477211795,0.6803973509933776
0.2572953736654804,0.48948280128681176,0.7407506702412869,0.6642384105960266
0.7886120996441283,0.49492699826775777,0.4702412868632709,0.21298013245033065
0.3377224199288257,0.6582529076961166,0.3209115281501341,0.6358940397350992
0.1852313167259787,0.5545657015590209,0.6407506702412868,0.766490066225165
0.18558718861209966,0.4605295718881486,0.9319034852546917,0.8446357615894033
0.748932384341637,0.547636723583274,0.2115281501340483,0.1970860927152316
0.8475088967971528,0.35486265775798387,0.5207774798927614,0.1879470198675497
0.34733096085409254,0.6137094778520193,0.839544235924933,0.5214569536423843
0.3177935943060498,0.5077951002227188,0.715549597855228,0.6170860927152324
0.1749110320284697,0.6223707003217029,0.9032171581769437,0.8758940397350994
0.2667259786476869,0.4788418708240556,0.8884718498659518,0.9303311258278146
0.8341637010676154,0.4590447908933477,0.7189008042895444,0.19430463576158985
0.253914590747331,0.2991833704528588,0.8613941018766755,0.6168211920529796
0.8293594306049822,0.40905716406830095,0.9210455764075067,0.29046357615894003
0.6797153024911032,0.5043306112348453,0.7215817694369975,0.40317880794702
0.18167259786476864,0.8153922296461253,0.697721179624665,0.8935099337748351
0.32153024911032024,0.3900024746349935,0.6399463806970509,0.4121854304635759
0.25978647686832745,0.8104429596634546,0.9117962466487937,0.6245033112582785
0.6852313167259786,0.5884682009403619,0.4675603217158177,0.346490066225166
0.7772241992882564,0.41474882454837925,0.8510723860589813,0.3753642384105964
0.27935943060498225,0.7003217025488766,0.6544235924932975,0.7350993377483439
0.28238434163701065,0.09849047265528554,0.8176943699731904,0.5947019867549672
0.7453736654804269,0.6142044048502875,0.2552278820375336,0.21125827814569487
0.32580071174377223,0.4615194258846813,0.8363270777479894,0.6954966887417218
0.2850533807829182,0.7005691660480124,0.8465147453083111,0.9312582781456955
0.2964412811387901,0.17569908438505522,0.953485254691689,0.6888741721854306
0.29466192170818506,0.9024993813412507,0.8772117962466488,0.7777483443708615
0.7144128113879004,0.5399653551101231,0.43860589812332446,0.32503311258278167
0.7891459074733095,0.3981687701064125,0.7888739946380698,0.29072847682119196
0.28647686832740216,0.6916604800791895,0.850804289544236,0.7954966887417214
0.2540925266903915,0.4308339519920814,0.9075067024128689,0.6838410596026492
0.5323843416370106,0.6763177431328913,0.5733243967828419,0.410993377483444
0.4209964412811388,0.36154417223459845,0.8445040214477213,0.29907284768211895
0.6626334519572953,0.6050482553823322,0.2867292225201073,0.3887417218543048
0.42028469750889674,0.5518436030685514,0.22774798927613943,0.516688741721854
0.8565836298932384,0.4513734224201933,0.5596514745308312,0.177086092715232
0.6690391459074733,0.6703786191536771,0.41983914209115286,0.3254304635761587
0.6055160142348753,0.5533283840633523,0.7903485254691689,0.3513907284768214
0.1925266903914591,0.6505815392229657,0.5394101876675603,0.7278145695364238
0.711387900355872,0.5454095520910656,0.29356568364611263,0.25602649006622435
0.3231316725978648,0.7260579064587986,0.9510723860589814,0.8414569536423846
0.3930604982206406,0.3853006681514515,0.5445040214477213,0.3504635761589405
0.22348754448398578,0.3902499381341258,0.5491957104557641,0.7080794701986761
0.28238434163701065,0.021034397426380025,0.9489276139410188,0.6462251655629139
0.290035587188612,0.5431823805988643,0.6777479892761396,0.8360264900662253
0.5362989323843416,0.6186587478346972,0.43351206434316353,0.4904635761589402
0.2923487544483986,0.7104677060133646,0.3288203753351207,0.7082119205298012
0.7453736654804269,0.610739915862414,0.16863270777479894,0.19298013245033108
0.24964412811387904,0.5280871071516984,0.7379356568364612,0.6815894039735104
0.32241992882562265,0.5820341499628796,0.635254691689008,0.6300662251655629
0.6176156583629894,0.5508537490720116,0.6079088471849865,0.43721854304635777
0.3562277580071175,0.5384805741153187,0.6367292225201073,0.508211920529801
0.7421708185053378,0.3157634248948291,0.46729222520107244,0.24860927152317824
0.7135231316725977,0.5214055926750838,0.8310991957104559,0.4623841059602647
0.3466192170818506,0.7520415738678565,0.7671581769436999,0.5396026490066221
0.24768683274021353,0.5941598614204402,0.8780160857908847,0.7656953642384101
0.3177935943060498,0.4387527839643681,0.6064343163538874,0.5845033112582776
0.2880782918149466,0.21504578074734226,0.9816353887399465,0.8557615894039738
0.2604982206405694,0.5798069784706783,0.5461126005361929,0.5059602649006623
0.7939501779359431,0.5053204652313781,0.40589812332439684,0.14344370860927125
0.3496441281138789,0.5310566691413037,0.5290884718498661,0.5384105960264902
0.7850533807829182,0.3892600841375895,0.4061662198391421,0.13086092715231779
0.3649466192170818,0.3909923286315298,0.9430294906166221,0.7650331125827812
0.6597864768683274,0.5134867607027971,0.8436997319034854,0.29403973509933756
0.5170818505338078,0.4662212323682269,0.8538873994638072,0.5026490066225167
0.8258007117437721,0.31205147240781983,0.8721179624664881,0.19602649006622475
0.7327402135231317,0.30512249443207295,0.776407506702413,0.1411920529801325
0.3279359430604982,0.5639693145261084,0.2170241286863271,0.5426490066225167
0.24964412811387904,0.5112595892105922,0.43243967828418234,0.5841059602649006
0.27188612099644127,0.6879485275921837,0.9250670241286862,0.806225165562914
0.37099644128113873,0.44493937144271456,0.45294906166219845,0.25549668874172227
0.5976868327402135,0.6149467953476879,0.9474530831099197,0.3941721854304632
0.3649466192170818,0.37564959168522805,0.7428954423592495,0.4507284768211921
0.2745551601423487,0.2991833704528588,0.8993297587131368,0.5139072847682122
0.4234875444839856,0.36080178173719446,0.8788203753351209,0.30900662251655575
0.2540925266903915,0.4486513239297203,0.8,0.8083443708609277
0.7845195729537365,0.5228903736698847,0.5304289544235925,0.2847682119205297
0.19893238434163696,0.37218510269735106,0.6982573726541557,0.7313907284768213
0.6884341637010675,0.435535758475627,0.4349865951742628,0.25562913907284734
0.2850533807829182,0.6792873051224966,0.762064343163539,0.9157615894039735
0.6313167259786477,0.6161841128433565,0.41367292225201074,0.28821192052980127
0.34234875444839863,0.5397178916109908,0.19504021447721182,0.572450331125828
0.8514234875444838,0.23212076218757716,0.8404825737265418,0.16582781456953644
0.4889679715302492,0.3011630784459278,0.8399463806970511,0.3149668874172189
0.8341637010676154,0.44617668893838314,0.894638069705094,0.23059602649006639
0.6033807829181496,0.4382578569661,0.7269436997319036,0.3352317880794704
0.6010676156583629,0.5807968324672146,0.3691689008042896,0.20966887417218505
0.22989323843416376,0.5322939866369722,0.6605898123324399,0.6010596026490065
0.3603202846975089,0.5021034397426369,0.6420911528150133,0.45509933774834455
0.6332740213523133,0.5377381836179183,0.34624664879356576,0.32304635761589395
0.904626334519573,0.38158871566443864,0.4261394101876676,0.19933774834437124
0.2704626334519573,0.7300173224449402,0.7018766756032173,0.822516556291391
0.2540925266903915,0.44766146993318756,0.7760053619302951,0.8366887417218543
0.32117437722419917,0.557782727047762,0.4000000000000001,0.5652980132450329
0.7635231316725978,0.37490720118782406,0.5024128686327078,0.09814569536423878
0.801423487544484,0.34422172729522416,0.9278820375335122,0.2487417218543051
0.28131672597864765,0.6545409552091108,0.6264075067024131,0.7675496688741719
0.5567615658362989,0.6886909180895842,0.5005361930294907,0.46662251655629117
0.8565836298932384,0.453848057411534,0.6331099195710457,0.20304635761589385
0.595373665480427,0.4862657757980706,0.6991957104557642,0.3762913907284773
0.8341637010676154,0.458549863895076,0.7498659517426274,0.17284768211920554
0.2069395017793595,0.333580796832468,0.8652815013404827,0.5761589403973506
0.2880782918149466,0.227666419203171,0.8210455764075069,0.8393377483443709
0.6565836298932383,0.47018064835436846,0.8542895442359251,0.4090066225165563
0.8402135231316724,0.4038604305864908,0.8521447721179625,0.23231788079470217
0.4596085409252668,0.38975501113585764,0.9292225201072386,0.4209271523178808
0.31423487544483986,0.5068052462261825,0.7100536193029492,0.717615894039735
0.7788256227758005,0.4382578569661,0.7194369973190351,0.13443708609271532
0.31423487544483986,0.5419450631031921,0.7439678284182307,0.8488741721854307
0.5660142348754448,0.4342984409799584,0.6493297587131368,0.2981456953642381
0.7220640569395017,0.4733976738431096,0.5088471849865952,0.3761589403973513
0.30391459074733085,0.5154664686958697,0.6465147453083111,0.5468874172185432
0.253914590747331,0.29151200197970795,0.7697050938337804,0.6066225165562917
0.7322064056939502,0.545657015590205,0.6202412868632707,0.47986754966887446
0.2800711743772242,0.2910170749814398,0.7911528150134048,0.6233112582781457
0.3281138790035586,0.7503093293739198,0.42144772117962476,0.6396026490066227
0.24110320284697506,0.6537985647117068,0.8012064343163541,0.9382781456953646
0.2953736654804271,0.46745854986389546,0.9638069705093835,0.620397350993378
0.591814946619217,0.6169265033407605,0.5924932975871315,0.40662251655629067
0.32758007117437726,0.445681761940115,0.3233243967828418,0.32754966887417236
0.5843416370106761,0.6238554813165074,0.4991957104557641,0.3434437086092714
0.34733096085409254,0.6609750061865896,0.429892761394102,0.5993377483443707
0.3784697508896797,0.5001237317495679,0.6558981233243968,0.4343046357615892
0.3354092526690391,0.6896807720861204,0.8022788203753353,0.5531125827814565
0.1749110320284697,0.6369710467706042,0.9166219839142091,0.902781456953643
0.8693950177935942,0.3598119277406582,0.7505361930294907,0.1784105960264899
0.1852313167259787,0.6520663202177701,0.605093833780161,0.8357615894039734
0.7850533807829182,0.38505320465231563,0.6020107238605898,0.1982781456953644
0.24341637010676154,0.7109626330116328,0.8156836461126007,0.7886092715231792
0.24928825622775797,0.5679287305122536,0.7797587131367294,0.8407947019867548
0.7855871886120996,0.48403860430586576,0.2819034852546917,0.1866225165562918
0.24768683274021353,0.5892105914377659,0.7557640750670243,0.7064900662251654
0.16601423487544475,0.8393961890621142,0.7638069705093835,0.8103311258278145
0.7316725978647688,0.28953229398663893,0.3632707774798927,0.20927152317880804
0.3097864768683274,0.637960900767137,0.6478552278820375,0.5475496688741721
0.31120996441281135,0.4733976738431096,0.9087131367292225,0.7772185430463576
0.34234875444839863,0.6335065577827272,0.8512064343163541,0.6582781456953644
0.6934163701067614,0.4580549368968079,0.48552278820375344,0.2921854304635758
0.8809608540925268,0.39767384310814435,0.48672922252010725,0.19933774834437124
0.8597864768683275,0.5409552091066594,0.4737265415549598,0.0823841059602648
0.8548042704626334,0.45731254639940744,0.4450402144772118,0.2525827814569537
0.2644128113879003,0.40435535758475893,0.8427613941018768,0.8009271523178807
0.2921708185053381,0.5110121257114599,0.6160857908847186,0.7194701986754968
0.6329181494661921,0.3516456322692427,0.5597855227882038,0.20675496688741735
0.33256227758007106,0.3167532788913654,0.550804289544236,0.3568211920529798
0.43540925266903907,0.35263548626577546,0.8756032171581769,0.6063576158940398
0.8295373665480427,0.3140311804008924,0.7431635388739948,0.10834437086092752
0.8085409252669037,0.4167285325414518,0.7693029490616623,0.21907284768211888
0.2838078291814947,0.11828755258599344,0.9823056300268098,0.9218543046357617
0.30391459074733085,0.49245236327641706,0.7715817694369975,0.7112582781456949
0.5170818505338078,0.4677060133630313,0.8550938337801608,0.4884768211920525
0.8117437722419928,0.36748329621380904,0.6718498659517429,0.22900662251655657
0.26085409252669045,0.9527344716654333,0.7636729222520109,0.7384105960264895
0.9553380782918147,0.3687206137094776,0.5092493297587131,0.2152317880794703
0.8117437722419928,0.3627814897302635,0.6327077747989278,0.20158940397351
0.33256227758007106,0.36723583271467675,0.6599195710455765,0.36688741721854257
0.24768683274021353,0.4830487503093295,0.7026809651474533,0.7135099337748345
0.34199288256227756,0.584261321455088,0.719839142091153,0.7210596026490066
0.5816725978647687,0.47958426132145604,0.7313672922252012,0.17894039735099287
0.6891459074733096,0.30982430091561497,0.5164879356568366,0.21655629139072818
0.6713523131672597,0.5867359564464252,0.8731903485254693,0.35086092715231754
0.31637010676156585,0.42489482801286726,0.8388739946380699,0.685033112582782
0.7535587188612097,0.34669636228656486,0.40482573726541554,0.3274172185430464
0.6211743772241992,0.6114823063598145,0.6687667560321717,0.28450331125827866
0.2861209964412811,0.558525117545166,0.6882037533512066,0.6860927152317879
0.7608540925266903,0.47859440732491976,0.2800268096514746,0.19894039735099334
0.7316725978647688,0.32838406335065784,0.5868632707774799,0.19682119205298054
0.3137010676156584,0.3640188072259356,0.9576407506702413,0.6964238410596026
0.68576512455516,0.5085374907201228,0.6084450402144772,0.3856953642384102
0.22348754448398578,0.3761445186834962,0.5317694369973192,0.6652980132450335
0.7046263345195728,0.19772333580796797,0.48941018766756034,0.13218543046357656
0.6537366548042703,0.6738431081415506,0.6931635388739947,0.4324503311258283
0.29483985765124554,0.7206137094778526,0.313941018766756,0.6258278145695364
0.8715302491103202,0.2702301410541956,0.5097855227882038,0.18397350993377426
0.6637010676156582,0.4112843355605058,0.4139410187667561,0.2789403973509934
0.7601423487544482,0.4956693887651582,0.4040214477211797,0.2152317880794703
0.2572953736654804,0.49220489977728477,0.789544235924933,0.6761589403973511
0.44056939501779346,0.40336550358822265,0.9131367292225203,0.3688741721854303
0.3352313167259787,0.6327641672853268,0.8450402144772118,0.7695364238410596
0.3476868327402135,0.38010393466963777,0.5163538873994638,0.4945695364238416
0.7316725978647688,0.3110616184112871,0.4699731903485255,0.26304635761589434
0.3930604982206406,0.36748329621380904,0.439544235924933,0.29827814569536404
0.5976868327402135,0.6159366493442242,0.44530831099195717,0.2867549668874174
0.4329181494661921,0.4298440979955487,0.595308310991957,0.4692715231788078
0.2540925266903915,0.458549863895076,0.8193029490616623,0.8206622516556292
0.4135231316725979,0.24474140064340588,0.3730563002680966,0.25350993377483366
0.4638790035587188,0.4224201930215301,0.7386058981233246,0.4660927152317882
0.8487544483985764,0.42291512001979825,0.7325737265415551,0.19390728476821195
0.32669039145907464,0.41450136104924695,0.7010723860589814,0.48066225165562937
0.2973309608540925,0.6186587478346972,0.7790884718498661,0.5372185430463574
0.2893238434163701,0.4362781489730274,0.754289544235925,0.6178807947019873
0.4638790035587188,0.3585746102449896,0.8878016085790887,0.378675496688742
0.23416370106761575,0.6624597871813904,0.5545576407506703,0.4454304635761588
0.7806049822064057,0.4679534768621636,0.6888739946380698,0.25218543046357667
0.5948398576512456,0.4412274189557053,0.8215817694369973,0.37854304635761515
0.7699288256227758,0.48131650581539276,0.5888739946380697,0.45350993377483473
0.93576512455516,0.4105419450631054,0.7100536193029492,0.1739072847682115
0.3137010676156584,0.36327641672853517,0.9449061662198392,0.6438410596026491
0.4329181494661921,0.3971789161098762,0.5945040214477211,0.45668874172185436
0.904626334519573,0.32714674585498926,0.4907506702412869,0.22993377483443744
0.40160142348754446,0.23682256867112272,0.23016085790884716,0.2454304635761595
0.3261565836298932,0.5926750804256393,0.3001340482573727,0.5952317880794702
0.42437722419928825,0.49220489977728477,0.2270777479892762,0.363046357615894
0.299288256227758,0.21182875525860112,0.981367292225201,0.4739072847682122
0.7608540925266903,0.47414006434051004,0.27815013404825745,0.21046357615893996
0.597864768683274,0.5186834941846108,0.407372654155496,0.44754966887417247
0.8085409252669037,0.39247710962633064,0.4537533512064343,0.13841059602648986
0.8110320284697509,0.36080178173719446,0.3918230563002681,0.15245033112582718
0.3261565836298932,0.5978718139074495,0.8281501340482575,0.8598675496688744
0.731850533807829,0.43702053947042785,0.5705093833780162,0.21668874172185415
0.32580071174377223,0.5127443702053966,0.8817694369973192,0.7153642384105954
0.7706405693950177,0.30635981192774153,0.25428954423592504,0.15920529801324435
0.5663701067615657,0.38406335065577935,0.3955764075067025,0.2123178807947026
0.2498220640569394,0.45929225439248,0.8884718498659518,0.8688741721854303
0.30106761565836304,0.35906953724325774,0.7581769436997321,0.6230463576158938
0.2788256227758007,0.703043801039346,0.6772117962466488,0.8569536423841058
0.6128113879003557,0.5832714674585517,0.658981233243968,0.45999999999999996
0.2603202846975089,0.37713437268003247,0.5756032171581771,0.5417218543046358
0.3322064056939502,0.3684731502103453,0.9230563002680967,0.6340397350993374
0.6902135231316727,0.6961148230635992,0.4063002680965147,0.37311258278145676
0.7532028469750888,0.39519920811680365,0.5819034852546918,0.24927152317880807
0.8117437722419928,0.31155654540955524,0.916756032171582,0.27417218543046307
0.5457295373665481,0.6802771591190329,0.5781501340482573,0.5592052980132456
0.2604982206405694,0.7042811185350182,0.8439678284182306,0.7761589403973508
0.2603202846975089,0.43702053947042785,0.8831099195710457,0.8287417218543043
0.8551601423487544,0.4590447908933477,0.5463806970509384,0.16622516556291433
0.30213523131672604,0.6201435288295016,0.9151474530831101,0.5607947019867554
0.25551601423487535,0.6842365751051744,0.7580428954423593,0.7940397350993376
0.37099644128113873,0.5092798812175232,0.7461126005361931,0.4943046357615888
0.8633451957295372,0.33011630784459456,0.2490616621983915,0.20158940397351
0.6204626334519573,0.4291017074981447,0.5426273458445041,0.24662251655629142
0.686476868327402,0.49220489977728477,0.6647453083109922,0.2446357615894046
0.7016014234875446,0.5941598614204402,0.3040214477211797,0.2801324503311262
0.3603202846975089,0.4884929472902755,0.613941018766756,0.4361589403973509
0.5612099644128113,0.33308586983419985,0.7509383378016086,0.2325827814569532
0.4638790035587188,0.35807968324672146,0.8857908847184988,0.3866225165562911
0.2702846975088967,0.6236080178173751,0.9670241286863273,0.6909933774834434
0.27935943060498225,0.6946300420687983,0.876005361930295,0.9209271523178808
0.8026690391459074,0.4216778025241297,0.6242627345844505,0.19086092715231828
0.19074733096085406,0.6958673595644669,0.7544235924932978,0.830728476821192
0.2768683274021353,0.7176441474882473,0.736461126005362,0.5581456953642379
0.7754448398576511,0.36030685473892987,0.6138069705093834,0.20913907284768207
0.26174377224199286,0.6580054441969843,0.5648793565683647,0.9929801324503309
0.34199288256227756,0.7045285820341505,0.7160857908847187,0.6941721854304639
0.3352313167259787,0.6369710467706042,0.8672922252010726,0.7540397350993375
0.748932384341637,0.541450136104924,0.5139410187667561,0.3349668874172185
0.7327402135231317,0.455827765404603,0.2646112600536193,0.21761589403973502
0.7393238434163699,0.38554813165058377,0.45670241286863283,0.25801324503311296
0.827224199288256,0.38950754763672535,0.4411528150134048,0.10013245033112561
0.34199288256227756,0.5909428359317026,0.5450402144772117,0.5687417218543045
0.22135231316725967,0.7072506805246235,0.4997319034852548,0.8435761589403974
0.6713523131672597,0.6817619401138373,0.9332439678284183,0.4011920529801323
0.7946619217081848,0.4251422915120031,0.5179624664879356,0.22013245033112572
0.27188612099644127,0.6862162830982435,0.9226541554959786,0.7750993377483439
0.1841637010676157,0.5518436030685514,0.382975871313673,0.6498013245033114
0.28131672597864765,0.6629547141796586,0.47117962466487945,0.7807947019867543
0.5603202846975089,0.47958426132145604,0.24504021447721186,0.21430463576158942
0.24768683274021353,0.5958921059143805,0.8707774798927614,0.758278145695364
0.8258007117437721,0.33259094283593527,0.4931635388739947,0.08423841059602655
0.2549822064056939,0.32566196486018484,0.792225201072386,0.661059602649007
0.32384341637010683,0.49245236327641706,0.17520107238605903,0.5781456953642383
0.4412811387900355,0.4288542439990124,0.994235924932976,0.4090066225165563
0.4889679715302492,0.33011630784459456,0.35683646112600537,0.26556291390728504
0.46156583629893233,0.5196733481811435,0.8466487935656837,0.4067549668874175
0.8487544483985764,0.38035139816877006,0.8140750670241288,0.13509933774834426
0.32580071174377223,0.4508784954219287,0.7597855227882038,0.5986754966887418
0.7806049822064057,0.4865132392972029,0.4887399463806971,0.19854304635761544
0.8007117437722419,0.33382826033160384,0.4179624664879357,0.24105960264900617
0.2645907473309608,0.6636971046770626,0.8693029490616622,0.7313907284768213
0.8007117437722419,0.34224201930215514,0.5998659517426275,0.24119205298013302
0.8613879003558716,0.20836426627072413,0.8888739946380699,0.17324503311258255
0.7946619217081848,0.4441969809453141,0.3449061662198392,0.23271523178807918
0.3930604982206406,0.360059391239794,0.6863270777479895,0.4347019867549671
0.27633451957295374,0.3531304132640436,0.7587131367292226,0.597483443708609
0.6884341637010675,0.4966592427616945,0.8411528150134049,0.29788079470198703
0.3199288256227758,0.5273447166542944,0.7117962466487937,0.605298013245033
0.6229537366548042,0.2986884434545942,0.7227882037533513,0.27337748344370816
0.7999999999999997,0.4709230388517689,0.5365951742627346,0.17814569536423797
0.31120996441281135,0.43479336797822654,0.8655495978552279,0.8393377483443709
0.23380782918149468,0.5246226181638249,0.7474530831099195,0.9173509933774833
0.4234875444839856,0.351893095768375,0.8640750670241288,0.32357615894039693
0.7138790035587189,0.6129670873546154,0.42252010723860595,0.2736423841059601
0.4731316725978648,0.3137837169017601,0.5089812332439678,0.3903311258278146
0.7601423487544482,0.49319475377382105,0.656970509383378,0.3331125827814576
0.27330960854092523,0.7698589458054954,0.81514745308311,0.9189403973509931
0.28451957295373664,0.18163820836426936,0.6026809651474532,0.5215894039735094
0.26085409252669045,0.9480326651818878,0.6672922252010725,0.7474172185430463
0.7790035587188612,0.3558525117545166,0.49879356568364625,0.18145695364238357
0.6781138790035587,0.47809948032665517,0.7379356568364612,0.3099337748344375
0.8774021352313167,0.5872308834446933,0.6774798927613941,0.20596026490066244
0.300355871886121,0.5941598614204402,0.47439678284182313,0.6671523178807943
0.6690391459074733,0.6914130165800572,0.5951742627345844,0.45549668874172156
0.2870106761565836,0.6664192031675356,0.9021447721179625,0.612450331125828
0.26174377224199286,0.5582776540460301,0.3316353887399464,0.9182781456953641
0.20195729537366547,0.49319475377382105,0.6327077747989278,0.7241059602649011
0.31423487544483986,0.47389260084137774,0.21273458445040222,0.6221192052980138
0.8071174377224198,0.4075723830735001,0.6001340482573727,0.16900662251655607
0.6681494661921706,0.4622618163820853,0.37667560321715815,0.32503311258278167
0.8809608540925268,0.40435535758475893,0.8179624664879357,0.33430463576158953
0.904626334519573,0.37490720118782406,0.3509383378016086,0.1725827814569536
0.7601423487544482,0.45310566691413356,0.6839142091152817,0.1796026490066227
0.6062277580071175,0.3122989359069557,0.7824396782841825,0.2715231788079473
0.2923487544483986,0.341747092303887,0.7067024128686328,0.46331125827814557
0.9241992882562277,0.21801534273694756,0.4328418230563003,0.20675496688741735
0.3314946619217082,0.7250680524622659,0.7793565683646113,0.540529801324503
0.5610320284697509,0.48750309329374275,0.5005361930294907,0.30781456953642383
0.3455516014234875,0.3959415986142041,0.1772117962466489,0.6017218543046354
0.30391459074733085,0.5365008661222497,0.9865951742627346,0.7713907284768213
0.48736654804270463,0.6941351150705302,0.6970509383378019,0.5883443708609271
0.4596085409252668,0.4125216530561744,0.6922252010723862,0.31271523178807925
0.22508896797153022,0.7317495669388805,0.7068364611260056,0.6339072847682123
0.48736654804270463,0.824053452115816,0.6865951742627348,0.6688741721854301
0.8820284697508897,0.5657015590200452,0.7410187667560324,0.3050331125827821
0.27313167259786475,0.7109626330116328,0.7323056300268098,0.7533774834437086
0.8234875444839856,0.35882207374412545,0.6099195710455765,0.19403973509933792
0.5948398576512456,0.6050482553823322,0.8966487935656837,0.35443708609271507
0.6987544483985765,0.6894333085869846,0.5308310991957104,0.39761589403973474
0.5976868327402135,0.6226181638208352,0.7750670241286863,0.41986754966887396
0.29145907473309607,0.6810195496164333,0.6505361930294906,0.765562913907285
0.2427046263345195,0.5743627814897323,0.6327077747989278,0.5777483443708604
0.26263345195729526,0.4929472902746852,0.9638069705093835,0.5607947019867554
0.7138790035587189,0.6473645137342245,0.4798927613941019,0.30688741721854296
0.6537366548042703,0.6639445681761948,0.707774798927614,0.39960264900662246
0.24555160142348742,0.3786191536748369,0.6499999999999999,0.5802649006622511
0.5948398576512456,0.6112348428606822,0.8288203753351207,0.3447682119205302
0.253202846975089,0.4689433308586999,0.9273458445040215,0.5925827814569535
0.8809608540925268,0.4041078940856231,0.41581769436997323,0.2105960264900668
0.8177935943060496,0.3585746102449896,0.7450402144772119,0.13483443708609233
0.576512455516014,0.6619648601831258,0.7021447721179626,0.5052980132450333
0.6024911032028469,0.49888641425389935,0.46782841823056304,0.282251655629139
0.598220640569395,0.42390497401633453,0.6668900804289546,0.29655629139072825
0.3137010676156584,0.37985647117050547,0.7804289544235925,0.6246357615894045
0.29181494661921703,0.7468448403860464,0.5548257372654157,0.5553642384105961
0.827224199288256,0.4137589705518465,0.6650134048257375,0.26675496688741696
0.2921708185053381,0.466716159366495,0.32292225201072383,0.5917880794701986
0.24857651245551593,0.4137589705518465,0.9304289544235926,0.9392052980132455
0.4868327402135231,0.7871813907448697,0.5995978552278822,0.557350993377483
0.31032028469750883,0.5154664686958697,0.48337801608579084,0.5217218543046354
0.8375444839857652,0.34224201930215514,0.6564343163538875,0.12397350993377465
0.4969750889679715,0.6139569413511552,0.9396782841823057,0.5047682119205295
0.25444839857651236,0.5511012125711474,0.8183646112600538,0.838145695364239
0.5934163701067615,0.41846077703538853,0.8158176943699733,0.13403973509933742
0.25782918149466194,0.4865132392972029,0.8150134048257374,0.831125827814569
0.27313167259786475,0.6057906458797362,0.6100536193029491,0.6002649006622516
0.7946619217081848,0.44221727295224156,0.32238605898123324,0.2011920529801321
0.2852313167259787,0.6310319227913901,0.8037533512064343,0.718278145695364
0.3496441281138789,0.643405097748083,0.8640750670241288,0.6332450331125825
0.3322064056939502,0.38134125216530634,0.8820375335120645,0.7056953642384105
0.23434163701067612,0.4060876020786921,0.7545576407506702,0.6639735099337747
0.8250889679715302,0.4236575105171987,0.6332439678284183,0.14039735099337758
0.7322064056939502,0.5798069784706783,0.40482573726541554,0.2545695364238414
0.7914590747330962,0.29175946547884024,0.55656836461126,0.09364238410596037
0.6176156583629894,0.5708982925018589,0.2613941018766757,0.26966887417218555
0.8224199288256228,0.42662707250680754,0.6648793565683646,0.18039735099337761
0.8288256227758005,0.33927245731254985,0.7179624664879358,0.09192052980132459
0.7532028469750888,0.39990101460034566,0.5761394101876678,0.33218543046357585
0.2263345195729537,0.6466221232368241,0.5954423592493299,0.7690066225165566
0.20195729537366547,0.5065577827270502,0.8274798927613942,0.7267549668874169
0.25551601423487535,0.2501855976243519,0.5235924932975873,0.5241059602649001
0.8145907473309607,0.351893095768375,0.6843163538873995,0.08887417218543092
0.24555160142348742,0.5827765404602836,0.7270777479892763,0.6686092715231791
0.7629893238434161,0.4214303390249938,0.547721179624665,0.0831788079470197
0.7999999999999997,0.4634991338777539,0.5288203753351208,0.1743046357615894
0.6128113879003557,0.5941598614204402,0.6840482573726543,0.395761589403973
0.29145907473309607,0.7191289284830518,0.8689008042895443,0.3802649006622518
0.6690391459074733,0.6879485275921837,0.7373994638069705,0.4717880794701985
0.68576512455516,0.5129918337045289,0.34678284182305635,0.2786754966887415
0.27526690391459074,0.3677307597129449,0.9305630026809653,0.6907284768211923
0.6220640569395018,0.5926750804256393,0.7107238605898125,0.3564238410596028
0.702491103202847,0.45978718139074815,0.3867292225201073,0.28450331125827866
0.7569395017793595,0.3318485523385313,0.6430294906166221,0.20953642384105908
0.8939501779359428,0.605295718881468,0.39168900804289547,0.2752317880794708
0.2201067615658362,0.7171492204899792,0.6995978552278821,0.8049006622516552
0.3279359430604982,0.5726305369957956,0.6805630026809653,0.7949668874172184
0.9026690391459075,0.3659985152190046,0.6022788203753351,0.13973509933774864
0.7322064056939502,0.5694135115070544,0.2026809651474531,0.2105960264900668
0.28131672597864765,0.6795347686216289,0.7372654155495979,0.8807947019867548
0.2829181494661921,0.4261321455085394,0.9332439678284183,0.8190728476821194
0.7421708185053378,0.3157634248948291,0.46514745308310995,0.2317880794701983
0.27313167259786475,0.6926503340757257,0.8882037533512064,0.6713907284768208
0.6012455516014233,0.5407077456075235,0.5142091152815014,0.3754966887417224
0.27526690391459074,0.3714427121999506,0.830697050938338,0.6882119205298016
0.6430604982206406,0.41450136104924695,0.19289544235924944,0.2317880794701983
0.6681494661921706,0.4763672358327149,0.5804289544235925,0.39086092715231757
0.32241992882562265,0.5525859935659518,0.43136729222520115,0.5258278145695359
0.836832740213523,0.24152437515466474,0.838739946380697,0.2098013245033119
0.2530249110320284,0.4595397178916123,0.6211796246648795,0.6296688741721859
0.29181494661921703,0.7703538728037636,0.7776139410187668,0.6234437086092717
0.28131672597864765,0.6683989111606046,0.6053619302949063,0.8727152317880789
0.7923487544483986,0.5268497896560262,0.34008042895442364,0.0931125827814574
0.6496441281138788,0.4251422915120031,0.3111260053619304,0.36649006622516556
0.8026690391459074,0.33036377134372685,0.754289544235925,0.1879470198675497
0.4329181494661921,0.3266518188567211,0.7391420911528153,0.48728476821192057
0.755693950177936,0.4095520910665691,0.5351206434316356,0.07920529801324516
0.7806049822064057,0.5055679287305139,0.38163538873994646,0.22092715231788063
0.9231316725978645,0.38010393466963777,0.7631367292225202,0.20596026490066244
0.2800711743772242,0.22667656520663115,0.16742627345844502,0.37483443708609254
0.43932384341637,0.31922791388270255,0.3597855227882038,0.2131125827814575
0.31423487544483986,0.47562484533531446,0.26809651474530843,0.6348344370860923
0.7754448398576511,0.3429844097995556,0.21112600536193032,0.09483443708609318
0.6752669039145908,0.534768621628313,0.48619302949061666,0.2707284768211915
0.5967971530249109,0.3056174214303411,0.41045576407506706,0.27377483443708606
0.27117437722419935,0.5471417965850058,0.8453083109919572,0.7687417218543047
0.5998220640569395,0.3583271467458573,0.7282841823056301,0.2753642384105959
0.8891459074733096,0.22865627319970372,0.5384718498659518,0.1464900662251658
0.24555160142348742,0.5731254639940602,0.7914209115281501,0.6715231788079468
0.6386120996441281,0.4870081662954746,0.8323056300268099,0.28490066225165567
0.34430604982206403,0.6394456817619414,0.3537533512064344,0.6471523178807947
0.3048042704626335,0.40039594159861736,0.8652815013404827,0.8136423841059601
0.3314946619217082,0.6921554070774576,0.9769436997319036,0.6157615894039736
0.2724199288256228,0.4587973273942083,0.500804289544236,0.7803973509933773
0.29679715302491094,0.46523137837169415,0.5270777479892761,0.6010596026490065
0.3377224199288257,0.5407077456075235,0.9014745308310994,0.7046357615894037
0.32544483985765116,0.6315268497896582,0.6273458445040214,0.79748344370861
0.2871886120996441,0.4993813412521675,0.8131367292225202,0.6912582781456953
0.8295373665480427,0.2880475129918345,0.5402144772117963,0.13337748344370848
0.8402135231316724,0.39965355110121337,0.7962466487935658,0.11907284768211923
0.48736654804270463,0.7797574857708511,0.403887399463807,0.4810596026490064
0.6734875444839857,0.4788418708240556,0.7986595174262736,0.2752317880794708
0.9284697508896796,0.43306112348428627,0.5438337801608579,0.1672847682119203
0.9163701067615658,0.24672110863647845,0.6560321715817694,0.22582781456953605
0.29181494661921703,0.7530314278643928,0.5577747989276141,0.5586754966887417
0.28113879003558706,0.7493194753773835,0.8963806970509385,0.6079470198675496
0.2743772241992882,0.7772828507795104,0.6816353887399464,0.5732450331125829
0.2923487544483986,0.54689433308587,0.8343163538873994,0.5512582781456956
0.7788256227758005,0.4065825290769638,0.396916890080429,0.1170860927152324
0.2604982206405694,0.6137094778520193,0.5344504021447722,0.4788079470198676
0.3466192170818506,0.7547636723583295,0.833780160857909,0.621456953642384
0.8809608540925268,0.4278643900024761,0.530697050938338,0.3104635761589405
0.8145907473309607,0.4159861420440514,0.4517426273458445,0.21748344370860906
0.9375444839857651,0.440979955456573,0.5524128686327077,0.1568211920529805
0.7453736654804269,0.6008413758970548,0.622520107238606,0.3070198675496689
0.27419928825622775,0.4013857955951501,0.9390080428954424,0.7962913907284763
0.23487544483985767,0.6503340757238298,0.5970509383378015,0.8723178807947018
0.93576512455516,0.537490720118786,0.6918230563002683,0.22132450331125852
0.3377224199288257,0.6513239297203697,0.5315013404825737,0.6393377483443707
0.6597864768683274,0.4607770353872809,0.6286863270777479,0.26874172185430467
0.30213523131672604,0.6181638208364291,0.859383378016086,0.5898013245033118
0.2645907473309608,0.610739915862414,0.8701072386058981,0.7654304635761591
0.34430604982206403,0.6703786191536771,0.6211796246648795,0.8933774834437083
0.6955516014234876,0.5090324177183874,0.2652815013404826,0.35337748344370823
0.598220640569395,0.43974263796090085,0.7453083109919572,0.31112582781456943
0.5567615658362989,0.6780499876268244,0.7565683646112602,0.47986754966887446
0.2743772241992882,0.7908933432318719,0.6369973190348526,0.5111258278145696
0.6332740213523133,0.5538233110616204,0.6693029490616622,0.38225165562913865
0.5912811387900355,0.5080425637218511,0.5806970509383378,0.40781456953642437
0.8172597864768684,0.3880227666419245,0.21756032171581768,0.13960264900662267
0.731850533807829,0.45063103192279286,0.5841823056300268,0.22675496688741692
0.2784697508896796,0.6738431081415506,0.9210455764075067,0.6961589403973507
0.3048042704626335,0.4187082405345208,0.7152815013404827,0.7747019867549669
0.3396797153024911,0.6941351150705302,0.5363270777479892,0.5271523178807946
0.26085409252669045,0.9497649096758245,0.8044235924932976,0.7479470198675502
0.24822064056939508,0.3947042811185355,0.7203753351206434,0.5623841059602652
0.591814946619217,0.6038109378866636,0.5211796246648794,0.38225165562913865
0.9754448398576513,0.4308339519920814,0.4172922252010724,0.15841059602649032
0.2644128113879003,0.339024993813414,0.8339142091152816,0.7798675496688743
0.5567615658362989,0.6899282355852527,0.4995978552278821,0.4772185430463578
0.351067615658363,0.5181885671863427,0.35790884718498656,0.43562913907284706
0.8375444839857652,0.34471665429349585,0.7951742627345846,0.16794701986754923
0.827224199288256,0.4167285325414518,0.6257372654155495,0.2376158940397346
0.25551601423487535,0.2128186092551374,0.46621983914209125,0.48066225165562937
0.32580071174377223,0.4704281118535043,0.8836461126005364,0.6353642384105962
0.5663701067615657,0.33432318732986843,0.6664879356568365,0.3290066225165562
0.3279359430604982,0.5721356099975274,0.3432975871313673,0.5943046357615893
0.25551601423487535,0.6919079435783253,0.7006702412868633,0.8588079470198675
0.7601423487544482,0.5025983667409086,0.23324396782841833,0.217748344370861
0.33274021352313166,0.6394456817619414,0.6745308310991958,0.6251655629139066
0.2880782918149466,0.3167532788913654,0.4353887399463808,0.7550993377483444
0.8165480427046262,0.17767879237812778,0.5349865951742627,0.15456953642384086
0.3322064056939502,0.3504083147735706,0.7837801608579089,0.6834437086092713
0.9530249110320285,0.4493937144271207,0.6691689008042896,0.19231788079470125
0.7101423487544484,0.5169512496906705,0.5190348525469171,0.330198675496689
0.6681494661921706,0.48106904231626046,0.472117962466488,0.2752317880794708
0.2604982206405694,0.7055184360306868,0.8914209115281502,0.8121854304635763
0.2644128113879003,0.3763919821826285,0.8536193029490617,0.8075496688741728
0.7074733096085409,0.5743627814897323,0.2950402144772118,0.2756291390728478
0.5930604982206406,0.3736698836921555,0.6718498659517429,0.2524503311258277
0.591814946619217,0.5830240039594194,0.595308310991957,0.3344370860927155
0.47153024911032027,0.5451620885919333,0.46139410187667557,0.363443708609271
0.6832740213523131,0.4189557040336567,0.6273458445040214,0.3125827814569542
0.7439501779359431,0.3484286067805016,0.4621983914209115,0.2438410596026488
0.5967971530249109,0.2714674585498642,0.5520107238605898,0.29046357615894003
0.34537366548042703,0.6859688195991112,0.8277479892761395,0.717218543046358
0.8258007117437721,0.330858698341995,0.36461126005361927,0.07152317880794712
0.40355871886120986,0.4236575105171987,0.9995978552278821,0.6009271523178805
0.5976868327402135,0.6327641672853268,0.7414209115281503,0.3501986754966886
0.20106761565836295,0.8465726305369969,0.5971849865951744,0.7790728476821194
0.8258007117437721,0.33679782232120914,0.6280160857908847,0.11019867549668838
0.8145907473309607,0.3919821826280625,0.7215817694369975,0.19642384105960264
0.6211743772241992,0.6382083642662728,0.595308310991957,0.2968211920529802
0.4259786476868327,0.2754268745360058,0.45134048257372655,0.25841059602648997
0.3455516014234875,0.3865379856471165,0.1386058981233244,0.5343046357615897
0.7914590747330962,0.2563721851026983,0.5721179624664878,0.08516556291390742
0.5816725978647687,0.455827765404603,0.8063002680965148,0.2847682119205297
0.4749110320284696,0.49022519178421575,0.6175603217158177,0.5304635761589402
0.4638790035587188,0.35238802276664316,0.7945040214477213,0.28503311258278075
0.22259786476868326,0.6750804256372192,0.7970509383378017,0.5796026490066222
0.736476868327402,0.6228656273199711,0.7323056300268098,0.25761589403973506
0.6211743772241992,0.6265775798069804,0.8577747989276141,0.30529801324503314
0.7788256227758005,0.4179658500371204,0.4471849865951743,0.2031788079470198
0.42437722419928825,0.5124969067062644,0.29584450402144774,0.35456953642384104
0.6496441281138788,0.41474882454837925,0.3923592493297587,0.3083443708609277
0.300355871886121,0.605295718881468,0.5013404825737267,0.6896688741721855
0.2879003558718861,0.534768621628313,0.671045576407507,0.5060927152317882
0.2807829181494662,0.8450878495421925,0.8140750670241288,0.5907284768211918
0.5839857651245551,0.38678544914625235,0.8300268096514747,0.37231788079470185
0.7240213523131672,0.5756000989854009,0.7375335120643431,0.3005298013245028
0.8110320284697509,0.3736698836921555,0.6713136729222522,0.3079470198675498
0.24661921708185053,0.5201682751794117,0.6895442359249331,0.8850331125827813
0.2459074733096085,0.7510517198713202,0.4882037533512064,0.6500662251655625
0.3455516014234875,0.5082900272209869,0.7626005361930297,0.6732450331125825
0.2233096085409252,0.6236080178173751,0.8482573726541556,0.6539072847682119
0.8145907473309607,0.4578074733976756,0.37332439678284185,0.15509933774834472
0.5603202846975089,0.45434298440980214,0.354289544235925,0.29377483443708563
0.736476868327402,0.6142044048502875,0.3624664879356569,0.18039735099337761
0.93576512455516,0.5377381836179183,0.33739946380697056,0.1597350993377482
0.8809608540925268,0.4157386785449191,0.8126005361930297,0.29827814569536404
0.43451957295373667,0.31477357089829283,0.999195710455764,0.4645033112582775
0.2571174377224199,0.6082652808710733,0.8323056300268099,0.8509933774834435
0.2871886120996441,0.49616431576342634,0.8139410187667562,0.6577483443708614
0.8350533807829182,0.3862905221479842,0.49839142091152827,0.15205298013245017
0.4969750889679715,0.6231130908191069,0.8773458445040216,0.5006622516556289
0.702491103202847,0.45063103192279286,0.34624664879356576,0.2956291390728474
0.1925266903914591,0.5478841870824063,0.5243967828418232,0.6941721854304639
0.5781138790035586,0.4662212323682269,0.915951742627346,0.40052980132450333
0.6955516014234876,0.49319475377382105,0.26099195710455775,0.40251655629139016
0.8715302491103202,0.1368473150210363,0.7194369973190351,0.1548344370860928
0.7261565836298932,0.44345459044791014,0.5116621983914209,0.2839735099337748
0.793238434163701,0.43578322197475927,0.7588471849865952,0.30529801324503314
0.7240213523131672,0.5424399901014603,0.6457104557640752,0.4386754966887416
0.3562277580071175,0.5295718881464992,0.5841823056300268,0.5511258278145696
0.3396797153024911,0.7060133630289549,0.5451742627345846,0.5592052980132456
0.4053380782918149,0.5491215045780784,0.5528150134048258,0.371788079470198
0.2934163701067616,0.5911902994308349,0.8400804289544237,0.6153642384105966
0.6024911032028469,0.5021034397426369,0.7710455764075068,0.2972185430463572
0.40160142348754446,0.25340262311309303,0.5560321715817695,0.26847682119205274
0.6012455516014233,0.49344221727295334,0.4121983914209116,0.2798675496688743
0.93576512455516,0.4271219995050757,0.44678284182305633,0.1688741721854301
0.2572953736654804,0.49492699826775777,0.7772117962466489,0.6574834437086086
0.8830960854092526,0.23731749566939087,0.6213136729222519,0.23205298013245024
0.2790035587188612,0.8408809700569151,0.7335120643431636,0.7541721854304635
0.43540925266903907,0.3372927493194773,0.8734584450402145,0.564238410596027
0.3496441281138789,0.4788418708240556,0.6474530831099197,0.44768211920529843
0.5610320284697509,0.49814402375649536,0.5046916890080428,0.266490066225165
0.27526690391459074,0.42489482801286726,0.7501340482573726,0.6712582781456957
0.30213523131672604,0.610739915862414,0.8819034852546916,0.6011920529801325
0.7532028469750888,0.3808463251670382,0.5516085790884717,0.25933774834437084
0.2519572953736655,0.5968819599109132,0.6521447721179625,0.6647682119205296
0.43932384341637,0.3541202672605799,0.9026809651474532,0.3165562913907287
0.23790035587188607,0.1982182628062361,0.7454423592493298,0.6405298013245035
0.8375444839857652,0.3739173471912913,0.8569705093833782,0.24847682119205228
0.6215302491103202,0.6191536748329618,0.3718498659517426,0.32105960264900624
0.41921708185053386,0.44073249195743713,0.34946380697050944,0.3286092715231783
0.2530249110320284,0.4493937144271207,0.6442359249329759,0.7006622516556291
0.8145907473309607,0.461271962385549,0.3088471849865952,0.13059602649006585
0.23701067615658356,0.6117297698589468,0.47882037533512073,0.8226490066225169
0.2480427046263345,0.6458797327394237,0.585254691689008,0.6509933774834442
0.754982206405694,0.448403860430588,0.5474530831099196,0.25973509933774874
0.3279359430604982,0.5753526354862686,0.7706434316353887,0.8609271523178803
0.7074733096085409,0.5602573620390991,0.6475871313672923,0.44675496688741756
0.42028469750889674,0.534026231130909,0.31863270777479896,0.41695364238410626
0.6087188612099644,0.4536005939124017,0.6097855227882039,0.3124503311258282
0.6923487544483985,0.5070527097253184,0.5423592493297587,0.3136423841059601
0.7569395017793595,0.3264043553575888,0.597319034852547,0.3504635761589405
0.8487544483985764,0.430091561494681,0.7946380697050939,0.1651655629139075
0.7046263345195728,0.3318485523385313,0.6678284182305629,0.18490066225165602
0.2603202846975089,0.3513981687701069,0.6526809651474532,0.5698013245033104
0.252135231316726,0.31650581539222955,0.4896782841823057,0.5276821192052985
0.4259786476868327,0.26800296956199077,0.626005361930295,0.25430463576158946
0.9026690391459075,0.36451373422420374,0.6707774798927615,0.15549668874172173
0.28131672597864765,0.6567681267013121,0.5349865951742627,0.7335099337748341
0.7635231316725978,0.3679782232120772,0.569436997319035,0.10609271523178787
0.686476868327402,0.6139569413511552,0.2595174262734585,0.2756291390728478
0.6297153024911032,0.354615194258848,0.5254691689008044,0.25430463576158946
0.8295373665480427,0.32986884434546226,0.9034852546916889,0.1717880794701987
0.25978647686832745,0.813165058153924,0.923324396782842,0.6434437086092712
0.7220640569395017,0.4182133135362527,0.56313672922252,0.3137748344370861
0.2800711743772242,0.22246968572135728,0.35656836461126,0.5033112582781456
0.6734875444839857,0.5171987131898064,0.7616621983914209,0.31894039735099344
0.8633451957295372,0.31452610739916054,0.4305630026809652,0.2072847682119212
0.3603202846975089,0.5001237317495679,0.6719839142091153,0.46172185430463575
0.45231316725978643,0.3865379856471165,0.8308310991957106,0.35456953642384104
0.7699288256227758,0.48527592180153434,0.5564343163538874,0.4398675496688744
0.2818505338078292,0.5728780004949279,0.6408847184986597,0.644370860927153
0.3261565836298932,0.5864884929472929,0.3603217158176944,0.5535099337748344
0.3377224199288257,0.5498638950754788,0.9113941018766756,0.6977483443708605
0.25978647686832745,0.7631774313288808,0.8300268096514747,0.7626490066225164
0.346797153024911,0.5852511754516208,0.672520107238606,0.6525827814569531
0.6953736654804269,0.531304132640436,0.3780160857908847,0.25933774834437084
0.28540925266903905,0.9277406582529117,0.8343163538873994,0.6984105960264904
0.2879003558718861,0.6740905716406829,0.6636729222520108,0.7606622516556287
0.2838078291814947,0.15664439495174776,0.9343163538873995,0.8886092715231788
0.7327402135231317,0.521158129175948,0.7002680965147454,0.37973509933774796
0.8596085409252668,0.31898045038357026,0.7943699731903486,0.17205298013245063
0.6012455516014233,0.536748329621382,0.6651474530831101,0.3104635761589405
0.6229537366548042,0.3400148478099503,0.6918230563002683,0.2401324503311253
0.30106761565836304,0.3875278396436528,0.7522788203753352,0.8541721854304631
0.7891459074733095,0.41994555803019296,0.804289544235925,0.2785430463576164
0.791103202846975,0.42390497401633453,0.3841823056300268,0.24887417218543018
0.7064056939501778,0.5372432566196501,0.5475871313672922,0.3558940397350989
0.7999999999999997,0.4219252660232655,0.36340482573726546,0.11682119205297958
0.25444839857651236,0.711210096510765,0.715549597855228,0.8259602649006625
0.6229537366548042,0.3038851769364008,0.7666219839142092,0.24185430463576107
0.7845195729537365,0.5149715416976015,0.7630026809651476,0.3113907284768205
0.2852313167259787,0.6288047512991852,0.9131367292225203,0.7945695364238414
0.6081850533807828,0.29670873546152166,0.6319034852546919,0.24569536423841054
0.27935943060498225,0.7263053699579345,0.7453083109919572,0.757748344370861
0.44893238434163707,0.6510764662212338,0.9605898123324397,0.6221192052980138
0.43932384341637,0.34397426379609186,0.8162198391420914,0.28529801324503357
0.2800711743772242,0.26379609007671334,0.6884718498659519,0.5849006622516555
0.37366548042704617,0.6686463746597369,0.8518766756032172,0.5339072847682118
0.6537366548042703,0.6654293491709993,0.7789544235924935,0.43695364238410583
0.4320284697508897,0.8035139816877006,0.49611260053619305,0.6341721854304634
0.2622775800711744,0.5345211581291771,0.7546916890080431,0.3406622516556297
0.27935943060498225,0.7042811185350182,0.662466487935657,0.7201324503311257
0.2790035587188612,0.8144023756495926,0.5261394101876677,0.4880794701986755
0.8085409252669037,0.41202672605790625,0.45965147453083116,0.1700662251655629
0.5686832740213522,0.47117050235090474,0.2419571045576408,0.2649006622516552
0.2727758007117437,0.5310566691413037,0.818632707774799,0.7418543046357611
0.8007117437722419,0.34471665429349585,0.5727882037533514,0.1957615894039737
0.1852313167259787,0.6426627072506825,0.5667560321715819,0.8325827814569537
0.8820284697508897,0.5936649344221756,0.6150134048257372,0.3194701986754964
0.3927046263345195,0.4028705765899545,0.2711796246648794,0.2992052980132449
0.8350533807829182,0.3981687701064125,0.2514745308310992,0.15986754966887418
0.26103202846975093,0.6082652808710733,0.8701072386058981,0.7635761589403973
0.8145907473309607,0.4649839148725583,0.6001340482573727,0.19509933774834476
0.286832740213523,0.6213808463251702,0.5821715817694371,0.6561589403973507
0.7330960854092526,0.330858698341995,0.45026809651474536,0.08476821192053041
0.7601423487544482,0.4889878742885436,0.7331099195710458,0.37682119205298026
0.32384341637010683,0.5137342242019329,0.21420911528150138,0.5707284768211922
0.28220640569395017,0.5867359564464252,0.9588471849865954,0.20291390728476788
0.8145907473309607,0.46201435288294945,0.3012064343163539,0.16503311258278153
0.5686832740213522,0.4778520168275193,0.28820375335120646,0.2789403973509934
0.7016014234875446,0.6119772333580826,0.2513404825737266,0.28953642384106004
0.596085409252669,0.5256124721603577,0.5912868632707775,0.3298013245033111
0.42330960854092525,0.6877010640930479,0.6234584450402145,0.555761589403974
0.754982206405694,0.4446919079435787,0.38163538873994646,0.32807947019867534
0.28131672597864765,0.5822816134620155,0.5611260053619305,0.6547019867549668
0.32651245551601427,0.7782727047760467,0.7245308310991958,0.5944370860927153
0.7999999999999997,0.4637465973768897,0.5416890080428955,0.2082119205298012
0.7608540925266903,0.5003711952487038,0.4880697050938338,0.22317880794702027
0.4946619217081849,0.5021034397426369,0.7517426273458445,0.4470198675496686
0.41530249110320283,0.3694630042068816,0.9024128686327078,0.4384105960264906
0.33256227758007106,0.35758475624845687,0.6644772117962467,0.3319205298013248
0.93576512455516,0.6082652808710733,0.6705093833780162,0.18437086092715216
0.3704626334519573,0.4333085869834221,0.948123324396783,0.572847682119205
0.1850533807829181,0.6636971046770626,0.4919571045576408,0.7049006622516556
0.154270462633452,0.6292996782974534,0.49115281501340485,0.65364238410596
0.8083629893238434,0.34471665429349585,0.8056300268096515,0.17973509933774778
0.8597864768683275,0.5459044790893373,0.20563002680965153,0.1328476821192055
0.25355871886120995,0.711210096510765,0.7387399463806972,0.9014569536423842
0.1925266903914591,0.6768126701311559,0.5738605898123326,0.7549668874172184
0.24341637010676154,0.7470923038851787,0.6735924932975872,0.8397350993377488
0.4638790035587188,0.33432318732986843,0.5258713136729223,0.2637086092715233
0.4259786476868327,0.2667656520663222,0.5833780160857909,0.21668874172185415
0.4135231316725979,0.23756495916852316,0.6632707774798929,0.2890066225165562
0.4749110320284696,0.5142291512001975,0.7103217158176944,0.4743046357615892
0.93576512455516,0.5446671615936651,0.6323056300268097,0.19509933774834476
0.8177935943060496,0.36624597871814046,0.2912868632707775,0.18701986754966882
0.8083629893238434,0.2947290274684491,0.5117962466487935,0.06543046357615889
0.8026690391459074,0.33580796832467286,0.7825737265415551,0.17324503311258255
0.22188612099644123,0.33679782232120914,0.8770777479892762,0.6675496688741722
0.48736654804270463,0.7621875773323481,0.5621983914209117,0.5621192052980133
0.3354092526690391,0.7102202425142323,0.8536193029490617,0.6086092715231786
0.27935943060498225,0.703043801039346,0.7044235924932978,0.7503311258278149
0.2829181494661921,0.705765899529819,0.6373994638069707,0.5631788079470192
0.5948398576512456,0.5889631279386336,0.6439678284182306,0.3377483443708611
0.34288256227758007,0.3872803761445205,0.6967828418230564,0.48238410596026515
0.2921708185053381,0.4419698094531057,0.43351206434316353,0.6242384105960266
0.2572953736654804,0.4773570898292512,0.8045576407506703,0.7586754966887419
0.44893238434163707,0.677307597129424,0.829490616621984,0.6592052980132443
0.6229537366548042,0.32021776787923883,0.6296246648793566,0.24079470198675512
0.2964412811387901,0.30883444691908224,0.9004021447721182,0.7603973509933777
0.6181494661921708,0.4486513239297203,0.705495978552279,0.4255629139072843
0.31423487544483986,0.48082157881712817,0.5493297587131369,0.7754966887417218
0.5866548042704626,0.5142291512001975,0.1144772117962467,0.3745695364238415
0.2800711743772242,0.224201930215294,0.48512064343163547,0.5581456953642379
0.6637010676156582,0.3734224201930232,0.2883378016085791,0.24437086092715177
0.8295373665480427,0.31081415491215125,0.7683646112600537,0.07602649006622553
0.42437722419928825,0.5511012125711474,0.5676943699731904,0.4729801324503313
0.4053380782918149,0.5149715416976015,0.489142091152815,0.37430463576158957
0.2450177935943061,0.42811185350161196,0.8252010723860592,0.5679470198675496
0.346797153024911,0.5765899529819372,0.5612600536193031,0.6438410596026491
0.347508896797153,0.4137589705518465,0.35294906166219847,0.29907284768211895
0.6496441281138788,0.4149962880475151,0.3950402144772119,0.32225165562913904
0.6430604982206406,0.40633506557782795,0.5060321715817695,0.22211920529801255
0.7640569395017792,0.5461519425884696,0.15442359249329762,0.22503311258278114
0.31637010676156585,0.4634991338777539,0.7340482573726541,0.8374834437086092
0.8507117437722419,0.4206879485275934,0.33337801608579093,0.1419867549668874
0.4234875444839856,0.2900272209849071,0.16809651474530835,0.23523178807946987
0.2902135231316726,0.49146250927988433,0.3636729222520107,0.5851655629139074
0.8234875444839856,0.30487503093294066,0.6105898123324398,0.15615894039735068
0.3437722419928825,0.742637960900769,0.972117962466488,0.7476821192052974
0.23487544483985767,0.6451373422420232,0.568632707774799,0.8650331125827817
0.347508896797153,0.43528829497649113,0.8178284182305631,0.4847682119205299
0.6220640569395018,0.5696609750061867,0.37278820375335125,0.3486092715231788
0.25978647686832745,0.4642415243751543,0.7403485254691691,0.701456953642384
0.6781138790035587,0.4716654293491729,0.9237265415549598,0.3696688741721852
0.8693950177935942,0.3907448651323939,0.5420911528150134,0.18119205298013252
0.8375444839857652,0.3414996288047547,0.5560321715817695,0.11377483443708591
0.31637010676156585,0.5689185845087863,0.7227882037533513,0.6733774834437085
0.8186832740213522,0.2687453600593912,0.2640750670241287,0.16437086092715258
0.2749110320284698,0.8230635981192798,0.8498659517426275,0.9035761589403979
0.3097864768683274,0.6612224696857218,0.7541554959785524,0.6107284768211922
0.6425266903914589,0.37837169017570105,0.5823056300268097,0.3165562913907287
0.7788256227758005,0.20267260579064938,0.632573726541555,0.08225165562913972
0.30106761565836304,0.3568423657510529,0.7197050938337803,0.6140397350993378
0.7774021352313166,0.1927740658252901,0.17144772117962476,0.06821192052980152
0.9375444839857651,0.43231873298688583,0.44530831099195717,0.14635761589403984
0.2501779359430605,0.7842118287552573,0.7210455764075068,0.8752317880794696
0.42028469750889674,0.5837663944568199,0.8052278820375336,0.45258278145695385
0.3113879003558718,0.49418460777035733,0.848123324396783,0.6845033112582781
0.6128113879003557,0.5879732739420938,0.6351206434316354,0.4358940397350999
0.5816725978647687,0.46523137837169415,0.595308310991957,0.35615894039735085
0.8487544483985764,0.37564959168522805,0.8735924932975874,0.17284768211920554
0.2604982206405694,0.6307844592922542,0.5778820375335121,0.5096688741721858
0.2850533807829182,0.6825043306112377,0.7687667560321716,0.9246357615894034
0.793238434163701,0.45261073991586187,0.7412868632707776,0.26264900662251645
0.31761565836298933,0.4568176194011393,0.5097855227882038,0.24397350993377476
0.642170818505338,0.4508784954219287,0.8876675603217159,0.35403973509933806
0.5149466192170817,0.6164315763424888,0.5749329758713138,0.54794701986755
0.2263345195729537,0.6614699331848577,0.6945040214477214,0.8829139072847685
0.32669039145907464,0.45261073991586187,0.9701072386058984,0.6801324503311257
0.7158362989323844,0.560504825538235,0.6284182305630026,0.35788079470198664
0.8939501779359428,0.6085127443702092,0.39718498659517426,0.25152317880794683
0.2768683274021353,0.7062608265280872,0.9596514745308313,0.6192052980132452
0.6087188612099644,0.45211581291759373,0.6886058981233245,0.34754966887417194
0.6332740213523133,0.5352635486265775,0.32801608579088476,0.3169536423841057
0.0,0.3902499381341258,0.9466487935656838,0.6745695364238413
0.2790035587188612,0.8181143281366019,0.5912868632707775,0.5340397350993378
0.2222419928825623,0.4196980945310571,0.8088471849865952,0.6002649006622516
0.7569395017793595,0.3214550853749074,0.26260053619302953,0.07456953642384079
0.4135231316725979,0.23608017817371874,0.5597855227882038,0.2732450331125822
0.2850533807829182,0.7042811185350182,0.8742627345844505,0.8904635761589406
0.5912811387900355,0.5600098985399669,0.8258713136729223,0.4585430463576161
0.8939501779359428,0.6072754268745371,0.6567024128686327,0.1750993377483443
0.6334519572953737,0.4790893343231879,0.42694369973190344,0.39139072847682144
0.28131672597864765,0.6790398416233643,0.6998659517426273,0.8733774834437087
0.27224199288256223,0.5803019054689464,0.8292225201072387,0.5344370860927157
0.6313167259786477,0.6337540212818631,0.4848525469168901,0.29748344370861
0.2850533807829182,0.7144271219995062,0.429892761394102,0.7101986754966889
0.19074733096085406,0.7280376144518677,0.7768096514745311,0.8776158940397352
0.7736654804270463,0.463994060876022,0.4576407506702414,0.2403973509933781
0.6300711743772242,0.6278148973026489,0.809383378016086,0.2956291390728474
0.38523131672597855,0.5424399901014603,0.4923592493297588,0.4532450331125828
0.5866548042704626,0.5028458302400409,0.5780160857908849,0.33960264900662196
0.4638790035587188,0.3380351398168777,0.7802949061662199,0.28119205298013217
0.7640569395017792,0.5412026726057917,0.28820375335120646,0.11205298013245102
0.596085409252669,0.5436773075971324,0.36447721179624665,0.31231788079470135
0.30355871886121,0.3994060876020811,0.6226541554959786,0.580794701986755
0.7923487544483986,0.558525117545166,0.6845844504021448,0.17682119205298008
0.2501779359430605,0.816629547141801,0.6028150134048258,0.7213245033112585
0.8507117437722419,0.47290274684484146,0.8627345844504022,0.2434437086092709
0.6850533807829181,0.6829992576095059,0.6356568364611261,0.38185430463576164
0.24928825622775797,0.6706260826528094,0.6709115281501341,0.8818543046357616
0.8288256227758005,0.3509032417718423,0.49718498659517424,0.11602649006622467
0.7569395017793595,0.32863152684979013,0.6092493297587132,0.3574834437086096
0.6752669039145908,0.5085374907201228,0.32747989276139416,0.16370860927152364
0.299288256227758,0.5654540955209129,0.7265415549597858,0.6410596026490065
0.2667259786476869,0.46176688938381716,0.7660857908847185,0.774039735099338
0.7855871886120996,0.49517446176689006,0.36233243967828427,0.2003973509933772
0.801423487544484,0.35931700074239004,0.8017426273458446,0.16238410596026487
0.3855871886120996,0.5216530561742161,0.9120643431635389,0.5274172185430457
0.3137010676156584,0.36154417223459845,0.6931635388739947,0.5810596026490069
0.2790035587188612,0.7899034892353392,0.9388739946380698,0.7067549668874173
0.6597864768683274,0.440237564959169,0.6304289544235926,0.24649006622516545
0.27188612099644127,0.6968572135609996,0.9286863270777481,0.8610596026490063
0.686476868327402,0.5201682751794117,0.7501340482573726,0.23933774834437038
0.24555160142348742,0.339024993813414,0.6134048257372653,0.532317880794702
0.7101423487544484,0.5035882207374414,0.439946380697051,0.306754966887417
0.6081850533807828,0.34966592427617016,0.6798927613941019,0.24158940397351003
0.2293594306049822,0.5058153922296498,0.8073726541554962,0.6898013245033106
0.43451957295373667,0.35535758475624846,0.9990616621983917,0.4365562913907288
0.29466192170818506,0.9670873546151952,0.7815013404825739,0.8585430463576156
0.7316725978647688,0.29943083395199466,0.36166219839142094,0.12463576158940448
0.31637010676156585,0.4555803019054707,0.8249329758713138,0.790596026490066
0.6140569395017793,0.6312793862905224,0.4609919571045577,0.3215894039735101
0.8293594306049822,0.39495174461767135,0.7923592493297589,0.24556291390728457
0.2702846975088967,0.24573125463994216,0.6462466487935656,0.5501986754966888
0.7535587188612097,0.3531304132640436,0.44852546916890085,0.3484768211920528
0.642170818505338,0.4048502845830271,0.9785522788203755,0.22238410596026537
0.2879003558718861,0.6473645137342245,0.7400804289544236,0.8573509933774837
0.49003558718861207,0.6226181638208352,0.4466487935656837,0.467682119205298
0.6012455516014233,0.5152190051967374,0.8187667560321716,0.29496688741721844
0.6355871886120995,0.5011135857461042,0.6111260053619305,0.35496688741721893
0.5925266903914589,0.4615194258846813,0.4337801608579089,0.40754966887417154
0.3263345195729538,0.5736203909923319,0.822117962466488,0.6826490066225164
0.2459074733096085,0.7557535263548623,0.7738605898123325,0.7164238410596031
0.6953736654804269,0.49814402375649536,0.519839142091153,0.2649006622516552
0.8820284697508897,0.5233853006681528,0.34450402144772124,0.2719205298013243
0.7772241992882564,0.4154912150457797,0.40817694369973195,0.26794701986754976
0.2715302491103202,0.561247216035639,0.6693029490616622,0.6574834437086086
0.683629893238434,0.5778272704776057,0.7128686327077749,0.44635761589403966
0.2624555160142349,0.7418955704033685,0.708176943699732,0.7307284768211924
0.6012455516014233,0.5063103192279144,0.47117962466487945,0.25682119205298015
0.8565836298932384,0.456570155902007,0.8278820375335121,0.24317880794701985
0.8565836298932384,0.4362781489730274,0.25938337801608574,0.12688741721854235
0.43540925266903907,0.3751546646869599,0.9501340482573728,0.6524503311258272
0.6355871886120995,0.5068052462261825,0.6127345844504022,0.3451655629139072
0.2653024911032029,0.31650581539222955,0.5792225201072385,0.7331125827814571
0.346797153024911,0.528582034149963,0.6172922252010724,0.7492715231788081
0.37366548042704617,0.6632021776787944,0.9419571045576409,0.548609271523179
0.93576512455516,0.4763672358327149,0.6512064343163539,0.15178807947019912
0.7448398576512455,0.53204652313784,0.37211796246648793,0.363046357615894
0.4638790035587188,0.4550853749072026,0.5605898123324398,0.27509933774834394
0.7939501779359431,0.4855233853006702,0.23780160857908844,0.06741721854304661
0.7185053380782916,0.44889878742885614,0.27761394101876685,0.26887417218543064
0.7635231316725978,0.3768869091808966,0.41367292225201074,0.16874172185430503
0.34430604982206403,0.6179163573372932,0.2302949061662199,0.5919205298013246
0.4889679715302492,0.33828260331601,0.3134048257372654,0.3231788079470199
0.8085409252669037,0.4187082405345208,0.7239946380697051,0.14807947019867562
0.7699288256227758,0.5308092056421714,0.26434316353887405,0.3733774834437087
0.18167259786476864,0.807720861172978,0.6926273458445042,0.8931125827814572
0.24768683274021353,0.5627319970304399,0.6934316353887402,0.6756291390728473
0.32384341637010683,0.49814402375649536,0.5469168900804291,0.6977483443708605
0.29679715302491094,0.442959663449642,0.4658176943699733,0.5810596026490069
0.2501779359430605,0.8230635981192798,0.6829758713136731,0.7398675496688742
0.3508896797153024,0.7537738183617932,0.7690348525469171,0.6380132450331129
0.7637010676156583,0.29175946547884024,0.7383378016085791,0.23496688741721883
0.2530249110320284,0.47537738183618217,0.6365951742627345,0.6086092715231786
0.5567615658362989,0.6862162830982435,0.5687667560321716,0.4961589403973514
0.8250889679715302,0.4164810690423195,0.6666219839142093,0.18410596026490111
0.19466192170818497,0.8468200940361292,0.6746648793565684,0.7953642384105963
0.5663701067615657,0.3788666171739692,0.44021447721179624,0.21907284768211888
0.2734875444839857,0.6077703538728052,0.8446380697050939,0.516158940397351
0.5718861209964413,0.5382331106161864,0.7099195710455763,0.4084768211920533
0.7327402135231317,0.4632516703786216,0.3530831099195711,0.24649006622516545
0.4259786476868327,0.2558772581044302,0.6013404825737265,0.30728476821191997
0.6781138790035587,0.46721108636476316,0.5450402144772117,0.33430463576158953
0.6537366548042703,0.672605790645882,0.6432975871313673,0.3997350993377484
0.26174377224199286,0.6540460282108427,0.5443699731903486,0.9882119205298014
0.2850533807829182,0.6933927245731262,0.8130026809651474,0.9347019867549671
0.22135231316725967,0.6978470675575394,0.5959785522788204,0.8701986754966882
0.5660142348754448,0.43974263796090085,0.6359249329758714,0.27629139072847675
0.34288256227758007,0.27468448403860535,0.8131367292225202,0.5217218543046354
0.34537366548042703,0.6263301163078481,0.7243967828418232,0.6700662251655629
0.38523131672597855,0.5389755011135868,0.48672922252010725,0.4246357615894034
0.21850533807829187,0.5365008661222497,0.830697050938338,0.5655629139072849
0.5880782918149464,0.5147240781984692,0.8680965147453084,0.33337748344370866
0.8793594306049822,0.40979955456570494,0.4046916890080429,0.21867549668874187
0.6313167259786477,0.6231130908191069,0.6449061662198392,0.31430463576158907
0.8830960854092526,0.2731997030438009,0.4387399463806971,0.15999999999999925
0.42437722419928825,0.47414006434051004,0.45415549597855226,0.4614569536423847
0.7046263345195728,0.31254639940608797,0.46058981233243973,0.169271523178808
0.6953736654804269,0.5283345706508307,0.3420911528150134,0.2368211920529797
0.2724199288256228,0.6701311556545448,0.5849865951742628,0.9137748344370857
0.6177935943060496,0.6226181638208352,0.5571045576407507,0.42701986754966903
0.2523131672597865,0.36723583271467675,0.6333780160857909,0.6078145695364237
0.3279359430604982,0.5810442959663469,0.671045576407507,0.6602649006622521
0.41690391459074727,0.5978718139074495,0.5939678284182306,0.6091390728476824
0.28131672597864765,0.5154664686958697,0.6709115281501341,0.766092715231788
0.3314946619217082,0.7307597129423407,0.7754691689008044,0.5592052980132456
0.7138790035587189,0.6020786933927269,0.6025469168900806,0.34092715231788073
0.836832740213523,0.2046523137837184,0.8427613941018768,0.18900662251655564
0.25551601423487535,0.2491957436278156,0.6294906166219838,0.5283443708609266
0.6494661921708184,0.4865132392972029,0.6525469168900804,0.26423841059602626
0.5603202846975089,0.48527592180153434,0.5156836461126006,0.26185430463576154
0.4544483985765124,0.4842860678050016,0.7894101876675605,0.5618543046357614
0.29288256227758,0.9997525365008677,0.6828418230563005,0.7923178807947018
0.2702846975088967,0.594407324919576,0.9987935656836462,0.6912582781456953
0.8548042704626334,0.46003464488988044,0.36568364611260057,0.2789403973509934
0.6012455516014233,0.4909675822816162,0.7869973190348527,0.3825165562913906
0.848220640569395,0.5097748082157914,0.2226541554959786,0.25218543046357667
0.2743772241992882,0.7901509527344714,0.9443699731903488,0.6590728476821193
0.40391459074733094,0.4882454837911432,0.6789544235924934,0.4105960264900661
0.8402135231316724,0.33951992081168214,0.47238605898123326,0.09695364238410598
0.26174377224199286,0.5278396436525625,0.4005361930294907,0.9729801324503313
0.286832740213523,0.3986636971046771,0.8290884718498661,0.5308609271523173
0.2663701067615658,0.3073496659242778,0.8024128686327079,0.5275496688741717
0.8809608540925268,0.4196980945310571,0.4953083109919571,0.201986754966887
0.7695729537366548,0.4513734224201933,0.9495978552278823,0.3770860927152322
0.8341637010676154,0.44221727295224156,0.8589812332439679,0.15947019867549717
0.28540925266903905,0.6518188567186378,0.6528150134048258,0.6924503311258281
0.5663701067615657,0.3736698836921555,0.5675603217158178,0.22158940397351046
0.9218861209964412,0.40781984657263237,0.7500000000000002,0.24980132450331105
0.3480427046263346,0.77654046028211,0.7855227882037534,0.5544370860927152
0.6797153024911032,0.5006186587478361,0.47506702412868634,0.29788079470198703
0.28238434163701065,0.14600346448898804,0.5747989276139411,0.540662251655629
0.7309608540925266,0.45335313041326586,0.375201072386059,0.08715231788079425
0.3508896797153024,0.7748082157881733,0.7367292225201072,0.5992052980132447
0.8508896797153026,0.4857708487998025,0.6097855227882039,0.09072847682119178
0.2293594306049822,0.48948280128681176,0.75201072386059,0.6635761589403977
0.5843416370106761,0.6572630536995838,0.7630026809651476,0.5072847682119201
0.5610320284697509,0.5105171987131918,0.829490616621984,0.4272847682119201
0.6215302491103202,0.6260826528087122,0.5626005361930295,0.35615894039735085
0.6430604982206406,0.40237564959168637,0.5758713136729223,0.2768211920529806
0.24110320284697506,0.5513486760702797,0.48512064343163547,0.6438410596026491
0.5895017793594305,0.4466716159366513,0.6319034852546919,0.3724503311258278
0.5925266903914589,0.46572630536995874,0.5202412868632709,0.4225165562913906
0.3930604982206406,0.36154417223459845,0.6789544235924934,0.38516556291390724
0.33096085409252674,0.4828012868101972,0.700402144772118,0.5876821192052981
0.7161921708185052,0.5424399901014603,0.5993297587131368,0.363046357615894
0.8774021352313167,0.5652066320217806,0.6938337801608578,0.20715231788079436
0.8375444839857652,0.3731749566938909,0.7882037533512065,0.22026490066225168
0.7914590747330962,0.2529076961148249,0.6020107238605898,0.11139072847682119
0.7677935943060498,0.3556050482553843,0.5046916890080428,0.1564238410596026
0.8250889679715302,0.42118287552586153,0.7237265415549599,0.19086092715231828
0.2850533807829182,0.7193763919821841,0.6254691689008043,0.8731125827814568
0.4596085409252668,0.3986636971046771,0.8878016085790887,0.3323178807947018
0.38523131672597855,0.5513486760702797,0.581769436997319,0.4581456953642391
0.6081850533807828,0.2761692650334062,0.7524128686327078,0.24900662251655614
0.3354092526690391,0.7352140559267539,0.7774798927613942,0.6362913907284771
0.6953736654804269,0.5233853006681528,0.3162198391420911,0.2296688741721855
0.7855871886120996,0.4917099727790166,0.26099195710455775,0.21245033112582767
0.7772241992882564,0.4157386785449191,0.5124664879356569,0.30437086092715226
0.6024911032028469,0.5038356842365772,0.47774798927613954,0.282384105960265
0.2879003558718861,0.6750804256372192,0.6079088471849865,0.7480794701986753
0.2838078291814947,0.20984904726552855,0.8525469168900806,0.8654304635761596
0.8258007117437721,0.33160108883939543,0.3083109919571046,0.14317880794701932
0.827224199288256,0.3932195001237311,0.7683646112600537,0.10026490066225158
0.26174377224199286,0.5030932937391768,0.5017426273458445,0.9855629139072848
0.2069395017793595,0.35708982925018873,0.8750670241286864,0.6353642384105962
0.5660142348754448,0.44518683494184685,0.6355227882037533,0.3410596026490067
0.93576512455516,0.40509774808215937,0.7693029490616623,0.17403973509933746
0.5610320284697509,0.53204652313784,0.7840482573726542,0.3258278145695366
0.5185053380782918,0.5600098985399669,0.5571045576407507,0.4160264900662254
0.598220640569395,0.39990101460034566,0.9222520107238608,0.37152317880794694
0.24928825622775797,0.6604800791883214,0.6093833780160858,0.8998675496688744
0.5064056939501779,0.5919326899282353,0.49276139410187675,0.5957615894039732
0.3097864768683274,0.6112348428606822,0.7243967828418232,0.5829139072847678
0.7327402135231317,0.2566196486018306,0.3812332439678285,0.1254304635761594
0.2861209964412811,0.5976243504083172,0.6907506702412871,0.781986754966888
0.32544483985765116,0.6399406087602095,0.454289544235925,0.7886092715231792
0.19466192170818497,0.8606780499876301,0.6392761394101878,0.7849006622516557
0.28861209964412804,0.6038109378866636,0.8678284182305631,0.589536423841059
0.3279359430604982,0.5634743875278403,0.24959785522788208,0.5303311258278143
0.6023131672597865,0.6174214303390286,0.8579088471849867,0.4052980132450337
0.7629893238434161,0.40633506557782795,0.5160857908847185,0.09430463576158932
0.8295373665480427,0.31749566938876583,0.8121983914209117,0.09788079470198685
0.31637010676156585,0.49146250927988433,0.25000000000000006,0.5866225165562913
0.3377224199288257,0.5607522890373673,0.8687667560321717,0.7121854304635757
0.7939501779359431,0.5058153922296498,0.4898123324396783,0.15880794701986733
0.5663701067615657,0.3568423657510529,0.7524128686327078,0.34701986754966896
0.8172597864768684,0.3818361791635745,0.41487935656836467,0.19443708609271493
0.42028469750889674,0.5666914130165814,0.7723860589812335,0.4523178807947019
0.7161921708185052,0.544914625092801,0.7809651474530832,0.39019867549668863
0.26405693950177944,0.5023509032417763,0.8652815013404827,0.6189403973509933
0.9026690391459075,0.35906953724325774,0.6407506702412868,0.15139072847682122
0.7845195729537365,0.5194258846820112,0.39986595174262735,0.2037086092715228
0.6690391459074733,0.6792873051224966,0.783378016085791,0.4214569536423838
0.5992882562277578,0.4855233853006702,0.80201072386059,0.3796026490066229
0.9163701067615658,0.2576095025983669,0.7229222520107239,0.2197350993377487
0.7316725978647688,0.26924028705765934,0.6120643431635389,0.20264900662251684
0.7999999999999997,0.3677307597129449,0.3609919571045577,0.1303311258278148
0.7569395017793595,0.3177431328879017,0.42533512064343165,0.2776158940397355
0.7921708185053379,0.35337787676317944,0.7332439678284184,0.30437086092715226
0.23594306049822056,0.6013363028953265,0.6041554959785522,0.5614569536423835
0.4412811387900355,0.2803761445186872,0.667024128686327,0.30158940397350964
0.2715302491103202,0.5624845335313076,0.8159517426273459,0.741192052980133
0.34430604982206403,0.5751051719871327,0.0674262734584451,0.5660927152317878
0.8071174377224198,0.4362781489730274,0.7694369973190349,0.2996026490066228
0.7612099644128113,0.3177431328879017,0.3375335120643432,0.23271523178807918
0.45231316725978643,0.39495174461767135,0.9036193029490618,0.3455629139072851
0.3704626334519573,0.6156891858450884,0.8347184986595175,0.5932450331125825
0.2749110320284698,0.8101954961643187,0.5691689008042895,0.7377483443708606
0.7886120996441283,0.48775055679287505,0.3552278820375336,0.2743046357615899
0.6565836298932383,0.4481563969314557,0.6176943699731905,0.19562913907284685
0.5948398576512456,0.4308339519920814,0.8398123324396782,0.3610596026490063
0.2645907473309608,0.6154417223459561,0.7490616621983914,0.7239735099337752
0.2829181494661921,0.7245731254639942,0.7269436997319036,0.6060927152317879
0.8713523131672597,0.46721108636476316,0.6404825737265416,0.0823841059602648
0.23790035587188607,0.23731749566939087,0.688337801608579,0.6141721854304638
0.28451957295373664,0.19970304380104054,0.7242627345844506,0.5556291390728472
0.40160142348754446,0.24300915614946916,0.45415549597855226,0.2317880794701983
0.6923487544483985,0.5045780747339776,0.486461126005362,0.3245033112582778
0.5567615658362989,0.6916604800791895,0.7695710455764075,0.5006622516556289
0.3352313167259787,0.6446424152437551,0.5097855227882038,0.5038410596026495
0.35854092526690384,0.5609997525364996,0.5946380697050939,0.6345695364238413
0.8145907473309607,0.66171739668399,0.6639410187667563,0.5817218543046359
0.9218861209964412,0.3914872556297979,0.8718498659517426,0.1581456953642384
0.3480427046263346,0.7599604058401397,0.8014745308310993,0.6284768211920531
0.3476868327402135,0.7171492204899792,0.7820375335120646,0.6414569536423844
0.2160142348754448,0.5317990596387041,0.5923592493297587,0.6972185430463576
0.596085409252669,0.5708982925018589,0.8343163538873994,0.4362913907284769
0.45231316725978643,0.39495174461767135,0.7467828418230564,0.3920529801324504
0.8071174377224198,0.4177183865379881,0.5671581769436997,0.28662251655629145
0.33274021352313166,0.594407324919576,0.6628686327077751,0.42940397350993376
0.8809608540925268,0.42390497401633453,0.5479892761394103,0.1994701986754963
0.25444839857651236,0.651571393219502,0.6671581769436998,0.8198675496688743
0.4167259786476868,0.6174214303390286,0.6762734584450403,0.3476821192052979
0.6215302491103202,0.6102449888641424,0.34396782841823054,0.3113907284768205
0.8177935943060496,0.3637713437268033,0.7300268096514746,0.17086092715231782
0.24555160142348742,0.5852511754516208,0.8242627345844504,0.79841059602649
0.31637010676156585,0.4714179658500406,0.7171581769436999,0.8009271523178807
0.6062277580071175,0.40237564959168637,0.4388739946380697,0.2945695364238414
0.4053380782918149,0.6082652808710733,0.7491957104557643,0.6254304635761594
0.4329181494661921,0.4622618163820853,0.5827077747989278,0.46503311258278135
0.42953736654804264,0.5261073991586258,0.5512064343163541,0.4527152317880798
0.3496441281138789,0.5110121257114599,0.8461126005361932,0.5480794701986751
0.45017793594306044,0.5317990596387041,0.757774798927614,0.4573509933774833
0.22597864768683273,0.6886909180895842,0.7762734584450404,0.838145695364239
0.7772241992882564,0.41351150705271067,0.44463806970509384,0.21801324503311292
0.7322064056939502,0.5642167780252443,0.16541554959785526,0.16715231788079432
0.7583629893238434,0.32467211086364856,0.568632707774799,0.19059602649006546
0.8375444839857652,0.37441227418955947,0.8155495978552281,0.2164238410596031
0.5934163701067615,0.41722345953971995,0.6819034852546919,0.3055629139072842
0.7999999999999997,0.4761197723335826,0.7142091152815015,0.19046357615894038
0.32669039145907464,0.38975501113585764,0.6513404825737266,0.4339072847682113
0.290035587188612,0.47117050235090474,0.40093833780160865,0.6109933774834433
0.6355871886120995,0.5167037861915382,0.5908847184986596,0.3749668874172185
0.8083629893238434,0.31650581539222955,0.9164879356568367,0.18821192052980162
0.2540925266903915,0.43256619648601813,0.7564343163538874,0.6034437086092712
0.4749110320284696,0.5023509032417763,0.6676943699731905,0.5672847682119198
0.6064056939501777,0.5001237317495679,0.7932975871313672,0.35086092715231754
0.7101423487544484,0.5040831477357095,0.39932975871313675,0.2619867549668875
0.6713523131672597,0.651571393219502,0.7324396782841824,0.4317880794701985
0.19466192170818497,0.5847562484533526,0.5836461126005361,0.8366887417218543
0.4329181494661921,0.49492699826775777,0.6698391420911529,0.4680794701986759
0.23380782918149468,0.49344221727295334,0.9131367292225203,0.9358940397350999
0.28451957295373664,0.3019054689433318,0.9341823056300269,0.612450331125828
0.2715302491103202,0.5795595149715425,0.7955764075067024,0.8064900662251651
0.9231316725978645,0.37441227418955947,0.5667560321715819,0.19894039735099334
0.8341637010676154,0.4587973273942083,0.6506702412868632,0.19629139072847668
0.8341637010676154,0.45186834941846143,0.9422252010723862,0.22715231788079482
0.6140569395017793,0.6441474882454834,0.6323056300268097,0.33218543046357585
0.28131672597864765,0.5926750804256393,0.634584450402145,0.6450331125827811
0.4754448398576512,0.34669636228656486,0.9990616621983917,0.43774834437086074
0.2624555160142349,0.820588963127939,0.6529490616621985,0.6682119205298012
0.3396797153024911,0.7052709725315545,0.789946380697051,0.6127152317880791
0.8007117437722419,0.33655035882207684,0.46796246648793566,0.23695364238410566
0.6902135231316727,0.6946300420687983,0.4631367292225202,0.35907284768211944
0.7898576512455516,0.4243999010146027,0.8887399463806971,0.23324503311258304
0.8007117437722419,0.31922791388270255,0.6993297587131369,0.22198675496688747
0.6081850533807828,0.2830982430091602,0.639544235924933,0.2392052980132453
0.4167259786476868,0.6238554813165074,0.6454423592493297,0.2909933774834439
0.9039145907473308,0.3293739173471941,0.67828418230563,0.22794701986754973
0.2790035587188612,0.8448403860430602,0.7742627345844504,0.7459602649006616
0.8774021352313167,0.5778272704776057,0.0,0.07046357615894028
0.3476868327402135,0.38678544914625235,0.6585790884718499,0.5193377483443715
0.6720640569395017,0.5070527097253184,0.6718498659517429,0.2458278145695365
0.8693950177935942,0.36030685473892987,0.5903485254691689,0.1891390728476825
0.3377224199288257,0.6330116307844627,0.7458445040214479,0.7038410596026488
0.8809608540925268,0.4278643900024761,0.6056300268096515,0.28701986754966935
0.32580071174377223,0.5221479831724842,0.876005361930295,0.701986754966887
0.7608540925266903,0.48106904231626046,0.7281501340482575,0.3562913907284768
0.22508896797153022,0.7250680524622659,0.6089812332439679,0.5600000000000005
0.2263345195729537,0.6582529076961166,0.5627345844504024,0.7713907284768213
0.8514234875444838,0.22321207621875772,0.9144772117962467,0.1560264900662256
0.8007117437722419,0.3380351398168777,0.46058981233243973,0.24966887417218597
0.4596085409252668,0.4157386785449191,0.607372654155496,0.29986754966887386
0.9676156583629892,0.35511012125711616,0.4785522788203754,0.22980132450331148
0.30177935943060497,0.6191536748329618,0.820911528150134,0.8426490066225165
0.8402135231316724,0.40460282108389123,0.8672922252010726,0.12357615894039675
0.4209964412811388,0.40806731007176467,0.9025469168900806,0.3492715231788077
0.7736654804270463,0.4474140064340517,0.39919571045576413,0.23907284768211934
0.2902135231316726,0.4993813412521675,0.5183646112600537,0.5119205298013245
0.3496441281138789,0.5268497896560262,0.4183646112600537,0.4154966887417215
0.42437722419928825,0.5513486760702797,0.6815013404825738,0.572317880794702
0.2829181494661921,0.6842365751051744,0.8821715817694371,0.7438410596026488
0.253914590747331,0.3266518188567211,0.8627345844504022,0.5919205298013246
0.3649466192170818,0.3489235337787697,0.9506702412868635,0.7463576158940395
0.25444839857651236,0.552338530066816,0.8408847184986596,0.8104635761589405
0.2850533807829182,0.6899282355852527,0.8104557640750671,0.9419867549668872
0.19359430604982208,0.5028458302400409,0.8741286863270779,0.7633112582781454
0.6496441281138788,0.38975501113585764,0.5458445040214477,0.434966887417219
0.2871886120996441,0.5102697352140559,0.8064343163538874,0.6513907284768212
0.3704626334519573,0.6062855728780008,0.8274798927613942,0.5774834437086094
0.7384341637010675,0.45533283840633487,0.7093833780160859,0.4305960264900657
0.4329181494661921,0.3684731502103453,0.6361930294906166,0.45059602649006614
0.641459074733096,0.47018064835436846,0.40321715817694376,0.4242384105960264
0.8551601423487544,0.45483791140806673,0.36501340482573724,0.3353642384105955
0.5967971530249109,0.2620638455827766,0.34611260053619314,0.23245033112582814
0.7535587188612097,0.2709725315515996,0.8588471849865953,0.2913907284768209
0.32651245551601427,0.7807473397673874,0.8058981233243969,0.6463576158940398
0.26085409252669045,0.9574362781489718,0.611662198391421,0.7837086092715229
0.2921708185053381,0.49690670626083033,0.5258713136729223,0.669933774834437
0.6010676156583629,0.5723830734966597,0.5768096514745309,0.3782781456953641
0.25355871886120995,0.6384558277654087,0.5882037533512066,0.6215894039735099
0.4804270462633451,0.5199208116802794,0.4565683646112601,0.443708609271523
0.5567615658362989,0.6911655530809249,0.7584450402144773,0.4694039735099338
0.26085409252669045,0.9450631031922789,0.6595174262734587,0.7047682119205305
0.28131672597864765,0.6683989111606046,0.6053619302949063,0.8727152317880789
0.30177935943060497,0.5622370700321717,0.6875335120643431,0.5545695364238412
0.24857651245551593,0.4390002474635004,0.9209115281501343,0.9230463576158936
0.34733096085409254,0.6104924523632782,0.9071045576407508,0.7471523178807953
0.2879003558718861,0.5392229646127191,0.7257372654155498,0.5468874172185432
0.3649466192170818,0.3677307597129449,0.44410187667560325,0.3349668874172185
0.3704626334519573,0.4481563969314557,0.969034852546917,0.5074172185430461
0.347508896797153,0.3981687701064125,0.307774798927614,0.3245033112582778
0.6987544483985765,0.6916604800791895,0.5809651474530833,0.3986754966887416
0.7855871886120996,0.4221727295223978,0.1833780160857909,0.1299337748344369
0.20106761565836295,0.8391487255629784,0.7882037533512065,0.7962913907284763
0.6087188612099644,0.4501361049245247,0.4876675603217158,0.22066225165562958
0.736476868327402,0.6179163573372932,0.7166219839142092,0.177615894039735
0.23790035587188607,0.32170254887404326,0.8506702412868634,0.7035761589403968
0.658896797153025,0.36995793120514975,0.848123324396783,0.4309933774834436
0.35854092526690384,0.5840138579559522,0.719034852546917,0.6741721854304643
0.9284697508896796,0.38208364266271033,0.7823056300268099,0.24185430463576107
0.23487544483985767,0.5926750804256393,0.48941018766756034,0.8279470198675494
0.3480427046263346,0.7607027963375401,0.8502680965147453,0.7209271523178806
0.7891459074733095,0.4011383320960178,0.354691689008043,0.20649006622516541
0.1749110320284697,0.6270725068052485,0.9278820375335122,0.9152317880794705
0.8085409252669037,0.4345459044790907,0.7018766756032173,0.20834437086092716
0.8224199288256228,0.4214303390249938,0.3115281501340483,0.15695364238410647
0.24928825622775797,0.6792873051224966,0.7018766756032173,0.8994701986754965
0.6998220640569394,0.36327641672853517,0.6941018766756033,0.39721854304635773
0.7973309608540925,0.16109873793615392,0.46085790884718497,0.1564238410596026
0.25871886120996435,0.36030685473892987,0.8774798927613943,0.8943046357615891
0.8891459074733096,0.2333580796832493,0.518632707774799,0.17364238410596045
0.28238434163701065,0.005444196980946003,0.4923592493297588,0.49364238410595984
0.2540925266903915,0.442959663449642,0.585254691689008,0.7638410596026493
0.22508896797153022,0.7461024498886424,0.5353887399463808,0.5284768211920534
0.2603202846975089,0.3511507052709746,0.6532171581769439,0.5638410596026491
0.7999999999999997,0.4578074733976756,0.8475871313672925,0.26927152317880765
0.7788256227758005,0.44493937144271456,0.8835120643431635,0.23602649006622478
0.658896797153025,0.37738183617916476,0.6486595174262735,0.22715231788079482
0.7466192170818503,0.5169512496906705,0.12037533512064347,0.22119205298013256
0.3562277580071175,0.5498638950754788,0.7387399463806972,0.5182781456953638
0.8145907473309607,0.40806731007176467,0.5223860589812332,0.24662251655629142
0.3354092526690391,0.684731502103439,0.7595174262734585,0.5543046357615893
0.3704626334519573,0.5780747339767416,0.8487935656836461,0.5593377483443707
0.2850533807829182,0.7196238554813199,0.5316353887399463,0.8099337748344375
0.3466192170818506,0.7599604058401397,0.918230563002681,0.6147019867549668
0.8793594306049822,0.4196980945310571,0.7789544235924935,0.23311258278145708
0.8597864768683275,0.5268497896560262,0.830697050938338,0.12688741721854235
0.6537366548042703,0.6661717396683997,0.7652815013404828,0.44092715231788127
0.28540925266903905,0.879237812422673,0.7957104557640753,0.7817218543046351
0.2923487544483986,0.4382578569661,0.7812332439678287,0.48821192052980145
0.3930604982206406,0.37564959168522805,0.46729222520107244,0.34913907284768175
0.791103202846975,0.4088097005691651,0.33887399463806983,0.22781456953642376
0.6713523131672597,0.6842365751051744,0.9439678284182307,0.35086092715231754
0.30391459074733085,0.5023509032417763,0.4432975871313674,0.5231788079470201
0.7601423487544482,0.4909675822816162,0.5319034852546916,0.2658278145695361
0.2603202846975089,0.4159861420440514,0.9076407506702413,0.6993377483443712
0.27330960854092523,0.748082157881715,0.5697050938337802,0.8055629139072842
0.48736654804270463,0.7282850779510035,0.6680965147453084,0.6711258278145698
0.7999999999999997,0.46993318485523616,0.8095174262734586,0.2507284768211919
0.7677935943060498,0.3739173471912913,0.6138069705093834,0.13019867549668795
0.3649466192170818,0.3835684236575112,0.912466487935657,0.4711258278145696
0.4946619217081849,0.5008661222469684,0.7680965147453085,0.4925827814569539
0.31619217081850537,0.6627072506805263,0.8014745308310993,0.8498013245033116
0.7309608540925266,0.3964365256124722,0.5174262734584449,0.13046357615894077
0.7736654804270463,0.456570155902007,0.3449061662198392,0.25761589403973506
0.2540925266903915,0.4258846820094071,0.9080428954423594,0.6811920529801325
0.7535587188612097,0.2823558525117562,0.8583109919571048,0.3903311258278146
0.4441281138790035,0.38480574115318333,0.8233243967828421,0.3262251655629136
0.7788256227758005,0.4068299925760961,0.37989276139410194,0.07258278145695396
0.3048042704626335,0.44246473645137385,0.8461126005361932,0.8376158940397351
0.8613879003558716,0.20564216778025468,0.8655495978552279,0.14543046357615896
0.6334519572953737,0.47414006434051004,0.4183646112600537,0.36649006622516556
0.6955516014234876,0.49814402375649536,0.22493297587131372,0.40503311258278085
0.7601423487544482,0.4884929472902755,0.6006702412868634,0.28410596026490076
0.2702846975088967,0.36203909923286304,0.919436997319035,0.6876821192052978
0.40391459074733094,0.4956693887651582,0.4620643431635389,0.36198675496688715
0.6709964412811388,0.4659737688690946,0.6735924932975872,0.3174834437086096
0.7836298932384341,0.2526602326156926,0.4202412868632707,0.13721854304635794
0.4638790035587188,0.36030685473892987,0.8465147453083111,0.34834437086092684
0.7788256227758005,0.19500123731749497,0.4470509383378016,0.06529801324503293
0.45231316725978643,0.3900024746349935,0.4400804289544236,0.35576158940397384
0.299288256227758,0.5446671615936651,0.9398123324396783,0.6459602649006619
0.30106761565836304,0.3853006681514515,0.787265415549598,0.854569536423841
0.2818505338078292,0.5738678544914642,0.7006702412868633,0.6396026490066227
0.37099644128113873,0.5115070527097245,0.8312332439678285,0.48357615894039707
0.6389679715302491,0.6486018312298967,0.6592493297587132,0.11139072847682119
0.2923487544483986,0.37564959168522805,0.7742627345844504,0.499602649006623
0.596085409252669,0.5525859935659518,0.4687667560321716,0.3382781456953641
0.5686832740213522,0.48478099480326975,0.2624664879356569,0.2964238410596023
0.8007117437722419,0.33828260331601,0.6749329758713136,0.21470198675496732
0.6526690391459075,0.4345459044790907,0.16689008042895442,0.38927152317880775
0.6902135231316727,0.7018064835436775,0.4935656836461127,0.44887417218543035
0.2624555160142349,0.7654046028210857,0.6680965147453084,0.7251655629139071
0.683629893238434,0.584261321455088,0.3061662198391421,0.34834437086092684
0.32117437722419917,0.5738678544914642,0.49209115281501353,0.6258278145695364
0.8487544483985764,0.4142538975501111,0.8411528150134049,0.2362913907284767
0.5256227758007117,0.586983419945561,0.47882037533512073,0.4557615894039735
0.2861209964412811,0.5488740410789426,0.809383378016086,0.814437086092715
0.2861209964412811,0.552338530066816,0.8238605898123326,0.8076821192052979
0.27330960854092523,0.7396683989111601,0.7390080428954424,0.8324503311258278
0.6884341637010675,0.45607522890373886,0.4769436997319035,0.26966887417218555
0.26263345195729526,0.5105171987131918,0.7505361930294907,0.476026490066225
0.5843416370106761,0.6297946052957215,0.6323056300268097,0.3696688741721852
0.19466192170818497,0.5506062855728793,0.4443699731903486,0.7565562913907282
0.290035587188612,0.49492699826775777,0.49396782841823056,0.6173509933774834
0.5843416370106761,0.5909428359317026,0.40643431635388744,0.3525827814569533
0.5967971530249109,0.26924028705765934,0.35898123324396797,0.2553642384105963
0.31637010676156585,0.6629547141796586,0.9840482573726543,0.6157615894039736
0.7046263345195728,0.23880227666419174,0.1839142091152815,0.16370860927152364
0.6176156583629894,0.5671863400148496,0.603083109919571,0.451523178807947
0.5839857651245551,0.36476119772333604,0.9769436997319036,0.35496688741721893
0.8293594306049822,0.39222964612719835,0.7647453083109921,0.20662251655629138
0.40355871886120986,0.49764909675823077,0.9995978552278821,0.5872847682119211
0.154270462633452,0.6325167037861945,0.5388739946380698,0.6471523178807947
0.7466192170818503,0.5097748082157914,0.7418230563002683,0.2814569536423841
0.30391459074733085,0.4889878742885436,0.820911528150134,0.6752317880794703
0.7788256227758005,0.230388517693644,0.8160857908847186,0.14927152317880754
0.8295373665480427,0.3236822568671158,0.9320375335120645,0.1772185430463571
0.3496441281138789,0.529324424647367,0.5676943699731904,0.5325827814569539
0.23274021352313157,0.5758475624845332,0.828686327077748,0.895496688741722
0.8475088967971528,0.3595644642415259,0.5671581769436997,0.15549668874172173
0.2818505338078292,0.5718881464983916,0.6769436997319036,0.6320529801324506
0.7601423487544482,0.45162088591932914,0.4050938337801609,0.12013245033112518
0.27330960854092523,0.7317495669388805,0.7990616621983915,0.8851655629139072
0.2572953736654804,0.5023509032417763,0.8805630026809652,0.8295364238410592
0.34288256227758007,0.4001484780994815,0.7934316353887401,0.48291390728476813
0.6425266903914589,0.40336550358822265,0.49557640750670245,0.2943046357615895
0.30391459074733085,0.5350160851274453,0.9915549597855229,0.6500662251655625
0.4544483985765124,0.4805741153179923,0.7652815013404828,0.5698013245033104
0.30106761565836304,0.3731749566938909,0.3320375335120644,0.556291390728477
0.37099644128113873,0.5209106656768157,0.766353887399464,0.44768211920529843
0.7064056939501778,0.5120019797079962,0.3640750670241287,0.2736423841059601
0.3496441281138789,0.5241276911655568,0.6895442359249331,0.5871523178807943
0.34288256227758007,0.687453600593912,0.8650134048257374,0.7023841059602649
0.29145907473309607,0.7339767384310818,0.8737265415549598,0.8380132450331121
0.6062277580071175,0.4310814154912137,0.6247989276139412,0.2868874172185434
0.7699288256227758,0.5021034397426369,0.33525469168900807,0.35814569536423857
0.3437722419928825,0.6391982182628091,0.7777479892761394,0.5598675496688736
0.2293594306049822,0.4912150457807485,0.7684986595174264,0.652980132450331
0.3704626334519573,0.4382578569661,0.9400804289544236,0.6005298013245035
0.8288256227758005,0.34446919079435645,0.8583109919571048,0.23456953642384182
0.3930604982206406,0.3711952487008183,0.42198391420911535,0.32132450331125817
0.2604982206405694,0.6451373422420232,0.7399463806970512,0.7668874172185429
0.3279359430604982,0.5694135115070544,0.5702412868632707,0.5784105960264903
0.28113879003558706,0.6829992576095059,0.6639410187667563,0.5617218543046363
0.3562277580071175,0.5251175451620895,0.5297587131367292,0.5023841059602647
0.7101423487544484,0.5082900272209869,0.31072386058981244,0.2529801324503316
0.7453736654804269,0.6127196238554831,0.36568364611260057,0.19748344370860949
0.3466192170818506,0.7844592922543931,0.7522788203753352,0.6800000000000006
0.7699288256227758,0.5214055926750838,0.24316353887399472,0.37311258278145676
0.2745551601423487,0.2538975501113576,0.8309651474530833,0.46384105960264854
0.3261565836298932,0.5996040584013862,0.4942359249329759,0.6043708609271521
0.8375444839857652,0.3457065082900286,0.5349865951742627,0.09324503311258248
0.26103202846975093,0.6146993318485556,0.7898123324396784,0.6629139072847678
0.7921708185053379,0.3652561247216042,0.23002680965147454,0.23284768211920515
0.6023131672597865,0.5110121257114599,0.4365951742627347,0.22317880794702027
0.22259786476868326,0.7359564464241544,0.8331099195710456,0.5549668874172191
0.9375444839857651,0.4439495174461783,0.9305630026809653,0.1548344370860928
0.6850533807829181,0.6869586735956474,0.6675603217158177,0.35655629139072875
0.2519572953736655,0.586983419945561,0.7076407506702413,0.6676821192052982
0.6033807829181496,0.4872556297946069,0.7773458445040216,0.3435761589403974
0.8224199288256228,0.4236575105171987,0.38163538873994646,0.18556291390728408
0.2893238434163701,0.5684236575105182,0.9630026809651477,0.5778807947019864
0.5718861209964413,0.5644642415243766,0.669034852546917,0.36066225165562926
0.2775800711743772,0.745360059391242,0.8742627345844505,0.9058278145695358
0.7850533807829182,0.3838158871566435,0.6599195710455765,0.17947019867549674
0.5948398576512456,0.6008413758970548,0.7855227882037534,0.36649006622516556
0.5546263345195729,0.6602326156891891,0.7282841823056301,0.4990728476821191
0.3113879003558718,0.9616431576342492,0.5529490616621984,0.6080794701986756
0.3137010676156584,0.4308339519920814,0.8600536193029491,0.6500662251655625
0.6537366548042703,0.6802771591190329,0.7166219839142092,0.46331125827814557
0.26103202846975093,0.6146993318485556,0.7801608579088473,0.6931125827814562
0.2838078291814947,0.23756495916852316,0.831501340482574,0.8080794701986749
0.4731316725978648,0.31353625340262425,0.5491957104557641,0.3866225165562911
0.28113879003558706,0.18831972284088394,0.7588471849865952,0.5957615894039732
0.32153024911032024,0.4392477109626327,0.4139410187667561,0.3895364238410597
0.3845195729537366,0.5124969067062644,0.6449061662198392,0.524635761589404
0.7074733096085409,0.5674338035139854,0.47278820375335123,0.3364238410596032
0.2549822064056939,0.3038851769364008,0.8175603217158178,0.6535099337748349
0.3314946619217082,0.7483296213808472,0.814343163538874,0.5504635761589407
0.30106761565836304,0.3786191536748369,0.5441018766756034,0.5952317880794702
0.7790035587188612,0.3516456322692427,0.8406166219839142,0.24860927152317824
0.7677935943060498,0.3845582776540475,0.2844504021447722,0.16052980132450312
0.6832740213523131,0.427369463004208,0.41260053619302955,0.2023841059602649
0.5131672597864769,0.5001237317495679,0.3491957104557641,0.25231788079470174
0.793238434163701,0.4454342984409827,0.7217158176943701,0.30119205298013263
0.31423487544483986,0.523137837169017,0.7961126005361931,0.9001324503311263
0.6612099644128114,0.6176688938381609,0.670241286863271,0.48079470198675534
0.22811387900355873,0.6320217767879228,0.6671581769436998,0.7454304635761595
0.4946619217081849,0.5256124721603577,0.7548257372654157,0.499602649006623
0.7754448398576511,0.32714674585498926,0.6195710455764076,0.1441059602649002
0.25978647686832745,0.7958426132145497,0.9449061662198392,0.6768211920529801
0.248932384341637,0.555803019054693,0.8159517426273459,0.7936423841059606
0.6902135231316727,0.6978470675575394,0.6075067024128686,0.4511258278145691
0.4638790035587188,0.3598119277406582,0.8466487935656837,0.33298013245033076
0.8873665480427045,0.4271219995050757,0.3928954423592494,0.1928476821192051
0.3261565836298932,0.5862410294481606,0.7319034852546917,0.7246357615894041
0.28540925266903905,0.7770353872803781,0.809383378016086,0.7154966887417213
0.7612099644128113,0.31997030438010654,0.28096514745308315,0.3046357615894042
0.6204626334519573,0.4159861420440514,0.4482573726541555,0.2325827814569532
0.4889679715302492,0.2910170749814398,0.8406166219839142,0.3964238410596028
0.34288256227758007,0.6852264291017107,0.5167560321715818,0.5101986754966887
0.6953736654804269,0.4929472902746852,0.4786863270777481,0.26543046357615907
0.5948398576512456,0.6045533283840676,0.7510723860589814,0.40993377483443716
0.5567615658362989,0.6904231625835209,0.6477211796246649,0.47377483443708535
0.6565836298932383,0.44518683494184685,0.5481233243967829,0.13152317880794673
0.8131672597864769,0.38480574115318333,0.6596514745308311,0.17324503311258255
0.2540925266903915,0.455827765404603,0.7840482573726542,0.9239735099337745
0.26103202846975093,0.6592427616926528,0.8568364611260055,0.6833112582781462
0.2704626334519573,0.7483296213808472,0.7432975871313674,0.8799999999999999
0.8250889679715302,0.4243999010146027,0.5883378016085792,0.1509933774834442
0.42028469750889674,0.536005939123978,0.30361930294906175,0.37483443708609254
0.4969750889679715,0.6285572878000494,0.7761394101876675,0.46953642384105887
0.4135231316725979,0.330858698341995,0.8376675603217159,0.5222516556291392
0.576512455516014,0.6194011383320976,0.5713136729222521,0.44344370860927196
0.5660142348754448,0.4189557040336567,0.7087131367292228,0.36410596026490083
0.42437722419928825,0.5518436030685514,0.6009383378016087,0.5031788079470196
0.6023131672597865,0.6300420687948538,0.6221179624664879,0.3231788079470199
0.3137010676156584,0.3622865627319989,0.8068364611260055,0.6091390728476824
0.8596085409252668,0.3595644642415259,0.8032171581769438,0.20715231788079436
0.3476868327402135,0.7102202425142323,0.7530831099195712,0.6006622516556295
0.2604982206405694,0.7027963375402138,0.8179624664879357,0.7541721854304635
0.6313167259786477,0.6377134372680047,0.7351206434316355,0.338543046357616
0.7608540925266903,0.4835436773075976,0.7056300268096516,0.34635761589404
0.31120996441281135,0.4919574362781489,0.9150134048257372,0.7777483443708615
0.2069395017793595,0.3583271467458573,0.8959785522788206,0.5652980132450329
0.8402135231316724,0.40460282108389123,0.8679624664879357,0.11814569536423836
0.42028469750889674,0.5303142786439032,0.5285522788203754,0.467682119205298
0.6389679715302491,0.6669141301658037,0.6656836461126006,0.4564238410596033
0.2902135231316726,0.4946795347686219,0.7993297587131367,0.725960264900662
0.2613879003558718,0.5461519425884696,0.8131367292225202,0.7178807947019861
0.8375444839857652,0.3667409057164086,0.6737265415549598,0.09735099337748387
0.3480427046263346,0.7916357337292794,0.5272117962466489,0.5046357615894044
0.7322064056939502,0.5902004454342986,0.5383378016085791,0.27920529801324445
0.6297153024911032,0.3558525117545166,0.5408847184986596,0.2405298013245032
0.8891459074733096,0.25414501361049346,0.6780160857908848,0.14993377483443648
0.8565836298932384,0.44617668893838314,0.3089812332439678,0.16092715231788102
0.5660142348754448,0.4196980945310571,0.6554959785522787,0.32225165562913904
0.6204626334519573,0.42835931700074426,0.5069705093833781,0.2598675496688738
0.32669039145907464,0.38975501113585764,0.6656836461126006,0.459867549668874
0.28131672597864765,0.6307844592922542,0.8359249329758713,0.7709933774834443
0.7754448398576511,0.3583271467458573,0.6068364611260053,0.25509933774834437
0.25551601423487535,0.6231130908191069,0.3923592493297587,0.6764238410596022
0.8565836298932384,0.4338035139816867,0.4349865951742628,0.2011920529801321
0.8224199288256228,0.42761692650334027,0.3336461126005363,0.17867549668874183
0.5131672597864769,0.5011135857461042,0.3210455764075067,0.26874172185430467
0.31637010676156585,0.6599851521900533,0.9955764075067024,0.6552317880794707
0.7999999999999997,0.3808463251670382,0.4002680965147453,0.10119205298013245
0.8160142348754448,0.3360554318238087,0.3016085790884719,0.23443708609271496
0.3177935943060498,0.4011383320960178,0.6769436997319036,0.6388079470198678
0.6332740213523133,0.5409552091066594,0.3718498659517426,0.3108609271523184
0.7439501779359431,0.34521158129176044,0.6701072386058982,0.24145695364238406
0.8820284697508897,0.5746102449888646,0.7013404825737266,0.3736423841059606
0.45231316725978643,0.3932195001237311,0.48686327077748,0.33165562913907287
0.7999999999999997,0.46993318485523616,0.4975871313672922,0.17814569536423797
0.3177935943060498,0.4142538975501111,0.6630026809651475,0.6043708609271521
0.7642348754448399,0.43479336797822654,0.2766756032171583,0.339072847682119
0.6300711743772242,0.6144518683494198,0.8733243967828419,0.37350993377483377
0.3001779359430604,0.4983914872556312,0.5613941018766757,0.5596026490066226
0.2893238434163701,0.4696857213561003,0.7373994638069705,0.5344370860927157
0.2540925266903915,0.45063103192279286,0.7757372654155499,0.524503311258278
0.8693950177935942,0.4271219995050757,0.7274798927613941,0.21576158940397328
0.8026690391459074,0.4055926750804275,0.642627345844504,0.2105960264900668
0.6827402135231316,0.4105419450631054,0.6918230563002683,0.2405298013245032
0.8026690391459074,0.38975501113585764,0.7749329758713139,0.2487417218543051
0.8117437722419928,0.3640188072259356,0.6235924932975871,0.20397350993377472
0.28861209964412804,0.6864637465973793,0.6351206434316354,0.5230463576158941
0.3281138790035586,0.7500618658747875,0.4194369973190349,0.6148344370860928
0.8177935943060496,0.3761445186834962,0.27225201072386057,0.2288741721854306
0.6923487544483985,0.49690670626083033,0.8576407506702415,0.3112582781456954
0.4889679715302492,0.3278891363523897,0.19477211796246657,0.23814569536423846
0.25551601423487535,0.237812422667659,0.3442359249329759,0.4639735099337754
0.5254448398576512,0.3531304132640436,0.28203753351206445,0.27456953642384097
0.8007117437722419,0.330858698341995,0.4372654155495979,0.2400000000000002
0.3480427046263346,0.7725810442959649,0.8549597855227884,0.6479470198675497
0.2800711743772242,0.22593417470923072,0.5308310991957104,0.5259602649006627
0.8172597864768684,0.4041078940856231,0.5735924932975871,0.169668874172185
0.30925266903914594,0.906953724325664,0.5957104557640751,0.60476821192053
0.6934163701067614,0.43677307597129555,0.7920911528150136,0.31271523178807925
0.25551601423487535,0.20415738678545026,0.5532171581769436,0.532185430463576
0.5610320284697509,0.5226429101707524,0.7579088471849866,0.48662251655629163
0.3704626334519573,0.6344964117792635,0.8431635388739946,0.6066225165562917
0.23487544483985767,0.5840138579559522,0.6006702412868634,0.8923178807947023
0.6690391459074733,0.6634496411779303,0.4809651474530831,0.34211920529801265
0.6597864768683274,0.4446919079435787,0.6067024128686327,0.23827814569536443
0.28113879003558706,0.7404107894085641,0.8911528150134049,0.6172185430463575
0.736476868327402,0.6159366493442242,0.5903485254691689,0.17735099337748306
0.3097864768683274,0.6265775798069804,0.6388739946380697,0.5607947019867554
0.2738434163701068,0.5830240039594194,0.812064343163539,0.7806622516556292
0.8263345195729536,0.4419698094531057,0.393029490616622,0.19470198675496686
0.3113879003558718,0.5572878000494939,0.8325737265415551,0.6819867549668874
0.2572953736654804,0.5006186587478361,0.8524128686327079,0.6325827814569536
0.346797153024911,0.5298193516456315,0.5050938337801609,0.7294039735099336
0.6313167259786477,0.6137094778520193,0.45134048257372655,0.282384105960265
0.3466192170818506,0.7594654788418751,0.8398123324396782,0.5909933774834437
0.8597864768683275,0.5533283840633523,0.2971849865951743,0.16781456953642415
0.3466192170818506,0.7629299678297485,0.9340482573726543,0.6316556291390727
0.27935943060498225,0.6933927245731262,0.8321715817694371,0.8782781456953641
0.2501779359430605,0.880475129918338,0.5914209115281504,0.928211920529801
0.795017793594306,0.4469190794357871,0.6804289544235924,0.20145695364238403
0.7999999999999997,0.40039594159861736,0.8939678284182306,0.3017218543046356
0.290035587188612,0.4157386785449191,0.49932975871313684,0.5992052980132447
0.6355871886120995,0.5134867607027971,0.5474530831099196,0.37350993377483377
0.2749110320284698,0.5666914130165814,0.7487935656836462,0.7267549668874169
0.7825622775800712,0.41747092303885225,0.6010723860589813,0.21509933774834433
0.2850533807829182,0.7201187824795845,0.3997319034852547,0.7242384105960262
0.3263345195729538,0.5491215045780784,0.43967828418230565,0.6154966887417217
0.2966192170818506,0.6129670873546154,0.8942359249329759,0.7203973509933768
0.23487544483985767,0.5840138579559522,0.5836461126005361,0.8807947019867548
0.29466192170818506,0.9109131403118056,0.8934316353887399,0.8254304635761587
0.2829181494661921,0.6891858450878523,0.8790884718498662,0.6184105960264903
0.4167259786476868,0.6723583271467461,0.7979892761394103,0.37430463576158957
0.3455516014234875,0.36624597871814046,0.5309651474530832,0.484370860927152
0.6720640569395017,0.5154664686958697,0.7217158176943701,0.28543046357615864
0.8683274021352311,0.4659737688690946,0.41367292225201074,0.21417218543046346
0.43540925266903907,0.3714427121999506,0.9211796246648796,0.6168211920529796
0.2861209964412811,0.5671863400148496,0.5416890080428955,0.6867549668874178
0.25444839857651236,0.5803019054689464,0.7294906166219841,0.7919205298013248
0.33256227758007106,0.4385053204652323,0.5168900804289545,0.3286092715231783
0.3231316725978648,0.7396683989111601,0.9621983914209118,0.782119205298013
0.2519572953736655,0.5914377629299672,0.6746648793565684,0.6895364238410595
0.8576512455516013,0.33828260331601,0.2702412868632708,0.18688741721854285
0.836832740213523,0.232368225686713,0.8561662198391422,0.16238410596026487
0.29483985765124554,0.6857213560999789,0.5337801608579089,0.6762913907284771
0.49003558718861207,0.5931700074239075,0.5715817694369973,0.4953642384105965
0.7855871886120996,0.5038356842365772,0.4100536193029491,0.34543046357615825
0.7261565836298932,0.43776292996783184,0.5167560321715818,0.3113907284768205
0.6332740213523133,0.547636723583274,0.5793565683646114,0.39801324503311264
0.6386120996441281,0.4983914872556312,0.6014745308310994,0.20715231788079436
0.8234875444839856,0.28854243999010265,0.8038873994638072,0.20331125827814578
0.33256227758007106,0.3167532788913654,0.4470509383378016,0.2641059602649003
0.27633451957295374,0.4540955209106663,0.48002680965147454,0.5539072847682114
0.9553380782918147,0.3984162336055448,0.92171581769437,0.1821192052980134
0.7608540925266903,0.49220489977728477,0.3104557640750671,0.20437086092715262
0.5149466192170817,0.576837416481073,0.695710455764075,0.6445033112582781
0.7261565836298932,0.4360306854738951,0.5308310991957104,0.3170860927152317
0.7946619217081848,0.4315763424894854,0.2813672922252011,0.26556291390728504
0.8830960854092526,0.30982430091561497,0.8068364611260055,0.177086092715232
0.44893238434163707,0.6728532541450178,0.8380697050938339,0.6715231788079468
0.5546263345195729,0.6782974511259603,0.6908847184986595,0.4487417218543044
0.7845195729537365,0.521158129175948,0.3332439678284183,0.21165562913907277
0.4749110320284696,0.47983172482058833,0.2639410187667561,0.43894039735099266
0.35854092526690384,0.5575352635486261,0.6164879356568365,0.6445033112582781
0.6565836298932383,0.4360306854738951,0.3670241286863271,0.21337748344370855
0.8774021352313167,0.5812917594654792,0.2540214477211797,0.06728476821191975
0.4946619217081849,0.49814402375649536,0.7628686327077749,0.4692715231788078
0.34199288256227756,0.5812917594654792,0.7961126005361931,0.7299337748344374
0.6720640569395017,0.47290274684484146,0.5735924932975871,0.2691390728476817
0.30391459074733085,0.49022519178421575,0.7823056300268099,0.6701986754966889
0.37366548042704617,0.671863400148478,0.8869973190348528,0.5360264900662255
0.6081850533807828,0.3684731502103453,0.6557640750670242,0.2789403973509934
0.6128113879003557,0.5956446424152446,0.6634048257372656,0.4088741721854303
0.8683274021352311,0.3902499381341258,0.914745308310992,0.144370860927153
0.24341637010676154,0.646127196238556,0.5781501340482573,0.8650331125827817
0.3199288256227758,0.5953971789161123,0.7754691689008044,0.5768211920529804
0.3476868327402135,0.6832467211086382,0.6135388739946381,0.4880794701986755
0.2775800711743772,0.7686216283098268,0.8213136729222521,0.7072847682119212
0.3455516014234875,0.3677307597129449,0.41863270777479894,0.4388079470198676
0.27313167259786475,0.538728037614451,0.6333780160857909,0.6798675496688737
0.22775800711743766,0.5335313041326444,0.6626005361930296,0.7027814569536419
0.26085409252669045,0.9482801286810236,0.760857908847185,0.7312582781456953
0.2784697508896796,0.6335065577827272,0.9805630026809651,0.6239735099337747
0.3672597864768683,0.2437515466468696,0.999195710455764,0.44715231788079457
0.5064056939501779,0.5919326899282353,0.5004021447721181,0.5829139072847678
0.708540925266904,0.4870081662954746,0.6764075067024129,0.22529801324503307
0.755693950177936,0.4065825290769638,0.48123324396782846,0.23973509933774828
0.34234875444839863,0.6236080178173751,0.8977211796246649,0.6317880794701987
0.7999999999999997,0.4496411779262566,0.8654155495978555,0.24821192052980123
0.7850533807829182,0.44914625092798843,0.7650134048257373,0.31854304635761554
0.8514234875444838,0.23311061618411344,0.8974530831099197,0.15125827814569526
0.40391459074733094,0.4414748824548411,0.4785522788203754,0.5214569536423843
0.711387900355872,0.5513486760702797,0.2907506702412869,0.31523178807946994
0.4804270462633451,0.5335313041326444,0.5741286863270778,0.42450331125827834
0.27313167259786475,0.7018064835436775,0.7408847184986596,0.7524503311258277
0.582918149466192,0.5357584756248457,0.7735924932975873,0.3802649006622518
0.21352313167259784,0.5525859935659518,0.7037533512064345,0.9498013245033112
0.8117437722419928,0.3942093541202709,0.614745308310992,0.2446357615894046
0.5895017793594305,0.4496411779262566,0.5305630026809651,0.3169536423841057
0.27526690391459074,0.3731749566938909,0.8722520107238607,0.6871523178807948
0.6955516014234876,0.5676812670131177,0.5067024128686328,0.4972185430463574
0.2934163701067616,0.55308092056422,0.4947721179624665,0.6258278145695364
0.8814946619217082,0.2712199950507319,0.7557640750670243,0.22754966887417183
0.2743772241992882,0.8030190546894325,0.9420911528150135,0.8313907284768209
0.2530249110320284,0.47265528334570917,0.8308310991957106,0.7679470198675498
0.8234875444839856,0.3687206137094776,0.6315013404825738,0.23245033112582814
0.4412811387900355,0.4607770353872809,0.9719839142091153,0.44397350993377405
0.20195729537366547,0.5100222717149236,0.6954423592493297,0.6843708609271522
0.27526690391459074,0.3657510517198723,0.9367292225201074,0.6900662251655634
0.748932384341637,0.555803019054693,0.26863270777479903,0.1472847682119207
0.8288256227758005,0.3454590447908963,0.8278820375335121,0.17271523178807957
0.3097864768683274,0.6198960653303658,0.6635388739946382,0.5532450331125824
0.7845195729537365,0.4917099727790166,0.8778820375335121,0.2976158940397351
0.27419928825622775,0.7329868844345491,0.858176943699732,0.8674172185430464
0.9676156583629892,0.3768869091808966,0.5339142091152815,0.21006622516556295
0.2530249110320284,0.4432071269487743,0.6936997319034854,0.7046357615894037
0.41921708185053386,0.43528829497649113,0.28163538873994637,0.48251655629139023
0.5131672597864769,0.4587973273942083,0.7766756032171582,0.379205298013245
0.28131672597864765,0.6602326156891891,0.44584450402144776,0.7490066225165561
0.31423487544483986,0.4828012868101972,0.574396782841823,0.7940397350993376
0.683629893238434,0.555060628557289,0.38056300268096527,0.2649006622516552
0.7120996441281137,0.43405097748082255,0.2026809651474531,0.3439735099337753
0.5546263345195729,0.68275179411037,0.6819034852546919,0.44423841059602687
0.32580071174377223,0.46275674338035344,0.8983914209115282,0.628874172185431
0.68576512455516,0.53204652313784,0.468230563002681,0.2972185430463572
0.27313167259786475,0.7748082157881733,0.5315013404825737,0.7431788079470198
0.7999999999999997,0.40163325909428593,0.8812332439678285,0.24185430463576107
0.2645907473309608,0.6077703538728052,0.7575067024128685,0.7238410596026492
0.7532028469750888,0.36080178173719446,0.453887399463807,0.15178807947019912
0.8071174377224198,0.4125216530561744,0.8553619302949063,0.3472847682119209
0.3704626334519573,0.45310566691413356,0.955495978552279,0.476026490066225
0.2540925266903915,0.4481563969314557,0.7919571045576408,0.790066225165563
0.748932384341637,0.5637218510269726,0.31461126005361933,0.12728476821192025
0.3704626334519573,0.5275921801534302,0.9820375335120644,0.6009271523178805
0.7384341637010675,0.3268992823558534,0.5983914209115282,0.2276821192052978
0.2861209964412811,0.5513486760702797,0.7888739946380698,0.8157615894039738
0.45231316725978643,0.39247710962633064,0.9000000000000001,0.3484768211920528
0.47153024911032027,0.6411779262558781,0.6533512064343163,0.5414569536423839
0.2747330960854092,0.8040089086859723,0.37171581769436995,0.6823841059602644
0.6229537366548042,0.3504083147735706,0.8630026809651474,0.24635761589403948
0.2702846975088967,0.29967829745112695,0.8423592493297589,0.5937748344370855
0.6425266903914589,0.3907448651323939,0.526407506702413,0.29576158940397335
0.28131672597864765,0.6629547141796586,0.47117962466487945,0.7807947019867543
0.4167259786476868,0.5664439495174456,0.8788203753351209,0.4499337748344372
0.4969750889679715,0.6253402623113082,0.6628686327077751,0.524900662251655
0.27526690391459074,0.40905716406830095,0.7530831099195712,0.6540397350993379
0.6425266903914589,0.3971789161098762,0.415549597855228,0.2950993377483444
0.6597864768683274,0.4471665429349194,0.7281501340482575,0.13774834437086092
0.8713523131672597,0.47018064835436846,0.5926273458445039,0.10860927152317856
0.6329181494661921,0.33531304132640827,0.8327077747989278,0.3013245033112577
0.7914590747330962,0.2863152684978978,0.5693029490616623,0.09880794701986773
0.20106761565836295,0.8366740905716448,0.5959785522788204,0.7597350993377487
0.8713523131672597,0.47290274684484146,0.08887399463806972,0.07456953642384079
0.597864768683274,0.5246226181638249,0.47908847184986597,0.4386754966887416
0.8596085409252668,0.3538728037614476,0.8199731903485257,0.2292715231788076
0.6998220640569394,0.35882207374412545,0.6973190348525471,0.3854304635761592
0.43540925266903907,0.33110616184113084,0.8859249329758716,0.532317880794702
0.351067615658363,0.4964117792625622,0.8290884718498661,0.6090066225165565
0.32651245551601427,0.7963375402128179,0.7733243967828418,0.5676821192052977
0.24928825622775797,0.6755753526354908,0.6635388739946382,0.88635761589404
0.7706405693950177,0.31254639940608797,0.43699731903485256,0.24556291390728457
0.29483985765124554,0.5461519425884696,0.9474530831099197,0.7638410596026493
0.2788256227758007,0.7272952239544672,0.7900804289544237,0.9480794701986754
0.47153024911032027,0.7087354615194279,0.746916890080429,0.5263576158940397
0.3354092526690391,0.6651818856718634,0.8061662198391422,0.5929801324503305
0.801423487544484,0.34496411779262814,0.8953083109919571,0.2888741721854302
0.45231316725978643,0.3875278396436528,0.6646112600536194,0.3815894039735097
0.6430604982206406,0.38678544914625235,0.6994638069705095,0.3684768211920524
0.7788256227758005,0.19896065330363655,0.5013404825737267,0.07192052980132413
0.2893238434163701,0.48205889631279675,0.7853887399463808,0.540529801324503
0.8110320284697509,0.3741648106904236,0.746916890080429,0.28211920529801304
0.2743772241992882,0.7703538728037636,0.8029490616621984,0.580927152317881
0.4053380782918149,0.4865132392972029,0.5910187667560323,0.5362913907284765
0.5706405693950177,0.5025983667409086,0.6013404825737265,0.3423841059602655
0.445373665480427,0.4966592427616945,0.676809651474531,0.42821192052980095
0.27633451957295374,0.4390002474635004,0.6363270777479892,0.636953642384106
0.4167259786476868,0.6213808463251702,0.641823056300268,0.3745695364238415
0.8224199288256228,0.42761692650334027,0.8103217158176945,0.1887417218543046
0.4946619217081849,0.5444196980945328,0.6605898123324399,0.5199999999999996
0.2879003558718861,0.6708735461519453,0.5400804289544237,0.7398675496688742
0.7653024911032028,0.33679782232120914,0.5738605898123326,0.2966887417218542
0.2702846975088967,0.1823805988616698,0.6253351206434317,0.5472847682119202
0.5149466192170817,0.6117297698589468,0.7616621983914209,0.6720529801324506
0.28647686832740216,0.637960900767137,0.7888739946380698,0.7817218543046351
0.7144128113879004,0.5352635486265775,0.548525469168901,0.24529801324503264
0.7898576512455516,0.4263796090076717,0.43967828418230565,0.1953642384105958
0.42437722419928825,0.5001237317495679,0.2568364611260054,0.3335099337748346
0.3113879003558718,0.9514971541697612,0.5935656836461127,0.5851655629139074
0.7064056939501778,0.5194258846820112,0.4477211796246649,0.2921854304635758
0.6834519572953736,0.529324424647367,0.81514745308311,0.37933774834437095
0.43451957295373667,0.30759712942341366,0.999195710455764,0.44384105960264897
0.3496441281138789,0.6431576342489507,0.8922252010723861,0.6641059602649007
0.597864768683274,0.5233853006681528,0.5916890080428956,0.49231788079470196
0.32580071174377223,0.466716159366495,0.7310991957104558,0.7557615894039733
0.7535587188612097,0.32739420935412156,0.4498659517426274,0.3328476821192048
0.2879003558718861,0.669883692155409,0.5642091152815014,0.7511258278145698
0.7064056939501778,0.5179411036872104,0.40428954423592495,0.26264900662251645
0.7898576512455516,0.40163325909428593,0.5575067024128688,0.28132450331125813
0.5895017793594305,0.46300420687948574,0.735656836461126,0.3827814569536425
0.5064056939501779,0.578817124474142,0.526407506702413,0.564238410596027
0.683629893238434,0.5953971789161123,0.3205093833780161,0.3117880794701984
0.252135231316726,0.37762929967829706,0.5266756032171582,0.4527152317880798
0.7637010676156583,0.3640188072259356,0.6274798927613943,0.3397350993377488
0.3137010676156584,0.36179163573373074,0.676809651474531,0.5871523178807943
0.8846975088967971,0.322692402870576,0.472520107238606,0.2765562913907287
0.28451957295373664,0.2531551596139572,0.93686327077748,0.5867549668874172
0.7825622775800712,0.3808463251670382,0.6077747989276141,0.21337748344370855
0.7999999999999997,0.3511507052709746,0.6369973190348526,0.09205298013244967
0.5131672597864769,0.49245236327641706,0.21903485254691696,0.2958940397350993
0.7923487544483986,0.5191784211828789,0.19477211796246657,0.11364238410595995
0.683629893238434,0.589705518436034,0.2993297587131368,0.2958940397350993
0.2973309608540925,0.2900272209849071,0.6994638069705095,0.8345695364238406
0.6177935943060496,0.6000989853996543,0.5199731903485254,0.42900662251655586
0.29483985765124554,0.5748577084880004,0.9195710455764077,0.7860927152317885
0.7046263345195728,0.16901756990844063,0.5092493297587131,0.0960264900662251
0.351067615658363,0.49888641425389935,0.8423592493297589,0.6217218543046359
0.2724199288256228,0.5756000989854009,0.6386058981233245,0.8211920529801322
0.8715302491103202,0.28755258599356637,0.7568364611260054,0.16913907284768204
0.2738434163701068,0.5701559020044549,0.7977211796246648,0.7246357615894041
0.7788256227758005,0.40979955456570494,0.4215817694369974,0.06913907284768239
0.8341637010676154,0.46250927988122115,0.7781501340482575,0.19854304635761544
0.8375444839857652,0.37465973768869176,0.804289544235925,0.19139072847682126
0.6734875444839857,0.47983172482058833,0.8514745308310994,0.27125827814569536
0.5612099644128113,0.35337787676317944,0.3498659517426273,0.2210596026490066
0.25551601423487535,0.2128186092551374,0.4431635388739947,0.4925827814569539
0.2738434163701068,0.5854986389507566,0.8246648793565685,0.7656953642384101
0.7309608540925266,0.45731254639940744,0.34504021447721184,0.23867549668874144
0.8026690391459074,0.35362534026231174,0.6276139410187667,0.18980132450331055
0.8145907473309607,0.6599851521900533,0.8109919571045578,0.5596026490066226
0.2934163701067616,0.5671863400148496,0.5257372654155497,0.6164238410596026
0.597864768683274,0.5280871071516984,0.4426273458445041,0.4392052980132455
0.3496441281138789,0.6243504083147755,0.92171581769437,0.7059602649006624
0.41690391459074727,0.6119772333580826,0.6660857908847186,0.580529801324503
0.6176156583629894,0.5857461024498889,0.43592493297587137,0.2637086092715233
0.2861209964412811,0.5629794605295722,0.6152815013404824,0.6772185430463571
0.3199288256227758,0.602573620390995,0.7504021447721181,0.5875496688741721
0.7220640569395017,0.47983172482058833,0.6683646112600536,0.35708609271523173
0.4946619217081849,0.5392229646127191,0.6871313672922252,0.49735099337748334
0.5948398576512456,0.4590447908933477,0.7896782841823058,0.3365562913907283
0.27224199288256223,0.5832714674585517,0.7919571045576408,0.5033112582781456
0.588967971530249,0.576095025983669,0.7261394101876677,0.331258278145695
0.8774021352313167,0.5830240039594194,0.40482573726541554,0.10609271523178787
0.34288256227758007,0.6721108636476139,0.20790884718498664,0.4727152317880794
0.4731316725978648,0.37837169017570105,0.6207774798927614,0.41827814569536415
0.6612099644128114,0.5624845335313076,0.7160857908847187,0.40622516556291366
0.6211743772241992,0.6414253897550104,0.7735924932975873,0.274437086092715
0.34288256227758007,0.687453600593912,0.6729222520107241,0.5271523178807946
0.6834519572953736,0.5241276911655568,0.5498659517426274,0.2086092715231782
0.8172597864768684,0.3835684236575112,0.29423592493297585,0.169271523178808
0.588967971530249,0.5696609750061867,0.591823056300268,0.25152317880794683
0.7161921708185052,0.5399653551101231,0.5081769436997319,0.3576158940397347
0.8475088967971528,0.3833209601583789,0.886058981233244,0.20145695364238403
0.3455516014234875,0.42415243751546683,0.37828418230563005,0.49642384105960247
0.3281138790035586,0.7441227418955734,0.468230563002681,0.6631788079470198
0.6827402135231316,0.47537738183618217,0.7178284182305632,0.31019867549668856
0.7384341637010675,0.48230635981192904,0.6219839142091153,0.44715231788079457
0.4412811387900355,0.4286067804998801,0.9593833780160859,0.395761589403973
0.6176156583629894,0.5617421430339036,0.4615281501340483,0.32384105960264886
0.28131672597864765,0.6545409552091108,0.6264075067024131,0.7675496688741719
0.31637010676156585,0.6310319227913901,0.682573726541555,0.5241059602649001
0.3496441281138789,0.4828012868101972,0.3487935656836461,0.3817218543046357
0.24661921708185053,0.5063103192279144,0.6985254691689009,0.8817218543046357
0.154270462633452,0.6354862657757998,0.5414209115281503,0.6488741721854305
0.35854092526690384,0.55308092056422,0.7304289544235925,0.6384105960264899
0.27419928825622775,0.46473645137342245,0.8672922252010726,0.7803973509933773
0.8250889679715302,0.4115317990596381,0.7532171581769438,0.13629139072847707
0.8809608540925268,0.42563721851027125,0.4478552278820375,0.2676821192052987
0.7999999999999997,0.4130165800544461,0.3315013404825738,0.17496688741721922
0.7999999999999997,0.4590447908933477,0.5164879356568366,0.19695364238410562
0.32758007117437726,0.472160356347441,0.5249329758713137,0.435364238410596
0.4329181494661921,0.5617421430339036,0.8270777479892764,0.5639735099337742
0.793238434163701,0.4159861420440514,0.8172922252010726,0.35245033112582824
0.6998220640569394,0.3768869091808966,0.6841823056300269,0.314569536423841
0.4754448398576512,0.3375402128186096,0.9990616621983917,0.39337748344370826
0.8596085409252668,0.315268497896561,0.422117962466488,0.12423841059602658
0.7421708185053378,0.3241771838653804,0.21219839142091163,0.12807947019867516
0.6297153024911032,0.3981687701064125,0.5630026809651476,0.1970860927152316
0.8596085409252668,0.31625835189309726,0.6119302949061662,0.11774834437086046
0.7309608540925266,0.3880227666419245,0.5388739946380698,0.1382781456953639
0.6713523131672597,0.6330116307844627,0.7947721179624665,0.39390728476821213
0.7640569395017792,0.5488740410789426,0.49785522788203757,0.21721854304635801
0.2973309608540925,0.6191536748329618,0.8666219839142091,0.5802649006622511
0.4101423487544483,0.3853006681514515,0.6786863270777481,0.29615894039735124
0.290035587188612,0.5780747339767416,0.6895442359249331,0.8578807947019866
0.6023131672597865,0.6337540212818631,0.8416890080428954,0.3679470198675503
0.7836298932384341,0.2962138084632535,0.7592493297587133,0.17973509933774778
0.33096085409252674,0.49220489977728477,0.7073726541554961,0.5960264900662251
0.7135231316725977,0.5167037861915382,0.5184986595174264,0.3794701986754969
0.23523131672597863,0.5862410294481606,0.7454423592493298,0.5719205298013241
0.3227758007117437,0.703043801039346,0.6305630026809652,0.5272847682119206
0.7642348754448399,0.4308339519920814,0.2242627345844504,0.2764238410596027
0.23380782918149468,0.5100222717149236,0.5489276139410189,0.8613245033112582
0.8071174377224198,0.4167285325414518,0.8509383378016087,0.378675496688742
0.49003558718861207,0.5785696609750062,0.5246648793565685,0.5033112582781456
0.6300711743772242,0.6003464488987902,0.6447721179624666,0.2602649006622517
0.7612099644128113,0.2858203414996332,0.12024128686327085,0.07483443708609272
0.7138790035587189,0.6619648601831258,0.8182305630026809,0.38344370860927146
0.7569395017793595,0.3333333333333357,0.49008042895442355,0.21695364238410608
0.7064056939501778,0.5424399901014603,0.729892761394102,0.32556291390728465
0.7138790035587189,0.635238802276664,0.489142091152815,0.28821192052980127
0.8131672597864769,0.3768869091808966,0.8278820375335121,0.2031788079470198
0.2953736654804271,0.474882454837914,0.9994638069705095,0.6366887417218541
0.43932384341637,0.3264043553575888,0.297319034852547,0.20768211920529822
0.48736654804270463,0.8104429596634546,0.4753351206434317,0.5989403973509937
0.8939501779359428,0.6067804998762689,0.6266756032171583,0.25721854304635805
0.6637010676156582,0.357337292749321,0.639544235924933,0.26052980132450365
0.5170818505338078,0.5120019797079962,0.6089812332439679,0.4582781456953642
0.20195729537366547,0.7208611729769885,0.7908847184986596,0.7144370860927154
0.6313167259786477,0.6493442217272971,0.5587131367292224,0.26437086092715223
0.4946619217081849,0.5011135857461042,0.7282841823056301,0.4990728476821191
0.27224199288256223,0.5756000989854009,0.8402144772117963,0.5071523178807951
0.686476868327402,0.5191784211828789,0.7347184986595177,0.3558940397350989
0.6181494661921708,0.43504083147735884,0.7839142091152818,0.4258278145695371
0.7677935943060498,0.42761692650334027,0.11434316353887408,0.1474172185430458
0.7677935943060498,0.5040831477357095,0.5777479892761395,0.2072847682119212
0.34234875444839863,0.6384558277654087,0.8012064343163541,0.6393377483443707
0.25978647686832745,0.807720861172978,0.9427613941018769,0.6398675496688737
0.2702846975088967,0.218757733234348,0.6379356568364611,0.5577483443708608
0.6140569395017793,0.4959168522642905,0.5504021447721181,0.3562913907284768
0.28220640569395017,0.5436773075971324,0.9686327077747989,0.9071523178807945
0.28540925266903905,0.898787428854245,0.8155495978552281,0.7217218543046355
0.2540925266903915,0.3942093541202709,0.7406166219839143,0.5819867549668869
0.4756227758007118,0.5073001732244506,0.3757372654155497,0.354701986754967
0.7923487544483986,0.5199208116802794,0.23176943699731906,0.1423841059602644
0.2540925266903915,0.40039594159861736,0.7002680965147454,0.596423841059603
0.45409252669039146,0.5171987131898064,0.9864611260053622,0.47708609271523095
0.2293594306049822,0.48799802029200734,0.7742627345844504,0.6671523178807943
0.28647686832740216,0.6599851521900533,0.7537533512064345,0.782251655629139
0.5816725978647687,0.4993813412521675,0.8068364611260055,0.3856953642384102
0.34003558718861204,0.9024993813412507,0.6072386058981234,0.6229139072847687
0.4731316725978648,0.32764167285325385,0.6482573726541556,0.394834437086093
0.7845195729537365,0.5092798812175232,0.8190348525469169,0.281854304635762
0.9026690391459075,0.35065577827270644,0.6277479892761395,0.27947019867549727
0.7921708185053379,0.3736698836921555,0.8245308310991957,0.1924503311258281
0.8713523131672597,0.5543182380598886,0.7008042895442361,0.20397350993377472
0.4352313167259786,0.5988616679039858,0.5155495978552278,0.4127152317880798
0.6852313167259786,0.6431576342489507,0.3806970509383379,0.0
0.5948398576512456,0.5746102449888646,0.48445040214477225,0.30781456953642383
0.4868327402135231,0.7829745112595887,0.7304289544235925,0.621854304635761
0.42028469750889674,0.5283345706508307,0.6532171581769439,0.4300662251655627
0.3001779359430604,0.4946795347686219,0.7206434316353887,0.5852980132450325
0.6850533807829181,0.6372185102697365,0.35455764075067026,0.2827814569536429
0.25978647686832745,0.7916357337292794,0.9556300268096516,0.701456953642384
0.8341637010676154,0.4590447908933477,0.7369973190348527,0.19417218543046388
0.4209964412811388,0.37837169017570105,0.5634048257372655,0.23576158940397374
0.4731316725978648,0.30536995793120525,0.6784182305630029,0.3815894039735097
0.346797153024911,0.5290769611482311,0.5297587131367292,0.7519205298013238
0.6215302491103202,0.6236080178173751,0.5084450402144773,0.3431788079470204
0.24341637010676154,0.672605790645882,0.6902144772117964,0.8883443708609269
0.4638790035587188,0.34793367978223344,0.724798927613941,0.2806622516556292
0.7220640569395017,0.4912150457807485,0.8205093833780162,0.40052980132450333
0.827224199288256,0.4095520910665691,0.6880697050938338,0.1833112582781462
0.22811387900355873,0.6099975253650101,0.6827077747989276,0.8026490066225165
0.6033807829181496,0.46523137837169415,0.35174262734584455,0.26543046357615907
0.6220640569395018,0.5899529819351663,0.7076407506702413,0.35536423841059595
0.23274021352313157,0.563226924028708,0.6154155495978553,0.8576158940397347
0.34430604982206403,0.5508537490720116,0.07064343163538878,0.5552317880794702
0.7439501779359431,0.357337292749321,0.7983914209115284,0.26172185430463557
0.40355871886120986,0.49220489977728477,0.9995978552278821,0.6056953642384109
0.31637010676156585,0.4399901014600367,0.7211796246648794,0.5668874172185427
0.7999999999999997,0.36426627072507145,0.3824396782841824,0.17483443708609236
0.7736654804270463,0.4583024003959437,0.37882037533512064,0.25231788079470174
0.4412811387900355,0.28878990348923494,0.5986595174262734,0.3741721854304636
0.6955516014234876,0.40930462756743324,0.3806970509383379,0.31112582781456943
0.7439501779359431,0.35708982925018873,0.6666219839142093,0.27046357615894046
0.641459074733096,0.4704281118535043,0.3557640750670242,0.4308609271523185
0.35249110320284693,0.6292996782974534,0.9474530831099197,0.6870198675496688
0.3455516014234875,0.41474882454837925,0.2739946380697051,0.5633112582781461
0.2743772241992882,0.7978223212076259,0.9005361930294906,0.8325827814569537
0.24768683274021353,0.44073249195743713,0.7648793565683647,0.7753642384105959
0.34430604982206403,0.5545657015590209,0.04356568364611263,0.5843708609271525
0.801423487544484,0.26800296956199077,0.38096514745308313,0.13099337748344375
0.24555160142348742,0.5704033655035907,0.8615281501340484,0.6915231788079472
0.3838078291814946,0.542934917099732,0.5516085790884717,0.48158940397351024
0.6174377224199289,0.3209601583766428,0.21461126005361936,0.3960264900662258
0.8110320284697509,0.35065577827270644,0.5030831099195712,0.16132450331125803
0.7322064056939502,0.555060628557289,0.6339142091152814,0.32596026490066254
0.3649466192170818,0.3734224201930232,0.7284182305630029,0.4441059602649009
0.3455516014234875,0.4335560504825544,0.4372654155495979,0.475629139072848
0.2893238434163701,0.45731254639940744,0.7656836461126006,0.5442384105960265
0.8891459074733096,0.22444939371442985,0.5038873994638069,0.16768211920529819
0.32384341637010683,0.5459044790893373,0.7504021447721181,0.8271523178807945
0.6987544483985765,0.6864637465973793,0.3812332439678285,0.3492715231788077
0.6211743772241992,0.5654540955209129,0.8605898123324398,0.2772185430463576
0.347508896797153,0.41747092303885225,0.6675603217158177,0.4117880794701989
0.597864768683274,0.5129918337045289,0.41702412868632716,0.4125827814569538
0.2902135231316726,0.49616431576342634,0.7902144772117965,0.7479470198675502
0.347508896797153,0.41722345953971995,0.6927613941018766,0.379072847682119
0.801423487544484,0.2682504330611266,0.4033512064343164,0.19046357615894038
0.8085409252669037,0.4028705765899545,0.4215817694369974,0.16158940397350996
0.3354092526690391,0.6552833457065113,0.8009383378016086,0.5743046357615897
0.24857651245551593,0.47438752783964233,0.9061662198391423,0.9531125827814577
0.21850533807829187,0.5840138579559522,0.7737265415549599,0.5784105960264903
0.8793594306049822,0.4105419450631054,0.4134048257372654,0.22622516556291394
0.2530249110320284,0.4634991338777539,0.6445040214477213,0.6233112582781457
0.2893238434163701,0.4432071269487743,0.700402144772118,0.4950993377483446
0.7220640569395017,0.49987626825043563,0.793029490616622,0.3982781456953637
0.4638790035587188,0.341004701806483,0.7845844504021449,0.281854304635762
0.3377224199288257,0.5847562484533526,0.8199731903485257,0.7041059602649007
0.39982206405693943,0.2954714179658531,0.7458445040214479,0.5943046357615893
0.33096085409252674,0.5139816877010652,0.68029490616622,0.6398675496688737
0.6953736654804269,0.5030932937391768,0.4583109919571046,0.2627814569536424
0.801423487544484,0.2741895570403372,0.6971849865951742,0.1419867549668874
0.2807829181494662,0.8668646374659765,0.8252010723860592,0.8094039735099336
0.6565836298932383,0.451125958921061,0.7030831099195711,0.19483443708609283
0.3113879003558718,0.5261073991586258,0.6439678284182306,0.5672847682119198
0.42330960854092525,0.6961148230635992,0.40804289544235933,0.507814569536424
0.34003558718861204,0.8693392724573137,0.5819034852546918,0.604900662251656
0.22188612099644123,0.32293986636971184,0.9111260053619303,0.6825165562913913
0.9218861209964412,0.40509774808215937,0.4564343163538875,0.20264900662251684
0.8165480427046262,0.2976985894580544,0.9156836461126008,0.2913907284768209
0.6023131672597865,0.4865132392972029,0.4293565683646114,0.21284768211920468
0.7923487544483986,0.5575352635486261,0.8076407506702414,0.1949668874172188
0.2775800711743772,0.7324919574362809,0.9060321715817696,0.9080794701986754
0.23790035587188607,0.2833457065082925,0.7675603217158178,0.6596026490066222
0.6425266903914589,0.3845582776540475,0.6044235924932977,0.3100662251655635
0.8007117437722419,0.35931700074239004,0.6154155495978553,0.290198675496689
0.9284697508896796,0.4065825290769638,0.8597855227882039,0.26423841059602626
0.44893238434163707,0.5822816134620155,0.5436997319034853,0.44887417218543035
0.32580071174377223,0.4899777282850799,0.5987935656836463,0.726092715231788
0.5912811387900355,0.5221479831724842,0.726809651474531,0.3149668874172189
0.2749110320284698,0.541450136104924,0.8390080428954425,0.887152317880795
0.7309608540925266,0.41351150705271067,0.5142091152815014,0.10834437086092752
0.2501779359430605,0.8015342736946316,0.5793565683646114,0.6833112582781462
0.30213523131672604,0.6223707003217029,0.9475871313672923,0.6055629139072849
0.8145907473309607,0.38208364266271033,0.691152815013405,0.1772185430463571
0.591814946619217,0.5810442959663469,0.6142091152815012,0.3605298013245033
0.24768683274021353,0.4689433308586999,0.729892761394102,0.7447682119205297
0.2902135231316726,0.5082900272209869,0.7372654155495979,0.6478145695364237
0.6176156583629894,0.5701559020044549,0.4918230563002682,0.3427814569536425
0.2829181494661921,0.7183865379856478,0.7061662198391421,0.6174834437086094
0.6709964412811388,0.472160356347441,0.47908847184986597,0.29125827814569494
0.8172597864768684,0.38480574115318333,0.21635388739946387,0.145298013245033
0.6537366548042703,0.6701311556545448,0.707774798927614,0.4639735099337754
0.8451957295373665,0.2684978965602589,0.48109919571045584,0.17655629139072815
0.45231316725978643,0.3932195001237311,0.8915549597855228,0.3886092715231788
0.6181494661921708,0.4152437515466474,0.7934316353887401,0.4709933774834436
0.30213523131672604,0.6508290027221015,0.9415549597855228,0.6194701986754962
0.6181494661921708,0.42118287552586153,0.8253351206434316,0.44609271523178773
0.6181494661921708,0.44642415243751543,0.7109919571045578,0.40701986754966857
0.8939501779359428,0.605295718881468,0.39168900804289547,0.2752317880794708
0.2807829181494662,0.8215788171244753,0.7694369973190349,0.5749668874172187
0.24110320284697506,0.5805493689680787,0.8526809651474532,0.8200000000000003
0.3649466192170818,0.39123979213066207,0.9710455764075068,0.47284768211920536
0.588967971530249,0.6149467953476879,0.6655495978552279,0.3074172185430468
0.7754448398576511,0.3664934422172763,0.5630026809651476,0.1747019867549664
0.2973309608540925,0.2808710715169518,0.7060321715817697,0.8605298013245033
0.8830960854092526,0.29967829745112695,0.5915549597855227,0.16794701986754923
0.6752669039145908,0.5149715416976015,0.3487935656836461,0.26675496688741696
0.1850533807829181,0.6458797327394237,0.4337801608579089,0.6986754966887414
0.27224199288256223,0.6033160108883955,0.9538873994638071,0.5859602649006623
0.7855871886120996,0.45211581291759373,0.2959785522788205,0.14423841059602616
0.45231316725978643,0.3919821826280625,0.9072386058981234,0.3597350993377484
0.2893238434163701,0.5070527097253184,0.8672922252010726,0.5426490066225167
0.8793594306049822,0.41351150705271067,0.4205093833780161,0.24490066225165563
0.32580071174377223,0.49418460777035733,0.9175603217158179,0.693907284768212
0.6023131672597865,0.5023509032417763,0.49986595174262743,0.2442384105960267
0.7601423487544482,0.4496411779262566,0.6099195710455765,0.15245033112582718
0.24555160142348742,0.5778272704776057,0.704691689008043,0.6524503311258272
0.8007117437722419,0.34793367978223344,0.6367292225201073,0.2635761589403973
0.2973309608540925,0.28681019549616593,0.6603217158176944,0.8423841059602655
0.8145907473309607,0.45483791140806673,0.3652815013404826,0.1402649006622516
0.7316725978647688,0.29250185597624423,0.3477211796246649,0.2569536423841061
0.32153024911032024,0.43479336797822654,0.4349865951742628,0.3796026490066229
0.8258007117437721,0.3241771838653804,0.8743967828418233,0.1899337748344374
0.2715302491103202,0.5637218510269726,0.8257372654155497,0.7721854304635762
0.4101423487544483,0.3583271467458573,0.8304289544235928,0.33298013245033076
0.708540925266904,0.45978718139074815,0.28927613941018776,0.22158940397351046
0.8165480427046262,0.2724573125464005,0.8686327077747991,0.20397350993377472
0.33167259786476866,0.7379361544172269,0.8447721179624665,0.6629139072847678
0.8693950177935942,0.3860430586488519,0.4332439678284183,0.11443708609271486
0.32241992882562265,0.5882207374412296,0.6804289544235924,0.6372185430463579
0.7393238434163699,0.37936154417223733,0.4339142091152815,0.2683443708609268
0.7466192170818503,0.5194258846820112,0.17439678284182308,0.23417218543046392
0.25871886120996435,0.36154417223459845,0.8138069705093833,0.895099337748344
0.2540925266903915,0.4345459044790907,0.6513404825737266,0.7601324503311258
0.21583629893238432,0.4065825290769638,0.7404825737265417,0.7883443708609263
0.4946619217081849,0.5167037861915382,0.7668900804289545,0.5234437086092711
0.2829181494661921,0.6879485275921837,0.8923592493297587,0.6843708609271522
0.31619217081850537,0.5798069784706783,0.45563002680965153,0.6251655629139066
0.5567615658362989,0.6886909180895842,0.6072386058981234,0.47576158940397395
0.23380782918149468,0.5226429101707524,0.8316353887399464,0.9441059602649009
0.20106761565836295,0.8344469190794364,0.67828418230563,0.7939072847682116
0.4135231316725979,0.3264043553575888,0.8504021447721182,0.3883443708609269
0.6181494661921708,0.43974263796090085,0.7865951742627346,0.4094039735099342
0.8693950177935942,0.4075723830735001,0.904691689008043,0.2438410596026488
0.8177935943060496,0.33135362534026314,0.6714477211796248,0.23483443708609286
0.2069395017793595,0.32912645384806183,0.8548257372654156,0.588609271523179
0.6902135231316727,0.6968572135609996,0.5746648793565685,0.44609271523178773
0.3838078291814946,0.5219005196733519,0.29034852546916895,0.4052980132450337
0.6297153024911032,0.38208364266271033,0.7565683646112602,0.25390728476821156
0.7601423487544482,0.45483791140806673,0.6662198391420913,0.2072847682119212
0.27526690391459074,0.3694630042068816,0.9002680965147454,0.6948344370860928
0.3476868327402135,0.3736698836921555,0.6729222520107241,0.4305960264900657
0.68576512455516,0.5214055926750838,0.2766756032171583,0.3200000000000003
0.6859430604982205,0.47859440732491976,0.7733243967828418,0.36609271523178766
0.7074733096085409,0.573372927493196,0.2513404825737266,0.32026490066225133
0.7046263345195728,0.29670873546152166,0.31916890080428956,0.09298013245033054
0.3927046263345195,0.3954466716159395,0.37117962466487936,0.28953642384106004
0.9521352313167261,0.47438752783964233,0.6049597855227882,0.1556291390728477
0.34928825622775805,0.47290274684484146,0.6664879356568365,0.533377483443708
0.8939501779359428,0.6243504083147755,0.33672922252010723,0.22582781456953605
0.1749110320284697,0.6540460282108427,0.5816353887399464,0.7919205298013248
0.544661921708185,0.39792130660727665,0.8099195710455767,0.31099337748344347
0.6752669039145908,0.5765899529819372,0.74343163538874,0.45721854304635734
0.7327402135231317,0.2850779510022292,0.8026809651474531,0.2160264900662252
0.827224199288256,0.3887651571393249,0.7121983914209116,0.10768211920529769
0.3281138790035586,0.7493194753773835,0.5150134048257373,0.6161589403973506
0.21957295373665486,0.5426874536005961,0.6824396782841824,0.8005298013245028
0.24964412811387904,0.5300668151447674,0.7388739946380698,0.6439735099337751
0.3930604982206406,0.40435535758475893,0.7727882037533513,0.3968211920529807
0.5948398576512456,0.42662707250680754,0.6238605898123324,0.3699337748344371
0.7946619217081848,0.44518683494184685,0.43981233243967827,0.26132450331125856
0.40355871886120986,0.4021281860925541,0.9995978552278821,0.581192052980132
0.2523131672597865,0.35535758475624846,0.7638069705093835,0.6486092715231786
0.3314946619217082,0.688195991091316,0.9533512064343166,0.7140397350993375
0.6884341637010675,0.4724078198465733,0.6658176943699734,0.29192052980132477
0.7923487544483986,0.5533283840633523,0.7617962466487938,0.2388079470198674
0.8596085409252668,0.3556050482553843,0.8391420911528151,0.2405298013245032
0.22188612099644123,0.33209601583766357,0.9603217158176944,0.717350993377484
0.7999999999999997,0.37762929967829706,0.27386058981233247,0.15456953642384086
0.7532028469750888,0.3224449393714437,0.3487935656836461,0.12344370860927167
0.5976868327402135,0.5902004454342986,0.8693029490616622,0.4160264900662254
0.2775800711743772,0.7379361544172269,0.8891420911528152,0.8784105960264901
0.8090747330960854,0.3734224201930232,0.3537533512064344,0.14105960264900652
0.25782918149466194,0.4959168522642905,0.464745308310992,0.7537748344370865
0.346797153024911,0.5679287305122536,0.4615281501340483,0.6245033112582785
0.5149466192170817,0.6198960653303658,0.5103217158176945,0.5259602649006627
0.2702846975088967,0.5874783469438256,0.9997319034852548,0.6878145695364237
0.3418149466192171,0.3251670378619167,0.6163538873994638,0.35205298013245034
0.27526690391459074,0.4219252660232655,0.830697050938338,0.6650331125827815
0.8117437722419928,0.34966592427617016,0.9384718498659517,0.28503311258278075
0.5866548042704626,0.5164563226924059,0.3886058981233244,0.2719205298013243
0.8375444839857652,0.3541202672605799,0.5396782841823056,0.12980132450331094
0.6597864768683274,0.4486513239297203,0.5963806970509384,0.19668874172185458
0.2800711743772242,0.22370700321702586,0.43699731903485256,0.5226490066225171
0.6062277580071175,0.4224201930215301,0.5394101876675603,0.2695364238410596
0.4441281138790035,0.38406335065577935,0.6256032171581771,0.3299337748344371
0.45409252669039146,0.5617421430339036,0.840750670241287,0.4909933774834432
0.44893238434163707,0.5669388765157137,0.7424932975871315,0.5713907284768212
0.5843416370106761,0.6104924523632782,0.6534852546916892,0.3796026490066229
0.9026690391459075,0.3682256867112095,0.6579088471849868,0.3029139072847684
0.6884341637010675,0.4607770353872809,0.4786863270777481,0.25139072847682087
0.5567615658362989,0.6921554070774576,0.5959785522788204,0.45841059602649015
0.25978647686832745,0.4662212323682269,0.6998659517426273,0.677615894039735
0.23380782918149468,0.518436030685475,0.6273458445040214,0.8864900662251651
0.2829181494661921,0.6859688195991112,0.8809651474530833,0.7590728476821189
0.7601423487544482,0.5008661222469684,0.2561662198391422,0.23033112582781445
0.2727758007117437,0.5357584756248457,0.7025469168900804,0.6985430463576154
0.3314946619217082,0.7423904974016331,0.8001340482573727,0.5524503311258284
0.3314946619217082,0.7117050235090332,0.7454423592493298,0.4743046357615892
0.34733096085409254,0.6424152437515502,0.6449061662198392,0.5703311258278143
0.6902135231316727,0.7047760455332863,0.576005361930295,0.49642384105960247
0.5839857651245551,0.38208364266271033,0.934584450402145,0.2753642384105959
0.6055160142348753,0.5426874536005961,0.8009383378016086,0.273907284768212
0.8814946619217082,0.2667656520663222,0.6804289544235924,0.177086092715232
0.25978647686832745,0.8139074486513245,0.9416890080428957,0.7280794701986757
0.4638790035587188,0.3432318732986879,0.6533512064343163,0.2362913907284767
0.7453736654804269,0.6159366493442242,0.3845844504021448,0.2405298013245032
0.2829181494661921,0.3818361791635745,0.9705093833780161,0.6972185430463576
0.7637010676156583,0.1954961643157631,0.7478552278820376,0.2884768211920532
0.34003558718861204,0.8802276664192057,0.5951742627345844,0.5957615894039732
0.8350533807829182,0.43677307597129555,0.21394101876675614,0.28132450331125813
0.711387900355872,0.5003711952487038,0.3802949061662199,0.338543046357616
0.34733096085409254,0.6117297698589468,0.8648793565683648,0.5227814569536422
0.346797153024911,0.5268497896560262,0.8418230563002682,0.7784105960264895
0.351067615658363,0.5305617421430355,0.49101876675603223,0.4913907284768211
0.2852313167259787,0.6394456817619414,0.6829758713136731,0.6969536423841056
0.3263345195729538,0.5637218510269726,0.6218498659517426,0.6029139072847682
0.7677935943060498,0.3986636971046771,0.09919571045576414,0.14476821192053002
0.3279359430604982,0.5664439495174456,0.3635388739946381,0.5519205298013246
0.41921708185053386,0.43231873298688583,0.17037533512064346,0.4615894039735098
0.26174377224199286,0.49146250927988433,0.5096514745308312,0.9794701986754966
0.8145907473309607,0.4637465973768897,0.49839142091152827,0.18238410596026444
0.7640569395017792,0.6072754268745371,0.8328418230563004,0.27218543046357624
0.3838078291814946,0.5127443702053966,0.3680965147453084,0.3944370860927151
0.6055160142348753,0.5181885671863427,0.7904825737265417,0.31721854304635766
0.7836298932384341,0.2633011630784452,0.5513404825737265,0.06675496688741767
0.5064056939501779,0.5463994060876054,0.6379356568364611,0.5256953642384108
0.2734875444839857,0.6097500618658742,0.9103217158176944,0.588609271523179
0.8820284697508897,0.5194258846820112,0.35442359249329763,0.28158940397351007
0.36085409252669043,0.6735956446424183,0.7691689008042897,0.5209271523178804
0.43932384341637,0.31625835189309726,0.5861930294906168,0.29443708609271546
0.8375444839857652,0.3741648106904236,0.841554959785523,0.24847682119205228
0.3731316725978647,0.5043306112348453,0.9495978552278823,0.4100662251655631
0.6597864768683274,0.5181885671863427,0.837265415549598,0.3051655629139072
0.6389679715302491,0.6490967582281648,0.38150134048257384,0.3940397350993372
0.2850533807829182,0.7079930710220275,0.7223860589812334,0.790596026490066
0.3199288256227758,0.5120019797079962,0.7146112600536194,0.54887417218543
0.8683274021352311,0.36327641672853517,0.4643431635388741,0.15615894039735068
0.7532028469750888,0.3904974016332581,0.5647453083109919,0.26437086092715223
0.4754448398576512,0.3345706508290043,0.9990616621983917,0.41960264900662203
0.6177935943060496,0.6038109378866636,0.49731903485254686,0.3982781456953637
0.7629893238434161,0.40930462756743324,0.5131367292225202,0.08662251655629127
0.346797153024911,0.5270972531551621,0.6648793565683646,0.6042384105960261
0.2724199288256228,0.54689433308587,0.644638069705094,0.9117880794701989
0.754982206405694,0.4399901014600367,0.4002680965147453,0.31562913907284695
0.3480427046263346,0.7834694382578569,0.5916890080428956,0.5014569536423839
0.2622775800711744,0.5295718881464992,0.8147453083109921,0.6674172185430463
0.6215302491103202,0.5991091314031216,0.6844504021447724,0.4490066225165563
0.2644128113879003,0.341747092303887,0.8900804289544235,0.5494039735099339
0.6955516014234876,0.4944320712694896,0.16997319034852548,0.4092715231788082
0.34003558718861204,0.8641425389755,0.5894101876675604,0.6504635761589403
0.4209964412811388,0.36451373422420374,0.6067024128686327,0.24198675496688704
0.2715302491103202,0.6253402623113082,0.6449061662198392,0.7541721854304635
0.2745551601423487,0.32887899034892243,0.8954423592493299,0.5434437086092716
0.27224199288256223,0.5892105914377659,0.7518766756032174,0.5770860927152315
0.8638790035587188,0.2870576589952982,0.5706434316353888,0.14569536423841
0.3649466192170818,0.38010393466963777,0.9694369973190349,0.790066225165563
0.7220640569395017,0.45434298440980214,0.5292225201072387,0.2565562913907282
0.25355871886120995,0.7089829250185602,0.7026809651474533,0.8748344370860925
0.7635231316725978,0.3751546646869599,0.5753351206434318,0.19377483443708599
0.2934163701067616,0.5454095520910656,0.48002680965147454,0.6172185430463575
0.23274021352313157,0.5753526354862686,0.6674262734584451,0.8777483443708602
0.34733096085409254,0.6547884187082431,0.4505361930294907,0.5623841059602652
0.2880782918149466,0.2655283345706536,0.567426273458445,0.7329801324503311
0.8350533807829182,0.47389260084137774,0.3123324396782842,0.3373509933774841
0.6565836298932383,0.4392477109626327,0.3331099195710456,0.2090066225165561
0.34199288256227756,0.5817866864637473,0.7776139410187668,0.8157615894039738
0.8939501779359428,0.6122246968572149,0.3431635388739946,0.250066225165563
0.9163701067615658,0.11012125711457799,0.5010723860589812,0.14264900662251634
0.27330960854092523,0.7654046028210857,0.7987935656836462,0.8696688741721852
0.8007117437722419,0.35362534026231174,0.610455764075067,0.2860927152317885
0.4754448398576512,0.2855728780004938,0.9924932975871315,0.40543046357615875
0.28113879003558706,0.1759465478841875,0.747721179624665,0.5780132450331124
0.2724199288256228,0.635238802276664,0.6053619302949063,0.8752317880794696
0.37580071174377216,0.35758475624845687,0.7387399463806972,0.42529801324503325
0.28238434163701065,0.1630784459292265,0.8190348525469169,0.6168211920529796
0.4234875444839856,0.2853254145013615,0.1467828418230563,0.2541721854304635
0.2604982206405694,0.6221232368225706,0.5072386058981233,0.48781456953642355
0.5663701067615657,0.3823311061618426,0.38056300268096527,0.22066225165562958
0.5674377224199288,0.448403860430588,0.8679624664879357,0.3256953642384106
0.1841637010676157,0.5535758475624846,0.41541554959785526,0.6271523178807952
0.2768683274021353,0.7411531799059681,0.6746648793565684,0.5063576158940402
0.8774021352313167,0.5743627814897323,0.009919571045576447,0.1088741721854305
0.3855871886120996,0.5065577827270502,0.9727882037533513,0.5778807947019864
0.8341637010676154,0.4555803019054707,0.7068364611260056,0.16410596026490065
0.34430604982206403,0.54689433308587,0.14946380697050943,0.6006622516556295
0.22597864768683273,0.6914130165800572,0.7752010723860592,0.83841059602649
0.6033807829181496,0.47661469933185074,0.8556300268096515,0.43894039735099266
0.4259786476868327,0.2714674585498642,0.4985254691689009,0.24238410596026494
0.7788256227758005,0.18312298935907023,0.27761394101876685,0.1018543046357614
0.2800711743772242,0.22543924771096258,0.1750670241286863,0.39377483443708616
0.6612099644128114,0.592427616926507,0.505495978552279,0.4156291390728475
0.25782918149466194,0.49022519178421575,0.6223860589812331,0.7237086092715233
0.6332740213523133,0.540212818609259,0.3907506702412869,0.34211920529801265
0.5866548042704626,0.5097748082157914,0.34664879356568373,0.32052980132450326
0.3418149466192171,0.3917347191289302,0.6301608579088471,0.35456953642384104
0.2549822064056939,0.3454590447908963,0.7792225201072387,0.669139072847682
0.42437722419928825,0.5491215045780784,0.6734584450402146,0.4958940397350995
0.27935943060498225,0.6966097500618673,0.8583109919571048,0.9231788079470196
0.827224199288256,0.40336550358822265,0.6587131367292227,0.14569536423841
0.17989323843416372,0.6097500618658742,0.8176943699731904,0.911390728476821
0.1852313167259787,0.6265775798069804,0.5265415549597856,0.8283443708609273
0.3281138790035586,0.7488245483791154,0.6112600536193029,0.6084768211920526
0.8250889679715302,0.4179658500371204,0.7000000000000002,0.1982781456953644
0.9676156583629892,0.34719128928482945,0.4123324396782842,0.17986754966887375
0.3231316725978648,0.6869586735956474,0.5727882037533514,0.5074172185430461
0.8350533807829182,0.42662707250680754,0.33016085790884725,0.20463576158940366
0.6752669039145908,0.5822816134620155,0.6907506702412871,0.4487417218543044
0.7612099644128113,0.2954714179658531,0.40750670241286874,0.15801324503311243
0.3855871886120996,0.47958426132145604,0.8904825737265416,0.47920529801324463
0.45409252669039146,0.523880227666421,0.9990616621983917,0.4619867549668868
0.23167259786476868,0.7099727790150965,0.5719839142091154,0.7242384105960262
0.2523131672597865,0.4288542439990124,0.6162198391420912,0.5544370860927152
0.6798932384341637,0.4493937144271207,0.836461126005362,0.3807947019867548
0.8250889679715302,0.42538975501113896,0.7132707774798928,0.21218543046357574
0.8508896797153026,0.4790893343231879,0.6630026809651475,0.14251655629139037
0.8258007117437721,0.2937391734719128,0.8119302949061662,0.18821192052980162
0.3227758007117437,0.7104677060133646,0.7573726541554961,0.5803973509933771
0.2861209964412811,0.5493689680772107,0.820911528150134,0.8172185430463577
0.2923487544483986,0.3956941351150718,0.7495978552278821,0.483311258278146
0.848220640569395,0.5268497896560262,0.56514745308311,0.25801324503311296
0.6300711743772242,0.5929225439247716,0.6123324396782841,0.27046357615894046
0.27526690391459074,0.4372680029695637,0.7071045576407509,0.7226490066225164
0.836832740213523,0.1628309824300942,0.5711796246648795,0.1382781456953639
0.7158362989323844,0.49764909675823077,0.6136729222520108,0.250066225165563
0.6494661921708184,0.48230635981192904,0.5994638069705094,0.2968211920529802
0.6012455516014233,0.49814402375649536,0.39705093833780164,0.24688741721854246
0.3113879003558718,0.9351645632269268,0.7266756032171582,0.66251655629139
0.24110320284697506,0.5661964860183133,0.8947721179624666,0.8484768211920528
0.2923487544483986,0.6550358822073754,0.7038873994638071,0.7129801324503307
0.793238434163701,0.37243256619649046,0.5241286863270778,0.25350993377483366
0.5816725978647687,0.474882454837914,0.6528150134048258,0.32052980132450326
0.6998220640569394,0.34991338777530245,0.661662198391421,0.2711258278145694
0.299288256227758,0.213313536253402,0.9408847184986597,0.45298013245033086
0.6300711743772242,0.5884682009403619,0.5916890080428956,0.3080794701986749
0.28238434163701065,0.0,0.7832439678284182,0.5688741721854305
0.34199288256227756,0.5830240039594194,0.770911528150134,0.6312582781456957
0.5718861209964413,0.5327889136352404,0.7550938337801609,0.4374834437086097
0.45017793594306044,0.5073001732244506,0.7020107238605899,0.45721854304635734
0.4101423487544483,0.3890126206384572,0.6430294906166221,0.2586754966887419
0.6987544483985765,0.684731502103439,0.34517426273458457,0.3761589403973513
0.7569395017793595,0.3212076218757751,0.06407506702412874,0.06940397350993344
0.7629893238434161,0.34941846077703786,0.07278820375335121,0.17443708609271535
0.347508896797153,0.4385053204652323,0.8201072386058981,0.45178807947019894
0.4329181494661921,0.47859440732491976,0.5765415549597854,0.47377483443708535
0.7275800711743771,0.4177183865379881,0.790750670241287,0.25841059602648997
0.3199288256227758,0.49146250927988433,0.824128686327078,0.6429139072847683
0.3177935943060498,0.4731502103439773,0.6167560321715817,0.5792052980132452
0.6010676156583629,0.6028210838901273,0.6587131367292227,0.2968211920529802
0.7220640569395017,0.4860183122989383,0.7439678284182307,0.34543046357615825
0.3322064056939502,0.4662212323682269,0.8107238605898126,0.7137748344370856
0.346797153024911,0.5273447166542944,0.794235924932976,0.7741721854304631
0.7806049822064057,0.5003711952487038,0.15509383378016095,0.18728476821191986
0.7825622775800712,0.3679782232120772,0.38284182305630027,0.1762913907284771
0.6637010676156582,0.3652561247216042,0.6167560321715817,0.30238410596026455
0.32117437722419917,0.5657015590200452,0.43297587131367293,0.540397350993377
0.40160142348754446,0.24127691165553244,0.22117962466487945,0.19880794701986737
0.3261565836298932,0.6035634743875278,0.8879356568364611,0.7711258278145694
0.45231316725978643,0.39396189062113507,0.5014745308310993,0.314172185430464
0.6177935943060496,0.6174214303390286,0.6750670241286865,0.45205298013245
0.24555160142348742,0.5748577084880004,0.7549597855227883,0.6639735099337747
0.43451957295373667,0.3585746102449896,0.9986595174262736,0.4407947019867553
0.6955516014234876,0.539470428111855,0.34678284182305635,0.4312582781456955
0.33256227758007106,0.31922791388270255,0.5305630026809651,0.31231788079470135
0.28131672597864765,0.6585003711952488,0.4045576407506703,0.7331125827814571
0.7999999999999997,0.43949517446176856,0.5246648793565685,0.16980132450331098
0.5998220640569395,0.36723583271467675,0.8479892761394101,0.3083443708609277
0.6062277580071175,0.4157386785449191,0.4924932975871314,0.2701986754966894
0.8375444839857652,0.3625340262311312,0.6135388739946381,0.11258278145695311
0.299288256227758,0.5587725810442983,0.698927613941019,0.5900662251655628
0.3199288256227758,0.49542192526602236,0.8162198391420914,0.5954966887417221
0.2807829181494662,0.8582034149962894,0.8233243967828421,0.7937748344370856
0.5895017793594305,0.4679534768621636,0.9009383378016087,0.48450331125827795
0.30391459074733085,0.5317990596387041,0.9206434316353889,0.8117880794701984
0.30391459074733085,0.4865132392972029,0.6875335120643431,0.6161589403973506
0.683629893238434,0.5906953724325668,0.6493297587131368,0.39298013245033125
0.2870106761565836,0.6641920316753307,0.928016085790885,0.6249006622516555
0.6345195729537366,0.4204404850284611,0.7506702412868633,0.2727152317880801
0.6884341637010675,0.42811185350161196,0.6203753351206436,0.2592052980132449
0.33274021352313166,0.557782727047762,0.632573726541555,0.5227814569536422
0.24110320284697506,0.5785696609750062,0.8479892761394101,0.8189403973509934
0.2498220640569394,0.4909675822816162,0.8824396782841823,0.9055629139072847
0.2704626334519573,0.6471170502350923,0.33967828418230567,0.669933774834437
0.24857651245551593,0.4805741153179923,0.9071045576407508,0.9471523178807946
0.683629893238434,0.5736203909923319,0.3071045576407507,0.35006622516556263
0.827224199288256,0.4110368720613735,0.6596514745308311,0.2760264900662257
0.6430604982206406,0.4001484780994815,0.6328418230563002,0.22662251655629184
0.3048042704626335,0.4001484780994815,0.8226541554959788,0.8160264900662249
0.7535587188612097,0.2704776045533315,0.9400804289544236,0.2939072847682116
0.576512455516014,0.5835189309576876,0.6674262734584451,0.39721854304635773
0.5967971530249109,0.27938629052214736,0.6175603217158177,0.31973509933774835
0.25871886120996435,0.3853006681514515,0.960455764075067,0.9327152317880794
0.6229537366548042,0.37738183617916476,0.8955764075067025,0.2790728476821194
0.6902135231316727,0.6943825785696625,0.5714477211796247,0.3949668874172181
0.3261565836298932,0.5961395694135128,0.4882037533512064,0.5611920529801324
0.28540925266903905,0.8245483791140842,0.8514745308310994,0.8017218543046356
0.4544483985765124,0.5028458302400409,0.7965147453083112,0.5362913907284765
0.2790035587188612,0.8371690175699094,0.6932975871313674,0.7115231788079468
0.29483985765124554,0.5609997525364996,0.940348525469169,0.7764238410596027
0.41921708185053386,0.4231625835189341,0.12171581769437001,0.25973509933774874
0.1852313167259787,0.5555555555555571,0.5057640750670243,0.7366887417218546
0.22188612099644123,0.30091561494679553,0.9998659517426276,0.6913907284768213
0.2704626334519573,0.6104924523632782,0.5260053619302949,0.7764238410596027
0.801423487544484,0.351893095768375,0.8105898123324398,0.2347019867549669
0.7999999999999997,0.35758475624845687,0.47841823056300276,0.20887417218543014
0.8939501779359428,0.633259094283595,0.4089812332439679,0.26516556291390714
0.2829181494661921,0.6834941846077704,0.8800268096514745,0.710066225165563
0.8250889679715302,0.4251422915120031,0.6557640750670242,0.14304635761589424
0.2540925266903915,0.40633506557782795,0.7459785522788205,0.6219867549668878
0.5603202846975089,0.4828012868101972,0.7784182305630027,0.2992052980132449
0.29145907473309607,0.7003217025488766,0.4731903485254692,0.6831788079470194
0.6953736654804269,0.49146250927988433,0.49168900804289556,0.3394701986754969
0.28540925266903905,0.869586735956446,0.7965147453083112,0.7139072847682124
0.7914590747330962,0.24300915614946916,0.7768096514745311,0.11046357615894031
0.28131672597864765,0.6711210096510776,0.6646112600536194,0.9042384105960259
0.4638790035587188,0.46993318485523616,0.3247989276139411,0.3936423841059602
0.7601423487544482,0.5060628557287821,0.27654155495978555,0.21337748344370855
0.2540925266903915,0.4446919079435787,0.6497319034852547,0.7654304635761591
0.4638790035587188,0.4679534768621636,0.6222520107238607,0.3498013245033116
0.642170818505338,0.430091561494681,0.8851206434316354,0.29827814569536404
0.2838078291814947,0.1905468943330888,0.8924932975871316,0.8601324503311254
0.588967971530249,0.6142044048502875,0.7831099195710458,0.3496688741721856
0.7316725978647688,0.27171492204900005,0.7068364611260056,0.19549668874172177
0.286832740213523,0.523880227666421,0.6002680965147453,0.5476821192052981
0.658896797153025,0.33506557782726887,0.57171581769437,0.20635761589403945
0.4167259786476868,0.6310319227913901,0.6197050938337803,0.3821192052980136
0.26085409252669045,0.9606533036377165,0.5942359249329758,0.798278145695364
0.2498220640569394,0.45335313041326586,0.8754691689008045,0.8699337748344371
0.6211743772241992,0.6391982182628091,0.7867292225201072,0.28794701986754934
0.3137010676156584,0.36352388022766746,0.9209115281501343,0.6921854304635762
0.4889679715302492,0.2761692650334062,0.6487935656836461,0.38145695364238374
0.2201067615658362,0.7525365008661211,0.5020107238605898,0.6863576158940399
0.598220640569395,0.44790893343231986,0.7453083109919572,0.32013245033112625
0.7677935943060498,0.49987626825043563,0.7109919571045578,0.2396026490066232
0.8258007117437721,0.3345706508290043,0.5424932975871315,0.08754966887417215
0.8341637010676154,0.4555803019054707,0.8705093833780162,0.18476821192052917
0.8160142348754448,0.2538975501113576,0.43927613941018767,0.3013245033112577
0.29074733096085414,0.6443949517446192,0.7656836461126006,0.5704635761589403
0.2973309608540925,0.6189062113338295,0.7447721179624667,0.5150993377483442
0.6590747330960852,0.43801039346696413,0.7061662198391421,0.3364238410596032
0.7421708185053378,0.3103192279138831,0.7679624664879356,0.30728476821191997
0.4250889679715302,0.6921554070774576,0.510857908847185,0.4523178807947019
0.6215302491103202,0.6119772333580826,0.32801608579088476,0.3149668874172189
0.4441281138790035,0.38406335065577935,0.560857908847185,0.3174834437086096
0.5546263345195729,0.671863400148478,0.8184986595174264,0.42701986754966903
0.23380782918149468,0.4929472902746852,0.5993297587131368,0.8988079470198675
0.7064056939501778,0.5134867607027971,0.4049597855227883,0.26503311258278117
0.2870106761565836,0.6852264291017107,0.9473190348525471,0.7341721854304639
0.6140569395017793,0.646127196238556,0.784986595174263,0.3725827814569538
0.8613879003558716,0.25340262311309303,0.7041554959785525,0.12900662251655604
0.8350533807829182,0.3890126206384572,0.5949061662198392,0.16238410596026487
0.34003558718861204,0.8782479584261367,0.6115281501340484,0.5826490066225167
0.248932384341637,0.5362534026231138,0.7465147453083112,0.6675496688741722
0.6494661921708184,0.4929472902746852,0.9974530831099198,0.3560264900662249
0.33274021352313166,0.5874783469438256,0.75857908847185,0.4809271523178804
0.5948398576512456,0.5882207374412296,0.8399463806970511,0.4394701986754965
0.7921708185053379,0.34941846077703786,0.5726541554959785,0.17192052980132466
0.5457295373665481,0.6879485275921837,0.701206434316354,0.5143046357615892
0.2790035587188612,0.7713437268002963,0.8529490616621984,0.7211920529801326
0.7601423487544482,0.44221727295224156,0.3453083109919572,0.12860927152317903
0.31637010676156585,0.4842860678050016,0.649195710455764,0.8119205298013243
0.6128113879003557,0.573372927493196,0.6993297587131369,0.4688741721854308
0.3263345195729538,0.5570403365503616,0.47882037533512073,0.5827814569536418
0.3476868327402135,0.7310071764414765,0.8327077747989278,0.6445033112582781
0.8071174377224198,0.4187082405345208,0.532975871313673,0.27960264900662235
0.3261565836298932,0.5795595149715425,0.5778820375335121,0.6862251655629139
0.7946619217081848,0.4196980945310571,0.5071045576407507,0.2280794701986757
0.31120996441281135,0.4889878742885436,0.885254691689008,0.8042384105960263
0.8939501779359428,0.6194011383320976,0.33579088471849866,0.14463576158940405
0.25551601423487535,0.6233605543182392,0.518632707774799,0.6505960264900663
0.22989323843416376,0.5149715416976015,0.8808310991957105,0.653377483443708
0.1749110320284697,0.6357337292749357,0.9823056300268098,0.9303311258278146
0.8172597864768684,0.3932195001237311,0.2967828418230564,0.16860927152317906
0.34003558718861204,0.8955704033655039,0.6273458445040214,0.612847682119205
0.5610320284697509,0.47661469933185074,0.5587131367292224,0.266225165562914
0.33274021352313166,0.6344964117792635,0.6599195710455765,0.6027814569536423
0.27313167259786475,0.8101954961643187,0.7343163538873996,0.8335099337748346
0.7101423487544484,0.5060628557287821,0.31353887399463815,0.22993377483443744
0.3001779359430604,0.49517446176689006,0.605093833780161,0.5564238410596021
0.2572953736654804,0.5006186587478361,0.6945040214477214,0.6176158940397345
0.28451957295373664,0.3323434793367994,0.7640750670241288,0.6094039735099335
0.299288256227758,0.5718881464983916,0.7825737265415551,0.6132450331125829
0.253914590747331,0.3204652313783747,0.8357908847184987,0.6054304635761589
0.3496441281138789,0.5327889136352404,0.46353887399463817,0.4396026490066225
0.6012455516014233,0.5243751546646891,0.49718498659517424,0.3153642384105959
0.9284697508896796,0.4189557040336567,0.4353887399463808,0.15298013245033104
0.7788256227758005,0.23682256867112272,0.5723860589812333,0.1883443708609276
0.9284697508896796,0.4263796090076717,0.7159517426273458,0.1912582781456953
0.7453736654804269,0.6149467953476879,0.4841823056300269,0.18264900662251637
0.28647686832740216,0.6490967582281648,0.7734584450402147,0.7927152317880797
0.7135231316725977,0.518436030685475,0.8037533512064343,0.4585430463576161
0.9218861209964412,0.39767384310814435,0.4470509383378016,0.20291390728476788
0.3476868327402135,0.648849294729029,0.6867292225201074,0.6217218543046359
0.24964412811387904,0.49789656025736306,0.6525469168900804,0.6560264900662256
0.32669039145907464,0.4595397178916123,0.9561662198391423,0.701986754966887
0.5895017793594305,0.47438752783964233,0.8907506702412871,0.5064900662251652
0.27188612099644127,0.698341994555804,0.9072386058981234,0.7347019867549669
0.7999999999999997,0.3610492452363303,0.4215817694369974,0.19880794701986737
0.2644128113879003,0.3516456322692427,0.8686327077747991,0.7704635761589405
0.2160142348754448,0.4187082405345208,0.9343163538873995,0.7193377483443708
0.7790035587188612,0.4041078940856231,0.8432975871313675,0.1468874172185437
0.40391459074733094,0.5506062855728793,0.7274798927613941,0.4659602649006622
0.6177935943060496,0.6201435288295016,0.5382037533512063,0.4052980132450337
0.2775800711743772,0.7998020292006949,0.8734584450402145,0.8414569536423846
0.24857651245551593,0.4444444444444464,0.8886058981233245,0.9133774834437087
0.4544483985765124,0.4788418708240556,0.6067024128686327,0.44675496688741756
0.2622775800711744,0.5424399901014603,0.7580428954423593,0.6421192052980134
0.8234875444839856,0.2788913635238792,0.8260053619302952,0.257880794701987
0.24661921708185053,0.4909675822816162,0.7487935656836462,0.6940397350993379
0.27330960854092523,0.7569908438505344,0.701206434316354,0.8614569536423842
0.8288256227758005,0.4219252660232655,0.5009383378016086,0.19602649006622475
0.5880782918149464,0.5152190051967374,0.603887399463807,0.27178807947019834
0.6300711743772242,0.6119772333580826,0.6658176943699734,0.29125827814569494
0.6313167259786477,0.6337540212818631,0.766353887399464,0.3638410596026489
0.5686832740213522,0.4761197723335826,0.29383378016085787,0.2976158940397351
0.37099644128113873,0.448403860430588,0.42855227882037544,0.3009271523178807
0.7322064056939502,0.5540707745607527,0.7398123324396784,0.3679470198675503
0.8177935943060496,0.24003959415986387,0.6852546916890083,0.21655629139072818
0.28647686832740216,0.6654293491709993,0.7774798927613942,0.8086092715231787
0.2870106761565836,0.6683989111606046,0.8400804289544237,0.645827814569536
0.2861209964412811,0.5540707745607527,0.7770777479892763,0.7472847682119204
0.252135231316726,0.3489235337787697,0.504289544235925,0.48781456953642355
0.5064056939501779,0.5859935659490247,0.5081769436997319,0.5793377483443711
0.6430604982206406,0.40163325909428593,0.5689008042895443,0.250066225165563
0.8177935943060496,0.33407572383073614,0.7510723860589814,0.19854304635761544
0.7327402135231317,0.27072506805246377,0.3684986595174263,0.1509933774834442
0.8341637010676154,0.44518683494184685,0.4936997319034853,0.15218543046357613
0.8172597864768684,0.3704528582034179,0.5016085790884719,0.22397350993377518
0.2743772241992882,0.7651571393219498,0.836461126005362,0.6584105960264903
0.21583629893238432,0.4417223459539734,0.8403485254691689,0.8205298013245033
0.9284697508896796,0.4154912150457797,0.851608579088472,0.18317880794701935
0.22188612099644123,0.3068547389260097,0.9987935656836462,0.7072847682119212
0.32580071174377223,0.466716159366495,0.9349865951742629,0.6341721854304634
0.2727758007117437,0.5684236575105182,0.7573726541554961,0.7128476821192047
0.29466192170818506,0.9482801286810236,0.5241286863270778,0.6377483443708609
0.5976868327402135,0.5798069784706783,0.85857908847185,0.4056953642384107
0.8873665480427045,0.451125958921061,0.39477211796246653,0.28503311258278075
0.2571174377224199,0.6263301163078481,0.8096514745308312,0.8403973509933769
0.30925266903914594,0.8173719376392015,0.7239946380697051,0.7217218543046355
0.7999999999999997,0.3865379856471165,0.27037533512064343,0.1353642384105962
0.24768683274021353,0.42662707250680754,0.7513404825737267,0.7585430463576159
0.3603202846975089,0.5137342242019329,0.6482573726541556,0.4986754966887421
0.2829181494661921,0.38579559514971606,0.9699731903485256,0.7992052980132449
0.2749110320284698,0.8139074486513245,0.8967828418230563,0.8945695364238411
0.7640569395017792,0.6221232368225706,0.7500000000000002,0.22331125827814535
0.8508896797153026,0.47859440732491976,0.4737265415549598,0.12688741721854235
0.3322064056939502,0.4308339519920814,0.8262734584450404,0.7207947019867547
0.6850533807829181,0.6708735461519453,0.526407506702413,0.35814569536423857
0.6923487544483985,0.46572630536995874,0.936058981233244,0.32927152317880815
0.7327402135231317,0.42687453600593983,0.314343163538874,0.26145695364238364
0.351067615658363,0.529324424647367,0.4309651474530832,0.5087417218543049
0.32669039145907464,0.4563226924028747,0.9659517426273461,0.6992052980132453
0.7138790035587189,0.6594902251917851,0.6841823056300269,0.3919205298013244
0.7327402135231317,0.43033902499381327,0.26863270777479903,0.2140397350993375
0.2829181494661921,0.685473892600843,0.8884718498659518,0.7272847682119208
0.7706405693950177,0.34224201930215514,0.7040214477211797,0.31562913907284695
0.8177935943060496,0.37441227418955947,0.7139410187667561,0.1796026490066227
0.6389679715302491,0.6473645137342245,0.43793565683646113,0.39139072847682144
0.7891459074733095,0.3994060876020811,0.518632707774799,0.18264900662251637
0.37580071174377216,0.35362534026231174,0.7719839142091154,0.42119205298013274
0.24964412811387904,0.5290769611482311,0.5662198391420912,0.6023841059602653
0.30177935943060497,0.5798069784706783,0.7457104557640752,0.5668874172185427
0.93576512455516,0.41276911655531023,0.6836461126005364,0.18317880794701935
0.3227758007117437,0.7040336550358859,0.6388739946380697,0.5356291390728476
0.5880782918149464,0.5115070527097245,0.6069705093833782,0.31099337748344347
0.7494661921708184,0.41623360554318367,0.4222520107238607,0.266490066225165
0.7135231316725977,0.5424399901014603,0.1745308310991957,0.32052980132450326
0.22508896797153022,0.7359564464241544,0.5848525469168901,0.5741721854304638
0.5546263345195729,0.6765652066320236,0.5963806970509384,0.4739072847682122
0.24928825622775797,0.6778025241276922,0.6111260053619305,0.8846357615894043
0.2523131672597865,0.45978718139074815,0.8619302949061662,0.6352317880794702
0.755693950177936,0.40336550358822265,0.4045576407506703,0.09748344370860895
0.4638790035587188,0.42489482801286726,0.7805630026809653,0.4826490066225162
0.8145907473309607,0.46028210838901273,0.3272117962466488,0.16317880794701978
0.22775800711743766,0.5117545162088604,0.7168900804289546,0.7239735099337752
0.6081850533807828,0.2754268745360058,0.669436997319035,0.22940397350993358
0.32384341637010683,0.49690670626083033,0.4505361930294907,0.6501986754966893
0.2653024911032029,0.4441969809453141,0.7517426273458445,0.9117880794701989
0.5660142348754448,0.47191289284830873,0.8327077747989278,0.4292715231788078
0.31637010676156585,0.4790893343231879,0.714745308310992,0.7923178807947018
0.4889679715302492,0.3360554318238087,0.2951742627345844,0.32357615894039693
0.154270462633452,0.6421677802524144,0.6601876675603218,0.8407947019867548
0.5976868327402135,0.6208859193269021,0.6738605898123324,0.29324503311258265
0.6425266903914589,0.40534521158129166,0.785656836461126,0.20609271523178752
0.6128113879003557,0.550358822073747,0.7191689008042896,0.43311258278145637
0.2893238434163701,0.5221479831724842,0.9445040214477212,0.5907284768211918
0.904626334519573,0.32590942835931713,0.5840482573726542,0.23245033112582814
0.7870106761565837,0.3877753031427851,0.719034852546917,0.2243708609271522
0.4167259786476868,0.6963622865627315,0.8146112600536193,0.43721854304635777
0.5256227758007117,0.5976243504083172,0.7005361930294907,0.4721854304635764
0.27313167259786475,0.5911902994308349,0.5926273458445039,0.6192052980132452
0.8341637010676154,0.4568176194011393,0.6955764075067026,0.18635761589403987
0.2879003558718861,0.6693887651571409,0.6477211796246649,0.7521854304635767
0.2702846975088967,0.31749566938876583,0.9785522788203755,0.6915231788079472
0.27188612099644127,0.6849789656025749,0.789946380697051,0.6966887417218546
0.3113879003558718,0.5609997525364996,0.7900804289544237,0.669271523178808
0.20960854092526693,0.48874041078941133,0.6757372654155498,0.7139072847682124
0.8172597864768684,0.38109378866617405,0.5831099195710456,0.22211920529801255
0.791103202846975,0.41351150705271067,0.34839142091152814,0.24476821192052967
0.8683274021352311,0.44048502845830484,0.44571045576407514,0.2115231788079468
0.32758007117437726,0.4790893343231879,0.6865951742627348,0.4788079470198676
0.8263345195729536,0.445681761940115,0.505495978552279,0.22701986754966885
0.3418149466192171,0.35882207374412545,0.4089812332439679,0.3099337748344375
0.31032028469750883,0.5001237317495679,0.6691689008042896,0.5320529801324501
0.37099644128113873,0.432813659985154,0.8001340482573727,0.37721854304635727
0.4544483985765124,0.4964117792625622,0.7660857908847185,0.5145695364238412
0.2704626334519573,0.6243504083147755,0.5218498659517425,0.7364238410596027
0.7640569395017792,0.5770848799802053,0.30415549597855235,0.153112582781457
0.748932384341637,0.5627319970304399,0.4227882037533513,0.20145695364238403
0.26085409252669045,0.9510022271714931,0.7041554959785525,0.7629139072847684
0.2775800711743772,0.7572383073496667,0.7793565683646113,0.7687417218543047
0.4167259786476868,0.6065330363771366,0.7634048257372656,0.41496688741721854
0.28131672597864765,0.6753278891363514,0.6288203753351207,0.846887417218543
0.8507117437722419,0.43033902499381327,0.370911528150134,0.145298013245033
0.6709964412811388,0.4622618163820853,0.8238605898123326,0.3025165562913914
0.34003558718861204,0.8829497649096751,0.605093833780161,0.6132450331125829
0.8085409252669037,0.4261321455085394,0.5470509383378017,0.15801324503311243
0.28131672597864765,0.656273199703044,0.4361930294906167,0.7267549668874169
0.2893238434163701,0.552338530066816,0.9517426273458447,0.5774834437086094
0.23701067615658356,0.6221232368225706,0.7116621983914211,0.8796026490066229
0.2498220640569394,0.4649839148725583,0.8884718498659518,0.8286092715231783
0.2501779359430605,0.7899034892353392,0.63029490616622,0.8180132450331126
0.7064056939501778,0.49987626825043563,0.339946380697051,0.26807947019867573
0.8263345195729536,0.44493937144271456,0.5167560321715818,0.20609271523178752
0.3930604982206406,0.41994555803019296,0.8193029490616623,0.41377483443708574
0.8197508896797153,0.4607770353872809,0.4426273458445041,0.31019867549668856
0.8873665480427045,0.44048502845830484,0.6286863270777479,0.31152317880794644
0.8375444839857652,0.3583271467458573,0.5812332439678285,0.11417218543046381
0.9375444839857651,0.4271219995050757,0.8664879356568367,0.13629139072847707
0.7612099644128113,0.27468448403860535,0.6946380697050938,0.06635761589403977
0.2788256227758007,0.6978470675575394,0.5282841823056301,0.8135099337748342
0.8071174377224198,0.41747092303885225,0.6410187667560321,0.21099337748344382
0.7608540925266903,0.4966592427616945,0.39048257372654155,0.1978807947019865
0.29466192170818506,0.9334323187329865,0.5028150134048257,0.5919205298013246
0.7185053380782916,0.4454342984409827,0.28096514745308315,0.20291390728476788
0.2807829181494662,0.8745360059391274,0.8365951742627347,0.7621192052980135
0.4234875444839856,0.30784459292254596,0.28378016085790886,0.2690066225165566
0.6024911032028469,0.5075476367235829,0.7320375335120646,0.33761589403973513
0.7330960854092526,0.4154912150457797,0.527882037533512,0.2049006622516556
0.7601423487544482,0.4583024003959437,0.5599195710455764,0.169271523178808
0.4544483985765124,0.4733976738431096,0.8041554959785524,0.47867549668874165
0.8110320284697509,0.3585746102449896,0.36782841823056306,0.16490066225165556
0.641459074733096,0.47265528334570917,0.2636729222520107,0.4316556291390734
0.8830960854092526,0.36723583271467675,0.7631367292225202,0.2384105960264895
0.7939501779359431,0.5050730017322458,0.3963806970509384,0.12715231788079517
0.23523131672597863,0.5572878000494939,0.6415549597855228,0.5460927152317883
0.3603202846975089,0.5228903736698847,0.6722520107238605,0.48278145695364216
0.48736654804270463,0.8158871566443935,0.5302949061662199,0.5901986754966888
0.7629893238434161,0.4154912150457797,0.5242627345844504,0.07933774834437113
0.2738434163701068,0.5731254639940602,0.7414209115281503,0.6919205298013242
0.6797153024911032,0.5073001732244506,0.5564343163538874,0.29324503311258265
0.2784697508896796,0.6490967582281648,0.9762734584450403,0.6031788079470202
0.5948398576512456,0.4177183865379881,0.704691689008043,0.31894039735099344
0.6211743772241992,0.6451373422420232,0.6308310991957105,0.27298013245033115
0.6923487544483985,0.49344221727295334,0.4466487935656837,0.23324503311258304
0.3434163701067615,0.5743627814897323,0.915951742627346,0.5441059602649005
0.34199288256227756,0.5820341499628796,0.7195710455764075,0.838145695364239
0.5843416370106761,0.6018312298935946,0.5520107238605898,0.35337748344370823
0.23167259786476868,0.7394209354120278,0.646916890080429,0.7241059602649011
0.28113879003558706,0.6342489482801312,0.8522788203753353,0.6251655629139066
0.7891459074733095,0.4209354120267257,0.5945040214477211,0.26715231788079485
0.25551601423487535,0.2157881712447427,0.4257372654155496,0.467814569536424
0.7016014234875446,0.6201435288295016,0.6788203753351207,0.39721854304635773
0.3649466192170818,0.4142538975501111,0.922520107238606,0.7867549668874174
0.28861209964412804,0.6401880722593418,0.8324396782841823,0.5852980132450325
0.2743772241992882,0.7884187082405347,0.9491957104557642,0.7686092715231787
0.5948398576512456,0.4189557040336567,0.6487935656836461,0.3178807947019866
0.755693950177936,0.40732491957436423,0.5126005361930295,0.29496688741721844
0.20195729537366547,0.7121999505073013,0.735656836461126,0.7098013245033119
0.8177935943060496,0.3004206879485274,0.42305630026809654,0.17655629139072815
0.5686832740213522,0.4830487503093295,0.6695710455764077,0.38847682119205285
0.347508896797153,0.4083147735709005,0.6585790884718499,0.3336423841059597
0.2645907473309608,0.6481069042316285,0.8168900804289545,0.7369536423841057
0.2807829181494662,0.8069784706755776,0.8844504021447723,0.7059602649006624
0.8830960854092526,0.354615194258848,0.790750670241287,0.2947019867549665
0.7535587188612097,0.3073496659242778,0.6915549597855231,0.3439735099337753
0.7601423487544482,0.4444444444444464,0.31957104557640753,0.10701986754966875
0.5718861209964413,0.5518436030685514,0.4565683646112601,0.3443708609271523
0.7806049822064057,0.49789656025736306,0.22171581769437004,0.21258278145695364
0.8565836298932384,0.45731254639940744,0.8434316353887401,0.27708609271523166
0.25355871886120995,0.6033160108883955,0.7949061662198393,0.8200000000000003
0.8508896797153026,0.47809948032665517,0.4831099195710456,0.09218543046357652
0.7999999999999997,0.3509032417718423,0.6545576407506704,0.2268874172185429
0.5816725978647687,0.49517446176689006,0.8312332439678285,0.36649006622516556
0.23594306049822056,0.5879732739420938,0.5623324396782843,0.5605298013245035
0.2704626334519573,0.7230883444691933,0.6357908847184985,0.7211920529801326
0.6128113879003557,0.59514971541698,0.6888739946380698,0.4201324503311259
0.6211743772241992,0.6245978718139078,0.6001340482573727,0.25509933774834437
0.7532028469750888,0.30710220242514197,0.3337801608579089,0.06556291390728486
0.6998220640569394,0.3318485523385313,0.3770777479892761,0.2041059602649007
0.6713523131672597,0.6530561742143028,0.7034852546916892,0.3886092715231788
0.32651245551601427,0.8101954961643187,0.8731903485254693,0.6475496688741718
0.748932384341637,0.5379856471170505,0.45898123324396783,0.2541721854304635
0.7535587188612097,0.30066815144766323,0.7619302949061664,0.32172185430463607
0.299288256227758,0.550358822073747,0.661260053619303,0.6025165562913903
0.576512455516014,0.6171739668398928,0.5493297587131369,0.4247682119205294
0.755693950177936,0.4058401385795598,0.47895442359249335,0.22821192052980166
0.7322064056939502,0.5619896065330394,0.1144772117962467,0.19258278145695407
0.7788256227758005,0.23632764167285458,0.8057640750670243,0.07788079470198639
0.24768683274021353,0.549616431576343,0.6887399463806971,0.6491390728476816
0.30213523131672604,0.6213808463251702,0.9529490616621985,0.5210596026490073
0.33274021352313166,0.599851521900522,0.6919571045576409,0.4536423841059598
0.8293594306049822,0.3887651571393249,0.7197050938337803,0.19470198675496686
0.49003558718861207,0.5716406829992593,0.5439678284182305,0.5211920529801324
0.2893238434163701,0.46844840386043174,0.7718498659517428,0.4904635761589402
0.4793594306049821,0.35906953724325774,0.48900804289544236,0.25152317880794683
0.2160142348754448,0.5006186587478361,0.686058981233244,0.6874172185430467
0.2800711743772242,0.22197475872308914,0.29423592493297585,0.47920529801324463
0.9231316725978645,0.3825785696609785,0.7154155495978554,0.17788079470198692
0.8071174377224198,0.41450136104924695,0.5522788203753353,0.23125827814569533
0.5064056939501779,0.5627319970304399,0.5029490616621983,0.5152317880794701
0.6987544483985765,0.690175699084385,0.5518766756032172,0.38516556291390724
0.7466192170818503,0.5167037861915382,0.5242627345844504,0.23973509933774828
0.7772241992882564,0.4058401385795598,0.40442359249329757,0.29112582781456986
0.8830960854092526,0.232368225686713,0.45844504021447724,0.21867549668874187
0.2788256227758007,0.7134372680029735,0.5978552278820375,0.8588079470198675
0.8110320284697509,0.3625340262311312,0.3166219839142092,0.19801324503311246
0.28131672597864765,0.6134620143528835,0.7126005361930297,0.6676821192052982
0.3496441281138789,0.47859440732491976,0.5487935656836462,0.41086092715231715
0.8633451957295372,0.31625835189309726,0.3072386058981233,0.23655629139072865
0.5603202846975089,0.4508784954219287,0.5211796246648794,0.30066225165562876
0.37580071174377216,0.36055431823806217,0.8959785522788206,0.5601324503311256
0.34288256227758007,0.29299678297451237,0.7093833780160859,0.467814569536424
0.4946619217081849,0.5025983667409086,0.7679624664879356,0.48569536423841075
0.27419928825622775,0.4682009403612959,0.8557640750670243,0.7810596026490071
0.5612099644128113,0.34991338777530245,0.7218498659517427,0.2801324503311262
0.30106761565836304,0.3845582776540475,0.8044235924932976,0.8541721854304631
0.7439501779359431,0.3568423657510529,0.5495978552278822,0.2354966887417218
0.2790035587188612,0.8104429596634546,0.5076407506702414,0.47615894039735096
0.7923487544483986,0.5513486760702797,0.6951742627345845,0.18821192052980162
0.3649466192170818,0.47389260084137774,0.9096514745308313,0.8242384105960268
0.7569395017793595,0.33283840633506756,0.569436997319035,0.266225165562914
0.8451957295373665,0.28136599851521993,0.5907506702412868,0.19086092715231828
0.7850533807829182,0.4493937144271207,0.8036193029490619,0.3778807947019871
0.28113879003558706,0.7117050235090332,0.6730563002680965,0.532185430463576
0.3199288256227758,0.5991091314031216,0.753485254691689,0.5841059602649006
0.8295373665480427,0.3266518188567211,0.9092493297587132,0.18344370860927128
0.31619217081850537,0.5572878000494939,0.37010723860589817,0.6172185430463575
0.32758007117437726,0.4469190794357871,0.20428954423592488,0.3415894039735097
0.8007117437722419,0.3402623113090826,0.4726541554959786,0.14569536423841
0.7754448398576511,0.3568423657510529,0.5821715817694371,0.07735099337748341
0.24110320284697506,0.6196486018312299,0.7760053619302951,0.7147019867549673
0.6024911032028469,0.5021034397426369,0.47613941018766753,0.3009271523178807
0.8288256227758005,0.36624597871814046,0.5711796246648795,0.13509933774834426
0.8576512455516013,0.33655035882207684,0.3419571045576408,0.2652980132450331
0.5912811387900355,0.5256124721603577,0.8900804289544235,0.3124503311258282
0.4544483985765124,0.5033407572383091,0.7569705093833781,0.5282119205298015
0.27313167259786475,0.5555555555555571,0.7876675603217158,0.6826490066225164
0.2852313167259787,0.653551101212571,0.6520107238605899,0.7267549668874169
0.8809608540925268,0.3984162336055448,0.41581769436997323,0.16450331125827855
0.2653024911032029,0.3056174214303411,0.8272117962466488,0.7809271523178811
0.6140569395017793,0.47438752783964233,0.4487935656836461,0.370860927152318
0.34733096085409254,0.6486018312298967,0.5514745308310993,0.5879470198675492
0.3496441281138789,0.5179411036872104,0.5707774798927614,0.42317880794701956
0.6313167259786477,0.6498391487255653,0.6155495978552279,0.24278145695364195
0.686476868327402,0.4917099727790166,0.9072386058981234,0.32145695364238414
0.6430604982206406,0.4085622370700328,0.30924932975871317,0.2031788079470198
0.6023131672597865,0.48205889631279675,0.5504021447721181,0.23125827814569533
0.5603202846975089,0.4459292254392473,0.7871313672922253,0.2625165562913905
0.7261565836298932,0.41722345953971995,0.6313672922252012,0.3211920529801322
0.28861209964412804,0.6582529076961166,0.814343163538874,0.6064900662251658
0.583629893238434,0.6018312298935946,0.564343163538874,0.4313907284768206
0.8576512455516013,0.34669636228656486,0.9880697050938338,0.17695364238410605
0.3649466192170818,0.40707745607523194,0.9701072386058984,0.4715231788079475
0.583629893238434,0.635981192774068,0.6924932975871314,0.50794701986755
0.3001779359430604,0.5006186587478361,0.5604557640750671,0.5515231788079467
0.5149466192170817,0.5837663944568199,0.7201072386058982,0.6307284768211918
0.43540925266903907,0.38208364266271033,0.9335120643431636,0.6352317880794702
0.3476868327402135,0.37020539470428204,0.7136729222520108,0.44940397350993333
0.6010676156583629,0.6015837663944588,0.7419571045576407,0.25854304635761594
0.5925266903914589,0.4471665429349194,0.7843163538873994,0.4380132450331127
0.8117437722419928,0.31625835189309726,0.9312332439678286,0.2814569536423841
0.793238434163701,0.3113090819104194,0.46782841823056304,0.22013245033112572
0.9026690391459075,0.34793367978223344,0.5411528150134051,0.1953642384105958
0.29145907473309607,0.6946300420687983,0.4857908847184987,0.7045033112582777
0.30106761565836304,0.38307349665924306,0.8997319034852549,0.7246357615894041
0.0,0.4102944815639731,0.999195710455764,0.6707284768211919
0.93576512455516,0.42687453600593983,0.5416890080428955,0.15046357615894035
0.2829181494661921,0.6849789656025749,0.8809651474530833,0.7533774834437086
0.4754448398576512,0.21999505073001657,0.9990616621983917,0.370463576158941
0.7870106761565837,0.3934669636228669,0.640348525469169,0.2516556291390728
0.5976868327402135,0.6013363028953265,0.411260053619303,0.26185430463576154
0.24768683274021353,0.5854986389507566,0.887265415549598,0.8034437086092714
0.93576512455516,0.6072754268745371,0.6407506702412868,0.22980132450331148
0.6987544483985765,0.6872061370947797,0.39369973190348534,0.3484768211920528
0.7629893238434161,0.4001484780994815,0.5522788203753353,0.10198675496688736
0.5895017793594305,0.4555803019054707,0.7005361930294907,0.33417218543046356
0.2603202846975089,0.34966592427617016,0.6954423592493297,0.5919205298013246
0.2964412811387901,0.13313536253402702,0.9860589812332441,0.6874172185430467
0.252135231316726,0.3808463251670382,0.5805630026809652,0.4809271523178804
0.28131672597864765,0.656273199703044,0.4361930294906167,0.7267549668874169
0.27313167259786475,0.6203909923286339,0.586461126005362,0.5981456953642388
0.686476868327402,0.6060381093788685,0.41032171581769444,0.3356291390728483
0.6023131672597865,0.4607770353872809,0.8226541554959788,0.2647682119205301
0.8873665480427045,0.44518683494184685,0.32024128686327086,0.24860927152317824
0.18167259786476864,0.8470675575352615,0.7406166219839143,0.9058278145695358
0.6955516014234876,0.3994060876020811,0.4853887399463808,0.4247682119205294
0.2160142348754448,0.5491215045780784,0.6407506702412868,0.7165562913907282
0.3480427046263346,0.7738183617916405,0.8160857908847186,0.5544370860927152
0.6565836298932383,0.45731254639940744,0.8596514745308312,0.3088741721854298
0.6934163701067614,0.456570155902007,0.7438337801608579,0.2743046357615899
0.46156583629893233,0.544172234595397,0.8383378016085792,0.459337748344371
0.7101423487544484,0.5043306112348453,0.3424932975871314,0.2682119205298008
0.2784697508896796,0.7515466468695884,0.9643431635388742,0.7129801324503307
0.7637010676156583,0.2407819846572643,0.6167560321715817,0.426622516556292
0.23487544483985767,0.5845087849542203,0.5424932975871315,0.8501986754966886
0.2160142348754448,0.3875278396436528,0.9966487935656838,0.6895364238410595
0.43932384341637,0.315268497896561,0.7083109919571047,0.31059602649006557
0.7453736654804269,0.6156891858450884,0.5443699731903486,0.17814569536423797
0.2498220640569394,0.26726057906459033,0.8892761394101878,0.7295364238410595
0.7914590747330962,0.32838406335065784,0.7671581769436999,0.24900662251655614
0.5663701067615657,0.38851769364018907,0.34235924932975875,0.21125827814569487
0.641459074733096,0.48403860430586576,0.4194369973190349,0.3747019867549666
0.8693950177935942,0.36055431823806217,0.3178284182305631,0.15549668874172173
0.2645907473309608,0.6070279633754012,0.8672922252010726,0.8471523178807949
0.4412811387900355,0.4610244988864167,0.9939678284182305,0.41364238410596066
0.299288256227758,0.5528334570650841,0.6548257372654156,0.6043708609271521
0.30391459074733085,0.5295718881464992,0.9178284182305632,0.8049006622516552
0.9284697508896796,0.3862905221479842,0.7626005361930297,0.20026490066225122
0.2498220640569394,0.46003464488988044,0.8689008042895443,0.8486092715231788
0.6690391459074733,0.6733481811432824,0.5130026809651476,0.338145695364239
0.7309608540925266,0.4550853749072026,0.4765415549597855,0.30397350993377437
0.7999999999999997,0.3543677307597157,0.5534852546916891,0.25602649006622435
0.7870106761565837,0.37936154417223733,0.7395442359249331,0.18158940397351042
0.6537366548042703,0.669883692155409,0.7832439678284182,0.40794701986754944
0.6590747330960852,0.42959663449641283,0.6651474530831101,0.33165562913907287
0.4352313167259786,0.5590200445434306,0.40536193029490614,0.4495364238410593
0.7637010676156583,0.29992576095025925,0.660455764075067,0.3258278145695366
0.28861209964412804,0.6933927245731262,0.8416890080428954,0.5985430463576158
0.2622775800711744,0.5609997525364996,0.7624664879356569,0.6233112582781457
0.4329181494661921,0.5226429101707524,0.8772117962466488,0.5267549668874167
0.2459074733096085,0.7616926503340764,0.5525469168900805,0.653774834437086
0.8713523131672597,0.4956693887651582,0.1463806970509383,0.12331125827814571
0.7845195729537365,0.5189309576837431,0.4936997319034853,0.20503311258278156
0.6612099644128114,0.6023261568918592,0.5671581769436997,0.43735099337748284
