Global_reactive_power,Voltage,Sub_metering_1,Sub_metering_2,Sub_metering_3,Global_active_power
0.08295964125560537,0.5232907588279474,0.0,0.0,0.6,0.1682817300874498
0.2959641255605381,0.7235161532682177,0.0,0.025974025974025976,0.0,0.03497991018671709
0.3363228699551569,0.5112697220135214,0.0,0.012987012987012988,0.03333333333333333,0.06405105176081305
0.22421524663677128,0.3561232156273473,0.0,0.0,0.0,0.023871425194989367
0.060538116591928245,0.6652892561983457,0.0,0.0,0.6,0.15291893169463486
0.28475336322869954,0.5747558226897045,0.0,0.012987012987012988,0.0,0.024344126683999052
0.07623318385650224,0.6867017280240404,0.0,0.0,0.03333333333333333,0.013944693925785867
0.30269058295964124,0.481217129977459,0.0,0.0,0.9666666666666667,0.2547861025762231
0.13452914798206275,0.8640120210368138,0.0,0.025974025974025976,0.0,0.04821555187898842
0.13452914798206275,0.7129977460555956,0.0,0.0,0.6333333333333333,0.20846135665327348
0.11434977578475335,0.5995492111194576,0.0125,0.0,0.03333333333333333,0.07965020089813284
0.0,0.4481592787377888,0.0,0.0,0.6,0.2498227369416214
0.0,0.6040570999248676,0.0,0.0,0.6333333333333333,0.1453557078704798
0.2533632286995516,0.6164537941397441,0.0,0.0,0.03333333333333333,0.04088867879933821
0.0,0.5037565740045071,0.0,0.0,0.5666666666666667,0.14299220042543134
0.0,0.5672426746806902,0.0,0.0,0.03333333333333333,0.052469865280075634
0.12556053811659193,0.40495867768594884,0.0125,0.0,0.0,0.023398723705979674
0.2780269058295964,0.4552967693463561,0.0,0.0,0.5666666666666667,0.1600094540297802
0.0,0.4244928625093891,0.0,0.0,0.6,0.14299220042543134
0.27578475336322866,0.6359879789631844,0.0,0.0,0.03333333333333333,0.02788938785157173
0.4349775784753363,0.579639368895565,0.0,0.025974025974025976,0.16666666666666666,0.07445048451902624
0.41031390134529144,0.6284748309541683,0.0,0.03896103896103896,0.0,0.04727014890096903
0.0,0.7659654395191566,0.0,0.0,0.0,0.0612148428267549
0.05381165919282511,0.4830954169797135,0.0,0.0,0.6333333333333333,0.15362798392814936
0.6165919282511211,0.3489857250187818,0.0,0.38961038961038963,0.6,0.5535334436303474
0.5201793721973094,0.5371900826446261,0.0,0.0,0.5666666666666667,0.19900732687307965
0.12556053811659193,0.6806912096168283,0.0,0.0,0.0,0.02883479082959111
0.06726457399103138,0.4211119459053325,0.0,0.0,0.6,0.3254549751831718
0.0874439461883408,0.6979714500375636,0.0,0.0,0.6333333333333333,0.172536043488537
0.0,0.5548459804658137,0.0,0.0,0.6,0.16450011817537225
0.13677130044843047,0.5206611570247919,0.0,0.0,0.03333333333333333,0.022689671472465138
0.05829596412556053,0.6404958677685926,0.0,0.0,0.03333333333333333,0.027180335618057196
0.08520179372197309,0.11682945154019464,0.4375,0.0,0.5333333333333333,0.3939966910895769
0.4798206278026905,0.6213373403456028,0.0,0.012987012987012988,0.3333333333333333,0.10470337981564642
0.12780269058295962,0.6634109691960912,0.0,0.0,0.0,0.03167099976364925
0.23991031390134526,0.5232907588279474,0.47500000000000003,0.0,0.03333333333333333,0.3030016544552115
0.09641255605381165,0.5270473328324563,0.0,0.012987012987012988,0.6,0.14937367052706219
0.0,0.5593538692712237,0.0,0.0,0.03333333333333333,0.048924604112502955
0.09865470852017935,0.3042824943651379,0.1875,0.0,0.0,0.32829118411722996
0.1053811659192825,0.363260706235911,0.0125,0.0,0.5666666666666667,0.41786811628456627
0.1412556053811659,0.3425995492111191,0.0,0.0,0.5666666666666667,0.23067832663672888
0.10986547085201794,0.3963185574755812,0.0,0.012987012987012988,0.0,0.015126447648310089
0.12331838565022421,0.6386175807663399,0.0,0.0,0.6,0.16119120775230442
0.1053811659192825,0.46168294515401875,0.0,0.0,0.6,0.1668636256204207
0.0,0.5713749060856479,0.0,0.0,0.0,0.026707634129047503
0.0,0.7017280240420725,0.0,0.0,0.0,0.03734341763176554
0.27578475336322866,0.6637866265965418,0.0,0.0,0.03333333333333333,0.026943984873552346
0.33856502242152464,0.4583020285499604,0.0,0.025974025974025976,0.0,0.038052469865280075
0.0,0.5082644628099171,0.0125,0.0,0.5666666666666667,0.15008272276057671
0.08295964125560537,0.5897821187077366,0.0,0.05194805194805195,0.03333333333333333,0.05459702198061924
0.0,0.5860255447032294,0.0,0.0,0.0,0.13637437957929568
0.0,0.5086401202103676,0.0,0.0,0.5666666666666667,0.27889387851571734
0.2690582959641255,0.6498873027798631,0.0,0.012987012987012988,0.03333333333333333,0.02481682817300874
0.23318385650224213,0.5368144252441756,0.0,0.012987012987012988,0.0,0.030961947530134717
0.1053811659192825,0.49661908339594163,0.0,0.0,0.0,0.015126447648310089
0.10089686098654707,0.7362885048835448,0.0,0.0,0.0,0.028598440085086267
0.0,0.5495867768595026,0.0,0.0,0.5666666666666667,0.17939021507917752
0.25784753363228696,0.46994740796393586,0.0,0.0,0.0,0.043015835499881826
0.21973094170403587,0.5785123966942134,0.0,0.012987012987012988,0.0,0.037107066887260697
0.060538116591928245,0.42524417731029196,0.0,0.0,0.6,0.18695343890333255
0.24215246636771298,0.5401953418482339,0.0,0.0,0.6,0.20089813282911842
0.1053811659192825,0.5709992486851974,0.0,0.0,0.6,0.15551878988418813
0.10986547085201794,0.5909090909090899,0.0,0.0,0.03333333333333333,0.033089104230678325
0.1748878923766816,0.6111945905334313,0.0,0.0,0.03333333333333333,0.04325218624438667
0.10313901345291479,0.5454545454545432,0.0,0.0,0.0,0.03025289529662018
0.08071748878923765,0.5597295266716742,0.0,0.0,0.03333333333333333,0.022453320727960295
0.13004484304932734,0.6844477836213354,0.0,0.0,0.0,0.015835499881824623
0.12556053811659193,0.46731780616078034,0.0,0.0,0.03333333333333333,0.02056251477192153
0.10089686098654707,0.5082644628099171,0.0,0.0,0.5666666666666667,0.3020562514771921
0.0,0.42524417731029196,0.0,0.0,0.5666666666666667,0.26140392342235874
0.210762331838565,0.44064613072877457,0.0,0.025974025974025976,0.03333333333333333,0.024107775939494203
0.5605381165919282,0.24605559729526583,0.5375,0.012987012987012988,0.5666666666666667,0.7031434649019145
0.0,0.5890308039068355,0.0,0.0,0.0,0.1292838572441503
0.07174887892376682,0.5232907588279474,0.0,0.0,0.0,0.07066887260694872
0.2488789237668161,0.3151765589782105,0.0,0.0,0.5666666666666667,0.4587567950839045
0.0,0.5525920360631087,0.0,0.0,0.6,0.16662727487591586
0.09417040358744394,0.4658151765589764,0.0125,0.0,0.6,0.1479555660600331
0.49327354260089684,0.48159278737790956,0.3125,0.012987012987012988,1.0,0.45497518317182695
0.9999999999999999,0.430503380916603,0.0,0.0,0.0,0.16355471519735287
0.0,0.6859504132231393,0.0,0.0,0.0,0.021980619238950602
0.0,0.5480841472577005,0.0,0.0,0.03333333333333333,0.01914441030489246
0.09417040358744394,0.6536438767843702,0.0,0.0,0.0,0.024344126683999052
0.0,0.5882794891059344,0.0,0.0,0.0,0.010163082013708342
0.0,0.5882794891059344,0.0,0.0,0.0,0.010872134247222878
0.0,0.7344102178812904,0.0,0.0,0.0,0.024107775939494203
0.09641255605381165,0.6224643125469562,0.0,0.0,0.1,0.035688962420231625
0.0,0.5067618332081132,0.0,0.0,0.0,0.009454029780193806
0.08295964125560537,0.42975206611570194,0.0,0.0,0.03333333333333333,0.042779484755376976
0.13452914798206275,0.5593538692712237,0.0,0.0,0.0,0.018435358071377923
0.2802690582959641,0.5706235912847468,0.0,0.012987012987012988,0.0,0.036634365398251004
0.34529147982062774,0.4575507137490593,0.0,0.025974025974025976,0.9333333333333333,0.2332781848262822
0.0,0.6202103681442512,0.0,0.0,0.0,0.007090522335145356
0.17040358744394618,0.536438767843725,0.0,0.0,0.0,0.011581186480737414
0.2914798206278027,0.19609316303531088,0.0,0.012987012987012988,0.5333333333333333,0.1604821555187899
0.08520179372197309,0.4507888805409461,0.0,0.0,0.0,0.02907114157409596
0.0,0.6637866265965418,0.0,0.0,0.03333333333333333,0.02741668636256204
0.2600896860986547,0.5371900826446261,0.0,0.0,0.5666666666666667,0.3951784448121012
0.48430493273542596,0.41472577009766987,0.0125,0.0,0.6,0.24604112502954387
0.1412556053811659,0.5176558978211858,0.0,0.0,0.0,0.014417395414795557
0.15022421524663676,0.5683696468820418,0.0,0.012987012987012988,0.0,0.022216969983455445
0.12556053811659193,0.6311044327573239,0.0,0.0,0.0,0.02741668636256204
0.0,0.5860255447032294,0.0,0.0,0.03333333333333333,0.0073268730796502025
0.09641255605381165,0.7062359128474807,0.0,0.0,0.0,0.02788938785157173
0.2130044843049327,0.4947407963936872,0.0,0.012987012987012988,0.5666666666666667,0.24367761758449544
0.07399103139013452,0.634861006761831,0.0,0.0,0.0,0.025998581895532967
0.20627802690582958,0.6209616829451523,0.0,0.0,0.6333333333333333,0.18199007326873082
0.2309417040358744,0.39556724267468013,0.0,0.012987012987012988,0.5666666666666667,0.16497281966438196
0.12556053811659193,0.6228399699474068,0.0,0.0,0.03333333333333333,0.03238005199716379
0.09417040358744394,0.2468069120961669,0.0,0.0,0.5333333333333333,0.16662727487591586
0.13677130044843047,0.5469571750563471,0.0,0.0,0.6333333333333333,0.172536043488537
0.24215246636771298,0.6232156273478573,0.0,0.025974025974025976,0.6,0.17631765540061453
0.13228699551569506,0.483471074380164,0.0,0.0,0.5666666666666667,0.1867170881588277
0.0,0.7415477084898559,0.0,0.0,0.6333333333333333,0.1673363271094304
0.18834080717488788,0.5424492862509389,0.0,0.0,0.0,0.20255258804065235
0.13228699551569506,0.6273478587528167,0.0,0.0,0.0,0.024580477428503895
0.3654708520179372,0.6382419233658894,0.025,0.025974025974025976,0.2,0.20207988655164266
0.1053811659192825,0.5755071374906073,0.0,0.0,0.6333333333333333,0.1678090285984401
0.0,0.5702479338842963,0.0,0.0,0.03333333333333333,0.016544552115339166
0.2219730941704036,0.6033057851239665,0.0,0.0,0.6333333333333333,0.1652091704088868
0.11659192825112107,0.6190833959428979,0.0,0.0,0.0,0.04679744741195934
0.28475336322869954,0.5800150262960173,0.0,0.012987012987012988,0.0,0.03261640274166863
0.2443946188340807,0.5702479338842963,0.0,0.0,0.0,0.029780193807610496
0.2085201793721973,0.651389932381667,0.0,0.0,0.6,0.17679035688962422
0.12556053811659193,0.6882043576258443,0.0,0.0,0.03333333333333333,0.03214370125265894
0.0,0.8790383170548441,0.0,0.0,0.0,0.022689671472465138
0.0,0.39932381667918726,0.0,0.0,0.0,0.005436067123611438
0.0,0.8625093914350099,0.0,0.0,0.0,0.017017253604348852
0.12556053811659193,0.6089406461307263,0.0,0.0,0.0,0.018671708815882766
0.0,0.5582268970698703,0.0,0.0,0.6333333333333333,0.2803119829827464
0.0,0.8241923365890305,0.0,0.0,0.03333333333333333,0.021507917749940916
0.20627802690582958,0.39669421487603174,0.0,0.0,0.5666666666666667,0.1548097376506736
0.0,0.6765589782118688,0.0,0.0,0.0,0.021035216260931223
0.060538116591928245,0.19646882043576142,0.0,0.0,0.0,0.16804537934294494
0.060538116591928245,0.5785123966942134,0.0125,0.0,0.0,0.04348853698889151
0.0,0.6461307287753559,0.0,0.0,0.0,0.022216969983455445
0.09192825112107623,0.6761833208114183,0.0,0.0,0.0,0.030961947530134717
0.2802690582959641,0.5157776108189314,0.025,0.025974025974025976,0.03333333333333333,0.2039706925076814
0.10986547085201794,0.5942900075131465,0.0,0.012987012987012988,0.0,0.02481682817300874
0.14573991031390135,0.8238166791885781,0.0,0.0,0.6666666666666666,0.1673363271094304
0.20179372197309414,0.5623591284748297,0.0,0.025974025974025976,0.6,0.1909714015599149
0.09865470852017935,0.32757325319308706,0.0,0.48051948051948057,0.03333333333333333,0.3174190498700071
0.18609865470852016,0.6645379413974446,0.0,0.012987012987012988,0.6,0.16095485700779957
0.17264573991031387,0.7569496619083385,0.0,0.0,0.0,0.18506263294729378
0.11210762331838564,0.6130728775356857,0.0,0.0,0.6333333333333333,0.16757267785393526
0.0,0.5548459804658137,0.0,0.0,0.0,0.030961947530134717
0.1412556053811659,0.46619083395942873,0.0,0.0,0.0,0.0612148428267549
0.2645739910313901,0.5540946656649126,0.0,0.012987012987012988,0.03333333333333333,0.0314346490191444
0.1412556053811659,0.5623591284748297,0.0,0.0,0.0,0.02174426849444576
0.35874439461883406,0.3925619834710723,0.47500000000000003,0.0,0.0,0.4478846608366816
0.13452914798206275,0.7779864763335826,0.0,0.012987012987012988,0.0,0.06026943984873551
0.2443946188340807,0.38129226145754913,0.0,0.0,0.0,0.022689671472465138
0.0,0.31217129977460445,0.0,0.0,0.2,0.05388796974710471
0.0,0.5428249436513877,0.0,0.0,0.03333333333333333,0.00023635074450484468
0.12780269058295962,0.535687453042824,0.025,0.012987012987012988,0.3333333333333333,0.0966674545024817
0.10089686098654707,0.646882043576257,0.0,0.0,0.0,0.023398723705979674
0.05605381165919282,0.3305785123966931,0.0,0.0,0.6,0.15977310328527536
0.15919282511210758,0.696844477836212,0.0,0.0,0.0,0.0444339399669109
0.07399103139013452,0.35462058602554336,0.0,0.4545454545454546,0.6,0.4069959820373434
0.11659192825112107,0.526671675432004,0.0,0.0,0.0,0.02883479082959111
0.16367713004484302,0.5890308039068355,0.0,0.0,0.0,0.015599149137319782
0.07847533632286996,0.6123215627347847,0.0,0.0,0.03333333333333333,0.020798865516426374
0.09865470852017935,0.588655146506385,0.0,0.0,0.0,0.030725596785629875
0.0,0.6337340345604794,0.0,0.0,0.0,0.007090522335145356
0.05605381165919282,0.5138993238166769,0.0,0.0,0.6,0.178681162845663
0.10762331838565022,0.47708489857250136,0.0,0.0,0.5666666666666667,0.1961711179390215
0.1390134529147982,0.6329827197595783,0.025,0.0,0.03333333333333333,0.20326164027416688
0.0,0.6126972201352352,0.0,0.0,0.0,0.004254313401087213
0.25784753363228696,0.533433508640119,0.0,0.0,0.5333333333333333,0.24769558024107777
0.14798206278026904,0.5897821187077366,0.0,0.012987012987012988,0.0,0.05506972346962893
0.06278026905829596,0.608189331329827,0.0,0.0,0.6,0.14511935712597496
0.0,0.6096919609316291,0.0,0.0,0.6,0.18813519262585676
0.2219730941704036,0.5627347858752803,0.0,0.012987012987012988,0.03333333333333333,0.03639801465374616
0.0,0.5555972952667148,0.0,0.0,0.2,0.053651619002599855
0.0,0.5875281743050316,0.0,0.0,0.03333333333333333,0.05766958165918221
0.11210762331838564,0.41585274229902147,0.0,0.0,0.6,0.1626093122193335
0.09865470852017935,0.31104432757325284,0.0,0.0,0.0,0.31623729614748286
0.15695067264573992,0.6363636363636349,0.0,0.0,0.03333333333333333,0.019853462538406995
0.20627802690582958,0.26596543951915663,0.0,0.012987012987012988,0.0,0.051288111557551405
0.0,0.6232156273478573,0.0,0.0,0.0,0.016308201370834316
0.0,0.48610067618331954,0.0,0.0,0.6,0.14653746159300404
0.12556053811659193,0.44966190833959274,0.0,0.0,0.0,0.016544552115339166
0.0,0.8591284748309533,0.0,0.0,0.6333333333333333,0.1590640510517608
0.17040358744394618,0.36025544703230494,0.0,0.012987012987012988,0.0,0.056487827936658
0.5739910313901345,0.6833208114199838,0.0,0.0,1.0,0.31458284093594896
0.0,0.5725018782870013,0.0,0.0,0.0,0.03332545497518317
0.23318385650224213,0.5398196844477834,0.0,0.025974025974025976,0.0,0.022689671472465138
0.0,0.6066867017280231,0.0,0.012987012987012988,0.0,0.022216969983455445
0.1390134529147982,0.47107438016528747,0.0,0.0,0.0,0.029780193807610496
0.0,0.5589782118707731,0.0,0.0,0.0,0.054833372725124084
0.23991031390134526,0.3685199098422238,0.0,0.012987012987012988,0.6,0.2202788938785157
0.35650224215246634,0.6280991735537178,0.0,0.025974025974025976,0.03333333333333333,0.0517608130465611
0.06278026905829596,0.38993238166791855,0.0,0.0,0.5666666666666667,0.1760813046561097
0.289237668161435,0.5833959429000739,0.0,0.012987012987012988,0.0,0.02741668636256204
0.14573991031390135,0.49924868519909715,0.0,0.0,0.03333333333333333,0.0586149846372016
0.3071748878923767,0.4361382419233646,0.0,0.025974025974025976,0.0,0.18199007326873082
0.18609865470852016,0.531179564237414,0.0125,0.0,0.6,0.2117702670763413
0.0,0.6344853493613805,0.0,0.0,0.03333333333333333,0.03994327582131883
0.226457399103139,0.5229151014274969,0.0,0.012987012987012988,0.03333333333333333,0.15220987946112033
0.07847533632286996,0.5845229151014273,0.0,0.025974025974025976,0.0,0.27889387851571734
0.08071748878923765,0.6299774605559705,0.0,0.0,0.03333333333333333,0.03025289529662018
0.2309417040358744,0.6172051089406452,0.0,0.012987012987012988,0.0,0.06759631292838574
0.10986547085201794,0.5120210368144242,0.0,0.012987012987012988,0.03333333333333333,0.18600803592531318
0.11659192825112107,0.6235912847483078,0.0,0.0,0.03333333333333333,0.02741668636256204
0.2802690582959641,0.6108189331329807,0.0,0.0,0.0,0.15362798392814936
0.11210762331838564,0.6851990984222365,0.0,0.012987012987012988,0.0,0.027180335618057196
0.32959641255605376,0.5882794891059344,0.0,0.0,0.0,0.04585204443393997
0.09192825112107623,0.5368144252441756,0.0,0.025974025974025976,0.0,0.027180335618057196
0.2780269058295964,0.41885800150262753,0.0,0.0,0.5666666666666667,0.5197352871661546
0.0,0.6694214876033051,0.0,0.0,0.0,0.019380761049397302
0.0,0.5954169797144999,0.0,0.0,0.03333333333333333,0.021035216260931223
0.05829596412556053,0.4643125469571743,0.0,0.0,0.5666666666666667,0.14086504372488776
0.10986547085201794,0.6254695717505623,0.0,0.0,0.0,0.019380761049397302
0.0,0.5097670924117192,0.0,0.0,0.03333333333333333,0.029307492318600803
0.12107623318385649,0.6250939143501117,0.0,0.0,0.6333333333333333,0.1600094540297802
0.12107623318385649,0.49549211119459,0.0,0.0,0.6,0.15693689435121722
0.2443946188340807,0.5247933884297513,0.0,0.012987012987012988,0.03333333333333333,0.030725596785629875
0.1053811659192825,0.7103681442524401,0.0,0.0,0.0,0.02765303710706689
0.11434977578475335,0.3985725018782862,0.0,0.0,0.6,0.20255258804065235
0.13452914798206275,0.6048084147257686,0.0,0.0,0.03333333333333333,0.0612148428267549
0.0,0.5837716003005244,0.0,0.0,0.03333333333333333,0.017489955093358545
0.11883408071748877,0.5026296018031537,0.0,0.012987012987012988,0.0,0.025998581895532967
0.21748878923766815,0.5751314800901568,0.0125,0.0,0.23333333333333334,0.07492318600803592
0.0,0.5041322314049577,0.0,0.025974025974025976,0.6,0.3505081541006854
0.23766816143497754,0.7145003756573995,0.0,0.0,0.6333333333333333,0.17159064051051762
0.35874439461883406,0.41885800150262753,0.0,0.012987012987012988,0.6,0.2070432521862444
0.28475336322869954,0.6160781367392918,0.0,0.0,0.03333333333333333,0.043015835499881826
0.0,0.5033809166040548,0.0125,0.0,0.5666666666666667,0.15126447648310093
0.28699551569506726,0.6934635612321554,0.0,0.025974025974025976,0.0,0.08839517844481211
0.11659192825112107,0.5856498873027789,0.0125,0.0,0.6,0.16899078232096432
0.0,0.5390683696468805,0.0,0.012987012987012988,0.03333333333333333,0.1803356180571969
0.13452914798206275,0.531179564237414,0.0,0.012987012987012988,0.0,0.018435358071377923
0.09192825112107623,0.6033057851239665,0.0,0.0,0.0,0.03379815646419286
0.0,0.536438767843725,0.0,0.0,0.0,0.016071850626329473
0.3721973094170403,0.46055597295266537,0.0,0.025974025974025976,0.03333333333333333,0.20326164027416688
0.2533632286995516,0.5375657400450784,0.0,0.2207792207792208,0.0,0.1845899314582841
0.3834080717488789,0.5514650638617571,0.0,0.012987012987012988,0.4,0.11297565587331601
0.0,0.6130728775356857,0.0,0.0,0.0,0.0586149846372016
0.41255605381165916,0.3489857250187818,0.0,0.012987012987012988,0.0,0.15126447648310093
0.226457399103139,0.5259203606311029,0.0,0.012987012987012988,0.6,0.14866461829354763
0.0,0.5694966190833952,0.0,0.0,0.0,0.006617820846135667
0.0,0.41472577009766987,0.0125,0.0,0.5666666666666667,0.19333490900496336
0.060538116591928245,0.5601051840721247,0.0,0.0,0.6,0.19120775230441975
0.05381165919282511,0.5480841472577005,0.0,0.0,0.0,0.012999290947766485
0.0,0.548459804658151,0.0,0.0,0.6,0.14748286457102341
0.13452914798206275,0.552967693463561,0.0,0.0,0.0,0.052469865280075634
0.11659192825112107,0.27084898572501714,0.0,0.0,0.5666666666666667,0.13212006617820846
0.11659192825112107,0.39218632607062176,0.0,0.0,0.0,0.018435358071377923
0.5291479820627802,0.43238166791885746,0.0,0.0,0.0,0.4233041834081777
0.0,0.6138241923365886,0.0,0.0,0.03333333333333333,0.01914441030489246
0.0,0.5856498873027789,0.0,0.0,0.0,0.019617111793902152
0.11659192825112107,0.5687453042824924,0.0,0.0,0.0,0.045379342944930276
0.0,0.5319308790383168,0.0,0.012987012987012988,0.6,0.14677381233750889
0.1928251121076233,0.6404958677685926,0.0,0.0,0.0,0.0444339399669109
0.06502242152466367,0.1457550713749054,0.0,0.0,0.5666666666666667,0.21153391633183646
0.1390134529147982,0.6187077385424491,0.0,0.0,0.03333333333333333,0.02174426849444576
0.12780269058295962,0.599173553719007,0.0,0.012987012987012988,0.0,0.02505317891751359
0.0,0.48760330578512345,0.0,0.025974025974025976,0.03333333333333333,0.22855116993618532
0.0,0.6979714500375636,0.0,0.0,0.03333333333333333,0.022689671472465138
0.2825112107623318,0.5525920360631087,0.0,0.012987012987012988,0.0,0.028125738596076574
0.0,0.5469571750563471,0.0,0.0,0.0,0.015126447648310089
0.27354260089686094,0.5503380916604037,0.0,0.012987012987012988,0.0,0.02788938785157173
0.4910313901345291,0.5093914350112687,0.0125,0.0,0.03333333333333333,0.06995982037343419
0.09641255605381165,0.4830954169797135,0.0,0.025974025974025976,0.0,0.1564641928622075
0.226457399103139,0.5296769346356118,0.0,0.0,0.0,0.028125738596076574
0.0,0.4432757325319301,0.0,0.0,0.0,0.008035925313164735
0.15022421524663676,0.6769346356123194,0.0,0.0,0.03333333333333333,0.02056251477192153
0.11883408071748877,0.4800901577761074,0.0,0.0,0.0,0.03214370125265894
0.0,0.5142749812171292,0.0,0.0,0.6,0.14559205861498464
0.3609865470852018,0.44891059353869167,0.0,0.025974025974025976,0.9333333333333333,0.22878752068069014
0.09865470852017935,0.4842223891810651,0.0,0.0,0.6,0.16331836445284803
0.27354260089686094,0.5995492111194576,0.0,0.012987012987012988,0.0,0.02883479082959111
0.0,0.8054094665664895,0.0,0.0,0.0,0.02741668636256204
0.10089686098654707,0.546205860255446,0.0,0.0,0.0,0.02883479082959111
0.23318385650224213,0.4654395191585259,0.0,0.0,0.5666666666666667,0.18340817773575988
0.07623318385650224,0.5845229151014273,0.0,0.0,0.6,0.14346490191444103
0.2085201793721973,0.3317054845980447,0.4625,0.012987012987012988,0.6,0.4582840935948948
0.34753363228699546,0.5563486100676176,0.0,0.025974025974025976,0.6333333333333333,0.17655400614511937
0.0,0.7291510142749793,0.0,0.0,0.6333333333333333,0.15173717797211064
0.0,0.4477836213373383,0.0125,0.0,0.03333333333333333,0.022689671472465138
0.13677130044843047,0.5788880540946639,0.0,0.0,0.6333333333333333,0.15811864807374143
0.0,0.6337340345604794,0.0,0.0,0.0,0.029543843063105646
0.35874439461883406,0.2997746055597279,0.0,0.4545454545454546,0.0,0.4682108248640983
0.2443946188340807,0.5360631104432745,0.0,0.012987012987012988,0.03333333333333333,0.034034507208697704
0.0,0.4703230653643864,0.0,0.0,0.6,0.1505554242495864
0.437219730941704,0.5593538692712237,0.0,0.0,0.0,0.10021271567005437
0.3654708520179372,0.3692712246431231,0.225,0.012987012987012988,0.9333333333333333,0.438194280311983
0.2690582959641255,0.6250939143501117,0.0,0.0,0.0,0.03687071614275585
0.1412556053811659,0.6168294515401946,0.0,0.012987012987012988,0.0,0.02316237296147483
0.06502242152466367,0.4320060105184069,0.0,0.0,0.5666666666666667,0.23351453557078702
0.08520179372197309,0.6720510894064606,0.0,0.0,0.0,0.016308201370834316
0.16591928251121074,0.5007513148008993,0.0,0.0,0.03333333333333333,0.011344835736232567
0.0,0.7122464312546946,0.0,0.0,0.03333333333333333,0.006617820846135667
0.468609865470852,0.6213373403456028,0.0,0.0,0.0,0.17962656582368236
0.08295964125560537,0.6404958677685926,0.0,0.0,0.6,0.14181044670290713
0.0,0.5807663410969184,0.0,0.0,0.03333333333333333,0.008981328291184117
0.4349775784753363,0.4365138993238151,0.0,0.36363636363636365,0.6,0.4173954147955566
0.4887892376681614,0.1269722013523662,0.0,0.4545454545454546,0.5333333333333333,0.7281966438194281
0.08071748878923765,0.6694214876033051,0.0,0.0,0.0,0.03427085795320255
0.06278026905829596,0.6765589782118688,0.0,0.0,0.0,0.047742850389978726
0.0695067264573991,0.5698722764838458,0.0,0.0,0.6333333333333333,0.1538643346726542
0.25784753363228696,0.6912096168294504,0.0,0.012987012987012988,0.03333333333333333,0.04348853698889151
0.10986547085201794,0.5420736288504866,0.0,0.0,0.03333333333333333,0.03167099976364925
0.051569506726457395,0.5360631104432745,0.0,0.0,0.03333333333333333,0.016544552115339166
0.12331838565022421,0.5477084898572482,0.0,0.0,0.4,0.09264949184589932
0.0,0.694590533433507,0.0,0.0,0.0,0.017726305837863388
0.07623318385650224,0.3809166040570986,0.0,0.0,0.5666666666666667,0.14842826754904279
0.07623318385650224,0.4552967693463561,0.0,0.0,0.6,0.29118411722996923
0.09192825112107623,0.6326070623591278,0.0,0.0,0.0,0.026943984873552346
0.23766816143497754,0.588655146506385,0.0,0.012987012987012988,0.6333333333333333,0.15197352871661549
0.0,0.5709992486851974,0.0,0.0,0.03333333333333333,0.014417395414795557
0.34080717488789236,0.38504883546205804,0.0,0.025974025974025976,0.0,0.22878752068069014
0.0,0.6487603305785115,0.0,0.0,0.6,0.14606476010399433
0.051569506726457395,0.475957926371148,0.0,0.0,0.0,0.07823209643110376
0.05381165919282511,0.8433508640120202,0.0,0.0,0.6333333333333333,0.15031907350508156
0.10089686098654707,0.7129977460555956,0.0,0.025974025974025976,0.0,0.033089104230678325
0.26681614349775784,0.5405709992486845,0.07500000000000001,0.0,0.03333333333333333,0.06570550697234696
0.3340807174887892,0.5867768595041323,0.0,0.012987012987012988,0.0,0.05979673835972583
0.0,0.6904583020285493,0.0,0.0,0.0,0.00638147010163082
0.0,0.4823441021788124,0.0,0.0,0.6333333333333333,0.13141101394469393
0.0,0.81029301277235,0.0,0.0,0.0,0.015835499881824623
0.10313901345291479,0.5345604808414706,0.0,0.012987012987012988,0.6333333333333333,0.15859134956275112
0.25784753363228696,0.5679939894815913,0.0,0.012987012987012988,0.03333333333333333,0.03238005199716379
0.2286995515695067,0.7411720510894053,0.0,0.025974025974025976,0.03333333333333333,0.0392342235878043
0.3632286995515695,0.6904583020285493,0.0,0.012987012987012988,0.0,0.05152446230205625
0.0874439461883408,0.3410969196093152,0.0,0.0,0.5666666666666667,0.14913731978255734
0.0,0.4278737791134475,0.0,0.0,0.03333333333333333,0.029543843063105646
0.2623318385650224,0.5995492111194576,0.0,0.0,0.03333333333333333,0.026707634129047503
0.20627802690582958,0.3681442524417715,0.21250000000000002,0.4545454545454546,0.0,0.6459465847317419
0.1748878923766816,0.5901577761081871,0.0,0.0,0.03333333333333333,0.011581186480737414
0.0,0.6194590533433484,0.0,0.0,0.03333333333333333,0.00047270148900968936
0.25560538116591924,0.5987978963185565,0.0,0.012987012987012988,0.03333333333333333,0.03852517135428977
0.05605381165919282,0.6483846731780609,0.0,0.012987012987012988,0.0,0.041597731032852754
0.2219730941704036,0.885048835462058,0.0,0.012987012987012988,0.0,0.03379815646419286
0.24663677130044842,0.6280991735537178,0.0,0.012987012987012988,0.0,0.02907114157409596
0.22421524663677128,0.6769346356123194,0.0,0.012987012987012988,0.0,0.03356180571968801
0.21973094170403587,0.605935386927122,0.0,0.0,0.43333333333333335,0.18388087922476956
0.12556053811659193,0.639368895567241,0.0,0.0,0.6333333333333333,0.16757267785393526
0.15022421524663676,0.8456048084147252,0.0,0.012987012987012988,0.03333333333333333,0.13401087213424723
0.07623318385650224,0.53418482344102,0.0,0.0,0.0,0.026707634129047503
0.2309417040358744,0.5766341096919589,0.0,0.0,0.03333333333333333,0.053651619002599855
0.35874439461883406,0.552967693463561,0.0,0.0,0.43333333333333335,0.12053887969747107
0.0,0.6247182569496612,0.0,0.0,0.0,0.004017962656582368
0.2825112107623318,0.3989481592787367,0.0,0.0,0.03333333333333333,0.2070432521862444
0.1390134529147982,0.416228399699472,0.0,0.0,0.0,0.024107775939494203
0.43049327354260086,0.41435011269721933,0.0,0.4675324675324676,0.03333333333333333,0.3138737887024344
0.10762331838565022,0.6292261457550712,0.0,0.025974025974025976,0.0,0.03238005199716379
0.1771300448430493,0.6645379413974446,0.0,0.0,0.0,0.031907350508154096
0.14349775784753363,0.485725018782869,0.0,0.0,0.03333333333333333,0.018435358071377923
0.11883408071748877,0.7794891059353866,0.0,0.0,0.0,0.035452611675726775
0.0,0.5435762584522905,0.0,0.0,0.0,0.010635783502718035
0.07399103139013452,0.5683696468820418,0.0,0.0,0.0,0.03332545497518317
0.10089686098654707,0.6055597295266715,0.0,0.0,0.6666666666666666,0.1652091704088868
0.0,0.5717505634861002,0.0,0.0,0.5666666666666667,0.15575514062869297
0.0,0.6844477836213354,0.0,0.0,0.0,0.022216969983455445
0.0,0.7926371149511624,0.0,0.0,0.03333333333333333,0.021035216260931223
0.20627802690582958,0.6367392937640854,0.0,0.0,0.0,0.1574095958402269
0.12556053811659193,0.6273478587528167,0.0,0.0,0.03333333333333333,0.02528952966201843
0.5269058295964125,0.5616078136739286,0.0,0.0,0.6,0.2859844008508627
0.24215246636771298,0.5304282494365129,0.0,0.012987012987012988,0.03333333333333333,0.04254313401087213
0.36771300448430494,0.5657400450788863,0.0,0.0,0.03333333333333333,0.07586858898605531
0.0,0.521412471825693,0.0,0.0,0.0,0.03379815646419286
0.0,0.5664913598797874,0.0,0.0,0.6,0.1897896478373907
0.30269058295964124,0.5702479338842963,0.0,0.0,0.6,0.16355471519735287
0.09865470852017935,0.5090157776108182,0.0,0.0,0.0,0.03687071614275585
0.0,0.6795642374154767,0.0,0.012987012987012988,0.6,0.2415504608839518
0.0,0.38504883546205804,0.0,0.0,0.5666666666666667,0.18789884188135192
0.10986547085201794,0.5480841472577005,0.0,0.012987012987012988,0.0,0.016544552115339166
0.0,0.4688204357625825,0.0,0.012987012987012988,0.5666666666666667,0.2751122666036398
0.06502242152466367,0.5931630353117949,0.0,0.0,0.0,0.021980619238950602
0.21973094170403587,0.4654395191585259,0.0125,0.025974025974025976,0.03333333333333333,0.126683999054597
0.25112107623318386,0.5533433508640115,0.0,0.012987012987012988,0.03333333333333333,0.031907350508154096
0.05381165919282511,0.7280240420736277,0.0,0.0,0.6,0.15031907350508156
0.1053811659192825,0.658903080390683,0.0,0.0,0.0,0.02883479082959111
0.3116591928251121,0.5848985725018778,0.0,0.012987012987012988,0.0,0.28574805010635784
0.2309417040358744,0.5702479338842963,0.0,0.0,0.0,0.037107066887260697
0.39910313901345285,0.6299774605559705,0.0,0.012987012987012988,0.6,0.19475301347199245
0.0,0.5338091660405695,0.0,0.0,0.0,0.009217679035688963
0.2533632286995516,0.44853493613824114,0.0,0.012987012987012988,0.6,0.4039234223587804
0.23318385650224213,0.5492111194590521,0.0,0.012987012987012988,0.6,0.15339163318364452
0.15695067264573992,0.5138993238166769,0.0,0.025974025974025976,0.6,0.26211297565587327
0.10986547085201794,0.552967693463561,0.0,0.0,0.0,0.037107066887260697
0.21748878923766815,0.5837716003005244,0.0,0.0,0.0,0.033089104230678325
0.0,0.5045078888054082,0.0,0.0,0.0,0.016308201370834316
0.10986547085201794,0.5537190082644603,0.0,0.0,0.03333333333333333,0.030961947530134717
0.0,0.5161532682193819,0.0,0.0,0.0,0.015126447648310089
0.2309417040358744,0.42524417731029196,0.0,0.012987012987012988,0.5666666666666667,0.15835499881824627
0.0,0.5589782118707731,0.0,0.0,0.03333333333333333,0.0846135665327346
0.2780269058295964,0.3715251690458281,0.0,0.0,0.0,0.06026943984873551
0.06502242152466367,0.6453794139744531,0.0,0.0,0.6,0.1437012526589459
0.08968609865470852,0.4432757325319301,0.0,0.0,0.03333333333333333,0.014417395414795557
0.48430493273542596,0.42036063110443145,0.0125,0.0,0.6,0.1987709761285748
0.3520179372197309,0.47933884297520457,0.0125,0.012987012987012988,0.6,0.16875443157645947
0.25560538116591924,0.5969196093163021,0.0,0.0,0.03333333333333333,0.15953675254077052
0.37443946188340804,0.41810668670172646,0.47500000000000003,0.012987012987012988,0.0,0.5459702198061924
0.20179372197309414,0.4951164537941377,0.0,0.012987012987012988,0.03333333333333333,0.028598440085086267
0.210762331838565,0.45341848234410165,0.0,0.0,0.0,0.3004017962656582
0.08071748878923765,0.6078136739293747,0.3875,0.0,0.6,0.41266839990545967
0.0,0.7900075131480087,0.0,0.0,0.0,0.0569605294256677
0.0,0.32982719759579204,0.0,0.0,0.03333333333333333,0.011817537225242257
0.1053811659192825,0.6164537941397441,0.0,0.0,0.03333333333333333,0.03592531316473647
0.13452914798206275,0.5788880540946639,0.0,0.0,0.03333333333333333,0.011344835736232567
0.2600896860986547,0.6386175807663399,0.0,0.0,0.03333333333333333,0.03427085795320255
0.11659192825112107,0.5578512396694197,0.0,0.012987012987012988,0.03333333333333333,0.016544552115339166
0.11659192825112107,0.5338091660405695,0.0,0.012987012987012988,0.6,0.37012526589458755
0.23991031390134526,0.6649135987978951,0.0,0.0,0.03333333333333333,0.04065232805483337
0.18385650224215247,0.6367392937640854,0.0,0.012987012987012988,0.0,0.06617820846135666
0.06726457399103138,0.5743801652892557,0.025,0.0,0.6,0.15410068541715907
0.210762331838565,0.579639368895565,0.0,0.025974025974025976,0.6,0.2075159536752541
0.07174887892376682,0.5473328324567976,0.0,0.0,0.6,0.14913731978255734
0.08071748878923765,0.3846731780616057,0.35000000000000003,0.012987012987012988,0.5666666666666667,0.3469628929331127
0.289237668161435,0.6172051089406452,0.0,0.5064935064935066,0.03333333333333333,0.33703616166390926
0.17264573991031387,0.47445529676934584,0.0,0.49350649350649356,0.6,0.4386669818009927
0.12780269058295962,0.6442524417731015,0.0,0.0,0.0,0.03356180571968801
0.051569506726457395,0.5589782118707731,0.0,0.0,0.6333333333333333,0.19309855826045852
0.0,0.6356123215627338,0.0,0.0,0.0,0.15079177499409124
0.0,0.6352366641622833,0.0,0.0,0.0,0.007799574568659888
0.2219730941704036,0.2456799398948153,0.0,0.0,0.0,0.024580477428503895
0.06726457399103138,0.6776859504132222,0.0,0.0,0.0,0.06830536516190026
0.2488789237668161,0.5837716003005244,0.0,0.0,0.03333333333333333,0.034034507208697704
0.0,0.44853493613824114,0.0,0.0,0.6,0.1302292602221697
0.27578475336322866,0.5901577761081871,0.0,0.012987012987012988,0.0,0.036634365398251004
0.12331838565022421,0.5,0.0,0.012987012987012988,0.03333333333333333,0.2039706925076814
0.21524663677130043,0.4906085649887295,0.0,0.012987012987012988,0.0,0.03592531316473647
0.2645739910313901,0.5161532682193819,0.0,0.012987012987012988,0.0,0.03592531316473647
0.09192825112107623,0.5725018782870013,0.0,0.0,0.0,0.02481682817300874
0.0874439461883408,0.2963936889556713,0.0,0.0,0.5666666666666667,0.28291184117229967
0.22421524663677128,0.5897821187077366,0.0,0.0,0.0,0.0768139919640747
0.10762331838565022,0.5146506386175798,0.0,0.025974025974025976,0.6,0.1505554242495864
0.0,0.5210368144252442,0.0,0.0,0.03333333333333333,0.0073268730796502025
0.405829596412556,0.3279489105935376,0.0,0.0,0.5666666666666667,0.28314819191680457
0.1905829596412556,0.47783621337340243,0.0,0.0,0.5666666666666667,0.16142755849680926
0.39910313901345285,0.473703981968443,0.0,0.012987012987012988,0.03333333333333333,0.03687071614275585
0.14798206278026904,0.6157024793388413,0.0,0.012987012987012988,0.0,0.10659418577168518
0.09865470852017935,0.5180315552216364,0.0,0.0,0.0,0.21933349090049634
0.19955156950672642,0.649135987978962,0.0,0.012987012987012988,0.0,0.037107066887260697
0.195067264573991,0.46018031555221484,0.0125,0.012987012987012988,0.6,0.20066178208461358
0.09192825112107623,0.45116453794139666,0.47500000000000003,0.0,0.5666666666666667,0.5154809737650674
0.0,0.7569496619083385,0.0,0.0,0.0,0.0172536043488537
0.0,0.4808414725770085,0.0,0.0,0.6,0.20987946112030254
0.0,0.46619083395942873,0.0,0.0,0.6,0.24533207279602928
0.09865470852017935,0.49549211119459,0.0,0.012987012987012988,0.6,0.1871897896478374
0.0,0.4951164537941377,0.0,0.0,0.0,0.05317891751359017
0.17264573991031387,0.5935386927122455,0.0,0.0,0.0,0.021507917749940916
0.0,0.5875281743050316,0.0,0.0,0.0,0.045379342944930276
0.1053811659192825,0.4237415477084898,0.0,0.0,0.0,0.023635074450484517
0.09417040358744394,0.596168294515401,0.0,0.0,0.0,0.03497991018671709
0.19955156950672642,0.3020285499624329,0.0,0.0,0.0,0.023398723705979674
0.06278026905829596,0.7107438016528906,0.0,0.0,0.0,0.01678090285984401
0.3228699551569506,0.6273478587528167,0.0,0.0,0.6333333333333333,0.2642401323564169
0.23542600896860982,0.5420736288504866,0.0,0.025974025974025976,0.0,0.027180335618057196
0.17264573991031387,0.5202854996243413,0.0,0.0,0.6333333333333333,0.19286220751595368
0.09641255605381165,0.46769346356123087,0.0,0.0,0.6,0.41834081777357596
0.43946188340807174,0.5845229151014273,0.0,0.012987012987012988,0.03333333333333333,0.06003308910423067
0.05381165919282511,0.5375657400450784,0.0,0.0,0.0,0.018908059560387616
0.0,0.5972952667167526,0.0,0.0,0.0,0.004254313401087213
0.0,0.4906085649887295,0.0,0.0,0.0,0.014653746159300403
0.07847533632286996,0.48046581517655795,0.0,0.0,0.6,0.18340817773575988
0.18161434977578475,0.644628099173552,0.0,0.0,0.6,0.1782084613566533
0.07174887892376682,0.5770097670924095,0.0,0.0,0.6,0.20373434176317656
0.09192825112107623,0.5067618332081132,0.0,0.0,0.6,0.14701016308201373
0.09865470852017935,0.5063861758076627,0.0,0.0,0.5666666666666667,0.15433703616166392
0.0,0.6175807663410957,0.0,0.0,0.0,0.019617111793902152
0.09641255605381165,0.6303531179564228,0.0,0.0,0.0,0.03427085795320255
0.0,0.536438767843725,0.0,0.0,0.0,0.022216969983455445
0.26681614349775784,0.5574755822689692,0.0,0.025974025974025976,0.0,0.02765303710706689
0.09192825112107623,0.6010518407212615,0.0,0.0,0.6333333333333333,0.15670054360671234
0.0,0.6867017280240404,0.0,0.0,0.6333333333333333,0.1564641928622075
0.0,0.7753568745304271,0.0,0.0,0.03333333333333333,0.02505317891751359
0.08295964125560537,0.5766341096919589,0.0,0.0,0.6,0.15220987946112033
0.11659192825112107,0.5022539444027032,0.0,0.0,0.6,0.14417395414795559
0.0,0.5931630353117949,0.0,0.0,0.03333333333333333,0.024107775939494203
0.0,0.6607813673929375,0.0,0.0,0.0,0.016308201370834316
0.0,0.8786626596543936,0.0,0.0,0.0,0.038288820609784925
0.0,0.49549211119459,0.0,0.0,0.5666666666666667,0.3122193334909005
0.11883408071748877,0.6198347107438007,0.0,0.012987012987012988,0.03333333333333333,0.03238005199716379
0.0,0.4515401953418472,0.0,0.0,0.0,0.016071850626329473
0.06278026905829596,0.5559729526671653,0.0,0.0,0.6,0.18435358071377925
0.13004484304932734,0.5150262960180303,0.0,0.0,0.03333333333333333,0.021035216260931223
0.15022421524663676,0.5931630353117949,0.0,0.0,0.0,0.035688962420231625
0.0,0.4924868519909822,0.0,0.0,0.0,0.008508626802174424
0.1053811659192825,0.5232907588279474,0.0,0.0,0.0,0.048688253367998105
0.0,0.4830954169797135,0.0,0.025974025974025976,0.6,0.29543843063105646
0.0,0.639368895567241,0.0,0.0,0.03333333333333333,0.021271567005436066
0.09865470852017935,0.41096919609316274,0.0,0.0,0.6,0.22311510281257385
0.3116591928251121,0.5717505634861002,0.0,0.0,0.0,0.06759631292838574
0.0,0.8501126972201334,0.025,0.0,0.0,0.07208697707397778
0.08295964125560537,0.3020285499624329,0.0,0.0,0.0,0.06925076813991965
0.09865470852017935,0.4819684447783601,0.0,0.0,0.0,0.03994327582131883
0.2690582959641255,0.5443275732531916,0.0,0.05194805194805195,0.03333333333333333,0.10044906641455922
0.0,0.6157024793388413,0.0,0.0,0.6333333333333333,0.1489009690380525
0.2713004484304932,0.552967693463561,0.0,0.025974025974025976,0.03333333333333333,0.029307492318600803
0.0,0.6344853493613805,0.0,0.0,0.03333333333333333,0.06428740250531789
0.3161434977578475,0.45642374154770593,0.0,0.012987012987012988,0.5666666666666667,0.17017253604348856
0.1973094170403587,0.4470323065364372,0.0,0.0,0.5666666666666667,0.1652091704088868
0.14573991031390135,0.6457550713749054,0.0,0.0,0.03333333333333333,0.03687071614275585
0.0,0.5593538692712237,0.0,0.0,0.0,0.020326164027416688
0.1390134529147982,0.5169045830202847,0.0,0.0,0.6333333333333333,0.23233278184826284
0.23318385650224213,0.654395191585273,0.0,0.0,0.0,0.040179626565823676
0.39910313901345285,0.4658151765589764,0.0,0.49350649350649356,0.6,0.45568423540534153
0.2802690582959641,0.48647633358377007,0.0,0.0,0.0,0.020089813282911838
0.0,0.7569496619083385,0.0,0.0,0.0,0.016071850626329473
0.2488789237668161,0.418482344102177,0.0125,0.24675324675324678,0.6,0.3717797211061215
0.09641255605381165,0.5138993238166769,0.0,0.0,0.6,0.14441030489246043
0.0,0.7791134485349342,0.0,0.0,0.0,0.017017253604348852
0.0,0.49586776859504056,0.0,0.0,0.6333333333333333,0.14464665563696527
0.05829596412556053,0.34635612321562625,0.0,0.0,0.0,0.02505317891751359
0.11883408071748877,0.5454545454545432,0.0,0.025974025974025976,0.0,0.12172063341999528
0.07847533632286996,0.6476333583771581,0.0,0.0,0.6,0.15622784211770266
0.08295964125560537,0.5969196093163021,0.0,0.0,0.0,0.14062869298038289
0.43049327354260086,0.6063110443275725,0.0,0.012987012987012988,0.03333333333333333,0.03734341763176554
0.10762331838565022,0.5807663410969184,0.0,0.0,0.6333333333333333,0.21555187898841882
0.0,0.5732531930879023,0.0,0.0,0.0,0.016071850626329473
0.2623318385650224,0.42749812171299695,0.0,0.28571428571428575,0.03333333333333333,0.3568896242023162
0.0,0.4102178812922599,0.0,0.0,0.0,0.004254313401087213
0.0,0.5672426746806902,0.0,0.0,0.0,0.018671708815882766
0.2309417040358744,0.5503380916604037,0.0,0.0,0.6333333333333333,0.2070432521862444
0.1390134529147982,0.6806912096168283,0.0,0.012987012987012988,0.6333333333333333,0.15811864807374143
0.1748878923766816,0.6465063861758065,0.0,0.0,0.0,0.04963365634601749
0.11210762331838564,0.5882794891059344,0.47500000000000003,0.0,0.0,0.3136374379579296
0.0,0.6307287753568733,0.0,0.0,0.6,0.13542897660127629
0.0,0.695341848234408,0.0,0.0,0.0,0.02056251477192153
0.07847533632286996,0.5326821938392161,0.0,0.0,0.0,0.013471992436776175
0.0,0.803531179564235,0.0,0.0,0.0,0.14842826754904279
0.10313901345291479,0.5495867768595026,0.0,0.0,0.03333333333333333,0.018435358071377923
0.0,0.4083395942900072,0.0,0.0,0.0,0.10399432758213188
0.10986547085201794,0.5830202854996234,0.0,0.0,0.03333333333333333,0.0716142755849681
0.24663677130044842,0.5631104432757308,0.0,0.012987012987012988,0.0,0.028125738596076574
0.23542600896860982,0.5612321562734781,0.0,0.025974025974025976,0.0,0.0392342235878043
0.06502242152466367,0.5492111194590521,0.0,0.0,0.6,0.1812810210352163
0.06278026905829596,0.6919609316303514,0.0,0.0,0.0,0.017489955093358545
0.09192825112107623,0.5586025544703226,0.0,0.0,0.03333333333333333,0.08697707397778302
0.13004484304932734,0.7197595792637106,0.0,0.012987012987012988,0.0,0.02765303710706689
0.12780269058295962,0.8703981968444765,0.0,0.0,0.0,0.035688962420231625
0.31390134529147984,0.5319308790383168,0.0,0.012987012987012988,0.6333333333333333,0.18884424485937132
0.0,0.5604808414725753,0.0,0.0,0.0,0.00685417159064051
0.21524663677130043,0.7531930879038296,0.0,0.0,0.0,0.038052469865280075
0.12556053811659193,0.6048084147257686,0.0,0.0,0.0,0.028362089340581424
0.0,0.48046581517655795,0.0,0.0,0.03333333333333333,0.0966674545024817
0.18385650224215247,0.5770097670924095,0.0,0.0,0.0,0.2264240132356417
0.0874439461883408,0.7580766341096901,0.0,0.0,0.0,0.26093122193334906
0.0,0.528925619834709,0.0,0.0,0.0,0.0314346490191444
0.0,0.6769346356123194,0.0,0.0,0.03333333333333333,0.02647128338454266
0.0,0.6915852742299009,0.0,0.0,0.03333333333333333,0.0768139919640747
0.09641255605381165,0.46393688955672374,0.0125,0.0,0.0,0.18789884188135192
0.09865470852017935,0.5984222389181042,0.0,0.0,0.0,0.029543843063105646
0.5672645739910314,0.20811419984973512,0.0,0.012987012987012988,0.0,0.16591822264240133
0.05605381165919282,0.6172051089406452,0.0,0.0,0.6,0.14771921531552826
0.3071748878923767,0.5664913598797874,0.0,0.012987012987012988,0.03333333333333333,0.021035216260931223
0.2309417040358744,0.6352366641622833,0.0,0.012987012987012988,0.0,0.024580477428503895
0.05829596412556053,0.7501878287002235,0.0,0.0,0.0,0.02647128338454266
0.2623318385650224,0.5435762584522905,0.0,0.0,0.03333333333333333,0.026707634129047503
0.0,0.8647633358377149,0.0,0.0,0.0,0.024580477428503895
0.0,0.8287002253944387,0.0,0.0,0.0,0.018671708815882766
0.06502242152466367,0.4444027047332817,0.0125,0.0,0.03333333333333333,0.18364452848026472
0.0,0.5067618332081132,0.0,0.0,0.6,0.13471992436776176
0.05605381165919282,0.7047332832456785,0.0,0.0,0.0,0.023871425194989367
0.07399103139013452,0.4045830202854983,0.0,0.012987012987012988,0.0,0.034034507208697704
0.0,0.5217881292261435,0.0,0.0,0.03333333333333333,0.025998581895532967
0.5044843049327354,0.3846731780616057,0.0,0.0,0.5666666666666667,0.34979910186717084
0.11434977578475335,0.5030052592036043,0.0,0.0,0.0,0.016308201370834316
0.0,0.5552216378662642,0.0,0.012987012987012988,0.6,0.1824627747577405
0.27578475336322866,0.6074380165289242,0.0,0.0,0.4,0.09855826045852045
0.0,0.5018782870022527,0.0,0.012987012987012988,0.6333333333333333,0.16024580477428504
0.0,0.5199098422238908,0.0,0.0,0.6,0.22193334909004964
0.0,0.6863260706235899,0.0,0.0,0.6,0.1538643346726542
0.2982062780269058,0.5187828700225392,0.0,0.012987012987012988,0.6333333333333333,0.18600803592531318
0.4977578475336322,0.5067618332081132,0.0,0.025974025974025976,0.36666666666666664,0.12786575277712126
0.1748878923766816,0.3478587528174284,0.0,0.0,0.9333333333333333,0.22996927440321438
0.10313901345291479,0.3914350112697207,0.0,0.0,0.0,0.015599149137319782
0.18609865470852016,0.43576258452291405,0.0,0.0,0.0,0.2001890805956039
0.0,0.6187077385424491,0.0,0.0,0.0,0.019617111793902152
0.437219730941704,0.584147257700975,0.0,0.0,0.0,0.09737650673599622
0.15246636771300448,0.41322314049586595,0.47500000000000003,0.0,0.6,0.5287166154573387
0.0,0.7764838467317787,0.0,0.0,0.6333333333333333,0.15859134956275112
0.0,0.48384673178061455,0.0,0.0,0.0,0.016071850626329473
0.12780269058295962,0.5999248685199081,0.0,0.0,0.0,0.014653746159300403
0.17264573991031387,0.5672426746806902,0.0125,0.0,0.6,0.1699361852989837
0.12107623318385649,0.521412471825693,0.0,0.0,0.0,0.02292602221696998
0.15022421524663676,0.5803906836964678,0.0,0.0,0.03333333333333333,0.021035216260931223
0.14573991031390135,0.552967693463561,0.0,0.025974025974025976,0.03333333333333333,0.02056251477192153
0.2309417040358744,0.5293012772351613,0.0,0.0,0.03333333333333333,0.02907114157409596
0.15246636771300448,0.18294515401953326,0.0,0.4415584415584416,0.5333333333333333,0.804774285038998
0.20179372197309414,0.7821187077385403,0.0,0.025974025974025976,0.6333333333333333,0.16639092413141102
0.11434977578475335,0.5781367392937629,0.0,0.0,0.03333333333333333,0.04419758922240605
0.051569506726457395,0.47821187077385297,0.0,0.0,0.5666666666666667,0.13944693925785867
0.3856502242152466,0.5972952667167526,0.0,0.025974025974025976,0.0,0.04679744741195934
0.11659192825112107,0.5304282494365129,0.0,0.0,0.0,0.5599149137319783
0.1547085201793722,0.6337340345604794,0.0,0.0,0.03333333333333333,0.02481682817300874
0.06278026905829596,0.5920360631104415,0.0,0.0,0.6333333333333333,0.15410068541715907
0.0,0.4398948159278717,0.0,0.29870129870129875,0.6,0.4526116757267785
0.11883408071748877,0.47708489857250136,0.0,0.0,0.0,0.020089813282911838
0.24663677130044842,0.652141247182568,0.0,0.3246753246753247,0.6,0.40155991491373194
0.0,0.6273478587528167,0.0,0.0,0.0,0.09477664854644292
0.09641255605381165,0.6322314049586755,0.0,0.0,0.03333333333333333,0.12195698416450013
0.07623318385650224,0.7062359128474807,0.0,0.0,0.03333333333333333,0.029307492318600803
0.28699551569506726,0.7847483095416958,0.0,0.0,0.03333333333333333,0.04727014890096903
0.29372197309417036,0.6157024793388413,0.0,0.0,0.36666666666666664,0.13141101394469393
0.0695067264573991,0.7490608564988719,0.0,0.0,0.0,0.02056251477192153
0.13004484304932734,0.5240420736288485,0.0,0.0,0.03333333333333333,0.020798865516426374
0.0,0.6716754320060101,0.0,0.0,0.0,0.03025289529662018
0.0,0.599173553719007,0.0,0.0,0.6,0.1708815882770031
0.0,0.23065364387678322,0.0,0.0,0.5666666666666667,0.13046561096667456
0.11210762331838564,0.6671675432006001,0.0,0.0,0.03333333333333333,0.030725596785629875
0.11883408071748877,0.5792637114951145,0.0,0.025974025974025976,0.6333333333333333,0.14913731978255734
0.0,0.6160781367392918,0.0,0.0,0.0,0.03001654455211534
0.3430493273542601,0.5777610818933123,0.0,0.0,0.4,0.10186717088158828
0.1053811659192825,0.5503380916604037,0.0,0.0,0.03333333333333333,0.02505317891751359
0.08071748878923765,0.6048084147257686,0.0,0.0,0.03333333333333333,0.019617111793902152
0.0,0.6604057099924852,0.0,0.0,0.0,0.00638147010163082
0.23318385650224213,0.6307287753568733,0.0,0.012987012987012988,0.03333333333333333,0.03876152209879461
0.0,0.5169045830202847,0.0,0.0,0.0,0.023871425194989367
0.18385650224215247,0.5781367392937629,0.0,0.0,0.03333333333333333,0.08650437248877335
0.0,0.38392186326070465,0.0,0.0,0.5666666666666667,0.18955329709288585
0.05381165919282511,0.5969196093163021,0.0,0.0,0.03333333333333333,0.02056251477192153
0.23542600896860982,0.5589782118707731,0.025,0.0,0.6333333333333333,0.18104467029071145
0.0,0.5368144252441756,0.0,0.0,0.6333333333333333,0.14677381233750889
0.12331838565022421,0.5972952667167526,0.0,0.012987012987012988,0.03333333333333333,0.020326164027416688
0.3206278026905829,0.5755071374906073,0.0125,0.29870129870129875,0.6,0.3715433703616166
0.07399103139013452,0.5398196844477834,0.0,0.0,0.0,0.022216969983455445
0.13228699551569506,0.44064613072877457,0.0,0.0,0.03333333333333333,0.008981328291184117
0.0,0.7028549962434241,0.0,0.0,0.6333333333333333,0.26660363980146534
0.13228699551569506,0.5390683696468805,0.0,0.0,0.03333333333333333,0.1396832900023635
0.0,0.47896318557475404,0.0,0.0,0.5666666666666667,0.15433703616166392
0.11659192825112107,0.5931630353117949,0.0,0.0,0.6,0.16804537934294494
0.0,0.58189331329827,0.0,0.0,0.03333333333333333,0.020798865516426374
0.10089686098654707,0.8226897069872265,0.0,0.025974025974025976,0.6333333333333333,0.1673363271094304
0.08968609865470852,0.3185574755822671,0.0,0.0,0.0,0.018671708815882766
0.23542600896860982,0.5676183320811408,0.0,0.0,0.0,0.024107775939494203
0.1390134529147982,0.6190833959428979,0.0,0.0,0.0,0.02907114157409596
0.0,0.5694966190833952,0.0,0.0,0.03333333333333333,0.009217679035688963
0.07847533632286996,0.32043576258452156,0.0,0.0,0.0,0.025998581895532967
0.27354260089686094,0.546205860255446,0.0,0.012987012987012988,0.03333333333333333,0.018908059560387616
0.1973094170403587,0.38166791885799967,0.0,0.012987012987012988,0.0,0.020089813282911838
0.09192825112107623,0.548459804658151,0.0,0.0,0.0,0.018671708815882766
0.0874439461883408,0.5608564988730258,0.0,0.025974025974025976,0.0,0.023635074450484517
0.06278026905829596,0.5319308790383168,0.0125,0.0,0.6333333333333333,0.33679981091940436
0.2914798206278027,0.5480841472577005,0.0,0.36363636363636365,0.6,0.3783975419522571
0.1390134529147982,0.6051840721262192,0.0,0.0,0.03333333333333333,0.021035216260931223
0.10313901345291479,0.6126972201352352,0.0,0.0,0.03333333333333333,0.017017253604348852
0.0,0.5627347858752803,0.0,0.0,0.0,0.028598440085086267
0.13677130044843047,0.5732531930879023,0.0,0.0,0.03333333333333333,0.021271567005436066
0.5560538116591928,0.5593538692712237,0.0125,0.0,0.8,0.4370125265894587
0.0,0.6577761081893296,0.0,0.0,0.03333333333333333,0.008508626802174424
0.0,0.5138993238166769,0.0,0.0,0.03333333333333333,0.020326164027416688
0.0,0.5138993238166769,0.0,0.0,0.0,0.008981328291184117
0.23766816143497754,0.47896318557475404,0.0,0.0,0.03333333333333333,0.02528952966201843
0.10089686098654707,0.19233658903080375,0.0,0.0,0.5333333333333333,0.135901678090286
0.1412556053811659,0.5578512396694197,0.0,0.0,0.0,0.279366580004727
0.05829596412556053,0.7404207362885025,0.0,0.0,0.03333333333333333,0.02765303710706689
0.17937219730941703,0.4436513899323806,0.0,0.0,0.03333333333333333,0.12148428267549044
0.23542600896860982,0.5131480090157758,0.0,0.012987012987012988,0.6,0.16355471519735287
0.3497757847533632,0.34147257700976574,0.0,0.012987012987012988,0.03333333333333333,0.07728669345308438
0.1412556053811659,0.644628099173552,0.0,0.0,0.03333333333333333,0.04065232805483337
0.05829596412556053,0.7419233658903064,0.0,0.0,0.0,0.017489955093358545
0.10762331838565022,0.6893313298271959,0.0,0.0,0.6,0.1600094540297802
0.11434977578475335,0.6607813673929375,0.0,0.0,0.0,0.05577877570314347
0.2600896860986547,0.550713749060856,0.0,0.0,0.4,0.10281257385960765
0.2488789237668161,0.5946656649135971,0.0125,0.0,0.6333333333333333,0.1808083195462066
0.26681614349775784,0.4913598797896306,0.05,0.0,0.6,0.27700307255967854
0.0,0.33433508640120024,0.0,0.0,0.0,0.2926022216969983
0.39910313901345285,0.473703981968443,0.0,0.012987012987012988,0.0,0.1139210588513354
0.0,0.5725018782870013,0.0,0.0,0.6,0.13637437957929568
0.11210762331838564,0.5270473328324563,0.0,0.0,0.6,0.22831481919168042
0.226457399103139,0.5225394440270463,0.0,0.025974025974025976,0.6,0.20373434176317656
0.08295964125560537,0.4808414725770085,0.0,0.0,0.6,0.31789175135901676
0.0,0.694590533433507,0.0,0.012987012987012988,0.0,0.02056251477192153
0.0,0.6776859504132222,0.0,0.0,0.0,0.02505317891751359
0.06726457399103138,0.6667918858001496,0.0,0.012987012987012988,0.6333333333333333,0.1871897896478374
0.051569506726457395,0.6209616829451523,0.0,0.012987012987012988,0.6,0.16473646891987712
0.32959641255605376,0.4500375657400433,0.0,0.012987012987012988,0.6,0.21129756558733162
0.0,0.5236664162283979,0.0,0.0,0.6,0.14204679744741197
0.0,0.5758827948910579,0.0,0.0,0.0,0.26494918458993144
0.0,0.8230653643876771,0.0,0.0,0.03333333333333333,0.021980619238950602
0.09192825112107623,0.8534936138241918,0.0,0.012987012987012988,0.03333333333333333,0.14582840935948949
0.06278026905829596,0.6596543951915841,0.0,0.0,0.03333333333333333,0.05199716379106594
0.06502242152466367,0.46769346356123087,0.0125,0.0,0.6,0.1427558496809265
0.23766816143497754,0.4718256949661903,0.0,0.0,0.03333333333333333,0.03238005199716379
0.10313901345291479,0.5105184072126221,0.0,0.0,0.6,0.15433703616166392
0.12556053811659193,0.7084898572501857,0.0,0.0,0.0,0.03048924604112503
0.35874439461883406,0.3489857250187818,0.0,0.025974025974025976,0.0,0.04514299220042543
0.11659192825112107,0.5852742299023284,0.0,0.0,0.03333333333333333,0.03332545497518317
0.13228699551569506,0.652141247182568,0.0,0.0,0.0,0.03001654455211534
0.1390134529147982,0.7032306536438764,0.0,0.0,0.03333333333333333,0.03592531316473647
0.0,0.5349361382419211,0.0,0.0,0.0,0.016308201370834316
0.1973094170403587,0.6141998497370391,0.0125,0.0,0.0,0.023635074450484517
0.12331838565022421,0.714124718256949,0.0,0.0,0.0,0.026943984873552346
0.14798206278026904,0.5041322314049577,0.0,0.0,0.0,0.015126447648310089
0.06726457399103138,0.41322314049586595,0.0125,0.0,0.6,0.2342235878043016
0.14573991031390135,0.45454545454545325,0.0,0.0,0.06666666666666667,0.07208697707397778
0.15919282511210758,0.5319308790383168,0.0,0.025974025974025976,0.6,0.1798629165681872
0.11434977578475335,0.6498873027798631,0.0,0.0,0.0,0.029307492318600803
0.21973094170403587,0.5165289256198342,0.0,0.025974025974025976,0.6,0.279366580004727
0.23318385650224213,0.45642374154770593,0.0,0.012987012987012988,0.0,0.041361380288347904
0.2309417040358744,0.707362885048834,0.0,0.0,0.0,0.038052469865280075
0.25560538116591924,0.605935386927122,0.0,0.012987012987012988,0.03333333333333333,0.03994327582131883
0.3811659192825112,0.3208114199849721,0.0,0.012987012987012988,0.5666666666666667,0.22666036398014655
0.2802690582959641,0.5217881292261435,0.0,0.012987012987012988,0.0,0.02788938785157173
0.2802690582959641,0.6401202103681438,0.0,0.012987012987012988,0.6,0.16804537934294494
0.0,0.6141998497370391,0.0,0.0,0.03333333333333333,0.019853462538406995
0.0,0.5698722764838458,0.0,0.0,0.03333333333333333,0.019853462538406995
0.37668161434977576,0.6645379413974446,0.0,0.012987012987012988,0.0,0.04963365634601749
0.15246636771300448,0.6833208114199838,0.0,0.0,0.0,0.02907114157409596
0.31390134529147984,0.7006010518407191,0.0,0.0,0.0,0.037107066887260697
0.11434977578475335,0.5725018782870013,0.0,0.0,0.0,0.024344126683999052
0.0,0.4079639368895549,0.0,0.0,0.03333333333333333,0.03781611912077523
0.0,0.4500375657400433,0.0,0.0,0.6,0.1552824391396833
0.06726457399103138,0.6190833959428979,0.0,0.0,0.0,0.027180335618057196
0.07174887892376682,0.5552216378662642,0.0,0.025974025974025976,0.0,0.02528952966201843
0.08295964125560537,0.6472577009767075,0.0,0.0,0.0,0.07019617111793904
0.08295964125560537,0.6453794139744531,0.0,0.0,0.0,0.02505317891751359
0.0,0.601427498121712,0.0,0.0,0.0,0.021035216260931223
0.15246636771300448,0.6408715251690449,0.0,0.0,0.03333333333333333,0.018908059560387616
0.12331838565022421,0.5375657400450784,0.0,0.025974025974025976,0.6,0.1479555660600331
0.0,0.5725018782870013,0.0,0.0,0.0,0.016308201370834316
0.11883408071748877,0.5,0.0,0.012987012987012988,0.0,0.03025289529662018
0.0,0.5984222389181042,0.0,0.0,0.0,0.0172536043488537
0.08295964125560537,0.4045830202854983,0.0,0.012987012987012988,0.5666666666666667,0.15339163318364452
0.0,0.5514650638617571,0.0,0.0,0.0,0.017489955093358545
0.13452914798206275,0.6664162283996973,0.0,0.025974025974025976,0.03333333333333333,0.02505317891751359
0.23991031390134526,0.3936889556724257,0.4625,0.012987012987012988,0.5666666666666667,0.4649019144410304
0.0,0.651389932381667,0.0,0.0,0.0,0.0172536043488537
0.05605381165919282,0.5852742299023284,0.0,0.0,0.03333333333333333,0.0172536043488537
0.06502242152466367,0.5210368144252442,0.0,0.0,0.6333333333333333,0.1479555660600331
0.0,0.6228399699474068,0.0,0.0,0.0,0.004963365634601747
0.0695067264573991,0.6265965439519139,0.0,0.0,0.0,0.041597731032852754
0.13004484304932734,0.6784372652141233,0.0,0.0,0.6333333333333333,0.15764594658473174
0.11210762331838564,0.5319308790383168,0.0,0.012987012987012988,0.6333333333333333,0.2013708343181281
0.09417040358744394,0.6322314049586755,0.0,0.0,0.0,0.02765303710706689
0.23542600896860982,0.6187077385424491,0.0,0.012987012987012988,0.0,0.09335854407941385
0.31390134529147984,0.5597295266716742,0.025,0.0,0.0,0.05554242495863863
0.0,0.6769346356123194,0.0,0.0,0.0,0.11959347671945167
0.08295964125560537,0.6051840721262192,0.0,0.0,0.6,0.1704088867879934
0.2600896860986547,0.5007513148008993,0.0,0.025974025974025976,0.0,0.03757976837627038
0.07847533632286996,0.5112697220135214,0.0125,0.0,0.6,0.2105885133538171
0.2982062780269058,0.5631104432757308,0.0,0.025974025974025976,0.0,0.04112502954384306
0.23991031390134526,0.33245679939894757,0.0,0.025974025974025976,0.0,0.02505317891751359
0.36995515695067266,0.5131480090157758,0.0,0.025974025974025976,0.6,0.183171826991255
0.06278026905829596,0.6190833959428979,0.0,0.025974025974025976,0.6,0.2741668636256204
0.12107623318385649,0.5247933884297513,0.0,0.0,0.6666666666666666,0.1656818718978965
0.1053811659192825,0.37453042824943594,0.0,0.012987012987012988,0.5666666666666667,0.1453557078704798
0.20403587443946186,0.22727272727272663,0.0,0.2337662337662338,0.5666666666666667,0.4313401087213425
0.5134529147982062,0.4631855747558209,0.0,0.012987012987012988,0.6,0.1909714015599149
0.07174887892376682,0.5642374154770824,0.0,0.0,0.0,0.06286929803828882
0.17937219730941703,0.40758827948910437,0.0,0.0,0.6,0.27794847553769797
0.13677130044843047,0.5492111194590521,0.0125,0.0,0.03333333333333333,0.19026234932640038
0.0,0.4586776859504109,0.0,0.012987012987012988,0.6,0.2294965729142047
0.12331838565022421,0.58640120210368,0.0,0.012987012987012988,0.0,0.03781611912077523
0.210762331838565,0.5060105184072121,0.0,0.0,0.03333333333333333,0.0392342235878043
0.18161434977578475,0.47220135236664085,0.0,0.0,0.0,0.028362089340581424
0.14798206278026904,0.6562734785875275,0.0,0.0,0.0,0.02883479082959111
0.15919282511210758,0.7400450788880519,0.0,0.012987012987012988,0.03333333333333333,0.030961947530134717
0.12107623318385649,0.6277235161532673,0.0,0.012987012987012988,0.03333333333333333,0.016544552115339166
0.33856502242152464,0.5262960180315535,0.0125,0.0,0.16666666666666666,0.11250295438430633
0.07174887892376682,0.5608564988730258,0.0,0.0,0.0,0.1169936185298984
0.0,0.6100676183320797,0.0,0.0,0.6,0.1489009690380525
0.1412556053811659,0.6705484598046567,0.0,0.0,0.0,0.018435358071377923
0.10986547085201794,0.7821187077385403,0.0,0.0,0.0,0.19806192389506028
0.0,0.5293012772351613,0.0,0.0,0.6,0.15079177499409124
0.11210762331838564,0.5187828700225392,0.0,0.0,0.6,0.20940675963129285
0.11210762331838564,0.5706235912847468,0.0,0.0,0.6,0.15882770030725596
0.1412556053811659,0.6078136739293747,0.0,0.0,0.6,0.17395414795556607
0.49999999999999994,0.6374906085649883,0.0,0.0,0.0,0.07870479792011345
0.3340807174887892,0.5912847483095405,0.0,0.0,0.0,0.04230678326636729
0.0,0.3489857250187818,0.0,0.0,0.03333333333333333,0.2980382888206098
0.0,0.587152516904581,0.0,0.0,0.0,0.007799574568659888
0.06502242152466367,0.5792637114951145,0.0,0.0,0.0,0.08390451429922005
0.051569506726457395,0.4530428249436511,0.0,0.0,0.6,0.15811864807374143
0.09865470852017935,0.6664162283996973,0.0,0.0,0.6333333333333333,0.15882770030725596
0.2623318385650224,0.533433508640119,0.0125,0.012987012987012988,0.6333333333333333,0.21413377452138974
0.30269058295964124,0.6209616829451523,0.0,0.025974025974025976,0.0,0.1396832900023635
0.10313901345291479,0.6006761833208092,0.0,0.012987012987012988,0.0,0.025762231151028124
0.12556053811659193,0.5924117205108921,0.0,0.0,0.6,0.15764594658473174
0.11883408071748877,0.47558226897069744,0.0,0.05194805194805195,0.6,0.3639801465374616
0.060538116591928245,0.6307287753568733,0.0,0.0,0.0,0.02316237296147483
0.4775784753363228,0.5108940646130709,0.0,0.025974025974025976,0.0,0.11226660363980147
0.11883408071748877,0.5458302028549955,0.0,0.012987012987012988,0.03333333333333333,0.051288111557551405
0.1547085201793722,0.35912847483095334,0.0,0.4545454545454546,0.5666666666666667,0.39896005672417867
0.0,0.31780616078136603,0.4625,0.0,0.5666666666666667,0.40179626565823684
0.0,0.48760330578512345,0.0,0.0,0.0,0.020798865516426374
0.05381165919282511,0.3598797896318544,0.0,0.0,0.0,0.028125738596076574
0.24663677130044842,0.47933884297520457,0.0,0.0,0.43333333333333335,0.1841172299692744
0.2443946188340807,0.3801652892561975,0.0,0.0,0.6,0.4724651382651855
0.0,0.18482344102178594,0.0,0.0,0.03333333333333333,0.035452611675726775
0.2085201793721973,0.4928625093914345,0.1875,0.012987012987012988,0.6,0.29591113212006614
0.3430493273542601,0.4939894815927861,0.0,0.012987012987012988,0.6,0.17135428976601277
0.0,0.5905334335086394,0.0,0.0,0.6,0.17111793902150793
0.2443946188340807,0.5416979714500361,0.0,0.025974025974025976,0.03333333333333333,0.0314346490191444
0.0,0.413974455296767,0.47500000000000003,0.0,0.5666666666666667,0.41361380288347904
0.22421524663677128,0.5785123966942134,0.0,0.0,0.0,0.03616166390924131
0.0,0.5447032306536421,0.0,0.012987012987012988,0.0,0.02292602221696998
0.25560538116591924,0.6506386175807659,0.0,0.03896103896103896,0.0,0.041597731032852754
0.12556053811659193,0.8129226145755055,0.0,0.025974025974025976,0.0,0.032852753486173475
0.05381165919282511,0.5123966942148748,0.0,0.012987012987012988,0.6,0.15717324509572206
0.07847533632286996,0.5942900075131465,0.0,0.0,0.03333333333333333,0.02528952966201843
0.33856502242152464,0.654395191585273,0.0,0.0,0.4,0.10328527534861735
0.2219730941704036,0.4290007513147991,0.0,0.0,0.03333333333333333,0.03048924604112503
0.05381165919282511,0.3809166040570986,0.0,0.0,0.5666666666666667,0.3819428031198298
0.051569506726457395,0.30653643876784287,0.0,0.0,0.5666666666666667,0.13613802883479084
0.32735426008968604,0.5495867768595026,0.0,0.012987012987012988,0.6,0.17584495391160485
0.08295964125560537,0.6788129226145738,0.0,0.0,0.0,0.029307492318600803
0.0,0.48384673178061455,0.0,0.0,0.6,0.23658709524935007
0.10089686098654707,0.5390683696468805,0.0,0.0,0.0,0.024580477428503895
0.12331838565022421,0.5751314800901568,0.0,0.025974025974025976,0.03333333333333333,0.024344126683999052
0.15695067264573992,0.3658903080390665,0.0,0.012987012987012988,0.6,0.16591822264240133
0.06726457399103138,0.4962434259954911,0.0125,0.0,0.6333333333333333,0.253367998109194
0.24663677130044842,0.5713749060856479,0.0,0.025974025974025976,0.03333333333333333,0.07208697707397778
0.2645739910313901,0.5,0.0,0.025974025974025976,0.0,0.04490664145592059
0.10089686098654707,0.47332832456799245,0.0,0.0,0.03333333333333333,0.03497991018671709
0.05381165919282511,0.3715251690458281,0.0,0.0,0.5666666666666667,0.1255022453320728
0.1053811659192825,0.5146506386175798,0.0,0.012987012987012988,0.0,0.027180335618057196
0.23991031390134526,0.5172802404207353,0.0125,0.0,0.6,0.17939021507917752
0.0,0.5815176558978195,0.0,0.0,0.03333333333333333,0.02056251477192153
0.0,0.6942148760330564,0.0,0.0,0.0,0.020326164027416688
0.21973094170403587,0.4421487603305767,0.0,0.0,0.0,0.07846844717560861
0.35650224215246634,0.6187077385424491,0.0,0.012987012987012988,0.03333333333333333,0.0465610966674545
0.06726457399103138,0.5416979714500361,0.0,0.0,0.6333333333333333,0.18695343890333255
0.23542600896860982,0.4432757325319301,0.0,0.0,0.6,0.16497281966438196
0.05381165919282511,0.6074380165289242,0.0,0.0,0.0,0.06594185771685182
0.13004484304932734,0.7967693463561218,0.0,0.012987012987012988,0.6666666666666666,0.16190025998581895
0.0,0.5589782118707731,0.0,0.0,0.6333333333333333,0.1590640510517608
0.2443946188340807,0.543951915852741,0.025,0.0,0.03333333333333333,0.11226660363980147
0.452914798206278,0.7948910593538674,0.0,0.012987012987012988,0.03333333333333333,0.05270621602458048
0.1390134529147982,0.5281743050338079,0.0,0.0,0.03333333333333333,0.02292602221696998
0.0,0.5375657400450784,0.0,0.0,0.03333333333333333,0.00023635074450484468
0.0,0.37077385424492704,0.0,0.0,0.0,0.0028362089340581414
0.25784753363228696,0.6363636363636349,0.0125,0.025974025974025976,0.03333333333333333,0.03947057433230914
0.14349775784753363,0.817806160781366,0.0,0.012987012987012988,0.03333333333333333,0.03001654455211534
0.0,0.6483846731780609,0.0,0.0,0.0,0.029780193807610496
0.4080717488789237,0.5905334335086394,0.0,0.012987012987012988,0.6,0.2212242968565351
0.16367713004484302,0.4740796393688953,0.0,0.0,0.5666666666666667,0.15410068541715907
0.0695067264573991,0.7734785875281727,0.0,0.0,0.0,0.047742850389978726
0.0,0.7314049586776843,0.0,0.0,0.0,0.017489955093358545
0.10089686098654707,0.5488354620586016,0.0,0.0,0.6,0.17915386433467267
0.3340807174887892,0.466942148760328,0.0,0.012987012987012988,0.03333333333333333,0.20207988655164266
0.3340807174887892,0.4060856498873022,0.0,0.012987012987012988,0.6,0.21791538643346728
0.24215246636771298,0.6536438767843702,0.0,0.0,0.0,0.0314346490191444
0.2780269058295964,0.6063110443275725,0.0,0.0,0.03333333333333333,0.1245568423540534
0.08520179372197309,0.62960180315552,0.0,0.0,0.6,0.1734814464665564
0.5112107623318385,0.44290007513147955,0.47500000000000003,0.025974025974025976,0.03333333333333333,0.4530843772157882
0.10762331838565022,0.608189331329827,0.0,0.0,0.03333333333333333,0.0314346490191444
0.15246636771300448,0.6408715251690449,0.0,0.0,0.6,0.22784211770267074
0.1053811659192825,0.3549962434259939,0.0,0.0,0.0,0.016071850626329473
0.16367713004484302,0.5368144252441756,0.0,0.0,0.5666666666666667,0.172536043488537
0.17040358744394618,0.46769346356123087,0.0,0.025974025974025976,0.0,0.021035216260931223
0.0,0.2915101427498108,0.0,0.0,0.0,0.3089104230678327
0.0,0.6619083395942891,0.0,0.0,0.0,0.017489955093358545
0.0,0.5646130728775347,0.0,0.0,0.0,0.02174426849444576
0.3789237668161435,0.7708489857250171,0.0,0.012987012987012988,0.0,0.04585204443393997
0.2219730941704036,0.5649887302779852,0.0,0.0,0.6,0.19404396123847792
0.051569506726457395,0.3809166040570986,0.0,0.0,0.6,0.29992909477664853
0.41031390134529144,0.4571750563486088,0.0,0.0,0.0,0.2864571023398723
0.2645739910313901,0.658903080390683,0.0,0.012987012987012988,0.03333333333333333,0.0418340817773576
0.0,0.5353117956423734,0.0,0.0,0.6333333333333333,0.1656818718978965
0.0,0.5236664162283979,0.0,0.0,0.0,0.14819191680453794
0.05605381165919282,0.40383170548459724,0.0,0.0,0.0,0.03474355944221224
0.25560538116591924,0.5638617580766336,0.025,0.36363636363636365,0.6,0.3531080122902387
0.3878923766816143,0.6404958677685926,0.0,0.025974025974025976,0.4,0.10517608130465611
0.10089686098654707,0.4872276483846729,0.0,0.0,0.03333333333333333,0.015599149137319782
0.6345291479820626,0.5232907588279474,0.0,0.025974025974025976,0.6,0.2096431103757977
0.1973094170403587,0.5533433508640115,0.0,0.012987012987012988,0.03333333333333333,0.03947057433230914
0.3094170403587444,0.5018782870022527,0.0,0.0,0.6,0.2973292365870952
0.0,0.6382419233658894,0.0,0.0,0.03333333333333333,0.021035216260931223
0.11883408071748877,0.475957926371148,0.0,0.0,0.0,0.13661073032380053
0.06502242152466367,0.22426746806912057,0.0,0.0,0.5666666666666667,0.17419049870007092
0.2219730941704036,0.6547708489857236,0.0,0.0,0.0,0.04325218624438667
0.0,0.5353117956423734,0.0,0.0,0.0,0.02741668636256204
0.2914798206278027,0.6836964688204343,0.0,0.012987012987012988,0.6333333333333333,0.15764594658473174
0.17040358744394618,0.7610818933132961,0.0,0.0,0.0,0.029307492318600803
0.11883408071748877,0.26408715251690396,0.0,0.0,0.0,0.08603167099976367
0.4192825112107623,0.23816679188579926,0.0,0.025974025974025976,0.0,0.036634365398251004
0.06502242152466367,0.5713749060856479,0.0,0.012987012987012988,0.03333333333333333,0.05790593240368707
0.18834080717488788,0.308039068369645,0.0,0.012987012987012988,0.0,0.1871897896478374
0.6973094170403586,0.47107438016528747,0.0,0.0,0.6,0.2467501772630584
0.2713004484304932,0.5518407212622076,0.0,0.012987012987012988,0.0,0.02623493264003781
0.0,0.6025544703230636,0.0,0.0,0.0,0.03757976837627038
0.09192825112107623,0.3842975206611552,0.0,0.0,0.0,0.013944693925785867
0.11659192825112107,0.5803906836964678,0.0,0.012987012987012988,0.03333333333333333,0.018671708815882766
0.09641255605381165,0.5477084898572482,0.0,0.0,0.6333333333333333,0.1574095958402269
0.060538116591928245,0.4891059353869256,0.0125,0.0,0.6333333333333333,0.15575514062869297
0.2623318385650224,0.46731780616078034,0.0125,0.06493506493506494,0.6,0.19120775230441975
0.0,0.5405709992486845,0.0,0.0,0.03333333333333333,0.09264949184589932
0.06726457399103138,0.5687453042824924,0.0,0.0,0.6,0.15977310328527536
0.3116591928251121,0.5495867768595026,0.0,0.0,0.36666666666666664,0.13259276766721814
0.18385650224215247,0.4290007513147991,0.0,0.4675324675324676,0.5666666666666667,0.46088395178444813
0.44843049327354256,0.46280991735537036,0.0125,0.012987012987012988,0.6,0.33254549751831713
0.2443946188340807,0.637114951164536,0.0,0.012987012987012988,0.0,0.04419758922240605
0.09865470852017935,0.6833208114199838,0.0,0.0,0.03333333333333333,0.029307492318600803
0.3116591928251121,0.47708489857250136,0.0,0.0,0.4,0.10493973056015127
0.24215246636771298,0.5969196093163021,0.0,0.0,0.0,0.037107066887260697
0.15695067264573992,0.4045830202854983,0.0,0.49350649350649356,0.5666666666666667,0.5743323091467738
0.12107623318385649,0.5454545454545432,0.0,0.0,0.0,0.022689671472465138
0.15695067264573992,0.5785123966942134,0.0,0.0,0.0,0.031907350508154096
0.05829596412556053,0.4030803906836944,0.0,0.0,0.0,0.047506499645473876
0.12556053811659193,0.6983471074380159,0.0,0.012987012987012988,0.03333333333333333,0.022216969983455445
0.6569506726457398,0.5330578512396684,0.0,0.0,0.43333333333333335,0.15150082722760577
0.25784753363228696,0.49323816679188504,0.0,0.025974025974025976,0.0,0.04088867879933821
0.0,0.5736288504883529,0.0,0.0,0.0,0.018671708815882766
0.18834080717488788,0.5811419984973689,0.0,0.0,0.0,0.1626093122193335
0.0,0.8287002253944387,0.0,0.0,0.0,0.018435358071377923
0.0,0.35574755822689674,0.0,0.0,0.0,0.031907350508154096
0.1905829596412556,0.18069120961682827,0.45,0.012987012987012988,0.0,0.3393996691089577
0.0874439461883408,0.4879789631855722,0.0,0.0,0.5666666666666667,0.1370834318128102
0.0,0.40120210368143994,0.0,0.0,0.0,0.004963365634601747
0.26681614349775784,0.6532682193839197,0.0,0.0,0.0,0.038052469865280075
0.1905829596412556,0.6675432006010507,0.0,0.012987012987012988,0.03333333333333333,0.035688962420231625
0.0,0.6134485349361363,0.0,0.0,0.0,0.015126447648310089
0.1053811659192825,0.579639368895565,0.0,0.0,0.6,0.15031907350508156
0.0,0.36363636363636154,0.0,0.0,0.5666666666666667,0.26258567714488296
0.0874439461883408,0.4361382419233646,0.0,0.0,0.6,0.15079177499409124
0.25112107623318386,0.639368895567241,0.0,0.012987012987012988,0.0,0.03639801465374616
0.12780269058295962,0.5330578512396684,0.0,0.0,0.6,0.329709288584259
0.11434977578475335,0.25920360631104344,0.0,0.4545454545454546,0.5666666666666667,0.5601512644764831
0.1390134529147982,0.43914350112697065,0.0,0.0,0.0,0.02056251477192153
0.0,0.46731780616078034,0.0,0.0,0.03333333333333333,0.006617820846135667
0.09417040358744394,0.2588279489105929,0.0,0.012987012987012988,0.0,0.013235641692271332
0.0,0.6280991735537178,0.0,0.0,0.03333333333333333,0.14228314819191681
0.09417040358744394,0.6893313298271959,0.0,0.0,0.6333333333333333,0.25691325927676667
0.15022421524663676,0.5533433508640115,0.0,0.0,0.0,0.01819900732687308
0.0,0.5672426746806902,0.0,0.0,0.0,0.021035216260931223
0.35650224215246634,0.6130728775356857,0.0,0.025974025974025976,0.0,0.06428740250531789
0.0,0.7655897821187061,0.0,0.0,0.0,0.02883479082959111
0.07623318385650224,0.4293764087152496,0.0,0.0,0.6,0.34885369888915146
0.11659192825112107,0.6164537941397441,0.0,0.0,0.0,0.034034507208697704
0.0,0.6990984222389169,0.0,0.0,0.6,0.14748286457102341
0.0,0.45942900075131377,0.0125,0.0,0.6333333333333333,0.13873788702434414
0.0,0.7471825694966174,0.0,0.0,0.03333333333333333,0.02316237296147483
0.10313901345291479,0.4196093163035304,0.0,0.0,0.0,0.048688253367998105
0.08071748878923765,0.6382419233658894,0.0,0.0,0.0,0.025762231151028124
0.0,0.6607813673929375,0.0,0.0,0.0,0.040179626565823676
0.3632286995515695,0.4752066115702469,0.0,0.025974025974025976,0.03333333333333333,0.0392342235878043
0.17937219730941703,0.6048084147257686,0.0,0.0,0.03333333333333333,0.021271567005436066
0.0,0.4823441021788124,0.0,0.0,0.03333333333333333,0.25549515480973767
0.10089686098654707,0.5822689706987223,0.0,0.025974025974025976,0.6333333333333333,0.1574095958402269
0.0,0.3572501878286989,0.4625,0.012987012987012988,0.5666666666666667,0.432049160954857
0.0,0.5495867768595026,0.0,0.0,0.03333333333333333,0.00023635074450484468
0.289237668161435,0.39218632607062176,0.0,0.012987012987012988,0.03333333333333333,0.15410068541715907
0.17264573991031387,0.6205860255447018,0.0,0.0,0.03333333333333333,0.022453320727960295
0.08520179372197309,0.6667918858001496,0.0,0.0,0.0,0.02765303710706689
0.06726457399103138,0.5965439519158515,0.0,0.0,0.0,0.024580477428503895
0.0,0.4094665664913588,0.0,0.0,0.5666666666666667,0.1271567005436067
0.05605381165919282,0.550713749060856,0.0,0.0,0.0,0.029780193807610496
0.09192825112107623,0.4053343350863994,0.42500000000000004,0.0,0.5666666666666667,0.40297801938076105
0.0,0.5138993238166769,0.0,0.0,0.6,0.2238241550460884
0.0,0.699849737039818,0.0,0.0,0.0,0.0172536043488537
0.10986547085201794,0.5503380916604037,0.0,0.0,0.0,0.02765303710706689
0.2600896860986547,0.6780616078136728,0.0,0.012987012987012988,0.0,0.03734341763176554
0.09641255605381165,0.4928625093914345,0.0,0.025974025974025976,0.0,0.021507917749940916
0.13452914798206275,0.6280991735537178,0.0,0.0,0.0,0.04207043252186244
0.09417040358744394,0.4353869271224635,0.0,0.05194805194805195,0.5666666666666667,0.17182699125502246
0.1390134529147982,0.601427498121712,0.0,0.0,0.0,0.02907114157409596
0.21748878923766815,0.522163786626594,0.0,0.025974025974025976,0.0,0.04419758922240605
0.07847533632286996,0.8046581517655884,0.0,0.012987012987012988,0.6333333333333333,0.15953675254077052
0.2690582959641255,0.42862509391434855,0.0,0.025974025974025976,0.0,0.02883479082959111
0.2713004484304932,0.4271224643125464,0.0,0.0,0.9,0.2651855353344363
0.0,0.6243425995492107,0.0,0.0,0.0,0.019853462538406995
0.05381165919282511,0.5653643876784358,0.0,0.0,0.0,0.03734341763176554
0.5807174887892377,0.3425995492111191,0.0,0.012987012987012988,0.4,0.2448593713070196
0.24663677130044842,0.6051840721262192,0.0,0.0,0.0,0.03214370125265894
0.07847533632286996,0.7047332832456785,0.0,0.0,0.03333333333333333,0.029307492318600803
0.12556053811659193,0.656649135987978,0.0,0.0,0.0,0.03238005199716379
0.08295964125560537,0.6419984973703965,0.0,0.0,0.0,0.028362089340581424
0.0,0.6258452291510128,0.0,0.0,0.0,0.02883479082959111
0.12556053811659193,0.5657400450788863,0.0,0.012987012987012988,0.0,0.016071850626329473
0.0,0.5120210368144242,0.0125,0.0,0.6,0.2280784684471756
0.0,0.6720510894064606,0.0,0.0,0.6333333333333333,0.1590640510517608
0.08520179372197309,0.5822689706987223,0.0,0.0,0.0,0.051288111557551405
0.060538116591928245,0.6761833208114183,0.0,0.0,0.6,0.14511935712597496
0.21748878923766815,0.5184072126220869,0.4625,0.012987012987012988,0.0,0.2944930276530371
0.10762331838565022,0.5323065364387656,0.0,0.0,0.03333333333333333,0.022453320727960295
0.0,0.4703230653643864,0.0,0.0,0.6,0.20586149846372018
0.0,0.5826446280991728,0.0,0.0,0.0,0.024107775939494203
0.23766816143497754,0.6728024042073617,0.0,0.0,0.03333333333333333,0.0586149846372016
0.3946188340807174,0.47708489857250136,0.0,0.06493506493506494,0.6,0.35476246750177265
0.11210762331838564,0.5762584522915084,0.0,0.0,0.03333333333333333,0.01914441030489246
0.11210762331838564,0.4151014274981204,0.0,0.0,0.0,0.02741668636256204
0.06502242152466367,0.5229151014274969,0.0,0.012987012987012988,0.0,0.02528952966201843
0.0,0.4470323065364372,0.0,0.0,0.6,0.1682817300874498
0.20179372197309414,0.5942900075131465,0.0,0.0,0.6,0.17229969274403215
0.06726457399103138,0.696844477836212,0.0,0.0,0.6333333333333333,0.2138974237768849
0.16816143497757846,0.48948159278737613,0.0,0.012987012987012988,0.5666666666666667,0.3559442212242968
0.10762331838565022,0.6378662659654388,0.0,0.0,0.0,0.07988655164263768
0.14573991031390135,0.46731780616078034,0.0,0.012987012987012988,0.0,0.031907350508154096
0.20627802690582958,0.6198347107438007,0.0,0.0,0.0,0.03734341763176554
0.14798206278026904,0.7133734034560462,0.0,0.025974025974025976,0.0,0.03639801465374616
0.06278026905829596,0.5063861758076627,0.0125,0.48051948051948057,0.6,0.6315291893169463
0.0,0.5274229902329068,0.0,0.0,0.0,0.21956984164500118
0.09417040358744394,0.5180315552216364,0.0,0.0,0.6,0.26778539352398956
0.0,0.4891059353869256,0.0,0.0,0.6,0.15150082722760577
0.06726457399103138,0.528925619834709,0.0,0.0,0.03333333333333333,0.028598440085086267
0.09192825112107623,0.3985725018782862,0.0,0.0,0.6,0.14204679744741197
0.09192825112107623,0.2798647633358371,0.0,0.012987012987012988,0.5666666666666667,0.13873788702434414
0.12780269058295962,0.5619834710743792,0.0,0.025974025974025976,0.03333333333333333,0.017489955093358545
0.21524663677130043,0.43350864012020907,0.0,0.012987012987012988,0.5666666666666667,0.14748286457102341
0.2488789237668161,0.34485349361382234,0.0,0.0,0.5666666666666667,0.18955329709288585
0.08295964125560537,0.3076634109691945,0.0,0.0,0.5666666666666667,0.37532498227369415
0.24215246636771298,0.5360631104432745,0.0,0.012987012987012988,0.03333333333333333,0.06688726069487119
0.12331838565022421,0.47483095416979637,0.0,0.012987012987012988,0.0,0.012053887969747103
0.05605381165919282,0.4060856498873022,0.47500000000000003,0.0,0.6,0.4093594894823918
0.20179372197309414,0.4241172051089386,0.0,0.0,0.0,0.03001654455211534
0.05829596412556053,0.6649135987978951,0.0,0.0,0.0,0.015362798392814936
0.0,0.3516153268219373,0.0,0.0,0.03333333333333333,0.01819900732687308
0.10313901345291479,0.6851990984222365,0.0,0.0,0.03333333333333333,0.029543843063105646
0.15919282511210758,0.6731780616078122,0.0,0.012987012987012988,0.0,0.02623493264003781
0.36771300448430494,0.43350864012020907,0.0,0.012987012987012988,0.6,0.16190025998581895
0.11434977578475335,0.40984222389180935,0.0,0.48051948051948057,0.03333333333333333,0.30678326636728903
0.0,0.5454545454545432,0.0,0.0,0.6,0.16875443157645947
0.0,0.603681442524417,0.0,0.012987012987012988,0.0,0.14724651382651857
0.2085201793721973,0.42862509391434855,0.0,0.0,0.9666666666666667,0.2337508863152919
0.18385650224215247,0.3801652892561975,0.0,0.0,0.6,0.14582840935948949
0.13228699551569506,0.3715251690458281,0.0,0.0,0.0,0.017962656582368237
0.14349775784753363,0.6878287002253938,0.0,0.012987012987012988,0.03333333333333333,0.021980619238950602
0.051569506726457395,0.6476333583771581,0.0,0.0,0.0,0.0314346490191444
0.060538116591928245,0.35349361382419175,0.0,0.0,0.6,0.23091467738123375
0.27354260089686094,0.4879789631855722,0.0,0.012987012987012988,0.0,0.23918695343890334
0.46412556053811654,0.5135236664162264,0.0,0.025974025974025976,0.2,0.08225005908768614
0.0,0.5555972952667148,0.0,0.0,0.0,0.045615693689435126
0.0,0.6671675432006001,0.0,0.0,0.0,0.029543843063105646
0.11883408071748877,0.6882043576258443,0.0,0.012987012987012988,0.03333333333333333,0.056487827936658
0.0,0.5165289256198342,0.0,0.0,0.0,0.07066887260694872
0.21524663677130043,0.42975206611570194,0.0,0.012987012987012988,0.03333333333333333,0.03592531316473647
0.07399103139013452,0.4988730277986466,0.0,0.0,0.6,0.1552824391396833
0.05381165919282511,0.9241172051089386,0.0,0.0,0.03333333333333333,0.04088867879933821
0.14573991031390135,0.6652892561983457,0.0,0.0,0.03333333333333333,0.03427085795320255
0.13452914798206275,0.5661157024793368,0.0,0.012987012987012988,0.0,0.018908059560387616
0.0,0.6322314049586755,0.0,0.0,0.03333333333333333,0.022689671472465138
0.0,0.5180315552216364,0.0,0.0,0.6,0.20680690144173955
0.1053811659192825,0.7802404207362876,0.0,0.0,0.0,0.15764594658473174
0.11659192825112107,0.42862509391434855,0.0,0.0,0.0,0.028362089340581424
0.09192825112107623,0.752817430503379,0.0,0.0,0.0,0.024344126683999052
0.2713004484304932,0.5713749060856479,0.0125,0.025974025974025976,0.0,0.14559205861498464
0.09417040358744394,0.6138241923365886,0.0,0.0,0.0,0.0418340817773576
0.11434977578475335,0.420736288504882,0.0,0.0,0.6,0.398487355235169
0.2600896860986547,0.475957926371148,0.0,0.012987012987012988,0.4,0.1035216260931222
0.2085201793721973,0.45454545454545325,0.0,0.0,0.6,0.18789884188135192
0.13004484304932734,0.5740045078888052,0.0,0.0,0.0,0.020798865516426374
0.0695067264573991,0.5649887302779852,0.0,0.0,0.0,0.07114157409595841
0.0,0.34823441021787893,0.0,0.012987012987012988,0.5666666666666667,0.33750886315291895
0.27578475336322866,0.5123966942148748,0.0,0.012987012987012988,0.0,0.1578822973292366
0.1390134529147982,0.5713749060856479,0.0,0.0,0.0,0.028598440085086267
0.05381165919282511,0.5067618332081132,0.0125,0.0,0.03333333333333333,0.14441030489246043
0.19955156950672642,0.41322314049586595,0.0,0.0,0.8,0.2384779012053888
0.2488789237668161,0.6341096919609299,0.0,0.0,0.0,0.02623493264003781
0.25560538116591924,0.5236664162283979,0.0125,0.0,0.03333333333333333,0.034507208697707396
0.15919282511210758,0.6900826446280988,0.0,0.0,0.6,0.2668399905459702
0.23542600896860982,0.6299774605559705,0.0,0.0,0.0,0.04325218624438667
0.06726457399103138,0.4342599549211119,0.025,0.0,0.6,0.16237296147482866
0.0,0.7907588279489097,0.0,0.0,0.0,0.02056251477192153
0.0,0.7084898572501857,0.0,0.0,0.0,0.0172536043488537
0.36995515695067266,0.588655146506385,0.0,0.0,0.0,0.058378633892696756
0.0,0.6682945154019517,0.0,0.0,0.0,0.01678090285984401
0.23542600896860982,0.6619083395942891,0.0,0.012987012987012988,0.6333333333333333,0.17017253604348856
0.10089686098654707,0.48534936138241846,0.0,0.0,0.6,0.14251949893642166
0.11659192825112107,0.5552216378662642,0.0,0.0,0.6,0.1578822973292366
0.30269058295964124,0.44402704733283116,0.0,0.2077922077922078,0.0,0.1772630583786339
0.08295964125560537,0.6359879789631844,0.0,0.0,0.6333333333333333,0.2117702670763413
0.09192825112107623,0.550713749060856,0.0,0.0,0.5666666666666667,0.4308674072323328
0.14573991031390135,0.24530428249436476,0.0,0.0,0.5666666666666667,0.1604821555187899
0.1748878923766816,0.4571750563486088,0.0,0.0,0.5666666666666667,0.17017253604348856
0.06278026905829596,0.5236664162283979,0.0,0.0,0.6,0.29378397541952256
0.49551569506726456,0.38617580766340964,0.4625,0.012987012987012988,0.9666666666666667,0.5991491373197826
0.2443946188340807,0.4444027047332817,0.0,0.012987012987012988,0.6,0.15835499881824627
0.06278026905829596,0.5123966942148748,0.0,0.025974025974025976,0.6,0.20207988655164266
0.2286995515695067,0.6994740796393675,0.0,0.012987012987012988,0.6,0.2264240132356417
0.0,0.39218632607062176,0.0,0.0,0.0,0.06192389506026944
0.12780269058295962,0.5653643876784358,0.0,0.0,0.03333333333333333,0.02056251477192153
0.11659192825112107,0.5736288504883529,0.0,0.0,0.0,0.09643110375797685
0.0,0.5375657400450784,0.0,0.0,0.5666666666666667,0.1463011108484992
0.0874439461883408,0.6239669421487584,0.0,0.0,0.0,0.12030252895296623
0.1547085201793722,0.5285499624342584,0.0,0.0,0.0,0.01418104467029071
0.06278026905829596,0.4057099924868499,0.0,0.0,0.0,0.024580477428503895
0.07623318385650224,0.6401202103681438,0.0,0.0,0.0,0.022453320727960295
0.17937219730941703,0.44891059353869167,0.0125,0.4545454545454546,0.5666666666666667,0.3899787284329946
0.0,0.5709992486851974,0.0,0.0,0.0,0.017017253604348852
0.13677130044843047,0.6066867017280231,0.0,0.0,0.6,0.3467265421886079
0.37668161434977576,0.5676183320811408,0.0,0.0,0.0,0.18435358071377925
0.07623318385650224,0.550713749060856,0.0,0.0,0.03333333333333333,0.03379815646419286
0.226457399103139,0.6412471825694954,0.0,0.0,0.0,0.056251477192153156
0.11883408071748877,0.5679939894815913,0.0,0.0,0.03333333333333333,0.031907350508154096
0.0,0.4045830202854983,0.0,0.0,0.0,0.25029543843063107
0.0695067264573991,0.7257700976709227,0.0,0.0,0.0,0.031198298274639567
0.23766816143497754,0.5416979714500361,0.0,0.012987012987012988,0.03333333333333333,0.08792247695580241
0.10986547085201794,0.32156273478587494,0.0,0.0,0.0,0.033089104230678325
0.0,0.6682945154019517,0.0,0.0,0.0,0.016308201370834316
0.1412556053811659,0.7588279489105929,0.0,0.0,0.6333333333333333,0.17017253604348856
0.08520179372197309,0.5664913598797874,0.0,0.0,0.03333333333333333,0.034507208697707396
0.3363228699551569,0.5747558226897045,0.0,0.0,0.0,0.02907114157409596
0.31838565022421517,0.40157776108189225,0.0,0.012987012987012988,0.6,0.3760340345072087
0.22421524663677128,0.4917355371900811,0.0,0.025974025974025976,0.0,0.14228314819191681
0.25784753363228696,0.6498873027798631,0.0,0.0,0.03333333333333333,0.03734341763176554
0.08968609865470852,0.4883546205860245,0.0,0.0,0.6,0.16213661073032382
0.0,0.6172051089406452,0.0,0.0,0.0,0.01678090285984401
0.0,0.5657400450788863,0.0,0.0,0.03333333333333333,0.009217679035688963
0.0,0.30578512396694,0.4625,0.0,0.5666666666666667,0.4410304892460411
0.2130044843049327,0.29451540195341686,0.0,0.012987012987012988,0.5666666666666667,0.15693689435121722
0.2802690582959641,0.5495867768595026,0.0,0.012987012987012988,0.6333333333333333,0.16875443157645947
0.210762331838565,0.6141998497370391,0.0,0.012987012987012988,0.0,0.04372488773339636
0.1771300448430493,0.38504883546205804,0.0,0.012987012987012988,0.6,0.2654218860789411
0.35874439461883406,0.6419984973703965,0.0,0.025974025974025976,0.0,0.04703379815646419
0.22421524663677128,0.6795642374154767,0.0,0.012987012987012988,0.03333333333333333,0.021980619238950602
0.2443946188340807,0.548459804658151,0.0,0.012987012987012988,0.0,0.021271567005436066
0.06726457399103138,0.8549962434259939,0.0,0.0,0.0,0.017489955093358545
0.0,0.5717505634861002,0.0,0.0,0.0,0.3037107066887261
0.09641255605381165,0.5056348610067598,0.0,0.012987012987012988,0.6,0.1867170881588277
0.24215246636771298,0.6743050338091638,0.0,0.025974025974025976,0.0,0.06239659654927913
0.09865470852017935,0.6239669421487584,0.0,0.025974025974025976,0.03333333333333333,0.03497991018671709
0.2713004484304932,0.4541697971450027,0.0,0.012987012987012988,0.03333333333333333,0.03994327582131883
0.21973094170403587,0.593914350112696,0.0,0.19480519480519481,0.0,0.13093831245568424
0.11434977578475335,0.6205860255447018,0.0,0.0,0.0,0.045615693689435126
0.17937219730941703,0.44966190833959274,0.0,0.012987012987012988,0.6,0.22453320727960294
0.3542600896860986,0.5634861006761831,0.0,0.012987012987012988,0.6,0.172536043488537
0.09192825112107623,0.6318557475582249,0.0,0.025974025974025976,0.0,0.03261640274166863
0.0,0.6769346356123194,0.0,0.0,0.0,0.04230678326636729
0.25784753363228696,0.6096919609316291,0.0,0.025974025974025976,0.0,0.025525880406523274
0.06502242152466367,0.5120210368144242,0.0,0.0,0.0,0.18388087922476956
0.1973094170403587,0.6592787377911336,0.0,0.012987012987012988,0.0,0.04585204443393997
0.0,0.3264462809917337,0.0,0.0,0.03333333333333333,0.14961002127156703
0.0,0.5856498873027789,0.0,0.0,0.0,0.016308201370834316
0.08520179372197309,0.43764087152516673,0.0,0.0,0.0,0.017962656582368237
0.0,0.6074380165289242,0.0,0.0,0.6,0.15764594658473174
0.0,0.5428249436513877,0.0,0.0,0.03333333333333333,0.0172536043488537
0.09641255605381165,0.5120210368144242,0.0,0.0,0.0,0.24344126683999054
0.0,0.6435011269722004,0.0,0.0,0.03333333333333333,0.021980619238950602
0.27354260089686094,0.5379413974455289,0.0,0.012987012987012988,0.03333333333333333,0.019380761049397302
0.12556053811659193,0.7145003756573995,0.0,0.012987012987012988,0.03333333333333333,0.028598440085086267
0.08071748878923765,0.31818181818181657,0.0,0.0,0.0,0.030725596785629875
0.48206278026905824,0.6213373403456028,0.0,0.012987012987012988,0.6,0.46891987709761285
0.5201793721973094,0.4665664913598775,0.28750000000000003,0.012987012987012988,0.6,0.38548806428740245
0.11210762331838564,0.2208865514650622,0.0,0.0,0.5333333333333333,0.1463011108484992
0.2286995515695067,0.661157024793388,0.0,0.012987012987012988,0.0,0.035452611675726775
0.07623318385650224,0.5972952667167526,0.0,0.025974025974025976,0.6333333333333333,0.15575514062869297
0.0,0.5495867768595026,0.0,0.0,0.0,0.04112502954384306
0.0,0.7584522915101424,0.0,0.0,0.03333333333333333,0.06972346962892934
0.13677130044843047,0.540946656649135,0.0,0.0,0.0,0.035452611675726775
0.0,0.47220135236664085,0.0,0.0,0.5666666666666667,0.25005908768612617
0.0,0.5033809166040548,0.0,0.0,0.6,0.14748286457102341
0.0,0.4902329075882772,0.0,0.0,0.6,0.1824627747577405
0.09641255605381165,0.46055597295266537,0.0,0.012987012987012988,0.0,0.06499645473883243
0.0,0.5612321562734781,0.0,0.0,0.0,0.004254313401087213
0.5336322869955157,0.475957926371148,0.0,0.012987012987012988,0.0,0.11912077523044198
0.0,0.7283996994740782,0.0,0.0,0.0,0.04230678326636729
0.09192825112107623,0.34823441021787893,0.0,0.0,0.5666666666666667,0.3698889151500827
0.1748878923766816,0.6074380165289242,0.0,0.0,0.0,0.34034507208697706
0.2443946188340807,0.6908339594289998,0.0,0.025974025974025976,0.03333333333333333,0.036634365398251004
0.25784753363228696,0.5631104432757308,0.0,0.025974025974025976,0.6,0.16450011817537225
0.3206278026905829,0.5154019534184808,0.0125,0.025974025974025976,0.6,0.22618766249113686
0.13228699551569506,0.39669421487603174,0.0,0.0,0.0,0.016544552115339166
0.051569506726457395,0.4507888805409461,0.0,0.0,0.5666666666666667,0.14913731978255734
0.0,0.5706235912847468,0.0,0.5064935064935066,0.0,0.3034743559442212
0.0,0.5901577761081871,0.0,0.0,0.0,0.006145119357125976
0.12780269058295962,0.5833959429000739,0.0,0.012987012987012988,0.0,0.026943984873552346
0.1412556053811659,0.41096919609316274,0.0,0.0,0.5666666666666667,0.2892933112739305
0.20403587443946186,0.5574755822689692,0.0,0.0,0.6333333333333333,0.2514771921531553
0.226457399103139,0.5154019534184808,0.0,0.0,0.6,0.16450011817537225
0.0,0.6190833959428979,0.0,0.0,0.6666666666666666,0.1489009690380525
0.24663677130044842,0.44891059353869167,0.4,0.27272727272727276,0.6,0.5483337272512409
0.2085201793721973,0.35086401202103623,0.0,0.0,0.5666666666666667,0.15599149137319782
0.21524663677130043,0.7114951164537935,0.0,0.012987012987012988,0.6333333333333333,0.169463483809974
0.06502242152466367,0.708865514650638,0.0,0.0,0.5333333333333333,0.1396832900023635
0.2623318385650224,0.6307287753568733,0.0,0.012987012987012988,0.03333333333333333,0.02481682817300874
0.25560538116591924,0.4290007513147991,0.0,0.025974025974025976,0.0,0.027180335618057196
0.09641255605381165,0.6280991735537178,0.0,0.0,0.0,0.059560387615220985
0.0,0.53418482344102,0.0,0.0,0.0,0.003781611912077522
0.2286995515695067,0.8042824943651379,0.0,0.012987012987012988,0.0,0.05506972346962893
0.0,0.39293764087152283,0.0,0.0,0.0,0.003072559678562986
0.07847533632286996,0.589406461307286,0.0,0.0,0.6,0.16024580477428504
0.2802690582959641,0.6585274229902325,0.0,0.012987012987012988,0.0,0.045615693689435126
0.14573991031390135,0.6585274229902325,0.0,0.0,0.03333333333333333,0.009217679035688963
0.09192825112107623,0.3963185574755812,0.0,0.0,0.0,0.02741668636256204
0.0695067264573991,0.5972952667167526,0.0,0.0,0.0,0.026943984873552346
0.24663677130044842,0.5247933884297513,0.0,0.0,0.03333333333333333,0.03001654455211534
0.15919282511210758,0.8474830954169779,0.0,0.0,0.0,0.03214370125265894
0.06502242152466367,0.5856498873027789,0.0,0.0,0.03333333333333333,0.03001654455211534
0.4887892376681614,0.5236664162283979,0.0,0.025974025974025976,0.6,0.34294493027653034
0.11659192825112107,0.33771600300525684,0.0,0.0,0.5666666666666667,0.1396832900023635
0.07847533632286996,0.522163786626594,0.0,0.0,0.0,0.012999290947766485
0.0,0.6265965439519139,0.0,0.0,0.6,0.31718269912550223
0.1412556053811659,0.6307287753568733,0.0,0.0,0.0,0.028362089340581424
0.05381165919282511,0.5405709992486845,0.0,0.0,0.03333333333333333,0.017017253604348852
0.13452914798206275,0.6168294515401946,0.0,0.0,0.0,0.03261640274166863
0.0,0.7299023290758804,0.0,0.0,0.03333333333333333,0.020326164027416688
0.12107623318385649,0.5236664162283979,0.0,0.0,0.6,0.16757267785393526
0.13228699551569506,0.2836213373403442,0.0,0.0,0.5333333333333333,0.1751359016780903
0.09641255605381165,0.7453042824943648,0.0,0.0,0.6333333333333333,0.1656818718978965
0.08520179372197309,0.4244928625093891,0.0,0.0,0.6,0.1808083195462066
0.0,0.6453794139744531,0.0,0.0,0.0,0.017017253604348852
0.10986547085201794,0.5646130728775347,0.0,0.012987012987012988,0.03333333333333333,0.03048924604112503
0.3318385650224215,0.5661157024793368,0.0,0.012987012987012988,0.03333333333333333,0.17159064051051762
0.10762331838565022,0.4338842975206596,0.0,0.0,0.6,0.16969983455447885
0.28475336322869954,0.23178061607813483,0.0,0.012987012987012988,0.5666666666666667,0.1845899314582841
0.12331838565022421,0.867768595041321,0.0,0.0,0.0,0.03639801465374616
0.12556053811659193,0.5713749060856479,0.0,0.0,0.0,0.03048924604112503
0.2825112107623318,0.3561232156273473,0.0,0.0,0.6,0.3746159300401796
0.07399103139013452,0.6942148760330564,0.0,0.0,0.6,0.1463011108484992
0.06278026905829596,0.4883546205860245,0.0,0.0,0.6,0.15882770030725596
0.0695067264573991,0.6867017280240404,0.0,0.025974025974025976,0.0,0.10115811864807375
0.13452914798206275,0.5090157776108182,0.0,0.0,0.03333333333333333,0.21129756558733162
0.2600896860986547,0.5679939894815913,0.0,0.0,0.0,0.023871425194989367
0.20403587443946186,0.58189331329827,0.0,0.0,0.16666666666666666,0.04585204443393997
0.06502242152466367,0.5078888054094648,0.0,0.0,0.5666666666666667,0.14771921531552826
0.11883408071748877,0.33921863260706075,0.0,0.0,0.5666666666666667,0.13519262585677144
0.0,0.6089406461307263,0.0,0.012987012987012988,0.0,0.020798865516426374
0.08295964125560537,0.49098422238918005,0.0,0.012987012987012988,0.0,0.02623493264003781
0.2085201793721973,0.5277986476333574,0.47500000000000003,0.012987012987012988,0.03333333333333333,0.41621366107303237
0.18385650224215247,0.43238166791885746,0.0,0.0,0.5666666666666667,0.21460647601039942
0.3520179372197309,0.5646130728775347,0.0,0.025974025974025976,0.13333333333333333,0.09950366343653984
0.27578475336322866,0.7231404958677672,0.0,0.012987012987012988,0.0,0.03781611912077523
0.11659192825112107,0.3948159278737773,0.0,0.0,0.0,0.024344126683999052
0.0,0.6307287753568733,0.0,0.0,0.03333333333333333,0.010163082013708342
0.0,0.36025544703230494,0.0,0.4675324675324676,0.5666666666666667,0.49090049633656346
0.12107623318385649,0.6292261457550712,0.0,0.0,0.6333333333333333,0.16355471519735287
0.26681614349775784,0.5191585274229897,0.0,0.012987012987012988,0.5666666666666667,0.16355471519735287
0.23991031390134526,0.5375657400450784,0.0,0.012987012987012988,0.5666666666666667,0.16190025998581895
0.0,0.5563486100676176,0.0,0.0,0.03333333333333333,0.11297565587331601
0.1771300448430493,0.5285499624342584,0.0,0.0,0.36666666666666664,0.15008272276057671
0.13677130044843047,0.5694966190833952,0.0,0.0,0.0,0.049870007090522334
0.14798206278026904,0.6577761081893296,0.0,0.0,0.0,0.28173008744977546
0.060538116591928245,0.5232907588279474,0.0,0.0,0.03333333333333333,0.01914441030489246
0.07847533632286996,0.6404958677685926,0.0,0.0,0.0,0.06145119357125974
0.0,0.6885800150262948,0.0,0.0,0.0,0.0172536043488537
0.36995515695067266,0.4613072877535682,0.0,0.05194805194805195,0.0,0.25360434885369887
0.08071748878923765,0.5540946656649126,0.0,0.0,0.5666666666666667,0.15173717797211064
0.07174887892376682,0.6040570999248676,0.0,0.0,0.03333333333333333,0.03427085795320255
0.25560538116591924,0.5097670924117192,0.0,0.025974025974025976,0.0,0.030725596785629875
0.0,0.4312546957175041,0.0,0.0,0.6,0.20633419995272986
0.14798206278026904,0.6758076634109678,0.0,0.012987012987012988,0.0,0.013708343181281021
0.4753363228699551,0.7554470323065345,0.0,0.0,0.36666666666666664,0.15859134956275112
0.08520179372197309,0.6055597295266715,0.0,0.012987012987012988,0.03333333333333333,0.03947057433230914
0.06502242152466367,0.692336589030802,0.0,0.0,0.0,0.03025289529662018
0.05605381165919282,0.31705484598046496,0.0,0.0,0.0,0.011344835736232567
0.0,0.6574004507888791,0.0,0.0,0.6,0.14582840935948949
0.15022421524663676,0.5634861006761831,0.0,0.0,0.03333333333333333,0.018908059560387616
0.07399103139013452,0.6750563486100667,0.0,0.0,0.6,0.15835499881824627
0.1905829596412556,0.4939894815927861,0.0,0.012987012987012988,0.0,0.015599149137319782
0.0,0.48271975957926294,0.0,0.0,0.6,0.4410304892460411
0.0,0.5766341096919589,0.0,0.0,0.0,0.00047270148900968936
0.13004484304932734,0.6506386175807659,0.0,0.0,0.03333333333333333,0.03261640274166863
0.1771300448430493,0.4504132231404938,0.0125,0.0,0.5666666666666667,0.31552824391396833
0.16816143497757846,0.6311044327573239,0.0,0.0,0.6,0.25053178917513585
0.0,0.5995492111194576,0.0,0.0,0.0,0.016308201370834316
0.0,0.5552216378662642,0.0125,0.0,0.0,0.02528952966201843
0.1053811659192825,0.6085649887302758,0.0,0.0,0.6333333333333333,0.2053887969747105
0.18834080717488788,0.6367392937640854,0.0125,0.0,0.03333333333333333,0.08957693216733632
0.12556053811659193,0.6273478587528167,0.0,0.0,0.03333333333333333,0.028598440085086267
0.46636771300448426,0.5495867768595026,0.0,0.0,0.6333333333333333,0.26305837863389264
0.10762331838565022,0.4680691209616814,0.025,0.0,0.6,0.16119120775230442
0.3497757847533632,0.3279489105935376,0.0,0.012987012987012988,0.0,0.1673363271094304
0.08968609865470852,0.469196093163033,0.0,0.0,0.6,0.212242968565351
0.10313901345291479,0.7479338842975203,0.0,0.012987012987012988,0.03333333333333333,0.027180335618057196
0.07174887892376682,0.4797145003756551,0.0,0.0,0.03333333333333333,0.018671708815882766
0.11210762331838564,0.5285499624342584,0.0,0.025974025974025976,0.03333333333333333,0.01678090285984401
0.0,0.6897069872276465,0.0,0.0,0.0,0.023871425194989367
0.06278026905829596,0.6765589782118688,0.0,0.0,0.03333333333333333,0.020798865516426374
0.41255605381165916,0.4350112697220112,0.0,0.012987012987012988,1.0,0.27818482628220276
0.1412556053811659,0.497746055597295,0.0,0.0,0.6,0.28409359489482394
0.060538116591928245,0.528925619834709,0.0,0.0,0.0,0.025762231151028124
0.051569506726457395,0.5555972952667148,0.0,0.2207792207792208,0.0,0.22878752068069014
0.15919282511210758,0.3373403456048063,0.0,0.0,0.5666666666666667,0.16709997636492555
0.2780269058295964,0.49098422238918005,0.47500000000000003,0.012987012987012988,0.03333333333333333,0.29874734105412426
0.0,0.5450788880540927,0.0,0.0,0.0,0.01678090285984401
0.0,0.8925619834710723,0.0,0.0,0.6666666666666666,0.15220987946112033
0.07174887892376682,0.5668670172802397,0.0,0.0,0.0,0.04088867879933821
0.0,0.5360631104432745,0.0,0.0,0.03333333333333333,0.018435358071377923
0.0,0.5691209616829429,0.0,0.0,0.03333333333333333,0.013708343181281021
0.07623318385650224,0.5833959429000739,0.0,0.012987012987012988,0.0,0.025525880406523274
0.23318385650224213,0.4387678437265201,0.0,0.0,0.0,0.03521626093122193
0.0,0.42975206611570194,0.0,0.0,0.0,0.013944693925785867
0.07623318385650224,0.47332832456799245,0.0,0.0,0.6,0.15362798392814936
0.1928251121076233,0.4515401953418472,0.0,0.0,0.6,0.38265185535334434
0.09641255605381165,0.5112697220135214,0.0,0.0,0.03333333333333333,0.0716142755849681
0.08071748878923765,0.5867768595041323,0.0125,0.0,0.6,0.21366107303238005
0.06726457399103138,0.5428249436513877,0.0,0.025974025974025976,0.0,0.024107775939494203
0.13004484304932734,0.4800901577761074,0.0,0.0,0.0,0.03781611912077523
0.0,0.6844477836213354,0.0,0.0,0.0,0.02292602221696998
0.2645739910313901,0.5766341096919589,0.0,0.0,0.6,0.2585677144883006
0.060538116591928245,0.4244928625093891,0.0,0.0,0.5666666666666667,0.4561569368943512
0.25784753363228696,0.5698722764838458,0.0,0.0,0.6,0.3013471992436776
0.09417040358744394,0.522163786626594,0.0,0.5064935064935066,0.0,0.30418340817773576
0.49327354260089684,0.7828700225394432,0.0,0.025974025974025976,0.6,0.23351453557078702
0.4260089686098654,0.37716003005259147,0.4625,0.012987012987012988,0.5666666666666667,0.5197352871661546
0.4596412556053811,0.5597295266716742,0.0,0.0,0.03333333333333333,0.056724178681162855
0.20403587443946186,0.47821187077385297,0.0,0.012987012987012988,0.03333333333333333,0.04703379815646419
0.0,0.4819684447783601,0.0,0.0,0.03333333333333333,0.02765303710706689
0.051569506726457395,0.603681442524417,0.0,0.0,0.0,0.07114157409595841
0.06502242152466367,0.5492111194590521,0.0,0.0,0.0,0.024107775939494203
0.0,0.6213373403456028,0.0,0.0,0.0,0.03048924604112503
0.0,0.5165289256198342,0.0,0.0,0.03333333333333333,0.0099267312692035
0.0,0.5202854996243413,0.0,0.0,0.0,0.20609784920822502
0.06502242152466367,0.8110443275732528,0.0,0.0,0.6333333333333333,0.15268258095013001
0.0874439461883408,0.7257700976709227,0.0,0.0,0.0,0.047506499645473876
0.2286995515695067,0.4962434259954911,0.0,0.0,0.6,0.24864098321909714
0.2286995515695067,0.26897069872276447,0.0,0.012987012987012988,0.5333333333333333,0.15008272276057671
0.25560538116591924,0.6280991735537178,0.0,0.012987012987012988,0.0,0.03261640274166863
0.0,0.596168294515401,0.0,0.0,0.03333333333333333,0.028598440085086267
0.18161434977578475,0.3951915852742278,0.0,0.0,0.0,0.13897423776884898
0.2713004484304932,0.4906085649887295,0.0,0.0,0.03333333333333333,0.18057196880170173
0.11210762331838564,0.4767092411720508,0.0,0.012987012987012988,0.0,0.02907114157409596
0.0,0.5048835462058587,0.0,0.0,0.6333333333333333,0.23824155046088394
0.3251121076233183,0.37716003005259147,0.0,0.0,0.03333333333333333,0.27085795320255257
0.25784753363228696,0.45679939894815824,0.0,0.025974025974025976,0.5666666666666667,0.16544552115339164
0.0,0.46055597295266537,0.0,0.0,0.6,0.1318837154337036
0.20179372197309414,0.5180315552216364,0.0,0.0,0.6,0.16142755849680926
0.0,0.7637114951164516,0.0,0.0,0.6666666666666666,0.15244623020562517
0.18161434977578475,0.483471074380164,0.0,0.0,0.03333333333333333,0.08768612621129757
0.10313901345291479,0.6712997746055596,0.0,0.0,0.0,0.02907114157409596
0.23542600896860982,0.6168294515401946,0.0,0.012987012987012988,0.0,0.023398723705979674
0.12780269058295962,0.5251690458302019,0.0,0.0,0.03333333333333333,0.018435358071377923
0.2286995515695067,0.48046581517655795,0.0,0.0,0.0,0.04112502954384306
0.18834080717488788,0.5187828700225392,0.0125,0.0,0.0,0.1751359016780903
0.3116591928251121,0.6228399699474068,0.0,0.012987012987012988,0.0,0.08177735759867645
0.12780269058295962,0.6619083395942891,0.0,0.0,0.0,0.03757976837627038
0.3251121076233183,0.5447032306536421,0.0,0.012987012987012988,0.3333333333333333,0.3126920349799102
0.0,0.6731780616078122,0.0,0.0,0.03333333333333333,0.01418104467029071
0.17937219730941703,0.13711495116453598,0.0,0.012987012987012988,0.5333333333333333,0.13944693925785867
0.10986547085201794,0.599173553719007,0.0,0.0,0.0,0.07397778303001655
0.2219730941704036,0.5112697220135214,0.0,0.0,0.03333333333333333,0.030961947530134717
0.21524663677130043,0.5616078136739286,0.0,0.0,0.6,0.1678090285984401
0.09641255605381165,0.5030052592036043,0.0,0.012987012987012988,0.6,0.14299220042543134
0.1053811659192825,0.5969196093163021,0.0,0.0,0.0,0.0418340817773576
0.28475336322869954,0.23253193087903767,0.4625,0.4545454545454546,0.5333333333333333,0.6899078232096432
0.0,0.36250939143500993,0.0,0.0,0.0,0.017017253604348852
0.23542600896860982,0.4643125469571743,0.0,0.4025974025974026,0.6,0.4095958402268967
0.11883408071748877,0.6172051089406452,0.0,0.0,0.03333333333333333,0.02528952966201843
0.0,0.31217129977460445,0.0,0.025974025974025976,0.5666666666666667,0.2883479082959111
0.1973094170403587,0.48497370398196793,0.0,0.012987012987012988,0.0,0.025998581895532967
0.26681614349775784,0.6540195341848225,0.0,0.025974025974025976,0.0,0.02907114157409596
0.07174887892376682,0.6664162283996973,0.0,0.0,0.0,0.05294256676908533
0.30269058295964124,0.5567242674680681,0.025,0.0,0.0,0.059087686126211285
0.11883408071748877,0.5597295266716742,0.0,0.0,0.6,0.14582840935948949
0.2443946188340807,0.543951915852741,0.0,0.012987012987012988,0.6333333333333333,0.21838808792247696
0.3946188340807174,0.5045078888054082,0.0,0.0,0.0,0.08650437248877335
0.08520179372197309,0.4688204357625825,0.0,0.0,0.5666666666666667,0.1505554242495864
0.0,0.5011269722013516,0.0,0.0,0.6,0.1531552824391397
0.0,0.5424492862509389,0.0,0.0,0.6,0.14606476010399433
0.36771300448430494,0.36175807663410886,0.0125,0.012987012987012988,0.0,0.1564641928622075
0.11883408071748877,0.37941397445529645,0.0,0.48051948051948057,0.5666666666666667,0.45119357125974946
0.0,0.7629601803155506,0.0,0.0,0.0,0.016544552115339166
0.2825112107623318,0.6900826446280988,0.0,0.012987012987012988,0.0,0.02788938785157173
0.16591928251121074,0.6607813673929375,0.0,0.0,0.0,0.035688962420231625
0.10762331838565022,0.6788129226145738,0.0,0.0,0.0,0.02883479082959111
0.15919282511210758,0.7843726521412453,0.0,0.0,0.03333333333333333,0.03001654455211534
0.08295964125560537,0.4718256949661903,0.0,0.012987012987012988,0.6,0.28858425904041596
0.10762331838565022,0.535687453042824,0.0,0.0,0.0,0.079413850153628
0.4551569506726457,0.20848985725018565,0.225,0.0,0.0,0.3561805719688017
0.32959641255605376,0.41134485349361327,0.0125,0.0,0.0,0.040415977310328526
0.0,0.5563486100676176,0.0,0.0,0.03333333333333333,0.04845190262349326
0.0,0.608189331329827,0.0,0.0,0.03333333333333333,0.06735996218388089
0.13004484304932734,0.5401953418482339,0.0,0.012987012987012988,0.03333333333333333,0.015599149137319782
0.11210762331838564,0.4658151765589764,0.0,0.025974025974025976,0.6,0.1396832900023635
0.0,0.7794891059353866,0.0,0.0,0.0,0.02292602221696998
0.09192825112107623,0.5725018782870013,0.0,0.012987012987012988,0.6,0.16851808083195463
0.18161434977578475,0.7622088655146495,0.0,0.012987012987012988,0.0,0.03687071614275585
0.24215246636771298,0.5135236664162264,0.0,0.0,0.9333333333333333,0.22193334909004964
0.11883408071748877,0.5822689706987223,0.0,0.0,0.0,0.03332545497518317
0.07399103139013452,0.4643125469571743,0.0,0.0,0.03333333333333333,0.1087213424722288
0.531390134529148,0.6987227648384664,0.0125,0.012987012987012988,0.6,0.22098794611203026
0.0,0.5454545454545432,0.0,0.0,0.03333333333333333,0.00685417159064051
0.0,0.5751314800901568,0.0,0.0,0.0,0.053651619002599855
0.3116591928251121,0.6791885800150244,0.0,0.012987012987012988,0.03333333333333333,0.034034507208697704
0.22421524663677128,0.7776108189331321,0.0,0.012987012987012988,0.0,0.035452611675726775
0.12331838565022421,0.6187077385424491,0.0,0.0,0.03333333333333333,0.03332545497518317
0.1905829596412556,0.4552967693463561,0.0,0.0,0.9333333333333333,0.34767194516662725
0.0,0.5,0.0,0.0,0.03333333333333333,0.00685417159064051
0.10762331838565022,0.6528925619834691,0.0,0.012987012987012988,0.03333333333333333,0.02907114157409596
0.0,0.6198347107438007,0.0,0.0,0.0,0.15930040179626564
0.05381165919282511,0.4278737791134475,0.0,0.0,0.0,0.04703379815646419
0.13228699551569506,0.5563486100676176,0.025,0.0,0.6,0.16851808083195463
0.0,0.8966942148760317,0.0,0.0,0.0,0.021980619238950602
0.0,0.5976709241172031,0.0,0.0,0.03333333333333333,0.012999290947766485
0.0,0.3670172802404199,0.0,0.012987012987012988,0.5666666666666667,0.36894351217206334
0.08968609865470852,0.5552216378662642,0.0,0.0,0.03333333333333333,0.021035216260931223
0.15246636771300448,0.5112697220135214,0.0125,0.0,0.0,0.1772630583786339
0.06726457399103138,0.5499624342599532,0.0,0.0,0.6333333333333333,0.17655400614511937
0.0,0.5360631104432745,0.0,0.0,0.0,0.015126447648310089
0.12107623318385649,0.5326821938392161,0.0,0.0,0.6,0.14346490191444103
0.0,0.39105935386927015,0.4625,0.0,0.5666666666666667,0.3980146537461593
0.13677130044843047,0.5037565740045071,0.0,0.0,0.6,0.1505554242495864
0.0,0.5525920360631087,0.0,0.0,0.0,0.02056251477192153
0.14349775784753363,0.6908339594289998,0.0,0.0,0.0,0.03214370125265894
0.1053811659192825,0.62960180315552,0.0,0.0,0.0,0.028598440085086267
0.1390134529147982,0.6314800901577744,0.0,0.0,0.6,0.15835499881824627
0.15246636771300448,0.4613072877535682,0.0,0.012987012987012988,0.0,0.15717324509572206
0.051569506726457395,0.47445529676934584,0.0,0.0,0.0,0.062160245804774285
0.09192825112107623,0.5138993238166769,0.0,0.0,0.6,0.14464665563696527
0.09641255605381165,0.5138993238166769,0.0,0.0,0.0,0.02528952966201843
0.24215246636771298,0.6622839969947396,0.0,0.0,0.6333333333333333,0.17395414795556607
0.12107623318385649,0.5736288504883529,0.0,0.025974025974025976,0.0,0.01819900732687308
0.0,0.5522163786626582,0.0,0.0,0.0,0.021980619238950602
0.0,0.5503380916604037,0.0,0.0,0.0,0.014890096903805246
0.3363228699551569,0.5420736288504866,0.0,0.025974025974025976,0.03333333333333333,0.033089104230678325
0.07847533632286996,0.6232156273478573,0.0,0.0,0.6,0.16662727487591586
0.07623318385650224,0.5852742299023284,0.0,0.0,0.6,0.14937367052706219
0.2286995515695067,0.5980465815176537,0.0,0.012987012987012988,0.13333333333333333,0.1292838572441503
0.1412556053811659,0.5525920360631087,0.0125,0.012987012987012988,0.6,0.15126447648310093
0.2713004484304932,0.642374154770847,0.0,0.012987012987012988,0.03333333333333333,0.04348853698889151
0.1973094170403587,0.6833208114199838,0.0,0.0,0.0,0.03356180571968801
0.0,0.6262208865514634,0.0,0.0,0.0,0.020326164027416688
0.13228699551569506,0.47821187077385297,0.0,0.0,0.03333333333333333,0.009217679035688963
0.0,0.6664162283996973,0.0,0.0,0.0,0.03048924604112503
0.07847533632286996,0.5649887302779852,0.0,0.0,0.03333333333333333,0.17962656582368236
0.1412556053811659,0.5477084898572482,0.0,0.0,0.03333333333333333,0.03970692507681399
0.0,0.6637866265965418,0.0,0.0,0.03333333333333333,0.015599149137319782
0.06278026905829596,0.7156273478587512,0.0,0.012987012987012988,0.03333333333333333,0.04490664145592059
0.07847533632286996,0.6461307287753559,0.0,0.0,0.03333333333333333,0.12266603639801468
0.0,0.5721262208865507,0.0,0.0,0.03333333333333333,0.009217679035688963
0.21973094170403587,0.5559729526671653,0.0,0.36363636363636365,0.0,0.2446230205625148
0.10089686098654707,0.4571750563486088,0.0,0.0,0.6,0.14913731978255734
0.09192825112107623,0.4045830202854983,0.0,0.0,0.5666666666666667,0.2923658709524935
0.09192825112107623,0.5770097670924095,0.0,0.0,0.03333333333333333,0.014417395414795557
0.4910313901345291,0.3880540946656641,0.0,0.012987012987012988,0.6,0.23256913259276765
0.1412556053811659,0.6818181818181799,0.0125,0.025974025974025976,0.0,0.045615693689435126
0.4192825112107623,0.5495867768595026,0.0,0.0,0.6,0.2462774757740487
0.0,0.47483095416979637,0.0,0.0,0.5666666666666667,0.25809501299929094
0.3856502242152466,0.6168294515401946,0.0,0.012987012987012988,0.0,0.0491609548570078
0.2309417040358744,0.48497370398196793,0.0,0.0,0.9333333333333333,0.2294965729142047
0.11210762331838564,0.5056348610067598,0.0,0.0,0.6,0.19073505081541006
0.0,0.29789631855747345,0.0,0.0,0.5666666666666667,0.14393760340345074
0.21524663677130043,0.34372652141247073,0.025,0.012987012987012988,0.5666666666666667,0.26045852044433937
0.06726457399103138,0.5191585274229897,0.0,0.0,0.0,0.14086504372488776
0.0,0.5007513148008993,0.0,0.0,0.03333333333333333,0.12408414086504371
0.060538116591928245,0.5063861758076627,0.0,0.0,0.13333333333333333,0.25100449066414554
0.1771300448430493,0.593914350112696,0.0,0.0,0.0,0.04419758922240605
0.06278026905829596,0.5375657400450784,0.0125,0.012987012987012988,0.03333333333333333,0.04112502954384306
0.06726457399103138,0.649135987978962,0.0,0.0,0.0,0.03025289529662018
0.0,0.31930879038316995,0.0,0.0,0.6,0.2585677144883006
0.4596412556053811,0.5548459804658137,0.0,0.0,0.0,0.0491609548570078
0.25560538116591924,0.6476333583771581,0.0125,0.025974025974025976,0.0,0.05814228314819191
0.2690582959641255,0.6100676183320797,0.0,0.025974025974025976,0.03333333333333333,0.040415977310328526
0.3161434977578475,0.6232156273478573,0.0,0.012987012987012988,0.43333333333333335,0.1035216260931222
0.13452914798206275,0.5176558978211858,0.0,0.0,0.5666666666666667,0.16024580477428504
0.0,0.6021788129226131,0.0,0.0,0.6,0.15339163318364452
0.0,0.6100676183320797,0.0,0.0,0.0,0.045615693689435126
0.10762331838565022,0.6096919609316291,0.0,0.0,0.03333333333333333,0.03687071614275585
0.289237668161435,0.5371900826446261,0.0,0.012987012987012988,0.03333333333333333,0.02741668636256204
0.1614349775784753,0.6386175807663399,0.0,0.0,0.03333333333333333,0.018435358071377923
0.0,0.6863260706235899,0.0,0.0,0.0,0.017489955093358545
0.26681614349775784,0.7175056348610056,0.0,0.012987012987012988,0.0,0.03781611912077523
0.07847533632286996,0.46055597295266537,0.0125,0.0,0.6,0.302292602221697
0.0,0.6314800901577744,0.0,0.0,0.0,0.0172536043488537
0.13452914798206275,0.6051840721262192,0.0,0.012987012987012988,0.0,0.02883479082959111
0.0,0.47332832456799245,0.47500000000000003,0.012987012987012988,0.6,0.5755140628692982
0.060538116591928245,0.6010518407212615,0.0,0.0,0.0,0.02765303710706689
0.23318385650224213,0.4237415477084898,0.0,0.0,0.9666666666666667,0.21933349090049634
0.14349775784753363,0.5274229902329068,0.0,0.0,0.03333333333333333,0.009454029780193806
0.0,0.7133734034560462,0.0,0.0,0.0,0.017962656582368237
0.12107623318385649,0.5830202854996234,0.0,0.0,0.03333333333333333,0.015126447648310089
0.13004484304932734,0.4797145003756551,0.0,0.0,0.03333333333333333,0.07657764121956985
0.051569506726457395,0.4290007513147991,0.0,0.0,0.6,0.15268258095013001
0.05381165919282511,0.6307287753568733,0.0,0.0,0.03333333333333333,0.022453320727960295
0.21524663677130043,0.5154019534184808,0.0,0.0,0.0,0.03970692507681399
0.6434977578475335,0.44064613072877457,0.0,0.06493506493506494,0.03333333333333333,0.2242968565350981
0.1928251121076233,0.4507888805409461,0.0,0.012987012987012988,0.0,0.020326164027416688
0.5112107623318385,0.5469571750563471,0.0,0.025974025974025976,0.6,0.22524225951311747
0.05605381165919282,0.5473328324567976,0.0,0.0,0.0,0.025762231151028124
0.2600896860986547,0.6063110443275725,0.0,0.0,0.0,0.028125738596076574
0.0,0.7520661157024779,0.0,0.0,0.0,0.20302528952966203
0.1053811659192825,0.5075131480090143,0.0,0.0,0.5666666666666667,0.19286220751595368
0.13228699551569506,0.7111194590533412,0.0,0.012987012987012988,0.03333333333333333,0.029543843063105646
0.0,0.704357625845228,0.0,0.0,0.0,0.017489955093358545
0.3363228699551569,0.5980465815176537,0.0,0.0,0.6,0.2814937367052706
0.08968609865470852,0.5867768595041323,0.0,0.0,0.6,0.19144410304892462
0.0,0.30390683696468734,0.0125,0.0,0.6,0.17111793902150793
0.0,0.603681442524417,0.0,0.0,0.03333333333333333,0.009454029780193806
0.24663677130044842,0.589406461307286,0.0,0.0,0.03333333333333333,0.026707634129047503
0.4618834080717488,0.4135987978963165,0.0,0.03896103896103896,0.36666666666666664,0.12408414086504371
0.08520179372197309,0.5563486100676176,0.0,0.0,0.0,0.17537225242259513
0.390134529147982,0.49098422238918005,0.0,0.49350649350649356,0.5666666666666667,0.4575750413613803
0.10313901345291479,0.7238918106686683,0.0,0.0,0.03333333333333333,0.03497991018671709
0.08071748878923765,0.692336589030802,0.0,0.0,0.0,0.03497991018671709
0.13004484304932734,0.4729526671675419,0.0,0.025974025974025976,0.03333333333333333,0.05294256676908533
0.25784753363228696,0.5540946656649126,0.0,0.0,0.03333333333333333,0.027180335618057196
0.0,0.48046581517655795,0.0,0.0,0.6,0.19380761049397305
0.051569506726457395,0.643876784372651,0.0,0.0,0.0,0.041361380288347904
0.051569506726457395,0.521412471825693,0.0,0.0,0.0,0.05885133538170644
0.2286995515695067,0.6431254695717499,0.0,0.0,0.0,0.04088867879933821
0.051569506726457395,0.6528925619834691,0.0,0.0,0.0,0.017489955093358545
0.0,0.5623591284748297,0.0,0.0,0.6,0.1401559914913732
0.0,0.8219383921863255,0.0,0.0,0.0,0.040179626565823676
0.4775784753363228,0.593914350112696,0.0,0.025974025974025976,0.36666666666666664,0.17631765540061453
0.09641255605381165,0.5236664162283979,0.0,0.0,0.5666666666666667,0.1630820137083432
0.28699551569506726,0.7032306536438764,0.0,0.0,0.0,0.21460647601039942
0.0,0.6735537190082628,0.0,0.0,0.6333333333333333,0.1626093122193335
0.12331838565022421,0.4492862509391422,0.0,0.0,0.6,0.14842826754904279
0.0,0.546205860255446,0.0,0.0,0.0,0.014890096903805246
0.25560538116591924,0.34372652141247073,0.0,0.012987012987012988,0.5666666666666667,0.2531316473646892
0.12107623318385649,0.6164537941397441,0.0,0.0,0.03333333333333333,0.017489955093358545
0.0,0.6784372652141233,0.0,0.0,0.0,0.05601512644764831
0.11883408071748877,0.6172051089406452,0.0,0.0,0.03333333333333333,0.025998581895532967
0.27354260089686094,0.36513899323816545,0.0,0.012987012987012988,0.5666666666666667,0.4476483100921768
0.4327354260089686,0.30353117956423503,0.9875,0.0,0.5666666666666667,0.7468683526353108
0.06278026905829596,0.35687453042824835,0.0,0.0,0.6,0.26447648310092176
0.0,0.5443275732531916,0.0,0.0,0.0,0.056487827936658
0.15695067264573992,0.5634861006761831,0.0,0.025974025974025976,0.0,0.0099267312692035
0.2286995515695067,0.47483095416979637,0.0,0.0,0.0,0.03592531316473647
0.0,0.5586025544703226,0.0,0.0,0.0,0.016308201370834316
0.0,0.637114951164536,0.0,0.0,0.6333333333333333,0.20066178208461358
0.0,0.7205108940646117,0.0,0.0,0.03333333333333333,0.02292602221696998
0.2623318385650224,0.46018031555221484,0.0,0.0,0.0,0.06570550697234696
0.07174887892376682,0.3918106686701712,0.0,0.0,0.5666666666666667,0.45497518317182695
0.18609865470852016,0.4951164537941377,0.0,0.025974025974025976,0.0,0.20042543134010873
0.31390134529147984,0.6337340345604794,0.6625000000000001,0.0,0.6333333333333333,0.6580004727014891
0.09192825112107623,0.6987227648384664,0.0,0.0,0.0,0.03261640274166863
0.3520179372197309,0.36025544703230494,0.0,0.012987012987012988,0.5666666666666667,0.2410777593949421
0.08071748878923765,0.5086401202103676,0.0,0.0,0.6,0.18340817773575988
0.0,0.45229151014274827,0.0,0.0,0.0,0.016071850626329473
0.2488789237668161,0.4752066115702469,0.0,0.025974025974025976,0.6,0.1590640510517608
0.30493273542600896,0.5766341096919589,0.0,0.012987012987012988,0.03333333333333333,0.10990309619475302
0.2085201793721973,0.5781367392937629,0.0,0.0,0.6,0.17584495391160485
0.05605381165919282,0.6337340345604794,0.0125,0.0,0.0,0.19593476719451666
0.11883408071748877,0.48534936138241846,0.0,0.0,0.0,0.11250295438430633
0.09641255605381165,0.21938392186326006,0.0,0.0,0.0,0.1897896478373907
0.0,0.6025544703230636,0.0,0.0,0.03333333333333333,0.005436067123611438
0.2443946188340807,0.47445529676934584,0.0,0.012987012987012988,0.0,0.022689671472465138
0.5358744394618833,0.3989481592787367,0.47500000000000003,0.025974025974025976,0.6,0.5060269439848736
0.0,0.5897821187077366,0.0,0.0,0.03333333333333333,0.00638147010163082
0.05829596412556053,0.6311044327573239,0.0,0.0,0.03333333333333333,0.020089813282911838
0.210762331838565,0.5785123966942134,0.0,0.0,0.6,0.17702670763412906
0.0,0.6634109691960912,0.0,0.0,0.0,0.021271567005436066
0.3878923766816143,0.33771600300525684,0.47500000000000003,0.0,0.0,0.6738359725833137
0.10986547085201794,0.5758827948910579,0.0,0.025974025974025976,0.0,0.021271567005436066
0.07623318385650224,0.524417731029299,0.0,0.0,0.6333333333333333,0.19168045379342946
0.25112107623318386,0.5664913598797874,0.0,0.025974025974025976,0.03333333333333333,0.03214370125265894
0.10313901345291479,0.6404958677685926,0.0,0.012987012987012988,0.03333333333333333,0.026707634129047503
0.2309417040358744,0.4256198347107425,0.0,0.025974025974025976,0.43333333333333335,0.11297565587331601
0.34753363228699546,0.6018031555221626,0.0,0.025974025974025976,0.6333333333333333,0.18482628220278893
0.06726457399103138,0.16754320060105066,0.45,0.0,0.5333333333333333,0.39777830300165445
0.07847533632286996,0.5274229902329068,0.0,0.0,0.0,0.035452611675726775
0.0,0.695341848234408,0.0,0.0,0.6,0.14819191680453794
0.10089686098654707,0.45567242674680664,0.0,0.0,0.0,0.06263294729378398
0.36771300448430494,0.6570247933884286,0.0,0.025974025974025976,0.0,0.0465610966674545
0.10762331838565022,0.4688204357625825,0.0,0.0,0.6,0.15977310328527536
0.6300448430493274,0.4320060105184069,0.0,0.025974025974025976,0.9666666666666667,0.2583313637437957
0.4170403587443946,0.6825694966190827,0.0,0.012987012987012988,0.03333333333333333,0.06452375324982275
0.10089686098654707,0.4718256949661903,0.0,0.0,0.03333333333333333,0.03687071614275585
0.390134529147982,0.6179564237415462,0.0,0.0,0.6333333333333333,0.19664381942803122
0.2982062780269058,0.6442524417731015,0.0,0.012987012987012988,0.03333333333333333,0.02741668636256204
0.06278026905829596,0.2716003005259182,0.0,0.0,0.5333333333333333,0.15835499881824627
0.18609865470852016,0.6033057851239665,0.0,0.0,0.0,0.043961238477901204
0.09865470852017935,0.43350864012020907,0.0,0.012987012987012988,0.0,0.02528952966201843
0.49999999999999994,0.4023290758827933,0.0,0.0,0.5666666666666667,0.20160718506263295
0.0,0.30052592036063075,0.0,0.0,0.0,0.008272276057669581
0.2802690582959641,0.6288504883546189,0.0,0.025974025974025976,0.03333333333333333,0.033089104230678325
0.0,0.17092411720510725,0.0,0.0,0.0,0.11817537225242261
0.09192825112107623,0.7456799398948153,0.0,0.0,0.0,0.02292602221696998
0.23766816143497754,0.5432006010518382,0.0,0.0,0.6,0.22193334909004964
0.15695067264573992,0.58189331329827,0.0,0.025974025974025976,0.6,0.38005199716379107
0.0,0.5627347858752803,0.0,0.0,0.0,0.013708343181281021
0.051569506726457395,0.5676183320811408,0.0,0.0,0.6,0.14417395414795559
0.0,0.7212622088655127,0.0,0.0,0.0,0.03592531316473647
0.0,0.27460555972952605,0.0,0.0,0.5666666666666667,0.13306546915622786
0.0,0.5942900075131465,0.0,0.0,0.0,0.021035216260931223
0.09865470852017935,0.49812171299774555,0.0,0.0,0.03333333333333333,0.08603167099976367
0.05829596412556053,0.28136739293763924,0.0125,0.49350649350649356,0.5666666666666667,0.4313401087213425
0.46412556053811654,0.6743050338091638,0.0,0.06493506493506494,0.03333333333333333,0.0768139919640747
0.1053811659192825,0.7047332832456785,0.0,0.012987012987012988,0.6333333333333333,0.1548097376506736
0.05605381165919282,0.5315552216378645,0.0,0.0,0.0,0.012999290947766485
0.30493273542600896,0.58640120210368,0.0,0.012987012987012988,0.0,0.08272276057669582
0.10313901345291479,0.49361382419233557,0.0,0.0,0.03333333333333333,0.035452611675726775
0.23766816143497754,0.540946656649135,0.0,0.012987012987012988,0.0,0.045615693689435126
0.0,0.6806912096168283,0.0,0.0,0.0,0.018908059560387616
0.0,0.6987227648384664,0.0,0.0,0.0,0.017726305837863388
0.07847533632286996,0.5803906836964678,0.0,0.0,0.6333333333333333,0.16804537934294494
0.0,0.6821938392186322,0.0,0.0,0.6333333333333333,0.1604821555187899
0.0,0.37340345604808256,0.0,0.0,0.6,0.2744032143701252
0.0,0.5018782870022527,0.0,0.0,0.6,0.14511935712597496
0.19955156950672642,0.6389932381667904,0.0,0.012987012987012988,0.0,0.03734341763176554
0.08071748878923765,0.30165289256198236,0.0,0.012987012987012988,0.5666666666666667,0.1997163791065942
0.0,0.599173553719007,0.0,0.0,0.03333333333333333,0.01110848499172772
0.0,0.5634861006761831,0.0,0.0,0.6,0.14346490191444103
0.210762331838565,0.38993238166791855,0.0,0.4155844155844156,0.03333333333333333,0.4145592058614984
0.0,0.5161532682193819,0.0,0.0,0.6,0.14299220042543134
0.0,0.5537190082644603,0.0,0.0,0.6,0.17064523753249825
0.07847533632286996,0.5770097670924095,0.0,0.0,0.6,0.1574095958402269
0.11883408071748877,0.5108940646130709,0.0,0.0,0.0,0.051288111557551405
0.08520179372197309,0.6292261457550712,0.0,0.012987012987012988,0.0,0.03994327582131883
0.4865470852017937,0.4939894815927861,0.025,0.36363636363636365,0.0,0.2398960056724179
0.35650224215246634,0.4507888805409461,0.4625,0.012987012987012988,0.0,0.3004017962656582
0.2802690582959641,0.5740045078888052,0.0,0.012987012987012988,0.0,0.03757976837627038
0.08968609865470852,0.5135236664162264,0.0,0.0,0.6,0.20562514771921533
0.16367713004484302,0.5247933884297513,0.0,0.0,0.6,0.172536043488537
0.19955156950672642,0.4879789631855722,0.0,0.0,0.0,0.038997872843299454
0.10089686098654707,0.6190833959428979,0.0,0.025974025974025976,0.0,0.028598440085086267
0.12107623318385649,0.5732531930879023,0.0,0.0,0.0,0.012762940203261639
0.2914798206278027,0.6461307287753559,0.0,0.012987012987012988,0.0,0.02741668636256204
0.3878923766816143,0.6761833208114183,0.0,0.012987012987012988,0.0,0.048924604112502955
0.20179372197309414,0.5848985725018778,0.0,0.0,0.0,0.06263294729378398
0.09865470852017935,0.646882043576257,0.0,0.0,0.0,0.025762231151028124
0.46636771300448426,0.4643125469571743,0.0,0.0,0.4,0.16922713306546916
0.0,0.6528925619834691,0.0,0.0,0.03333333333333333,0.058378633892696756
0.23542600896860982,0.481217129977459,0.0,0.0,0.4,0.0966674545024817
0.23766816143497754,0.548459804658151,0.0,0.0,0.0,0.03687071614275585
0.2533632286995516,0.603681442524417,0.0,0.012987012987012988,0.0,0.037107066887260697
0.0,0.5120210368144242,0.0,0.0,0.0,0.1401559914913732
0.3811659192825112,0.4068369646882033,0.0,0.025974025974025976,0.6,0.5492791302292602
0.12107623318385649,0.531179564237414,0.0,0.012987012987012988,0.03333333333333333,0.029307492318600803
0.23318385650224213,0.4609316303531159,0.47500000000000003,0.0,0.5666666666666667,0.4143228551169936
0.15919282511210758,0.48159278737790956,0.0,0.0,0.6,0.2926022216969983
0.11434977578475335,0.6836964688204343,0.0,0.0,0.03333333333333333,0.03639801465374616
0.0,0.7024793388429735,0.0,0.0,0.0,0.017489955093358545
0.05829596412556053,0.4387678437265201,0.0,0.0,0.0,0.17655400614511937
0.1390134529147982,0.5518407212622076,0.48750000000000004,0.0,0.0,0.5081541006854172
0.10313901345291479,0.7359128474830943,0.0,0.025974025974025976,0.0,0.03332545497518317
0.12780269058295962,0.6596543951915841,0.0,0.0,0.03333333333333333,0.028362089340581424
0.12107623318385649,0.5987978963185565,0.0,0.0,0.03333333333333333,0.02316237296147483
0.13677130044843047,0.5950413223140494,0.0,0.0,0.03333333333333333,0.02056251477192153
0.09865470852017935,0.5578512396694197,0.0,0.0,0.6333333333333333,0.1453557078704798
0.18161434977578475,0.5499624342599532,0.0,0.025974025974025976,0.0,0.030961947530134717
0.0,0.6743050338091638,0.0,0.0,0.03333333333333333,0.056724178681162855
0.11883408071748877,0.6814425244177293,0.0,0.0,0.0,0.03167099976364925
0.10313901345291479,0.5432006010518382,0.0,0.0,0.0,0.03852517135428977
0.0,0.5555972952667148,0.0,0.0,0.0,0.022689671472465138
0.10313901345291479,0.4008264462809912,0.0,0.0,0.6,0.3594894823918695
0.0,0.7193839218632583,0.0,0.0,0.0,0.022216969983455445
0.6367713004484303,0.5075131480090143,0.025,0.025974025974025976,0.6,0.24131411013944695
0.24663677130044842,0.6104432757325302,0.0,0.0,0.6,0.15433703616166392
0.24663677130044842,0.6863260706235899,0.0,0.012987012987012988,0.03333333333333333,0.025762231151028124
0.16816143497757846,0.6697971450037556,0.0,0.012987012987012988,0.03333333333333333,0.03521626093122193
0.24663677130044842,0.7993989481592774,0.0,0.0,0.0,0.041597731032852754
0.0,0.548459804658151,0.0,0.0,0.03333333333333333,0.028598440085086267
0.0,0.750563486100674,0.0,0.0,0.0,0.017489955093358545
0.0,0.5191585274229897,0.0,0.0,0.03333333333333333,0.00023635074450484468
0.12331838565022421,0.7276483846731772,0.0,0.0,0.0,0.02883479082959111
0.07847533632286996,0.5777610818933123,0.0,0.0,0.0,0.11273930512881117
0.195067264573991,0.40646130728775276,0.0,0.0,0.5666666666666667,0.15882770030725596
0.05381165919282511,0.4643125469571743,0.0,0.012987012987012988,0.5666666666666667,0.22146064760103995
0.11883408071748877,0.471450037565738,0.0,0.012987012987012988,0.6,0.1489009690380525
0.20179372197309414,0.6333583771600289,0.0,0.0,0.4,0.12361143937603405
0.10762331838565022,0.5725018782870013,0.0,0.0,0.6,0.1699361852989837
0.0,0.7077385424492846,0.0,0.0,0.0,0.017962656582368237
0.0,0.5833959429000739,0.0,0.0,0.03333333333333333,0.010635783502718035
0.2533632286995516,0.5394440270473311,0.0,0.025974025974025976,0.03333333333333333,0.04348853698889151
0.0,0.6480090157776104,0.0,0.0,0.0,0.02316237296147483
0.0,0.5401953418482339,0.0,0.0,0.03333333333333333,0.007563223824155045
0.14798206278026904,0.6791885800150244,0.0,0.0,0.03333333333333333,0.03001654455211534
0.0,0.5492111194590521,0.0,0.0,0.0,0.015835499881824623
0.23542600896860982,0.5180315552216364,0.0,0.025974025974025976,0.03333333333333333,0.03994327582131883
0.0,0.5740045078888052,0.0,0.0,0.0,0.15126447648310093
0.0,0.7190082644628077,0.0,0.0,0.0,0.05743323091467737
0.11210762331838564,0.6649135987978951,0.0,0.0,0.0,0.038288820609784925
0.1905829596412556,0.473703981968443,0.0125,0.012987012987012988,0.6,0.16284566296383834
0.2690582959641255,0.6108189331329807,0.0,0.012987012987012988,0.03333333333333333,0.05223351453557079
0.210762331838565,0.5631104432757308,0.0,0.012987012987012988,0.03333333333333333,0.025525880406523274
0.11210762331838564,0.709616829451539,0.0,0.025974025974025976,0.0,0.034507208697707396
0.0,0.3433508640120202,0.0,0.0,0.0,0.02056251477192153
0.08968609865470852,0.58189331329827,0.0,0.025974025974025976,0.6,0.1616639092413141
0.05829596412556053,0.202103681442523,0.0,0.0,0.0,0.02481682817300874
0.2533632286995516,0.5664913598797874,0.0,0.012987012987012988,0.0,0.025525880406523274
0.26681614349775784,0.6205860255447018,0.0125,0.012987012987012988,0.03333333333333333,0.14559205861498464
0.0,0.4906085649887295,0.0,0.0,0.0,0.009454029780193806
0.1547085201793722,0.5593538692712237,0.0,0.0,0.0,0.015835499881824623
0.0,0.444778362133734,0.0,0.0,0.6,0.20160718506263295
0.0,0.5202854996243413,0.0,0.0,0.6,0.15670054360671234
0.8923766816143498,0.3880540946656641,0.0,0.0,0.6,0.3174190498700071
0.23766816143497754,0.6585274229902325,0.0,0.0,0.0,0.04608839517844481
0.09641255605381165,0.6288504883546189,0.0,0.012987012987012988,0.0,0.03592531316473647
0.1547085201793722,0.540946656649135,0.0,0.0,0.03333333333333333,0.08555896951075397
0.0,0.44064613072877457,0.0,0.0,0.03333333333333333,0.028125738596076574
0.08071748878923765,0.5736288504883529,0.0,0.0,0.0,0.026707634129047503
0.25560538116591924,0.8027798647633357,0.0,0.012987012987012988,0.0,0.14441030489246043
0.15919282511210758,0.5725018782870013,0.0,0.025974025974025976,0.03333333333333333,0.010872134247222878
0.390134529147982,0.389556724267468,0.4625,0.0,1.0,0.5164263767430868
0.13452914798206275,0.5146506386175798,0.0,0.0,0.03333333333333333,0.008981328291184117
0.210762331838565,0.7524417731029285,0.0,0.025974025974025976,0.0,0.0418340817773576
0.19955156950672642,0.49323816679188504,0.0,0.012987012987012988,0.03333333333333333,0.03687071614275585
0.09417040358744394,0.4342599549211119,0.0,0.0,0.0,0.012526589458756796
0.07623318385650224,0.6630353117956407,0.0,0.0,0.03333333333333333,0.017726305837863388
0.12107623318385649,0.7599549211119445,0.0,0.0,0.0,0.048924604112502955
0.11210762331838564,0.5015026296018021,0.0,0.025974025974025976,0.6,0.14062869298038289
0.0,0.5262960180315535,0.0,0.0,0.0,0.00874497754667927
0.14349775784753363,0.377535687453042,0.0,0.0,0.0,0.04514299220042543
0.051569506726457395,0.6637866265965418,0.0,0.0,0.0,0.0172536043488537
0.2713004484304932,0.5454545454545432,0.0,0.012987012987012988,0.03333333333333333,0.03001654455211534
0.08071748878923765,0.6033057851239665,0.0,0.0,0.6333333333333333,0.1919168045379343
0.07847533632286996,0.5157776108189314,0.0,0.0,0.6,0.16402741668636256
0.0,0.6465063861758065,0.0,0.0,0.03333333333333333,0.009217679035688963
0.13228699551569506,0.6333583771600289,0.0,0.0,0.36666666666666664,0.10021271567005437
0.0695067264573991,0.4338842975206596,0.0,0.0,0.03333333333333333,0.02647128338454266
0.10762331838565022,0.5003756574004488,0.0,0.0,0.6,0.15622784211770266
0.0,0.5469571750563471,0.0,0.0,0.0,0.016308201370834316
0.4327354260089686,0.5717505634861002,0.08750000000000001,0.0,0.03333333333333333,0.1186480737414323
0.10986547085201794,0.6408715251690449,0.0,0.0,0.03333333333333333,0.03238005199716379
0.0,0.6818181818181799,0.0,0.0,0.0,0.022689671472465138
0.1748878923766816,0.5924117205108921,0.0,0.0,0.03333333333333333,0.011817537225242257
0.09192825112107623,0.5432006010518382,0.0,0.012987012987012988,0.0,0.029780193807610496
0.0,0.5281743050338079,0.0125,0.0,0.6,0.2864571023398723
0.23991031390134526,0.5649887302779852,0.0,0.012987012987012988,0.03333333333333333,0.04065232805483337
0.05605381165919282,0.4241172051089386,0.0,0.0,0.0,0.018435358071377923
0.21748878923766815,0.6532682193839197,0.0,0.012987012987012988,0.6666666666666666,0.22264240132356417
0.23991031390134526,0.6574004507888791,0.0125,0.0,0.0,0.35287166154573385
0.06726457399103138,0.4526671675431988,0.0,0.0,0.0,0.038288820609784925
0.4506726457399103,0.5045078888054082,0.0,0.012987012987012988,1.0,0.23658709524935007
0.3811659192825112,0.45642374154770593,0.0,0.0,0.03333333333333333,0.07043252186244388
0.0,0.5533433508640115,0.0,0.0,0.0,0.0009454029780193787
0.1412556053811659,0.8673929376408704,0.0,0.0,0.0,0.029780193807610496
0.1928251121076233,0.4019534184823428,0.0,0.0,0.5666666666666667,0.15953675254077052
0.0,0.47896318557475404,0.0,0.0,0.0,0.15008272276057671
0.11434977578475335,0.6671675432006001,0.0,0.0,0.03333333333333333,0.03001654455211534
0.3340807174887892,0.5495867768595026,0.0,0.0,0.0,0.04679744741195934
0.2286995515695067,0.420736288504882,0.0,0.012987012987012988,0.0,0.042779484755376976
0.33856502242152464,0.40270473328324385,0.0,0.33766233766233766,0.0,0.32167336327109425
0.2982062780269058,0.5259203606311029,0.0,0.012987012987012988,0.5666666666666667,0.22146064760103995
0.25112107623318386,0.6874530428249415,0.0,0.0,0.0,0.03687071614275585
0.3004484304932735,0.5653643876784358,0.0,0.0,0.6,0.31600094540297796
0.3161434977578475,0.62960180315552,0.0,0.025974025974025976,0.03333333333333333,0.047506499645473876
0.07623318385650224,0.5762584522915084,0.0,0.0,0.0,0.05105176081304656
0.0,0.4842223891810651,0.0,0.0,0.6,0.1552824391396833
0.1771300448430493,0.6273478587528167,0.0,0.0,0.03333333333333333,0.011817537225242257
0.36995515695067266,0.5736288504883529,0.5,0.025974025974025976,0.0,0.38525171354289767
0.5582959641255605,0.540946656649135,0.0,0.4025974025974026,0.6333333333333333,0.41928622075159533
0.10089686098654707,0.6506386175807659,0.0,0.025974025974025976,0.0,0.026707634129047503
0.051569506726457395,0.6664162283996973,0.0,0.0,0.0,0.020798865516426374
0.24215246636771298,0.5056348610067598,0.0,0.012987012987012988,0.6,0.23611439376034035
0.051569506726457395,0.8786626596543936,0.0,0.0,0.0,0.017017253604348852
0.26681614349775784,0.5229151014274969,0.0,0.012987012987012988,0.03333333333333333,0.02907114157409596
0.0,0.872276483846731,0.0,0.0,0.6666666666666666,0.1704088867879934
0.0,0.4819684447783601,0.0,0.0,0.0,0.13991964074686836
0.32959641255605376,0.6427498121712976,0.0,0.012987012987012988,0.0,0.09974001418104468
0.10313901345291479,0.5924117205108921,0.0,0.0,0.6333333333333333,0.16142755849680926
0.43049327354260086,0.587152516904581,0.47500000000000003,0.0,0.0,0.37556133301819894
0.0,0.6205860255447018,0.0,0.0,0.03333333333333333,0.00638147010163082
0.11434977578475335,0.5108940646130709,0.0,0.012987012987012988,0.0,0.019853462538406995
0.11210762331838564,0.6972201352366625,0.0,0.0,0.0,0.030725596785629875
0.1771300448430493,0.5330578512396684,0.0,0.0,0.0,0.12432049160954856
0.06726457399103138,0.3467317806160768,0.0,0.0,0.0,0.03214370125265894
0.14798206278026904,0.6667918858001496,0.0,0.012987012987012988,0.03333333333333333,0.02316237296147483
0.0,0.45905334335086323,0.0,0.0,0.0,0.003072559678562986
0.0,0.6784372652141233,0.0,0.0,0.0,0.03687071614275585
0.1412556053811659,0.579639368895565,0.0,0.0,0.0,0.009454029780193806
0.05605381165919282,0.6389932381667904,0.0,0.012987012987012988,0.6,0.3249822736941621
0.4439461883408072,0.6033057851239665,0.0,0.025974025974025976,0.03333333333333333,0.05577877570314347
0.0,0.5360631104432745,0.0,0.0,0.6,0.14322855116993619
0.08520179372197309,0.3395942900075113,0.0,0.0,0.0,0.015599149137319782
0.2219730941704036,0.45229151014274827,0.0,0.0,0.0,0.029543843063105646
0.18834080717488788,0.5127723516153253,0.0,0.0,0.5666666666666667,0.15882770030725596
0.27578475336322866,0.40045078888054064,0.0,0.49350649350649356,0.6,0.45568423540534153
0.11434977578475335,0.4951164537941377,0.0,0.0,0.03333333333333333,0.11628456629638384
0.289237668161435,0.7024793388429735,0.0,0.0,0.0,0.04608839517844481
0.07847533632286996,0.7193839218632583,0.0,0.0,0.6333333333333333,0.16213661073032382
0.12107623318385649,0.5187828700225392,0.0125,0.0,0.0,0.08555896951075397
0.0,0.2960180315552208,0.0,0.0,0.0,0.004017962656582368
0.2623318385650224,0.7828700225394432,0.0,0.0,0.0,0.038997872843299454
0.0,0.5586025544703226,0.0,0.0,0.0,0.017726305837863388
0.3789237668161435,0.4703230653643864,0.0,0.012987012987012988,0.0,0.03427085795320255
0.1390134529147982,0.6836964688204343,0.0,0.0,0.0,0.03214370125265894
0.16591928251121074,0.7531930879038296,0.0,0.012987012987012988,0.03333333333333333,0.031198298274639567
0.0,0.531179564237414,0.0,0.0,0.03333333333333333,0.0056724178681162845
0.08295964125560537,0.584147257700975,0.0,0.012987012987012988,0.0,0.0392342235878043
0.08968609865470852,0.6168294515401946,0.0,0.0,0.0,0.0392342235878043
0.2690582959641255,0.6476333583771581,0.0,0.012987012987012988,0.0,0.03970692507681399
0.0,0.5281743050338079,0.0,0.0,0.6,0.13661073032380053
0.23991031390134526,0.4695717505634853,0.025,0.0,0.6,0.2526589458756795
0.11659192825112107,0.7344102178812904,0.0,0.0,0.0,0.03379815646419286
0.25112107623318386,0.430503380916603,0.0125,0.025974025974025976,0.6,0.17939021507917752
0.0,0.5105184072126221,0.0,0.0,0.6,0.18009926731269205
0.11659192825112107,0.5897821187077366,0.0,0.0,0.0,0.029307492318600803
0.08520179372197309,0.33583771600300416,0.0,0.0,0.5666666666666667,0.18057196880170173
0.31838565022421517,0.7006010518407191,0.0,0.025974025974025976,0.03333333333333333,0.02907114157409596
0.0,0.6882043576258443,0.0,0.0,0.0,0.019617111793902152
0.0,0.58640120210368,0.0,0.012987012987012988,0.03333333333333333,0.03994327582131883
0.2219730941704036,0.6442524417731015,0.0,0.0,0.0,0.040179626565823676
0.25784753363228696,0.6404958677685926,0.0,0.0,0.03333333333333333,0.08130465610966675
0.0,0.6483846731780609,0.0,0.0,0.03333333333333333,0.018908059560387616
0.27578475336322866,0.30503380916603895,0.0,0.0,0.5333333333333333,0.3531080122902387
0.3946188340807174,0.6562734785875275,0.0,0.012987012987012988,0.03333333333333333,0.0517608130465611
0.11659192825112107,0.5792637114951145,0.0,0.0,0.03333333333333333,0.09501299929094777
0.12107623318385649,0.34522915101427465,0.0,0.0,0.5666666666666667,0.14701016308201373
0.25112107623318386,0.4718256949661903,0.0,0.025974025974025976,0.03333333333333333,0.03947057433230914
0.06726457399103138,0.5146506386175798,0.0125,0.0,0.6333333333333333,0.25927676672181516
0.21524663677130043,0.5657400450788863,0.0,0.012987012987012988,0.03333333333333333,0.12384779012053887
0.41255605381165916,0.652141247182568,0.0,0.012987012987012988,0.0,0.03238005199716379
0.24215246636771298,0.44966190833959274,0.0,0.025974025974025976,0.5666666666666667,0.27889387851571734
0.16591928251121074,0.37828700225394307,0.0,0.0,0.5666666666666667,0.1652091704088868
0.2825112107623318,0.6840721262208849,0.0,0.24675324675324678,0.0,0.20089813282911842
0.23766816143497754,0.524417731029299,0.0,0.012987012987012988,0.03333333333333333,0.05577877570314347
0.07847533632286996,0.5011269722013516,0.0,0.0,0.03333333333333333,0.026707634129047503
0.11659192825112107,0.4962434259954911,0.0125,0.0,0.0,0.23186008035925315
0.10986547085201794,0.5627347858752803,0.0,0.0,0.03333333333333333,0.06594185771685182
0.0,0.6803155522163777,0.0,0.0,0.03333333333333333,0.02174426849444576
0.5022421524663677,0.3425995492111191,0.0,0.012987012987012988,0.5666666666666667,0.30418340817773576
0.09192825112107623,0.45792637114950985,0.0,0.0,0.03333333333333333,0.11463011108484993
0.07847533632286996,0.5544703230653631,0.0,0.012987012987012988,0.6333333333333333,0.15291893169463486
0.0,0.7235161532682177,0.0,0.0,0.0,0.01678090285984401
0.23991031390134526,0.533433508640119,0.0,0.0,0.0,0.025998581895532967
0.24663677130044842,0.6085649887302758,0.0,0.0,0.0,0.03379815646419286
0.2600896860986547,0.8196844477836205,0.0,0.025974025974025976,0.0,0.038052469865280075
0.0,0.5101427498121698,0.0,0.0,0.6333333333333333,0.1344835736232569
0.20179372197309414,0.5563486100676176,0.0,0.025974025974025976,0.03333333333333333,0.05979673835972583
0.15022421524663676,0.43764087152516673,0.0,0.33766233766233766,0.0,0.192389506026944
0.0,0.49812171299774555,0.0,0.0,0.0,0.004017962656582368
0.13452914798206275,0.4211119459053325,0.0,0.0,0.0,0.017017253604348852
0.0,0.6299774605559705,0.0,0.0,0.03333333333333333,0.009454029780193806
0.08071748878923765,0.2434259954921103,0.0,0.012987012987012988,0.03333333333333333,0.02505317891751359
0.0,0.6010518407212615,0.0,0.0,0.0,0.016544552115339166
0.15022421524663676,0.5030052592036043,0.0,0.0,0.0,0.014890096903805246
0.20627802690582958,0.524417731029299,0.0,0.012987012987012988,0.0,0.05341526825809501
0.10089686098654707,0.41923365890307984,0.0,0.0,0.0,0.030725596785629875
0.25560538116591924,0.548459804658151,0.0,0.012987012987012988,0.0,0.030961947530134717
0.0,0.6930879038317048,0.0,0.0,0.0,0.062160245804774285
0.42152466367713,0.428249436513898,0.0125,0.012987012987012988,0.6,0.18435358071377925
0.0,0.29226145755071364,0.0,0.0,0.5666666666666667,0.12479319309855824
0.0,0.6867017280240404,0.0,0.0,0.0,0.03214370125265894
0.1905829596412556,0.2588279489105929,0.0,0.0,0.5666666666666667,0.15433703616166392
0.22421524663677128,0.6652892561983457,0.0,0.012987012987012988,0.0,0.038052469865280075
0.07847533632286996,0.39706987227648227,0.0,0.0,0.6,0.14582840935948949
0.2959641255605381,0.37190082644627864,0.025,0.0,0.5666666666666667,0.2583313637437957
0.21973094170403587,0.4237415477084898,0.0,0.012987012987012988,0.6,0.2027889387851572
0.14573991031390135,0.605935386927122,0.0,0.0,0.0,0.02907114157409596
0.17937219730941703,0.6352366641622833,0.0,0.0,0.0,0.0491609548570078
0.3363228699551569,0.3230653643876771,0.0,0.012987012987012988,0.0,0.04419758922240605
0.12780269058295962,0.5777610818933123,0.0,0.012987012987012988,0.03333333333333333,0.029543843063105646
0.0,0.5217881292261435,0.0,0.0,0.0,0.01678090285984401
0.3632286995515695,0.4271224643125464,0.0,0.012987012987012988,0.0,0.03687071614275585
0.0,0.5416979714500361,0.0,0.0,0.6,0.15362798392814936
0.0,0.543951915852741,0.0125,0.0,0.6,0.18648073741432286
0.25784753363228696,0.6949661908339593,0.0,0.012987012987012988,0.03333333333333333,0.0465610966674545
0.15246636771300448,0.7629601803155506,0.0,0.0,0.03333333333333333,0.038288820609784925
0.2488789237668161,0.5048835462058587,0.0,0.0,0.6,0.15835499881824627
0.2645739910313901,0.5465815176558966,0.0,0.0,0.6333333333333333,0.3505081541006854
0.12780269058295962,0.5815176558978195,0.0,0.0,0.03333333333333333,0.032852753486173475
0.20403587443946186,0.4635612321562732,0.0,0.0,0.03333333333333333,0.040179626565823676
0.0,0.4045830202854983,0.0125,0.0,0.6,0.2699125502245332
0.0,0.6893313298271959,0.0125,0.0,0.0,0.06003308910423067
0.210762331838565,0.5225394440270463,0.0,0.012987012987012988,0.6,0.15717324509572206
0.0,0.5833959429000739,0.0,0.0,0.0,0.005436067123611438
0.09865470852017935,0.48948159278737613,0.0,0.0,0.0,0.10115811864807375
0.0,0.6600300525920346,0.0,0.0,0.6333333333333333,0.293074923186008
0.060538116591928245,0.6168294515401946,0.0,0.0,0.03333333333333333,0.15079177499409124
0.08968609865470852,0.5398196844477834,0.0,0.0,0.0,0.024344126683999052
0.0,0.2963936889556713,0.0,0.0,0.0,0.012526589458756796
0.07623318385650224,0.6280991735537178,0.0,0.0,0.0,0.02623493264003781
0.0,0.5747558226897045,0.0,0.0,0.0,0.00047270148900968936
0.0,0.5586025544703226,0.0,0.0,0.03333333333333333,0.1375561333018199
0.22421524663677128,0.6367392937640854,0.0,0.0,0.6,0.1673363271094304
0.2645739910313901,0.5308039068369634,0.0125,0.012987012987012988,0.6,0.17419049870007092
0.10762331838565022,0.5191585274229897,0.0,0.0,0.03333333333333333,0.023398723705979674
0.2488789237668161,0.4845980465815156,0.0,0.012987012987012988,0.03333333333333333,0.038997872843299454
0.20627802690582958,0.6656649135987962,0.0,0.0,0.0,0.04679744741195934
0.08968609865470852,0.5232907588279474,0.0,0.0,0.0,0.025998581895532967
0.12780269058295962,0.6318557475582249,0.0,0.012987012987012988,0.03333333333333333,0.03639801465374616
0.08520179372197309,0.5086401202103676,0.0,0.0,0.0,0.028598440085086267
0.23766816143497754,0.4984973703981961,0.0,0.0,0.4,0.09548570077995747
0.07847533632286996,0.6213373403456028,0.0,0.012987012987012988,0.6,0.29945639328763884
0.07623318385650224,0.6213373403456028,0.0,0.025974025974025976,0.6,0.16071850626329473
0.1905829596412556,0.48534936138241846,0.0,0.0,0.0,0.10068541715906407
0.1547085201793722,0.5202854996243413,0.0,0.012987012987012988,0.03333333333333333,0.010399432758213189
0.3789237668161435,0.6010518407212615,0.0,0.012987012987012988,0.0,0.03757976837627038
0.08968609865470852,0.3681442524417715,0.4625,0.49350649350649356,0.0,0.6187662491136847
0.0,0.3564988730277978,0.0,0.0,0.5666666666666667,0.12432049160954856
0.08295964125560537,0.7212622088655127,0.0,0.0,0.6666666666666666,0.27818482628220276
0.09865470852017935,0.5860255447032294,0.0,0.0,0.6,0.1453557078704798
0.08071748878923765,0.4939894815927861,0.0,0.0,0.0,0.17797211061214843
0.13677130044843047,0.4481592787377888,0.0125,0.0,0.03333333333333333,0.2545497518317183
0.0,0.5676183320811408,0.0,0.0,0.03333333333333333,0.06286929803828882
0.07847533632286996,0.6498873027798631,0.0,0.012987012987012988,0.6,0.15693689435121722
0.437219730941704,0.3238166791885799,0.4625,0.012987012987012988,0.5666666666666667,0.5641692271330655
0.13677130044843047,0.4571750563486088,0.0,0.3116883116883117,0.5666666666666667,0.44126683999054594
0.14798206278026904,0.46393688955672374,0.0,0.012987012987012988,0.0,0.18175372252422597
0.0,0.6457550713749054,0.0,0.0,0.0,0.02316237296147483
0.07847533632286996,0.6018031555221626,0.0,0.025974025974025976,0.0,0.051288111557551405
0.0,0.3598797896318544,0.0,0.0,0.03333333333333333,0.21578822973292366
0.1614349775784753,0.6280991735537178,0.0,0.0,0.03333333333333333,0.02505317891751359
0.0,0.5326821938392161,0.0,0.0,0.6,0.3108012290238714
0.24663677130044842,0.5676183320811408,0.0,0.012987012987012988,0.03333333333333333,0.04065232805483337
0.12331838565022421,0.5383170548459795,0.0,0.0,0.5666666666666667,0.15835499881824627
0.0,0.416228399699472,0.0,0.0,0.6,0.25785866225478604
0.051569506726457395,0.5845229151014273,0.0,0.025974025974025976,0.0,0.05577877570314347
0.051569506726457395,0.4526671675431988,0.0,0.0,0.5666666666666667,0.14062869298038289
0.1928251121076233,0.5477084898572482,0.0,0.0,0.03333333333333333,0.04939730560151264
0.07399103139013452,0.471450037565738,0.0,0.0,0.0,0.02528952966201843
0.0,0.6273478587528167,0.0,0.0,0.0,0.017017253604348852
0.0,0.6198347107438007,0.0,0.0,0.6,0.23965965492791302
0.2690582959641255,0.5676183320811408,0.0,0.012987012987012988,0.03333333333333333,0.08248640983219098
0.21973094170403587,0.603681442524417,0.0125,0.0,0.0,0.1782084613566533
0.07623318385650224,0.5424492862509389,0.48750000000000004,0.0,0.6,0.4786102576223115
0.0,0.7201352366641611,0.0,0.0,0.0,0.017489955093358545
0.0,0.34372652141247073,0.0,0.0,0.5666666666666667,0.13802883479082959
0.15695067264573992,0.6363636363636349,0.0,0.0,0.03333333333333333,0.01914441030489246
0.07399103139013452,0.48647633358377007,0.0,0.012987012987012988,0.03333333333333333,0.025998581895532967
0.06278026905829596,0.37828700225394307,0.0,0.0,0.0,0.02528952966201843
0.28475336322869954,0.5980465815176537,0.0,0.012987012987012988,0.0,0.027180335618057196
0.35650224215246634,0.3388429752066102,0.0,0.012987012987012988,0.0,0.046324745922949655
0.0,0.6806912096168283,0.0,0.0,0.0,0.021980619238950602
0.0,0.45341848234410165,0.0,0.0,0.03333333333333333,0.013235641692271332
0.2085201793721973,0.5518407212622076,0.0,0.0,0.6,0.1668636256204207
0.0,0.6799398948159272,0.025,0.0,0.03333333333333333,0.054833372725124084
0.0,0.535687453042824,0.0,0.0,0.6,0.15150082722760577
0.3834080717488789,0.6307287753568733,0.0,0.012987012987012988,0.0,0.03427085795320255
0.0,0.6104432757325302,0.0,0.0,0.0,0.0789411486646183
0.25112107623318386,0.5777610818933123,0.0,0.012987012987012988,0.0,0.04230678326636729
0.5291479820627802,0.6386175807663399,0.0,0.012987012987012988,0.6333333333333333,0.3746159300401796
0.15919282511210758,0.5631104432757308,0.0,0.012987012987012988,0.6333333333333333,0.24391396832900022
0.1928251121076233,0.5627347858752803,0.0,0.0,0.0,0.10186717088158828
0.060538116591928245,0.6066867017280231,0.0,0.0,0.0,0.022689671472465138
0.210762331838565,0.48497370398196793,0.0,0.0,0.0,0.04939730560151264
0.23766816143497754,0.5405709992486845,0.0,0.012987012987012988,0.6333333333333333,0.16899078232096432
0.11210762331838564,0.5875281743050316,0.0,0.012987012987012988,0.0,0.10753958874970457
0.1928251121076233,0.3858001502629591,0.0,0.025974025974025976,0.03333333333333333,0.04372488773339636
0.1905829596412556,0.49323816679188504,0.47500000000000003,0.0,0.6,0.4363034743559442
0.0,0.5255447032306524,0.0,0.012987012987012988,0.6333333333333333,0.15670054360671234
0.1614349775784753,0.5811419984973689,0.0,0.012987012987012988,0.03333333333333333,0.023398723705979674
0.10089686098654707,0.48271975957926294,0.0,0.0,0.03333333333333333,0.02316237296147483
0.09641255605381165,0.6269722013523662,0.0,0.0,0.6333333333333333,0.14441030489246043
0.2802690582959641,0.6682945154019517,0.0,0.025974025974025976,0.03333333333333333,0.04348853698889151
0.2623318385650224,0.8332081141998486,0.0,0.012987012987012988,0.0,0.04467029071141574
0.14798206278026904,0.5195341848234403,0.0,0.0,0.0,0.018671708815882766
0.0,0.4646882043576248,0.0,0.0,0.6,0.1552824391396833
0.08968609865470852,0.5082644628099171,0.0,0.0,0.6,0.3089104230678327
0.12556053811659193,0.5338091660405695,0.0,0.025974025974025976,0.03333333333333333,0.024580477428503895
0.22421524663677128,0.8106686701728005,0.0,0.0,0.0,0.042779484755376976
0.11883408071748877,0.3140495867768589,0.0,0.0,0.0,0.018435358071377923
0.06502242152466367,0.5732531930879023,0.0,0.0,0.6333333333333333,0.1578822973292366
0.0,0.533433508640119,0.0,0.0,0.0,0.15008272276057671
0.06502242152466367,0.36626596543951884,0.0,0.0,0.6,0.1401559914913732
0.0,0.5852742299023284,0.0,0.0,0.03333333333333333,0.018908059560387616
0.0,0.704357625845228,0.0,0.012987012987012988,0.0,0.08295911132120067
0.07847533632286996,0.5319308790383168,0.0,0.012987012987012988,0.5666666666666667,0.16450011817537225
0.16591928251121074,0.4962434259954911,0.0,0.0,0.0,0.013235641692271332
0.08295964125560537,0.5202854996243413,0.0,0.025974025974025976,0.03333333333333333,0.0846135665327346
0.0,0.646882043576257,0.0,0.0,0.6333333333333333,0.22476955802410778
0.07174887892376682,0.48046581517655795,0.0,0.05194805194805195,0.0,0.1489009690380525
0.24663677130044842,0.6720510894064606,0.0,0.0,0.36666666666666664,0.0935948948239187
0.09641255605381165,0.8189331329827176,0.0,0.0,0.0,0.023871425194989367
0.10089686098654707,0.6123215627347847,0.0,0.0,0.0,0.019617111793902152
0.0,0.7592036063110417,0.0,0.0,0.03333333333333333,0.020089813282911838
0.09641255605381165,0.4421487603305767,0.0,0.012987012987012988,0.0,0.012526589458756796
0.27578475336322866,0.4361382419233646,0.5625,0.0,0.6,0.474828645710234
0.08968609865470852,0.39331329827197514,0.0,0.0,0.5666666666666667,0.13637437957929568
0.1390134529147982,0.5443275732531916,0.0,0.0,0.03333333333333333,0.049870007090522334
0.2645739910313901,0.5142749812171292,0.0,0.0,0.0,0.03757976837627038
0.17264573991031387,0.5713749060856479,0.0,0.025974025974025976,0.6,0.26211297565587327
0.060538116591928245,0.4800901577761074,0.0,0.0,0.6,0.15953675254077052
0.13228699551569506,0.8921863260706218,0.0,0.0,0.0,0.03025289529662018
0.25112107623318386,0.524417731029299,0.0,0.0,0.03333333333333333,0.031907350508154096
0.0,0.466942148760328,0.0,0.0,0.0,0.0
0.17040358744394618,0.5548459804658137,0.0,0.0,0.03333333333333333,0.01229023871425195
0.25112107623318386,0.7283996994740782,0.0,0.012987012987012988,0.03333333333333333,0.05105176081304656
0.07399103139013452,0.7798647633358371,0.0,0.0,0.0,0.020798865516426374
0.27354260089686094,0.5146506386175798,0.0,0.4025974025974026,0.0,0.25644055778775704
0.12556053811659193,0.5176558978211858,0.48750000000000004,0.0,0.0,0.46324745922949656
0.1053811659192825,0.4173553719008254,0.0,0.0,0.6,0.14299220042543134
0.30493273542600896,0.4241172051089386,0.1625,0.012987012987012988,0.6,0.2892933112739305
0.0,0.6667918858001496,0.0,0.0,0.6333333333333333,0.14842826754904279
0.1614349775784753,0.5537190082644603,0.0,0.0,0.6333333333333333,0.21578822973292366
0.1748878923766816,0.584147257700975,0.0,0.0,0.0,0.05554242495863863
0.0,0.5713749060856479,0.0,0.0,0.0,0.003781611912077522
0.226457399103139,0.5522163786626582,0.0,0.0,0.0,0.07043252186244388
0.36995515695067266,0.5785123966942134,0.0,0.012987012987012988,0.6,0.18648073741432286
0.0,0.5537190082644603,0.0,0.0,0.0,0.016308201370834316
0.0,0.5247933884297513,0.0,0.0,0.0,0.005199716379106593
0.0,0.6078136739293747,0.0,0.0,0.6,0.1531552824391397
0.3834080717488789,0.5,0.0,0.0,0.4,0.15126447648310093
0.20403587443946186,0.4688204357625825,0.0,0.012987012987012988,0.6,0.15291893169463486
0.20179372197309414,0.3989481592787367,0.0125,0.0,0.5666666666666667,0.15244623020562517
0.2959641255605381,0.4962434259954911,0.47500000000000003,0.0,0.6333333333333333,0.4925549515480974
0.10313901345291479,0.5270473328324563,0.0,0.0,0.03333333333333333,0.03048924604112503
0.13228699551569506,0.6333583771600289,0.0,0.012987012987012988,0.6,0.1630820137083432
0.1390134529147982,0.6220886551465057,0.0,0.0,0.03333333333333333,0.03167099976364925
0.12780269058295962,0.6386175807663399,0.0,0.0,0.03333333333333333,0.026707634129047503
0.0,0.6344853493613805,0.0,0.0,0.03333333333333333,0.03261640274166863
0.2533632286995516,0.5694966190833952,0.0,0.0,0.0,0.02907114157409596
0.1053811659192825,0.44628099173553615,0.0,0.0,0.6,0.18151737177972113
0.15246636771300448,0.3373403456048063,0.0,0.0,0.0,0.10706688726069488
0.0,0.4913598797896306,0.0,0.0,0.6,0.13401087213424723
0.0,0.41810668670172646,0.0,0.0,0.5666666666666667,0.2668399905459702
0.07623318385650224,0.6652892561983457,0.0,0.0,0.03333333333333333,0.023635074450484517
0.07623318385650224,0.8715251690458281,0.0,0.0,0.03333333333333333,0.028598440085086267
0.0,0.6465063861758065,0.0,0.0,0.03333333333333333,0.021271567005436066
0.0,0.5157776108189314,0.0,0.0,0.0,0.015362798392814936
0.06726457399103138,0.7329075882794882,0.0,0.0,0.03333333333333333,0.03167099976364925
0.1390134529147982,0.5473328324567976,0.0125,0.0,0.6,0.16142755849680926
0.0,0.6818181818181799,0.0,0.0,0.6333333333333333,0.302292602221697
0.5874439461883407,0.4891059353869256,0.0125,0.0,0.6,0.2772394233041834
0.13228699551569506,0.43463561232156067,0.0,0.4415584415584416,0.5666666666666667,0.5443157645946586
0.05829596412556053,0.4477836213373383,0.0,0.012987012987012988,0.5666666666666667,0.15433703616166392
0.14798206278026904,0.643876784372651,0.0,0.0,0.0,0.03001654455211534
0.15246636771300448,0.5721262208865507,0.0125,0.0,0.0,0.060978492082250056
0.0,0.697595792637113,0.0,0.0,0.03333333333333333,0.06735996218388089
0.11659192825112107,0.6487603305785115,0.0,0.025974025974025976,0.03333333333333333,0.02174426849444576
0.0,0.697595792637113,0.0,0.0,0.0,0.017017253604348852
0.3520179372197309,0.5112697220135214,0.0,0.012987012987012988,0.5666666666666667,0.172536043488537
0.0,0.5743801652892557,0.0,0.0,0.0,0.016544552115339166
0.0,0.5683696468820418,0.0,0.0,0.0,0.01678090285984401
0.0,0.5424492862509389,0.0,0.0,0.03333333333333333,0.07988655164263768
0.23991031390134526,0.5777610818933123,0.0,0.012987012987012988,0.0,0.03781611912077523
0.0,0.5924117205108921,0.0,0.0,0.03333333333333333,0.007563223824155045
0.0,0.5394440270473311,0.0,0.0,0.03333333333333333,0.008272276057669581
0.3968609865470851,0.6709241172051073,0.0,0.012987012987012988,0.03333333333333333,0.05766958165918221
0.0,0.5593538692712237,0.0,0.0,0.0,0.015362798392814936
0.1905829596412556,0.634861006761831,0.0,0.0,0.0,0.11061214842826755
0.4573991031390134,0.11157024793388359,0.0,0.025974025974025976,0.5333333333333333,0.3762703852517135
0.11659192825112107,0.47933884297520457,0.21250000000000002,0.0,0.6,0.3535807137792484
0.10089686098654707,0.5740045078888052,0.0,0.0,0.0,0.03214370125265894
0.0,0.5420736288504866,0.0,0.0,0.6,0.14488300638147011
0.23542600896860982,0.5909090909090899,0.0,0.0,0.6333333333333333,0.1935712597494682
0.4439461883408072,0.49699474079639216,0.0,0.012987012987012988,0.43333333333333335,0.12148428267549044
0.0,0.605935386927122,0.0,0.0,0.0,0.01678090285984401
0.6210762331838565,0.5330578512396684,0.0,0.0,0.9666666666666667,0.2637674308674072
0.0,0.4962434259954911,0.0,0.0,0.6333333333333333,0.14417395414795559
0.07174887892376682,0.6284748309541683,0.0,0.0,0.03333333333333333,0.05010635783502718
0.2690582959641255,0.7028549962434241,0.0,0.0,0.0,0.03521626093122193
0.57847533632287,0.5999248685199081,0.0,0.012987012987012988,0.3333333333333333,0.11793902150791777
0.0,0.5285499624342584,0.0,0.0,0.0,0.008981328291184117
0.0,0.649135987978962,0.0,0.0,0.0,0.10068541715906407
0.10089686098654707,0.6179564237415462,0.0,0.0,0.03333333333333333,0.016308201370834316
0.0,0.526671675432004,0.0,0.0,0.0,0.004017962656582368
0.11659192825112107,0.5368144252441756,0.0,0.0,0.6,0.15457338690616876
0.28475336322869954,0.5702479338842963,0.0,0.012987012987012988,0.6,0.2800756322382415
0.09417040358744394,0.6333583771600289,0.0,0.0,0.6333333333333333,0.16355471519735287
0.08071748878923765,0.43238166791885746,0.0,0.0,0.0,0.025998581895532967
0.2690582959641255,0.47220135236664085,0.0,0.012987012987012988,0.6,0.1616639092413141
0.15695067264573992,0.6622839969947396,0.0,0.0,0.03333333333333333,0.03427085795320255
0.5179372197309416,0.5169045830202847,0.0,0.012987012987012988,0.9666666666666667,0.2970928858425904
0.21973094170403587,0.48985725018782666,0.0,0.0,0.0,0.19120775230441975
0.0,0.5,0.0,0.0,0.0,0.00023635074450484468
0.2533632286995516,0.5240420736288485,0.0,0.012987012987012988,0.36666666666666664,0.0914677381233751
0.09865470852017935,0.6040570999248676,0.0,0.0,0.6,0.1531552824391397
0.5179372197309416,0.6397445529676933,0.0,0.0,0.36666666666666664,0.1186480737414323
0.3520179372197309,0.4410217881292251,0.4625,0.12987012987012989,0.0,0.42448593713070193
0.0695067264573991,0.4785875281743035,0.0,0.0,0.6,0.19144410304892462
0.20403587443946186,0.3996994740796378,0.3375,0.03896103896103896,0.5666666666666667,0.4578113921058851
0.1748878923766816,0.3129226145755055,0.0,0.2337662337662338,0.0,0.14393760340345074
0.11434977578475335,0.8268219383921842,0.0,0.0,0.0,0.035452611675726775
0.2690582959641255,0.6889556724267454,0.0,0.012987012987012988,0.0,0.03687071614275585
0.4349775784753363,0.5912847483095405,0.0,0.0,0.0,0.15031907350508156
0.12107623318385649,0.6187077385424491,0.0,0.0,0.0,0.04230678326636729
0.12331838565022421,0.5766341096919589,0.0,0.0,0.0,0.034034507208697704
0.2780269058295964,0.4068369646882033,0.0,0.0,0.0,0.07350508154100685
0.289237668161435,0.759579263711494,0.0,0.0,0.0,0.03994327582131883
0.0,0.5030052592036043,0.0,0.0,0.5666666666666667,0.14819191680453794
0.21973094170403587,0.6551465063861741,0.0,0.012987012987012988,0.0,0.038997872843299454
0.0,0.6250939143501117,0.0,0.0,0.03333333333333333,0.005908768612621129
0.5964125560538116,0.6108189331329807,0.0,0.012987012987012988,0.0,0.07066887260694872
0.2309417040358744,0.4507888805409461,0.0125,0.0,0.5666666666666667,0.2798392814937367
0.0,0.41697971450037485,0.0,0.0,0.0,0.01418104467029071
0.14573991031390135,0.4312546957175041,0.0,0.0,0.0,0.03048924604112503
0.12107623318385649,0.6870773854244909,0.48750000000000004,0.025974025974025976,0.0,0.29945639328763884
0.1390134529147982,0.5905334335086394,0.0,0.0,0.03333333333333333,0.009217679035688963
0.3520179372197309,0.44966190833959274,0.0,0.0,0.5666666666666667,0.6528007563223825
0.2690582959641255,0.6367392937640854,0.0125,0.0,0.03333333333333333,0.03616166390924131
0.08520179372197309,0.5184072126220869,0.0,0.0,0.6333333333333333,0.1552824391396833
0.2690582959641255,0.62960180315552,0.0,0.012987012987012988,0.6,0.22666036398014655
0.0,0.5800150262960173,0.0,0.012987012987012988,0.6333333333333333,0.338926967619948
0.289237668161435,0.6157024793388413,0.0,0.0,0.4,0.12290238714251953
0.0,0.6615326821938385,0.0,0.0,0.6333333333333333,0.14748286457102341
0.11659192825112107,0.6006761833208092,0.0,0.012987012987012988,0.0,0.018671708815882766
0.36995515695067266,0.6194590533433484,0.0,0.012987012987012988,0.43333333333333335,0.10919404396123848
0.23991031390134526,0.5488354620586016,0.0,0.0,0.0,0.030725596785629875
0.0,0.5856498873027789,0.0,0.0,0.0,0.018671708815882766
0.29372197309417036,0.649135987978962,0.0,0.012987012987012988,0.0,0.03497991018671709
0.09192825112107623,0.29301277235161294,0.0,0.0,0.5666666666666667,0.26660363980146534
0.2713004484304932,0.548459804658151,0.0,0.0,0.0,0.02765303710706689
0.07174887892376682,0.7392937640871509,0.0,0.0,0.03333333333333333,0.14086504372488776
0.25784753363228696,0.7133734034560462,0.0,0.012987012987012988,0.0,0.0690144173954148
0.0,0.41322314049586595,0.0,0.33766233766233766,0.03333333333333333,0.3072559678562987
0.09641255605381165,0.7370398196844477,0.0,0.0,0.0,0.03356180571968801
0.10986547085201794,0.36363636363636154,0.0,0.0,0.5666666666666667,0.18884424485937132
0.29372197309417036,0.6386175807663399,0.0,0.0,0.36666666666666664,0.1082486409832191
0.1905829596412556,0.5672426746806902,0.0,0.0,0.0,0.1113212006617821
0.0,0.2952667167543179,0.0,0.0,0.0,0.0033089104230678307
0.06726457399103138,0.45191585274229773,0.0,0.0,0.6,0.36374379579295674
0.05605381165919282,0.4609316303531159,0.47500000000000003,0.0,0.6,0.41030489246041124
0.1614349775784753,0.6528925619834691,0.0,0.0,0.03333333333333333,0.017726305837863388
0.18385650224215247,0.36363636363636154,0.47500000000000003,0.012987012987012988,0.5666666666666667,0.4566296383833609
0.17937219730941703,0.6558978211870752,0.0,0.012987012987012988,0.03333333333333333,0.03427085795320255
0.1390134529147982,0.4290007513147991,0.0,0.0,0.6,0.39045142992200427
0.1053811659192825,0.430503380916603,0.0,0.0,0.0,0.021980619238950602
0.3811659192825112,0.6126972201352352,0.0,0.012987012987012988,0.0,0.043961238477901204
0.1390134529147982,0.5548459804658137,0.0,0.0,0.6,0.35476246750177265
0.1390134529147982,0.7299023290758804,0.0,0.0,0.03333333333333333,0.046324745922949655
0.0,0.497746055597295,0.0,0.0,0.0,0.16969983455447885
0.13228699551569506,0.40157776108189225,0.0,0.0,0.0,0.017726305837863388
0.08520179372197309,0.587152516904581,0.0,0.0,0.6,0.14961002127156703
0.10986547085201794,0.466942148760328,0.0,0.0,0.6,0.21318837154337036
0.06278026905829596,0.5026296018031537,0.0,0.37662337662337664,0.0,0.24580477428503902
0.1614349775784753,0.7839969947407948,0.0,0.03896103896103896,0.0,0.0465610966674545
0.0,0.3219383921863255,0.0,0.0,0.0,0.0028362089340581414
0.0,0.5570999248685187,0.0,0.0,0.6,0.3030016544552115
0.1905829596412556,0.3407212622088647,0.0,0.48051948051948057,0.5666666666666667,0.42377688489718746
0.06726457399103138,0.21675432006010276,0.0,0.4545454545454546,0.5333333333333333,0.4199952729851099
0.2130044843049327,0.46280991735537036,0.0,0.012987012987012988,0.6,0.2242968565350981
0.13228699551569506,0.5071374906085637,0.0,0.0,0.6,0.14086504372488776
0.2690582959641255,0.5567242674680681,0.0,0.012987012987012988,0.03333333333333333,0.029543843063105646
0.21748878923766815,0.5086401202103676,0.0,0.012987012987012988,0.6,0.19948002836208936
0.0,0.5758827948910579,0.0,0.0,0.03333333333333333,0.008272276057669581
0.0695067264573991,0.5274229902329068,0.0,0.0,0.0,0.15670054360671234
0.13004484304932734,0.46844477836213194,0.0,0.0,0.0,0.16851808083195463
0.09641255605381165,0.3208114199849721,0.0,0.0,0.0,0.010872134247222878
0.11210762331838564,0.5837716003005244,0.0,0.0,0.0,0.028362089340581424
0.0,0.5548459804658137,0.0,0.0,0.0,0.0172536043488537
0.0,0.4906085649887295,0.0,0.0,0.0,0.02505317891751359
0.0,0.5131480090157758,0.0,0.0,0.0,0.003545261167572677
0.06278026905829596,0.5544703230653631,0.0,0.0,0.0,0.04703379815646419
0.2645739910313901,0.540946656649135,0.0,0.012987012987012988,0.03333333333333333,0.02907114157409596
0.05829596412556053,0.6141998497370391,0.0,0.0,0.0,0.14488300638147011
0.1412556053811659,0.6070623591284736,0.0,0.0,0.0,0.18175372252422597
0.05605381165919282,0.522163786626594,0.0,0.0,0.6,0.1479555660600331
0.2825112107623318,0.6701728024042062,0.0,0.0,0.03333333333333333,0.04797920113448357
0.13677130044843047,0.7295266716754298,0.0,0.0,0.0,0.12857480501063578
0.0,0.6990984222389169,0.0,0.0,0.0,0.01678090285984401
0.4461883408071749,0.5533433508640115,0.0,0.012987012987012988,0.4,0.11226660363980147
0.15246636771300448,0.27122464312546946,0.0,0.0,0.5666666666666667,0.18435358071377925
0.13228699551569506,0.5379413974455289,0.0,0.0,0.6333333333333333,0.1824627747577405
0.22421524663677128,0.5672426746806902,0.0,0.012987012987012988,0.6,0.17749940912313875
0.15246636771300448,0.6134485349361363,0.0,0.025974025974025976,0.0,0.033089104230678325
0.14349775784753363,0.5713749060856479,0.0,0.0,0.03333333333333333,0.02056251477192153
0.09641255605381165,0.5668670172802397,0.0,0.0,0.03333333333333333,0.14961002127156703
0.3340807174887892,0.5296769346356118,0.0,0.0,0.0,0.11793902150791777
0.3721973094170403,0.7178812922614561,0.0,0.025974025974025976,0.0,0.05057905932403687
0.10762331838565022,0.5030052592036043,0.0,0.0,0.6,0.2337508863152919
0.15246636771300448,0.7332832456799387,0.0,0.0,0.03333333333333333,0.040415977310328526
0.05605381165919282,0.5619834710743792,0.0,0.0,0.0,0.040415977310328526
0.12107623318385649,0.5811419984973689,0.0,0.012987012987012988,0.6333333333333333,0.1616639092413141
0.26681614349775784,0.4504132231404938,0.0,0.5064935064935066,0.6,0.5889860553060743
0.07174887892376682,0.7787377911344837,0.0,0.0,0.0,0.03214370125265894
0.06726457399103138,0.4725770097670914,0.0,0.0,0.0,0.014890096903805246
0.10762331838565022,0.6003005259203587,0.0,0.0,0.03333333333333333,0.09123138737887025
0.37668161434977576,0.6746806912096144,0.0,0.012987012987012988,0.6,0.19262585677144883
0.10313901345291479,0.3670172802404199,0.0,0.0,0.0,0.05601512644764831
0.23542600896860982,0.5709992486851974,0.0,0.0,0.0,0.06783266367289058
0.2488789237668161,0.579639368895565,0.0,0.0,0.0,0.02765303710706689
0.2690582959641255,0.40721262208865383,0.47500000000000003,0.0,0.6,0.5752777121247932
0.05381165919282511,0.2798647633358371,0.0,0.0,0.5666666666666667,0.13542897660127629
0.0874439461883408,0.658903080390683,0.0,0.012987012987012988,0.0,0.02647128338454266
0.1771300448430493,0.6160781367392918,0.0,0.0,0.03333333333333333,0.01418104467029071
0.0,0.5003756574004488,0.0,0.0,0.6,0.16237296147482866
0.35874439461883406,0.3335837716002992,0.0,0.0,0.5666666666666667,0.4537934294493028
0.23766816143497754,0.40045078888054064,0.0,0.0,0.5666666666666667,0.3999054597021981
0.1412556053811659,0.5957926371149505,0.0,0.0,0.0,0.02741668636256204
0.10089686098654707,0.521412471825693,0.0,0.0,0.0,0.026707634129047503
0.2645739910313901,0.5281743050338079,0.0,0.012987012987012988,0.03333333333333333,0.020798865516426374
0.06278026905829596,0.5195341848234403,0.0,0.012987012987012988,0.6333333333333333,0.15882770030725596
0.0,0.695341848234408,0.0,0.0,0.03333333333333333,0.020798865516426374
0.09192825112107623,0.47558226897069744,0.0,0.0,0.6,0.14937367052706219
0.16591928251121074,0.596168294515401,0.0,0.0,0.03333333333333333,0.099267312692035
0.0,0.44177310293012617,0.0,0.0,0.6,0.2526589458756795
0.2645739910313901,0.47445529676934584,0.0,0.0,0.03333333333333333,0.02174426849444576
0.27354260089686094,0.6126972201352352,0.0,0.0,0.03333333333333333,0.04467029071141574
0.09641255605381165,0.5108940646130709,0.0,0.025974025974025976,0.03333333333333333,0.033089104230678325
0.1928251121076233,0.5492111194590521,0.0,0.012987012987012988,0.0,0.025525880406523274
0.06502242152466367,0.6262208865514634,0.0,0.0,0.6,0.16331836445284803
0.44843049327354256,0.6615326821938385,0.025,0.49350649350649356,0.6,0.6156936894351218
0.13677130044843047,0.3561232156273473,0.0,0.0,0.0,0.018435358071377923
0.13677130044843047,0.5510894064613066,0.0,0.0,0.03333333333333333,0.021271567005436066
0.10762331838565022,0.36626596543951884,0.0,0.0,0.0,0.06263294729378398
0.11434977578475335,0.5413223140495855,0.0,0.0,0.03333333333333333,0.06310564878279366
0.18385650224215247,0.4729526671675419,0.0,0.025974025974025976,0.6,0.1720633419995273
0.09417040358744394,0.2986476333583763,0.4625,0.0,0.5666666666666667,0.41786811628456627
0.34529147982062774,0.5349361382419211,0.0,0.012987012987012988,0.4,0.10375797683762704
0.0,0.6690458302028546,0.0,0.0,0.0,0.018435358071377923
0.34529147982062774,0.41547708489857094,0.0,0.0,0.0,0.04254313401087213
0.05605381165919282,0.49661908339594163,0.0,0.0,0.6,0.2079886551642638
0.0,0.3444778362133718,0.0,0.0,0.03333333333333333,0.00685417159064051
0.39237668161434974,0.3835462058602541,0.0,0.25974025974025977,0.03333333333333333,0.17395414795556607
0.0,0.6108189331329807,0.0,0.0,0.03333333333333333,0.08272276057669582
0.27354260089686094,0.2738542449286232,0.0125,0.0,0.0,0.04939730560151264
0.0,0.6115702479338836,0.0,0.0,0.03333333333333333,0.02056251477192153
0.23991031390134526,0.6254695717505623,0.0,0.025974025974025976,0.03333333333333333,0.033089104230678325
0.14798206278026904,0.5033809166040548,0.0,0.0,0.6333333333333333,0.23351453557078702
0.0695067264573991,0.584147257700975,0.0,0.0,0.6,0.1871897896478374
0.0874439461883408,0.6938392186326059,0.0,0.0,0.0,0.025762231151028124
0.05605381165919282,0.358752817430501,0.0,0.0,0.5666666666666667,0.19664381942803122
0.4349775784753363,0.5683696468820418,0.0125,0.012987012987012988,0.03333333333333333,0.19144410304892462
0.11210762331838564,0.4057099924868499,0.0,0.0,0.0,0.12692034979910186
0.13004484304932734,0.5206611570247919,0.0,0.0,0.03333333333333333,0.018435358071377923
0.195067264573991,0.579639368895565,0.0,0.0,0.6,0.18553533443630346
0.07623318385650224,0.4879789631855722,0.0,0.0,0.0,0.03994327582131883
0.10762331838565022,0.5950413223140494,0.0,0.0,0.03333333333333333,0.02528952966201843
0.0,0.4320060105184069,0.0125,0.0,0.03333333333333333,0.04963365634601749
0.210762331838565,0.25920360631104344,0.0,0.0,0.0,0.024344126683999052
0.2488789237668161,0.6724267468069094,0.0,0.012987012987012988,0.6333333333333333,0.20609784920822502
0.0,0.43238166791885746,0.0,0.0,0.0,0.5147719215315529
0.0,0.5589782118707731,0.0,0.0,0.0,0.007799574568659888
0.18385650224215247,0.3835462058602541,0.0,0.0,0.6,0.18624438666981802
0.24663677130044842,0.702103681442523,0.0,0.012987012987012988,0.03333333333333333,0.03876152209879461
0.09865470852017935,0.6228399699474068,0.0,0.025974025974025976,0.6333333333333333,0.15457338690616876
0.34080717488789236,0.5281743050338079,0.0,0.28571428571428575,0.5666666666666667,0.3100921767903569
0.2085201793721973,0.709616829451539,0.0,0.0,0.03333333333333333,0.04230678326636729
0.0,0.36288504883546047,0.0,0.0,0.5666666666666667,0.15150082722760577
0.28699551569506726,0.5593538692712237,0.0,0.012987012987012988,0.03333333333333333,0.02765303710706689
0.0,0.5184072126220869,0.0,0.0,0.03333333333333333,0.023635074450484517
0.09865470852017935,0.48647633358377007,0.0,0.0,0.6,0.1411013944693926
0.12780269058295962,0.5026296018031537,0.0,0.0,0.0,0.022216969983455445
0.0695067264573991,0.5052592036063093,0.0,0.0,0.5666666666666667,0.15031907350508156
0.11883408071748877,0.5323065364387656,0.0,0.0,0.6,0.1604821555187899
0.07623318385650224,0.6528925619834691,0.0,0.0,0.03333333333333333,0.02788938785157173
0.08968609865470852,0.2892561983471058,0.0,0.0,0.43333333333333335,0.12219333490900497
0.22421524663677128,0.4477836213373383,0.0,0.0,0.0,0.03592531316473647
0.2959641255605381,0.589406461307286,0.0,0.012987012987012988,0.03333333333333333,0.031198298274639567
0.3071748878923767,0.39444027047332675,0.0,0.24675324675324678,0.6,0.30583786338926966
0.0,0.5792637114951145,0.0,0.0,0.0,0.016308201370834316
0.07847533632286996,0.646882043576257,0.0,0.0,0.03333333333333333,0.04372488773339636
0.16816143497757846,0.6476333583771581,0.0,0.012987012987012988,0.03333333333333333,0.04088867879933821
0.3946188340807174,0.6983471074380159,0.0,0.025974025974025976,0.0,0.05294256676908533
0.051569506726457395,0.5815176558978195,0.0,0.012987012987012988,0.03333333333333333,0.03876152209879461
0.11883408071748877,0.5138993238166769,0.0,0.012987012987012988,0.6,0.33278184826282203
0.09865470852017935,0.5082644628099171,0.0,0.0,0.0,0.02505317891751359
0.0,0.5296769346356118,0.0,0.0,0.0,0.08319546206570552
0.14573991031390135,0.6104432757325302,0.0,0.0,0.03333333333333333,0.11841172299692745
0.0,0.8136739293764084,0.0,0.0,0.0,0.015362798392814936
0.0,0.3989481592787367,0.0,0.0,0.0,0.0056724178681162845
0.0874439461883408,0.28136739293763924,0.0,0.0,0.0,0.014653746159300403
0.12107623318385649,0.5664913598797874,0.0,0.0,0.0,0.02788938785157173
0.1973094170403587,0.5026296018031537,0.0,0.025974025974025976,0.6,0.15882770030725596
0.6345291479820626,0.6115702479338836,0.0,0.0,0.6,0.3013471992436776
0.12331838565022421,0.8508640120210345,0.0,0.012987012987012988,0.0,0.03852517135428977
0.4237668161434977,0.4432757325319301,0.0125,0.012987012987012988,0.9666666666666667,0.23918695343890334
0.3116591928251121,0.44515401953418454,0.0,0.012987012987012988,0.6,0.17442684944457576
0.0,0.6848234410217859,0.0,0.0,0.0,0.020798865516426374
0.12331838565022421,0.5687453042824924,0.0,0.0,0.03333333333333333,0.06546915622784212
0.09865470852017935,0.6141998497370391,0.0,0.0,0.0,0.09761285748050107
0.1053811659192825,0.5653643876784358,0.0,0.0,0.5666666666666667,0.1552824391396833
0.195067264573991,0.5537190082644603,0.0,0.012987012987012988,0.0,0.02788938785157173
0.0,0.5447032306536421,0.0,0.0,0.0,0.3261640274166864
0.09641255605381165,0.6134485349361363,0.0,0.0,0.03333333333333333,0.04348853698889151
0.09417040358744394,0.58189331329827,0.0,0.0,0.0,0.029307492318600803
0.0695067264573991,0.39068369646881784,0.0,0.012987012987012988,0.6,0.2013708343181281
0.21973094170403587,0.4256198347107425,0.0,0.0,0.6,0.3717797211061215
0.0,0.649135987978962,0.0,0.0,0.0,0.009217679035688963
0.11434977578475335,0.6979714500375636,0.0,0.0,0.26666666666666666,0.10233987237059797
0.3071748878923767,0.6175807663410957,0.0,0.012987012987012988,0.4,0.0987946112030253
0.0874439461883408,0.44891059353869167,0.0,0.49350649350649356,0.0,0.3124556842354053
0.41031390134529144,0.5589782118707731,0.0,0.012987012987012988,0.0,0.041597731032852754
0.0,0.7644628099173545,0.0,0.0,0.03333333333333333,0.01914441030489246
0.18609865470852016,0.7126220886551451,0.0,0.0,0.0,0.028598440085086267
0.0,0.6525169045830186,0.0,0.0,0.0,0.00047270148900968936
0.12780269058295962,0.48760330578512345,0.0,0.0,0.0,0.11770267076341293
0.05605381165919282,0.41172051089406203,0.0,0.0,0.5666666666666667,0.27251240841408647
0.0,0.6885800150262948,0.0,0.0,0.0,0.0172536043488537
0.13228699551569506,0.6066867017280231,0.0,0.012987012987012988,0.03333333333333333,0.03025289529662018
0.11883408071748877,0.5379413974455289,0.0,0.0,0.6333333333333333,0.15599149137319782
0.11210762331838564,0.6205860255447018,0.0,0.0,0.0,0.06925076813991965
0.07174887892376682,0.5616078136739286,0.0,0.0,0.6,0.14819191680453794
0.10762331838565022,0.473703981968443,0.0,0.0,0.6,0.1720633419995273
0.0,0.6596543951915841,0.0,0.0,0.0,0.030961947530134717
0.10986547085201794,0.5721262208865507,0.0,0.0,0.6,0.17371779721106123
0.2219730941704036,0.5875281743050316,0.0125,0.0,0.5666666666666667,0.17797211061214843
0.3789237668161435,0.5398196844477834,0.0,0.012987012987012988,0.03333333333333333,0.03757976837627038
0.0,0.6442524417731015,0.0,0.0,0.03333333333333333,0.009454029780193806
0.07174887892376682,0.5,0.0,0.0,0.6,0.14204679744741197
0.2802690582959641,0.6198347107438007,0.0,0.012987012987012988,0.0,0.03332545497518317
0.0,0.4068369646882033,0.0,0.0,0.6,0.15126447648310093
0.0874439461883408,0.5612321562734781,0.0,0.0,0.03333333333333333,0.03332545497518317
0.21524663677130043,0.4680691209616814,0.0,0.012987012987012988,0.03333333333333333,0.041361380288347904
0.1614349775784753,0.5011269722013516,0.41250000000000003,0.0,0.6,0.4027416686362562
0.2488789237668161,0.5255447032306524,0.0,0.012987012987012988,0.6333333333333333,0.1652091704088868
0.0,0.6619083395942891,0.0,0.0,0.0,0.03497991018671709
0.07847533632286996,0.4530428249436511,0.5375,0.0,0.0,0.5015362798392815
0.09192825112107623,0.5860255447032294,0.0,0.012987012987012988,0.6,0.15220987946112033
0.09641255605381165,0.7287753568745288,0.0,0.025974025974025976,0.0,0.03592531316473647
0.0,0.5432006010518382,0.0,0.0,0.6,0.14322855116993619
0.6704035874439461,0.593914350112696,0.0,0.025974025974025976,0.0,0.11321200661782085
0.0,0.4984973703981961,0.0,0.0,0.5666666666666667,0.13212006617820846
0.06502242152466367,0.4575507137490593,0.0125,0.0,0.5666666666666667,0.189316946348381
0.09641255605381165,0.58640120210368,0.0,0.0,0.6,0.15622784211770266
0.11210762331838564,0.39556724267468013,0.0,0.0,0.6,0.15291893169463486
0.16367713004484302,0.6934635612321554,0.0,0.0,0.0,0.021035216260931223
0.226457399103139,0.47069872276483693,0.0,0.0,0.6,0.44457575041361375
0.060538116591928245,0.6949661908339593,0.0,0.0,0.03333333333333333,0.05223351453557079
0.0,0.7114951164537935,0.0,0.0,0.0,0.021980619238950602
0.18834080717488788,0.38880540946656517,0.47500000000000003,0.0,0.5666666666666667,0.5003545261167573
0.08520179372197309,0.5018782870022527,0.0,0.0,0.5666666666666667,0.47104703379815643
0.5358744394618833,0.5063861758076627,0.0,0.012987012987012988,0.9333333333333333,0.31670999763649255
0.1390134529147982,0.5428249436513877,0.0,0.0,0.6,0.14937367052706219
0.289237668161435,0.7975206611570229,0.0,0.012987012987012988,0.0,0.03994327582131883
0.051569506726457395,0.5706235912847468,0.0,0.0,0.03333333333333333,0.034507208697707396
0.0,0.6254695717505623,0.0,0.0,0.03333333333333333,0.025525880406523274
0.09641255605381165,0.5315552216378645,0.0,0.0,0.6,0.1616639092413141
0.21748878923766815,0.483471074380164,0.0,0.012987012987012988,0.6,0.14677381233750889
0.08968609865470852,0.44064613072877457,0.0,0.0,0.0,0.029780193807610496
0.0,0.48610067618331954,0.0,0.0,0.6333333333333333,0.15859134956275112
0.14573991031390135,0.656649135987978,0.0,0.0,0.03333333333333333,0.009690380524698653
0.06502242152466367,0.38166791885799967,0.0,0.0,0.5666666666666667,0.14937367052706219
0.06278026905829596,0.4624342599549198,0.0,0.0,0.6,0.33160009454029776
0.10986547085201794,0.5477084898572482,0.0,0.012987012987012988,0.03333333333333333,0.028362089340581424
0.1928251121076233,0.5255447032306524,0.0,0.012987012987012988,0.0,0.15197352871661549
0.5852017937219731,0.6930879038317048,0.0,0.012987012987012988,0.4,0.12881115575514063
0.0,0.7084898572501857,0.0,0.0,0.03333333333333333,0.08981328291184118
0.14573991031390135,0.5627347858752803,0.0,0.0,0.0,0.0392342235878043
0.2309417040358744,0.6461307287753559,0.0,0.0,0.6333333333333333,0.1734814464665564
0.2802690582959641,0.4421487603305767,0.75,0.0,0.6,0.601512644764831
0.060538116591928245,0.5112697220135214,0.0,0.0,0.0,0.14771921531552826
0.0,0.3538692712246423,0.0,0.025974025974025976,0.0,0.3715433703616166
0.0,0.6607813673929375,0.0,0.0,0.0,0.012526589458756796
0.0,0.6938392186326059,0.0,0.0,0.0,0.0172536043488537
0.11883408071748877,0.6055597295266715,0.025,0.0,0.6,0.16544552115339164
0.10313901345291479,0.5048835462058587,0.0,0.0,0.5666666666666667,0.1668636256204207
0.08071748878923765,0.696844477836212,0.0,0.0,0.6333333333333333,0.16473646891987712
0.0,0.6078136739293747,0.0,0.0,0.0,0.043961238477901204
0.0,0.5642374154770824,0.0,0.0,0.6,0.13944693925785867
0.0,0.44853493613824114,0.0,0.0,0.0,0.13306546915622786
0.2488789237668161,0.5815176558978195,0.0,0.012987012987012988,0.0,0.027180335618057196
0.24663677130044842,0.5552216378662642,0.0,0.0,0.6,0.18222642401323566
0.3071748878923767,0.8230653643876771,0.0,0.012987012987012988,0.03333333333333333,0.04963365634601749
0.0,0.5837716003005244,0.0,0.0,0.0,0.33703616166390926
0.16367713004484302,0.6303531179564228,0.0,0.0,0.03333333333333333,0.024107775939494203
0.17264573991031387,0.8425995492111173,0.0,0.0,0.6666666666666666,0.1734814464665564
0.2780269058295964,0.31329827197595783,0.025,0.4545454545454546,0.6,0.5124084140865044
0.13452914798206275,0.4763335837715985,0.0,0.0,1.0,0.37650673599621837
0.12331838565022421,0.3504883546205839,0.0,0.0,0.5666666666666667,0.35405341526825806
0.2130044843049327,0.5897821187077366,0.0,0.0,0.03333333333333333,0.07752304419758922
0.08968609865470852,0.5616078136739286,0.0,0.0,0.0,0.05294256676908533
0.11659192825112107,0.31893313298271764,0.0,0.0,0.5666666666666667,0.13566532734578116
0.13452914798206275,0.5845229151014273,0.0,0.0,0.0,0.022453320727960295
0.0,0.47069872276483693,0.0,0.35064935064935066,0.6,0.46064760103994323
0.07847533632286996,0.5852742299023284,0.0,0.0,0.9666666666666667,0.21200661782084615
0.0874439461883408,0.58189331329827,0.0,0.0,0.0,0.026707634129047503
0.0,0.7039819684447775,0.037500000000000006,0.0,0.6,0.3616166390924131
0.0,0.5454545454545432,0.0125,0.012987012987012988,0.6,0.17064523753249825
0.0,0.5187828700225392,0.0,0.0,0.6,0.23682344599385488
0.3071748878923767,0.6728024042073617,0.0,0.012987012987012988,0.03333333333333333,0.045379342944930276
0.2623318385650224,0.6033057851239665,0.0,0.012987012987012988,0.03333333333333333,0.04797920113448357
0.0874439461883408,0.39444027047332675,0.0,0.0,0.6,0.14181044670290713
0.10762331838565022,0.48873027798647506,0.0,0.0,0.6,0.16709997636492555
0.13228699551569506,0.7231404958677672,0.0,0.012987012987012988,0.03333333333333333,0.028598440085086267
0.0,0.5514650638617571,0.0,0.0,0.0,0.020089813282911838
0.2085201793721973,0.33320811419984864,0.0,0.025974025974025976,0.0,0.03356180571968801
0.14349775784753363,0.5033809166040548,0.0,0.0,0.03333333333333333,0.019380761049397302
0.2286995515695067,0.601427498121712,0.0,0.012987012987012988,0.0,0.03356180571968801
0.05381165919282511,0.432757325319308,0.0,0.025974025974025976,0.6,0.1548097376506736
0.23542600896860982,0.6006761833208092,0.0,0.012987012987012988,0.6333333333333333,0.16922713306546916
0.2600896860986547,0.6326070623591278,0.0,0.0,0.0,0.06523280548333728
0.17937219730941703,0.6705484598046567,0.0,0.0,0.0,0.03379815646419286
0.0,0.5296769346356118,0.0,0.0,0.03333333333333333,0.013235641692271332
0.0,0.7565740045078879,0.0,0.0,0.0,0.018435358071377923
0.15246636771300448,0.5052592036063093,0.0,0.012987012987012988,0.03333333333333333,0.03639801465374616
0.0,0.6220886551465057,0.0,0.0,0.0,0.022453320727960295
0.11883408071748877,0.6585274229902325,0.0125,0.0,0.6,0.16709997636492555
0.27578475336322866,0.32757325319308706,0.0,0.0,0.0,0.07445048451902624
0.0,0.644628099173552,0.0125,0.0,0.0,0.1411013944693926
0.14573991031390135,0.5056348610067598,0.0,0.25974025974025977,0.03333333333333333,0.15551878988418813
0.437219730941704,0.40157776108189225,0.0,0.49350649350649356,0.5666666666666667,0.4594658473174191
0.2085201793721973,0.4459053343350856,0.0,0.025974025974025976,0.6,0.1961711179390215
0.0,0.5033809166040548,0.0,0.0,0.8333333333333334,0.2053887969747105
0.0,0.7062359128474807,0.0,0.0,0.0,0.14511935712597496
0.14573991031390135,0.6006761833208092,0.0125,0.0,0.6333333333333333,0.16969983455447885
0.1412556053811659,0.6033057851239665,0.0,0.012987012987012988,0.6,0.17017253604348856
0.4349775784753363,0.3797896318557452,0.55,0.0,0.5666666666666667,0.6029307492318601
0.10762331838565022,0.47483095416979637,0.0125,0.0,0.6,0.14724651382651857
0.11210762331838564,0.32945154019533973,0.0,0.0,0.5666666666666667,0.13802883479082959
0.09192825112107623,0.5135236664162264,0.0,0.012987012987012988,0.6333333333333333,0.15670054360671234
0.0,0.4845980465815156,0.0,0.0,0.6,0.18789884188135192
0.17040358744394618,0.548459804658151,0.0,0.0,0.03333333333333333,0.012053887969747103
0.10986547085201794,0.53418482344102,0.0,0.0,0.0,0.03427085795320255
0.0,0.6202103681442512,0.0,0.0,0.03333333333333333,0.021271567005436066
0.2600896860986547,0.6367392937640854,0.0,0.012987012987012988,0.6,0.17135428976601277
0.0,0.5822689706987223,0.0125,0.0,0.6,0.16473646891987712
0.37443946188340804,0.6258452291510128,0.0,0.012987012987012988,0.03333333333333333,0.08437721578822974
0.34753363228699546,0.3948159278737773,0.0,0.025974025974025976,0.6,0.37508863152918925
0.2645739910313901,0.6404958677685926,0.48750000000000004,0.012987012987012988,0.6333333333333333,0.44646655636965255
0.36995515695067266,0.5154019534184808,0.0,0.012987012987012988,0.03333333333333333,0.047742850389978726
0.05605381165919282,0.5743801652892557,0.0,0.0,0.0,0.017489955093358545
0.31390134529147984,0.6585274229902325,0.0,0.025974025974025976,0.03333333333333333,0.04207043252186244
0.1053811659192825,0.6153268219383907,0.0,0.0,0.6,0.21484282675490426
0.11659192825112107,0.6649135987978951,0.0,0.0,0.6,0.1626093122193335
0.0,0.5657400450788863,0.0,0.0,0.03333333333333333,0.019380761049397302
0.0,0.5950413223140494,0.0,0.0,0.0,0.03994327582131883
0.11659192825112107,0.658903080390683,0.0,0.012987012987012988,0.03333333333333333,0.056251477192153156
0.23991031390134526,0.5432006010518382,0.0,0.012987012987012988,0.03333333333333333,0.033089104230678325
0.0,0.5465815176558966,0.0,0.0,0.6333333333333333,0.14488300638147011
0.13677130044843047,0.6645379413974446,0.0,0.0,0.03333333333333333,0.018671708815882766
0.06502242152466367,0.5777610818933123,0.0,0.0,0.6,0.14488300638147011
0.0,0.6307287753568733,0.0,0.0,0.6,0.23965965492791302
0.06278026905829596,0.4177310293012759,0.0,0.0,0.5666666666666667,0.14393760340345074
0.0,0.6198347107438007,0.0,0.0,0.0,0.014417395414795557
0.1547085201793722,0.6780616078136728,0.0,0.0,0.03333333333333333,0.03497991018671709
0.09641255605381165,0.4808414725770085,0.0125,0.012987012987012988,0.0,0.061687544315764585
0.2623318385650224,0.6874530428249415,0.0,0.0,0.0,0.042779484755376976
0.10313901345291479,0.6250939143501117,0.0,0.0,0.03333333333333333,0.045379342944930276
0.0,0.6461307287753559,0.0,0.0,0.0,0.023871425194989367
0.20179372197309414,0.5807663410969184,0.0,0.0,0.03333333333333333,0.189316946348381
0.1547085201793722,0.7490608564988719,0.0,0.012987012987012988,0.0,0.16142755849680926
0.3632286995515695,0.44177310293012617,0.0,0.03896103896103896,0.0,0.16071850626329473
0.15022421524663676,0.697595792637113,0.0,0.0,0.0,0.03001654455211534
0.07174887892376682,0.5984222389181042,0.0,0.0,0.03333333333333333,0.0099267312692035
0.14573991031390135,0.6389932381667904,0.0,0.0,0.0,0.2772394233041834
0.0,0.5454545454545432,0.0,0.0,0.03333333333333333,0.00023635074450484468
0.11210762331838564,0.6254695717505623,0.0,0.012987012987012988,0.03333333333333333,0.030961947530134717
0.0,0.6615326821938385,0.0,0.0,0.03333333333333333,0.018671708815882766
0.2533632286995516,0.6934635612321554,0.0,0.0,0.03333333333333333,0.06286929803828882
0.0,0.6100676183320797,0.0,0.0,0.0,0.009454029780193806
0.16367713004484302,0.41172051089406203,0.0,0.012987012987012988,0.6,0.27014890096903804
0.12331838565022421,0.3891810668670157,0.0,0.012987012987012988,0.5666666666666667,0.4367761758449539
0.051569506726457395,0.6818181818181799,0.0,0.0,0.6333333333333333,0.14653746159300404
0.0,0.5785123966942134,0.0,0.0,0.03333333333333333,0.015362798392814936
0.0,0.6957175056348586,0.0,0.0,0.0,0.016544552115339166
0.3228699551569506,0.5984222389181042,0.0125,0.012987012987012988,0.6,0.17324509572205155
0.23318385650224213,0.5559729526671653,0.0,0.025974025974025976,0.0,0.03876152209879461
0.0,0.46280991735537036,0.0,0.0,0.6,0.1292838572441503
0.08520179372197309,0.6198347107438007,0.0,0.0,0.0,0.02788938785157173
0.0,0.3914350112697207,0.0,0.0,0.0,0.005908768612621129
0.07623318385650224,0.5965439519158515,0.0,0.012987012987012988,0.0,0.27251240841408647
0.09192825112107623,0.550713749060856,0.0125,0.025974025974025976,0.6,0.16591822264240133
0.25560538116591924,0.5172802404207353,0.0,0.012987012987012988,0.0,0.0392342235878043
0.10089686098654707,0.4763335837715985,0.0,0.0,0.9666666666666667,0.22193334909004964
0.0,0.5454545454545432,0.0,0.0,0.6,0.14441030489246043
0.12331838565022421,0.546205860255446,0.0,0.0,0.0,0.14488300638147011
0.0,0.4868519909842206,0.0,0.0,0.6,0.15433703616166392
0.2690582959641255,0.5713749060856479,0.0125,0.0,0.0,0.037107066887260697
0.0,0.5146506386175798,0.0,0.0,0.03333333333333333,0.00685417159064051
0.05381165919282511,0.5229151014274969,0.0,0.03896103896103896,0.6,0.19309855826045852
0.06726457399103138,0.6412471825694954,0.0,0.0,0.0,0.017962656582368237
0.33856502242152464,0.46506386175807535,0.0,0.012987012987012988,0.0,0.1082486409832191
0.210762331838565,0.6465063861758065,0.5,0.0,0.0,0.3599621838808792
0.13452914798206275,0.699849737039818,0.0,0.0,0.0,0.029543843063105646
0.05605381165919282,0.2915101427498108,0.0,0.0,0.5666666666666667,0.12290238714251953
0.2780269058295964,0.6502629601803154,0.0,0.0,0.03333333333333333,0.053651619002599855
0.49327354260089684,0.6111945905334313,0.0,0.012987012987012988,0.4,0.11912077523044198
0.0,0.6431254695717499,0.0,0.0,0.0,0.015362798392814936
0.0,0.7137490608564985,0.0,0.0,0.0,0.016071850626329473
0.13004484304932734,0.48760330578512345,0.0,0.0,0.0,0.07586858898605531
0.26681614349775784,0.5672426746806902,0.0,0.012987012987012988,0.03333333333333333,0.04112502954384306
0.23766816143497754,0.32531930879038207,0.0,0.012987012987012988,0.0,0.026943984873552346
0.14798206278026904,0.5191585274229897,0.0,0.0,0.0,0.0690144173954148
0.1053811659192825,0.5800150262960173,0.0,0.0,0.6333333333333333,0.14961002127156703
0.21973094170403587,0.5638617580766336,0.0,0.0,0.6,0.18624438666981802
0.20627802690582958,0.6461307287753559,0.0,0.0,0.6333333333333333,0.18553533443630346
0.13004484304932734,0.43238166791885746,0.0,0.0,0.5666666666666667,0.26494918458993144
0.10986547085201794,0.596168294515401,0.0,0.0,0.5666666666666667,0.15504608839517844
0.05829596412556053,0.654395191585273,0.0,0.0,0.0,0.1510281257385961
0.0,0.7824943651389908,0.0,0.0,0.0,0.016544552115339166
0.12780269058295962,0.587152516904581,0.0,0.0,0.6,0.18695343890333255
0.25784753363228696,0.5443275732531916,0.025,0.012987012987012988,0.5666666666666667,0.17584495391160485
0.0,0.49549211119459,0.0,0.0,0.6,0.14842826754904279
0.12107623318385649,0.5976709241172031,0.0,0.0,0.6333333333333333,0.15882770030725596
0.27354260089686094,0.5999248685199081,0.0,0.012987012987012988,0.0,0.07586858898605531
0.195067264573991,0.5435762584522905,0.0,0.0,0.0,0.048688253367998105
0.2690582959641255,0.5642374154770824,0.0,0.012987012987012988,0.0,0.031907350508154096
0.0,0.3425995492111191,0.0,0.0,0.2,0.1682817300874498
0.452914798206278,0.5946656649135971,0.0,0.0,0.4,0.10966674545024818
0.09417040358744394,0.579639368895565,0.0,0.0,0.0,0.04585204443393997
0.0,0.5702479338842963,0.0,0.0,0.0,0.03781611912077523
0.28699551569506726,0.5664913598797874,0.0,0.0,0.03333333333333333,0.020089813282911838
0.05829596412556053,0.5912847483095405,0.47500000000000003,0.0,0.03333333333333333,0.3233278184826282
0.060538116591928245,0.7592036063110417,0.0,0.012987012987012988,0.0,0.024344126683999052
0.17937219730941703,0.6021788129226131,0.0,0.0,0.03333333333333333,0.0314346490191444
0.09865470852017935,0.6273478587528167,0.0,0.0,0.03333333333333333,0.06806901441739542
0.13004484304932734,0.6228399699474068,0.0,0.012987012987012988,0.03333333333333333,0.02481682817300874
0.3856502242152466,0.5815176558978195,0.0,0.012987012987012988,0.0,0.036634365398251004
0.15246636771300448,0.6709241172051073,0.0,0.0,0.0,0.01914441030489246
0.5762331838565022,0.5751314800901568,0.47500000000000003,0.0,0.6,0.5053178917513591
0.20179372197309414,0.5559729526671653,0.0,0.012987012987012988,0.03333333333333333,0.038997872843299454
0.12331838565022421,0.6123215627347847,0.0,0.0,0.0,0.0465610966674545
0.34080717488789236,0.31555221637866104,0.0,0.025974025974025976,0.0,0.05388796974710471
0.4596412556053811,0.22276483846731665,0.5875,0.0,0.5666666666666667,0.4802647128338455
0.07399103139013452,0.5728775356874518,0.0,0.0,0.0,0.0664145592058615
0.14349775784753363,0.7355371900826437,0.0,0.025974025974025976,0.0,0.028362089340581424
0.1614349775784753,0.8095416979714489,0.0,0.0,0.0,0.02788938785157173
0.0874439461883408,0.19534184823440803,0.0,0.025974025974025976,0.5333333333333333,0.20869770739777832
0.05605381165919282,0.3996994740796378,0.0,0.0,0.5666666666666667,0.1375561333018199
0.0,0.37791134485349254,0.0,0.012987012987012988,0.0,0.2001890805956039
0.0,0.58189331329827,0.0,0.0,0.6,0.14488300638147011
0.13004484304932734,0.6532682193839197,0.0,0.012987012987012988,0.03333333333333333,0.12975655873316
0.07623318385650224,0.3996994740796378,0.0,0.0,0.5666666666666667,0.14039234223587804
0.1053811659192825,0.3523666416228384,0.4625,0.0,0.0,0.4143228551169936
0.08071748878923765,0.5330578512396684,0.47500000000000003,0.012987012987012988,0.6,0.7478137556133302
0.13004484304932734,0.579639368895565,0.0,0.0,0.03333333333333333,0.024344126683999052
0.2982062780269058,0.6123215627347847,0.0,0.0,0.03333333333333333,0.04230678326636729
0.12780269058295962,0.35349361382419175,0.0,0.0,0.03333333333333333,0.008508626802174424
0.0,0.7362885048835448,0.0,0.0,0.0,0.02528952966201843
0.2645739910313901,0.7002253944402685,0.0,0.012987012987012988,0.0,0.09383124556842355
0.17937219730941703,0.6709241172051073,0.0,0.07792207792207792,0.03333333333333333,0.12952020798865516
0.15246636771300448,0.5075131480090143,0.0,0.0,0.0,0.014890096903805246
0.12780269058295962,0.6630353117956407,0.0,0.0,0.03333333333333333,0.019853462538406995
0.15919282511210758,0.7145003756573995,0.0,0.012987012987012988,0.03333333333333333,0.030961947530134717
0.390134529147982,0.39444027047332675,0.0,0.37662337662337664,0.5666666666666667,0.5658236823445993
0.09641255605381165,0.48610067618331954,0.0,0.0,0.6,0.2871661545733869
0.0,0.6265965439519139,0.0,0.0,0.03333333333333333,0.024580477428503895
0.12556053811659193,0.6517655897821175,0.0,0.0,0.0,0.028598440085086267
0.0,0.3527422990232889,0.0,0.0,0.5666666666666667,0.1411013944693926
0.15919282511210758,0.5360631104432745,0.0,0.0,0.6,0.2039706925076814
0.0,0.550713749060856,0.0,0.0,0.0,0.00685417159064051
0.39237668161434974,0.6810668670172788,0.0,0.0,0.6,0.27298510990309616
0.0,0.7126220886551451,0.0,0.0,0.0,0.01678090285984401
0.13452914798206275,0.7982719759579258,0.0,0.012987012987012988,0.03333333333333333,0.03757976837627038
0.39237668161434974,0.4436513899323806,0.0,0.06493506493506494,0.6,0.25809501299929094
0.12331838565022421,0.5800150262960173,0.0,0.025974025974025976,0.0,0.02647128338454266
0.1614349775784753,0.3703981968444765,0.0,0.0,0.6,0.1463011108484992
0.05829596412556053,0.4830954169797135,0.0,0.012987012987012988,0.6,0.32001890805956035
0.2488789237668161,0.6604057099924852,0.0,0.0,0.0,0.04254313401087213
0.06278026905829596,0.6175807663410957,0.0,0.0,0.0,0.020326164027416688
0.2780269058295964,0.45191585274229773,0.0,0.012987012987012988,0.0,0.03427085795320255
0.14573991031390135,0.7359128474830943,0.0,0.0,0.03333333333333333,0.12999290947766484
0.0,0.5037565740045071,0.0,0.0,0.03333333333333333,0.00874497754667927
0.3654708520179372,0.5492111194590521,0.0,0.03896103896103896,0.03333333333333333,0.052469865280075634
0.11659192825112107,0.5837716003005244,0.0,0.0,0.6333333333333333,0.13944693925785867
0.28699551569506726,0.6217129977460534,0.0,0.012987012987012988,0.03333333333333333,0.15977310328527536
0.17264573991031387,0.5646130728775347,0.0,0.0,0.6,0.3341999527298511
0.15246636771300448,0.4571750563486088,0.0,0.0,0.6,0.1699361852989837
0.0,0.6164537941397441,0.0,0.0,0.0,0.009454029780193806
0.0,0.4365138993238151,0.0,0.0,0.6,0.17229969274403215
0.3228699551569506,0.46506386175807535,0.0,0.025974025974025976,0.03333333333333333,0.1250295438430631
0.0,0.6254695717505623,0.0,0.0,0.03333333333333333,0.00047270148900968936
0.07174887892376682,0.6784372652141233,0.0,0.0,0.0,0.025762231151028124
0.0,0.5270473328324563,0.0,0.0,0.0,0.016544552115339166
0.07174887892376682,0.5980465815176537,0.0,0.012987012987012988,0.03333333333333333,0.04467029071141574
0.05381165919282511,0.8576258452291494,0.0,0.0,0.0,0.02174426849444576
0.679372197309417,0.46393688955672374,0.0,0.03896103896103896,0.0,0.25549515480973767
0.14798206278026904,0.6145755071374897,0.0,0.0,0.6,0.1531552824391397
0.0,0.5668670172802397,0.0,0.0,0.03333333333333333,0.00023635074450484468
0.25784753363228696,0.5627347858752803,0.0,0.0,0.26666666666666666,0.09312219333490901
0.16816143497757846,0.4500375657400433,0.0125,0.025974025974025976,0.6,0.23351453557078702
0.30493273542600896,0.524417731029299,0.0,0.012987012987012988,0.03333333333333333,0.02174426849444576
0.11883408071748877,0.6919609316303514,0.0,0.0,0.0,0.028362089340581424
0.23542600896860982,0.38767843726521356,0.0,0.49350649350649356,0.03333333333333333,0.5157173245095723
0.13677130044843047,0.5706235912847468,0.0,0.0,0.03333333333333333,0.02056251477192153
0.0,0.5593538692712237,0.0,0.0,0.6,0.1510281257385961
0.0,0.44891059353869167,0.0,0.0,0.5666666666666667,0.1590640510517608
0.390134529147982,0.5229151014274969,0.0,0.012987012987012988,0.6333333333333333,0.1867170881588277
0.32959641255605376,0.43313298271975853,0.0,0.025974025974025976,0.6,0.27369416213661074
0.1614349775784753,0.7329075882794882,0.0,0.0,0.0,0.02883479082959111
0.2219730941704036,0.48534936138241846,0.0,0.0,0.6,0.16473646891987712
0.08520179372197309,0.5150262960180303,0.0125,0.012987012987012988,0.6333333333333333,0.16071850626329473
0.05829596412556053,0.6810668670172788,0.0,0.0,0.6333333333333333,0.15291893169463486
0.2690582959641255,0.53418482344102,0.0,0.012987012987012988,0.03333333333333333,0.08059560387615222
0.22421524663677128,0.5338091660405695,0.0125,0.0,0.5666666666666667,0.2543134010872134
0.16367713004484302,0.4211119459053325,0.0,0.0,0.6,0.34318128102103523
0.08968609865470852,0.47896318557475404,0.2,0.0,0.6,0.30536516190026
0.2085201793721973,0.6329827197595783,0.0,0.03896103896103896,0.03333333333333333,0.058378633892696756
0.3318385650224215,0.6356123215627338,0.0,0.0,0.6333333333333333,0.19688017017253606
0.0,0.5619834710743792,0.0,0.0,0.03333333333333333,0.02174426849444576
0.0,0.7513148009015769,0.0,0.0,0.0,0.017726305837863388
0.10986547085201794,0.6382419233658894,0.0,0.0,0.0,0.04797920113448357
0.11883408071748877,0.5169045830202847,0.0,0.012987012987012988,0.0,0.017962656582368237
0.10089686098654707,0.5304282494365129,0.0,0.0,0.03333333333333333,0.031907350508154096
0.13452914798206275,0.5469571750563471,0.0,0.0,0.0,0.018435358071377923
0.06502242152466367,0.6581517655897802,0.0125,0.025974025974025976,0.03333333333333333,0.10281257385960765
0.10762331838565022,0.6848234410217859,0.0,0.0,0.03333333333333333,0.03167099976364925
0.0695067264573991,0.5976709241172031,0.0,0.0,0.0,0.015362798392814936
0.07399103139013452,0.48271975957926294,0.15000000000000002,0.0,0.6,0.28220278893878514
0.4035874439461883,0.40646130728775276,0.0125,0.012987012987012988,0.6,0.3285275348617348
0.09417040358744394,0.6085649887302758,0.0,0.0,0.0,0.03994327582131883
0.0,0.769346356123215,0.0,0.0,0.0,0.016071850626329473
0.0,0.7858752817430492,0.0,0.0,0.0,0.02883479082959111
0.21748878923766815,0.40045078888054064,0.0125,0.0,1.0,0.25525880406523277
0.2690582959641255,0.4023290758827933,0.4,0.0,0.5666666666666667,0.4100685417159064
0.41031390134529144,0.5747558226897045,0.0,0.012987012987012988,0.03333333333333333,0.03876152209879461
0.07399103139013452,0.2257700976709227,0.0,0.0,0.0,0.013944693925785867
0.0874439461883408,0.5954169797144999,0.0,0.0,0.6,0.2878752068069014
0.12556053811659193,0.5443275732531916,0.0,0.012987012987012988,0.0,0.015126447648310089
0.10089686098654707,0.5360631104432745,0.0,0.012987012987012988,0.0,0.025525880406523274
0.06726457399103138,0.4166040570999243,0.0,0.0,0.03333333333333333,0.22618766249113686
0.5515695067264573,0.5259203606311029,0.0,0.012987012987012988,0.9666666666666667,0.2384779012053888
0.0,0.4365138993238151,0.0,0.0,0.0,0.015835499881824623
0.2690582959641255,0.5187828700225392,0.0,0.012987012987012988,0.03333333333333333,0.03332545497518317
0.08520179372197309,0.5631104432757308,0.0,0.5064935064935066,0.03333333333333333,0.3483809974001418
0.23542600896860982,0.5063861758076627,0.0,0.025974025974025976,0.03333333333333333,0.04514299220042543
0.12556053811659193,0.5232907588279474,0.0,0.0,0.0,0.042779484755376976
0.09417040358744394,0.5694966190833952,0.0,0.0,0.03333333333333333,0.035452611675726775
0.42152466367713,0.4526671675431988,0.0,0.012987012987012988,0.03333333333333333,0.1668636256204207
0.0695067264573991,0.3384673178061597,0.3125,0.0,0.6,0.5001181753722524
0.0,0.5619834710743792,0.0,0.0,0.03333333333333333,0.02765303710706689
0.08968609865470852,0.4819684447783601,0.0,0.0,0.03333333333333333,0.15173717797211064
0.09865470852017935,0.42148760330578483,0.0,0.0,0.6,0.1668636256204207
0.23991031390134526,0.5732531930879023,0.0,0.0,0.6,0.1668636256204207
0.226457399103139,0.6149511645379402,0.0125,0.025974025974025976,0.6,0.19995272985109905
0.23542600896860982,0.24154770848985585,0.0125,0.0,0.0,0.15079177499409124
0.0,0.5732531930879023,0.0,0.0,0.03333333333333333,0.027180335618057196
0.05605381165919282,0.7584522915101424,0.0,0.0,0.03333333333333333,0.023635074450484517
0.10089686098654707,0.48610067618331954,0.0,0.0,0.0,0.19262585677144883
0.07399103139013452,0.5041322314049577,0.0,0.0,0.6,0.26731269203497987
0.0,0.6574004507888791,0.0,0.0,0.6,0.15268258095013001
0.2488789237668161,0.4984973703981961,0.0,0.025974025974025976,0.03333333333333333,0.05766958165918221
0.5807174887892377,0.7152516904583006,0.0,0.012987012987012988,0.03333333333333333,0.10801229023871425
0.0,0.6303531179564228,0.0,0.0,0.0,0.019617111793902152
0.11434977578475335,0.30390683696468734,0.5375,0.0,0.5666666666666667,0.6804537934294493
0.4237668161434977,0.3925619834710723,0.0,0.0,0.03333333333333333,0.3204916095485701
0.16591928251121074,0.8523666416228384,0.0,0.0,0.0,0.06688726069487119
0.25112107623318386,0.540946656649135,0.0,0.0,0.0,0.09264949184589932
0.2600896860986547,0.6078136739293747,0.0,0.0,0.03333333333333333,0.06003308910423067
0.13677130044843047,0.6220886551465057,0.0,0.0,0.6,0.2160245804774285
0.10313901345291479,0.5762584522915084,0.0,0.0,0.03333333333333333,0.017726305837863388
0.0,0.5544703230653631,0.0,0.0,0.5666666666666667,0.17277239423304186
0.24663677130044842,0.31217129977460445,0.0,0.0,0.0,0.21437012526589458
0.2713004484304932,0.6780616078136728,0.0,0.025974025974025976,0.0,0.047742850389978726
0.10313901345291479,0.48534936138241846,0.0,0.025974025974025976,0.6,0.2694398487355235
0.0,0.5563486100676176,0.0,0.0,0.0,0.009217679035688963
0.0,0.6096919609316291,0.0,0.0,0.0,0.01678090285984401
0.0,0.7685950413223122,0.0,0.0,0.0,0.033089104230678325
0.1390134529147982,0.48610067618331954,0.0,0.0,0.6,0.14464665563696527
0.44170403587443946,0.10443275732531809,0.45,0.0,0.5333333333333333,0.4474119593476719
0.2623318385650224,0.6465063861758065,0.0,0.012987012987012988,0.0,0.03616166390924131
0.0,0.750563486100674,0.0,0.0,0.03333333333333333,0.020326164027416688
0.06726457399103138,0.5537190082644603,0.0,0.0,0.6,0.15764594658473174
0.15022421524663676,0.5548459804658137,0.0,0.0,0.36666666666666664,0.07705034270857954
0.13004484304932734,0.2268970698722761,0.0,0.025974025974025976,0.5333333333333333,0.1708815882770031
0.4349775784753363,0.3809166040570986,0.5375,0.0,0.6,0.6017489955093359
0.06726457399103138,0.7171299774605551,0.0,0.0,0.0,0.09784920822500592
0.0,0.6765589782118688,0.0,0.0,0.0,0.015126447648310089
0.11434977578475335,0.4996243425995477,0.0,0.012987012987012988,0.03333333333333333,0.02056251477192153
0.2085201793721973,0.4609316303531159,0.0,0.012987012987012988,0.0,0.038997872843299454
0.09192825112107623,0.5785123966942134,0.0,0.0,0.0,0.025998581895532967
0.2623318385650224,0.45905334335086323,0.0,0.012987012987012988,0.03333333333333333,0.017726305837863388
0.20403587443946186,0.601427498121712,0.0,0.012987012987012988,0.0,0.18506263294729378
0.22421524663677128,0.46769346356123087,0.0,0.0,0.0,0.040415977310328526
0.060538116591928245,0.442524417731029,0.0,0.0,0.0,0.13661073032380053
0.2286995515695067,0.38504883546205804,0.0,0.0,0.0,0.17915386433467267
0.22421524663677128,0.5732531930879023,0.0,0.012987012987012988,0.03333333333333333,0.04207043252186244
0.1412556053811659,0.5931630353117949,0.0,0.0,0.03333333333333333,0.046324745922949655
0.26681614349775784,0.4902329075882772,0.0,0.012987012987012988,0.0,0.019853462538406995
0.15919282511210758,0.5338091660405695,0.0,0.0,0.0,0.10730323800519972
0.0,0.5503380916604037,0.0,0.0,0.0,0.1307019617111794
0.37668161434977576,0.3009015777610813,0.0,0.012987012987012988,0.5333333333333333,0.1673363271094304
0.08520179372197309,0.5518407212622076,0.0,0.0,0.6333333333333333,0.14748286457102341
0.0,0.6758076634109678,0.0,0.0,0.6333333333333333,0.1945166627274876
0.3834080717488789,0.2960180315552208,0.0,0.4675324675324676,0.0,0.31103757976837626
0.10089686098654707,0.53869271224643,0.0,0.012987012987012988,0.6,0.1564641928622075
0.0,0.3643876784372644,0.025,0.012987012987012988,0.0,0.18884424485937132
0.27354260089686094,0.5567242674680681,0.0,0.025974025974025976,0.03333333333333333,0.03379815646419286
0.11883408071748877,0.5627347858752803,0.0,0.012987012987012988,0.0,0.2874025053178917
0.2623318385650224,0.469196093163033,0.0,0.0,0.6,0.24887733396360204
0.0,0.47220135236664085,0.36250000000000004,0.0,0.5666666666666667,0.38170645237532497
0.3654708520179372,0.6299774605559705,0.0,0.012987012987012988,0.03333333333333333,0.06405105176081305
0.2982062780269058,0.5169045830202847,0.0,0.0,0.0,0.19333490900496336
0.0,0.5661157024793368,0.0,0.0,0.0,0.01229023871425195
0.5112107623318385,0.5477084898572482,0.0,0.0,0.43333333333333335,0.183171826991255
0.0,0.6919609316303514,0.0,0.0,0.0,0.017489955093358545
0.11883408071748877,0.5071374906085637,0.0,0.0,0.0,0.016544552115339166
0.19955156950672642,0.5758827948910579,0.0,0.012987012987012988,0.6,0.3727251240841409
0.5515695067264573,0.47896318557475404,0.0,0.0,0.03333333333333333,0.10470337981564642
0.09192825112107623,0.6247182569496612,0.0,0.0,0.0,0.03214370125265894
0.0,0.7137490608564985,0.0,0.0,0.03333333333333333,0.02623493264003781
0.0,0.5165289256198342,0.0,0.0,0.0,0.015835499881824623
0.0874439461883408,0.5612321562734781,0.0,0.0,0.03333333333333333,0.03332545497518317
0.05829596412556053,0.5503380916604037,0.0,0.0,0.0,0.014417395414795557
0.24215246636771298,0.3422238918106668,0.0,0.012987012987012988,0.5666666666666667,0.21295202079886552
0.10313901345291479,0.7171299774605551,0.0,0.0,0.0,0.03167099976364925
0.0,0.5443275732531916,0.0,0.0,0.0,0.029543843063105646
0.12331838565022421,0.6570247933884286,0.0,0.0,0.6333333333333333,0.16497281966438196
0.3228699551569506,0.5987978963185565,0.0,0.012987012987012988,0.03333333333333333,0.09454029780193808
0.0,0.7231404958677672,0.0,0.0,0.0,0.018435358071377923
0.0,0.5360631104432745,0.0,0.0,0.0,0.035452611675726775
0.08071748878923765,0.6239669421487584,0.0,0.0,0.0,0.016071850626329473
0.2645739910313901,0.5890308039068355,0.0,0.012987012987012988,0.03333333333333333,0.03970692507681399
0.0,0.5240420736288485,0.0,0.0,0.6,0.14606476010399433
0.14798206278026904,0.4962434259954911,0.0,0.0,0.0,0.014653746159300403
0.2645739910313901,0.26897069872276447,0.0,0.0,0.0,0.05341526825809501
0.14573991031390135,0.5435762584522905,0.0,0.0,0.0,0.021507917749940916
0.10762331838565022,0.39068369646881784,0.0,0.0,0.6,0.14913731978255734
0.12107623318385649,0.6645379413974446,0.0,0.0,0.03333333333333333,0.02292602221696998
0.0,0.43576258452291405,0.0,0.025974025974025976,0.5666666666666667,0.18742614039234223
0.21524663677130043,0.5045078888054082,0.0,0.012987012987012988,0.0,0.021271567005436066
0.10089686098654707,0.6378662659654388,0.0,0.0,0.0,0.10423067832663672
0.1771300448430493,0.5108940646130709,0.0,0.012987012987012988,0.03333333333333333,0.14322855116993619
0.06278026905829596,0.6682945154019517,0.0,0.0,0.03333333333333333,0.026707634129047503
0.11883408071748877,0.7310293012772338,0.0125,0.0,0.6,0.19404396123847792
0.11883408071748877,0.4537941397445522,0.0,0.0,0.6,0.2242968565350981
0.0,0.5071374906085637,0.0,0.0,0.03333333333333333,0.023398723705979674
0.289237668161435,0.3842975206611552,0.4625,0.49350649350649356,0.5666666666666667,0.6858898605530608
0.0,0.5413223140495855,0.0,0.0,0.0,0.018435358071377923
0.0,0.5030052592036043,0.0,0.0,0.0,0.07326873079650201
0.0,0.4913598797896306,0.0,0.0,0.0,0.2160245804774285
0.10313901345291479,0.45229151014274827,0.0,0.0,0.6,0.15410068541715907
0.08520179372197309,0.5950413223140494,0.0,0.0,0.03333333333333333,0.058378633892696756
0.23991031390134526,0.5285499624342584,0.0,0.0,0.6,0.18364452848026472
0.11210762331838564,0.8230653643876771,0.0,0.012987012987012988,0.0,0.03427085795320255
0.0,0.5465815176558966,0.0,0.0,0.6,0.2212242968565351
0.14573991031390135,0.7250187828700216,0.0,0.0,0.0,0.02883479082959111
0.10986547085201794,0.6964688204357614,0.0,0.0,0.6333333333333333,0.19806192389506028
0.0,0.5033809166040548,0.0,0.8571428571428572,0.0,0.49113684708106825
0.09417040358744394,0.4477836213373383,0.0,0.0,0.03333333333333333,0.05223351453557079
0.0,0.3918106686701712,0.0,0.0,0.5666666666666667,0.14086504372488776
0.0,0.6322314049586755,0.0,0.0,0.0,0.015362798392814936
0.4237668161434977,0.375281743050337,0.225,0.0,0.5666666666666667,0.3672890569605294
0.12107623318385649,0.6126972201352352,0.0,0.0,0.0,0.03356180571968801
0.11659192825112107,0.5165289256198342,0.0,0.0,0.9666666666666667,0.2467501772630584
0.1547085201793722,0.5830202854996234,0.0,0.0,0.6333333333333333,0.1479555660600331
0.0,0.7321562734785854,0.0,0.0,0.6333333333333333,0.1538643346726542
0.1412556053811659,0.6280991735537178,0.0,0.0,0.0,0.021507917749940916
0.0,0.5360631104432745,0.0,0.0,0.6,0.1673363271094304
0.25112107623318386,0.4703230653643864,0.0,0.012987012987012988,0.5666666666666667,0.16119120775230442
0.25112107623318386,0.4654395191585259,0.0,0.0,0.0,0.1113212006617821
0.42825112107623314,0.4365138993238151,0.0,0.48051948051948057,0.0,0.31552824391396833
0.14798206278026904,0.5360631104432745,0.0,0.06493506493506494,0.0,0.3233278184826282
0.0,0.6096919609316291,0.0,0.0,0.03333333333333333,0.08248640983219098
0.0,0.5003756574004488,0.0,0.0,0.6,0.14464665563696527
0.14573991031390135,0.4962434259954911,0.0,0.0,0.0,0.018435358071377923
0.15695067264573992,0.6897069872276465,0.0,0.0,0.0,0.021507917749940916
0.0,0.44628099173553615,0.0,0.0,0.0,0.06759631292838574
0.0,0.7888805409466553,0.0,0.0,0.0,0.016308201370834316
0.05829596412556053,0.6634109691960912,0.0,0.0,0.0,0.016544552115339166
0.0,0.8407212622088647,0.0,0.0,0.0,0.022689671472465138
0.11434977578475335,0.5060105184072121,0.0,0.012987012987012988,0.03333333333333333,0.019853462538406995
0.0,0.47107438016528747,0.0,0.0,0.0,0.015835499881824623
0.15695067264573992,0.5195341848234403,0.0,0.49350649350649356,0.0,0.30394705743323086
0.1547085201793722,0.2524417731029285,0.0,0.0,0.5666666666666667,0.15362798392814936
0.08968609865470852,0.6074380165289242,0.0,0.0,0.6,0.15622784211770266
0.0,0.5082644628099171,0.0,0.0,0.6,0.17962656582368236
0.0,0.5912847483095405,0.0,0.0,0.03333333333333333,0.011817537225242257
0.14798206278026904,0.5586025544703226,0.0,0.0,0.0,0.030725596785629875
0.538116591928251,0.4868519909842206,0.0,0.012987012987012988,0.0,0.08697707397778302
0.25784753363228696,0.5608564988730258,0.0,0.025974025974025976,0.6333333333333333,0.1756086031671
0.11210762331838564,0.4800901577761074,0.0,0.0,0.0,0.029780193807610496
0.12107623318385649,0.8069120961682934,0.0,0.0,0.0,0.030961947530134717
0.2309417040358744,0.543951915852741,0.0,0.012987012987012988,0.03333333333333333,0.02788938785157173
0.20627802690582958,0.5845229151014273,0.0,0.0,0.5,0.1349562751122666
0.0,0.6739293764087133,0.0,0.0,0.6,0.15859134956275112
0.09417040358744394,0.15589782118707518,0.0,0.0,0.03333333333333333,0.030725596785629875
0.20403587443946186,0.4135987978963165,0.0,0.012987012987012988,0.6,0.21673363271094304
0.17040358744394618,0.4984973703981961,0.0,0.012987012987012988,0.03333333333333333,0.13731978255731506
0.0,0.761833208114199,0.0,0.0,0.0,0.022453320727960295
0.05829596412556053,0.5612321562734781,0.0,0.0,0.03333333333333333,0.030725596785629875
0.2623318385650224,0.361006761833206,0.4625,0.025974025974025976,0.5666666666666667,0.600094540297802
0.21748878923766815,0.6547708489857236,0.0,0.025974025974025976,0.0,0.09595840226896715
0.0695067264573991,0.308039068369645,0.0,0.0,0.0,0.02907114157409596
0.12107623318385649,0.324567993989481,0.0,0.0,0.5666666666666667,0.4043961238477901
0.15246636771300448,0.6284748309541683,0.0,0.0,0.0,0.031198298274639567
0.0,0.43914350112697065,0.0,0.0,0.03333333333333333,0.022216969983455445
0.15246636771300448,0.5762584522915084,0.0,0.0,0.0,0.014653746159300403
0.0,0.5972952667167526,0.0,0.0,0.03333333333333333,0.00685417159064051
0.10762331838565022,0.5578512396694197,0.0,0.0,0.0,0.014653746159300403
0.2802690582959641,0.3095416979714489,0.0,0.025974025974025976,0.0,0.038288820609784925
0.0,0.5616078136739286,0.0,0.0,0.0,0.007563223824155045
0.12556053811659193,0.22351615326821772,0.0,0.0,0.5666666666666667,0.1992436776175845
0.15246636771300448,0.5146506386175798,0.0,0.012987012987012988,0.6333333333333333,0.22004254313401087
0.08071748878923765,0.5443275732531916,0.0,0.0,0.03333333333333333,0.022216969983455445
0.0,0.45942900075131377,0.0,0.0,0.5666666666666667,0.14062869298038289
0.11434977578475335,0.5713749060856479,0.0,0.025974025974025976,0.0,0.020089813282911838
0.06502242152466367,0.5262960180315535,0.0,0.0,0.6,0.2514771921531553
0.11883408071748877,0.7216378662659633,0.0,0.012987012987012988,0.0,0.02647128338454266
0.23318385650224213,0.769346356123215,0.0,0.0,0.0,0.03781611912077523
0.07174887892376682,0.49699474079639216,0.0,0.0,0.0,0.02528952966201843
0.0,0.6044327573253181,0.0,0.0,0.03333333333333333,0.01819900732687308
0.2286995515695067,0.2749812171299766,0.0,0.9350649350649352,0.5666666666666667,0.6899078232096432
0.3632286995515695,0.58189331329827,0.0,0.012987012987012988,0.03333333333333333,0.037107066887260697
0.11210762331838564,0.6055597295266715,0.0,0.0,0.0,0.03001654455211534
0.1973094170403587,0.593914350112696,0.0,0.012987012987012988,0.0,0.09288584259040417
0.07847533632286996,0.47933884297520457,0.0,0.0,0.6,0.45284802647128336
0.12331838565022421,0.596168294515401,0.0,0.012987012987012988,0.0,0.018435358071377923
0.39910313901345285,0.8711495116453776,0.0,0.025974025974025976,0.0,0.06735996218388089
0.1390134529147982,0.5319308790383168,0.0,0.0,0.7666666666666666,0.3341999527298511
0.10986547085201794,0.4053343350863994,0.0,0.0,0.0,0.24391396832900022
0.0,0.4466566491359867,0.0,0.0,0.5666666666666667,0.23256913259276765
0.0695067264573991,0.44027047332832403,0.0,0.0,0.0,0.27014890096903804
0.0,0.6183320811419968,0.0,0.0,0.03333333333333333,0.020089813282911838
0.08520179372197309,0.6867017280240404,0.0,0.0,0.0,0.03876152209879461
0.17040358744394618,0.6408715251690449,0.0,0.0,0.0,0.029780193807610496
0.06502242152466367,0.599173553719007,0.0,0.0,0.0,0.041597731032852754
0.0,0.7870022539444008,0.0,0.0,0.03333333333333333,0.029543843063105646
0.08520179372197309,0.599173553719007,0.0,0.0,0.0,0.025525880406523274
0.0,0.543951915852741,0.0,0.0,0.03333333333333333,0.00023635074450484468
0.06502242152466367,0.41923365890307984,0.0,0.48051948051948057,0.6,0.4379579295674781
0.07174887892376682,0.4830954169797135,0.0,0.0,0.5666666666666667,0.14464665563696527
0.21524663677130043,0.5582268970698703,0.0,0.0,0.0,0.03757976837627038
0.10313901345291479,0.6754320060105172,0.0,0.0,0.0,0.016071850626329473
0.07174887892376682,0.7051089406461291,0.0,0.0,0.0,0.029543843063105646
0.30269058295964124,0.7107438016528906,0.0,0.0,0.03333333333333333,0.021035216260931223
0.0,0.524417731029299,0.0,0.0,0.03333333333333333,0.027180335618057196
0.11210762331838564,0.312546957175055,0.0,0.0,0.0,0.02481682817300874
0.44843049327354256,0.22727272727272663,0.9,0.0,0.5666666666666667,0.680926494918459
0.0,0.58189331329827,0.0,0.0,0.0,0.016544552115339166
0.15695067264573992,0.596168294515401,0.0,0.025974025974025976,0.3,0.1531552824391397
0.09865470852017935,0.4984973703981961,0.0,0.0,0.03333333333333333,0.016544552115339166
0.14798206278026904,0.6664162283996973,0.0,0.012987012987012988,0.03333333333333333,0.016071850626329473
0.0,0.5274229902329068,0.0,0.0,0.03333333333333333,0.00023635074450484468
0.07623318385650224,0.5281743050338079,0.0,0.0,0.0,0.03048924604112503
0.3520179372197309,0.4199849737039809,0.0,0.012987012987012988,0.6,0.16024580477428504
0.0,0.8065364387678429,0.0,0.0,0.0,0.02505317891751359
0.0,0.6934635612321554,0.0,0.0,0.6,0.21082486409832193
0.2780269058295964,0.47445529676934584,0.0,0.025974025974025976,0.0,0.041361380288347904
0.0,0.7791134485349342,0.0,0.0,0.0,0.020798865516426374
0.0,0.6126972201352352,0.0,0.0,0.0,0.02765303710706689
0.226457399103139,0.471450037565738,0.0,0.0,0.03333333333333333,0.07752304419758922
0.14349775784753363,0.7107438016528906,0.0,0.025974025974025976,0.0,0.026943984873552346
0.0,0.5856498873027789,0.0,0.0,0.6,0.19049870007090522
0.09641255605381165,0.4575507137490593,0.0125,0.0,0.3,0.08248640983219098
0.2085201793721973,0.6679188580015012,0.0,0.012987012987012988,0.03333333333333333,0.03994327582131883
0.1905829596412556,0.5646130728775347,0.0,0.0,0.0,0.03214370125265894
0.10089686098654707,0.7862509391434997,0.0,0.0,0.0,0.04727014890096903
0.051569506726457395,0.5495867768595026,0.0,0.0,0.6,0.14819191680453794
0.0,0.5987978963185565,0.0,0.0,0.6,0.13731978255731506
0.10762331838565022,0.4688204357625825,0.0,0.025974025974025976,0.0,0.0172536043488537
0.11434977578475335,0.5082644628099171,0.0,0.0,0.6,0.26873079650200893
0.0,0.6735537190082628,0.0,0.0,0.0,0.0073268730796502025
0.15919282511210758,0.5345604808414706,0.0,0.0,0.03333333333333333,0.04348853698889151
0.1614349775784753,0.33921863260706075,0.0,0.012987012987012988,0.0,0.018671708815882766
0.12331838565022421,0.6697971450037556,0.48750000000000004,0.0,0.03333333333333333,0.35452611675726775
0.051569506726457395,0.4635612321562732,0.0,0.012987012987012988,0.0,0.2606948711888442
0.1771300448430493,0.6093163035311786,0.0125,0.025974025974025976,0.6333333333333333,0.2117702670763413
0.4260089686098654,0.6239669421487584,0.0,0.025974025974025976,0.03333333333333333,0.038288820609784925
0.09192825112107623,0.702103681442523,0.0,0.0,0.0,0.02174426849444576
0.1748878923766816,0.5822689706987223,0.0,0.025974025974025976,0.0,0.034034507208697704
0.12556053811659193,0.6119459053343341,0.0,0.012987012987012988,0.0,0.03687071614275585
0.13004484304932734,0.5758827948910579,0.0,0.0,0.36666666666666664,0.08555896951075397
0.28475336322869954,0.34410217881292127,0.0125,0.48051948051948057,0.5666666666666667,0.6643819428031199
0.0874439461883408,0.5927873779113444,0.0,0.0,0.03333333333333333,0.020326164027416688
0.05829596412556053,0.29113448534936026,0.125,0.0,0.5333333333333333,0.2342235878043016
0.09192825112107623,0.4680691209616814,0.0,0.0,0.0,0.014417395414795557
0.1412556053811659,0.5390683696468805,0.0,0.0,0.0,0.04348853698889151
0.0,0.35199098422238784,0.0,0.0,0.5666666666666667,0.13802883479082959
0.15695067264573992,0.6033057851239665,0.0,0.0,0.6333333333333333,0.1479555660600331
0.24215246636771298,0.4665664913598775,0.0,0.0,0.03333333333333333,0.03497991018671709
0.23318385650224213,0.5909090909090899,0.0,0.0,0.6,0.16190025998581895
0.12107623318385649,0.605935386927122,0.0,0.0,0.03333333333333333,0.07350508154100685
0.060538116591928245,0.4477836213373383,0.0,0.012987012987012988,0.6,0.14771921531552826
0.16367713004484302,0.4695717505634853,0.0,0.0,0.6333333333333333,0.3207279602930749
0.2780269058295964,0.6660405709992467,0.0,0.012987012987012988,0.0,0.025998581895532967
0.08520179372197309,0.6840721262208849,0.0,0.0,0.6333333333333333,0.1630820137083432
0.0,0.7779864763335826,0.0,0.0,0.0,0.016308201370834316
0.0,0.6532682193839197,0.0,0.0,0.0,0.05057905932403687
0.12107623318385649,0.44027047332832403,0.0,0.012987012987012988,0.6,0.14086504372488776
0.2600896860986547,0.5011269722013516,0.0,0.025974025974025976,0.03333333333333333,0.03238005199716379
0.0,0.6701728024042062,0.0,0.0,0.03333333333333333,0.028125738596076574
0.24663677130044842,0.5920360631104415,0.0,0.012987012987012988,0.6,0.192389506026944
0.19955156950672642,0.4320060105184069,0.0,0.012987012987012988,0.5666666666666667,0.16237296147482866
0.2219730941704036,0.41547708489857094,0.0,0.012987012987012988,0.03333333333333333,0.025998581895532967
0.2690582959641255,0.6228399699474068,0.0,0.025974025974025976,0.03333333333333333,0.07208697707397778
0.0,0.6164537941397441,0.0,0.0,0.6,0.14937367052706219
0.3811659192825112,0.4752066115702469,0.07500000000000001,0.0,0.6,0.2611675726778539
0.12780269058295962,0.5503380916604037,0.0,0.0,0.9666666666666667,0.21318837154337036
0.1614349775784753,0.6194590533433484,0.0,0.025974025974025976,0.0,0.010872134247222878
0.0,0.26596543951915663,0.45,0.012987012987012988,0.5666666666666667,0.40746868352635307
0.12556053811659193,0.5694966190833952,0.0,0.0,0.0,0.09643110375797685
0.0,0.6356123215627338,0.0,0.0,0.0,0.020089813282911838
0.11210762331838564,0.6630353117956407,0.0,0.0,0.03333333333333333,0.03261640274166863
0.0,0.5037565740045071,0.0,0.0,0.6,0.1578822973292366
0.0,0.5078888054094648,0.0,0.0,0.6,0.21366107303238005
0.289237668161435,0.5822689706987223,0.0,0.0,0.03333333333333333,0.03001654455211534
0.3789237668161435,0.5608564988730258,0.0,0.0,0.4,0.10423067832663672
0.34529147982062774,0.4575507137490593,0.0125,0.0,0.5666666666666667,0.2238241550460884
0.07399103139013452,0.8764087152516886,0.0,0.33766233766233766,0.03333333333333333,0.21129756558733162
0.1614349775784753,0.38504883546205804,0.0,0.0,0.0,0.028125738596076574
0.0,0.661157024793388,0.0,0.0,0.0,0.006145119357125976
0.0,0.2678437265214111,0.0,0.0,0.0,0.004963365634601747
0.35874439461883406,0.46506386175807535,0.0,0.0,0.8,0.31458284093594896
0.23991031390134526,0.5304282494365129,0.0,0.012987012987012988,0.0,0.03474355944221224
0.051569506726457395,0.5018782870022527,0.0,0.0,0.6,0.15244623020562517
0.0,0.6326070623591278,0.0,0.0,0.0,0.023871425194989367
0.31390134529147984,0.5548459804658137,0.0,0.025974025974025976,0.0,0.1134483573623257
0.06726457399103138,0.3606311044327555,0.0,0.012987012987012988,0.0,0.07846844717560861
0.17040358744394618,0.2960180315552208,0.0,0.0,0.5666666666666667,0.2462774757740487
0.19955156950672642,0.540946656649135,0.0,0.025974025974025976,0.03333333333333333,0.026707634129047503
0.8004484304932734,0.21224643125469456,0.0,0.0,0.0,0.29638383360907583
0.2623318385650224,0.5593538692712237,0.0,0.0,0.0,0.06499645473883243
0.0,0.38129226145754913,0.0,0.0,0.0,0.016544552115339166
0.2645739910313901,0.6900826446280988,0.0,0.012987012987012988,0.03333333333333333,0.03757976837627038
0.07623318385650224,0.40758827948910437,0.0,0.012987012987012988,0.0,0.03616166390924131
0.0,0.5758827948910579,0.0,0.0,0.0,0.017017253604348852
0.23766816143497754,0.535687453042824,0.0,0.012987012987012988,0.43333333333333335,0.10257622311510281
0.12556053811659193,0.5165289256198342,0.0,0.0,0.4,0.08272276057669582
0.09865470852017935,0.6078136739293747,0.0,0.0,0.0,0.034034507208697704
0.09192825112107623,0.25582268970698685,0.0,0.0,0.0,0.011344835736232567
0.05605381165919282,0.3283245679939881,0.0,0.0,0.0,0.009690380524698653
0.1053811659192825,0.37190082644627864,0.0,0.012987012987012988,0.5666666666666667,0.13897423776884898
0.40134529147982057,0.5773854244928618,0.0,0.012987012987012988,0.03333333333333333,0.03781611912077523
0.060538116591928245,0.3399699474079618,0.0,0.012987012987012988,0.5666666666666667,0.23800519971637912
0.08968609865470852,0.601427498121712,0.0,0.0,0.6333333333333333,0.17111793902150793
0.1973094170403587,0.41885800150262753,0.0,0.49350649350649356,0.5666666666666667,0.4249586386197116
0.07847533632286996,0.8121712997746044,0.0,0.025974025974025976,0.03333333333333333,0.047506499645473876
0.07847533632286996,0.5477084898572482,0.25,0.0,0.03333333333333333,0.1975892224060506
0.11210762331838564,0.5570999248685187,0.0,0.025974025974025976,0.6,0.1479555660600331
0.12780269058295962,0.5792637114951145,0.0,0.0,0.0,0.021271567005436066
0.3094170403587444,0.46055597295266537,0.025,0.4155844155844156,0.6,0.42803119829827463
0.0,0.5856498873027789,0.0,0.0,0.6,0.15173717797211064
0.210762331838565,0.40270473328324385,0.0,0.49350649350649356,0.5666666666666667,0.4478846608366816
0.2713004484304932,0.5856498873027789,0.0,0.0,0.03333333333333333,0.05270621602458048
0.0,0.7175056348610056,0.0,0.0,0.16666666666666666,0.04727014890096903
0.3116591928251121,0.603681442524417,0.0,0.012987012987012988,0.03333333333333333,0.021980619238950602
0.13228699551569506,0.7625845229151,0.0,0.0,0.6666666666666666,0.1616639092413141
0.0,0.7133734034560462,0.0,0.0,0.0,0.0172536043488537
0.0,0.5833959429000739,0.0,0.0,0.0,0.021271567005436066
0.1905829596412556,0.4436513899323806,0.0,0.012987012987012988,0.6,0.22878752068069014
0.0,0.6667918858001496,0.0125,0.0,0.6333333333333333,0.1600094540297802
0.4349775784753363,0.5157776108189314,0.0,0.0,0.2,0.08012290238714252
0.2219730941704036,0.41885800150262753,0.0,0.0,0.6,0.17277239423304186
0.2085201793721973,0.5980465815176537,0.0,0.012987012987012988,0.03333333333333333,0.03639801465374616
0.0,0.5972952667167526,0.0,0.0,0.0,0.04112502954384306
0.2286995515695067,0.535687453042824,0.0,0.0,0.6,0.38856062396596547
0.05381165919282511,0.471450037565738,0.0,0.0,0.6,0.15811864807374143
0.0,0.5642374154770824,0.0,0.0,0.03333333333333333,0.009217679035688963
0.21524663677130043,0.4695717505634853,0.0,0.025974025974025976,0.6,0.20302528952966203
0.1614349775784753,0.5882794891059344,0.0,0.0,0.6333333333333333,0.3507445048451902
0.08520179372197309,0.6202103681442512,0.0125,0.0,0.6,0.1987709761285748
0.09865470852017935,0.5721262208865507,0.0,0.0,0.03333333333333333,0.09288584259040417
0.0,0.6562734785875275,0.0,0.0,0.0,0.017017253604348852
0.13452914798206275,0.4947407963936872,0.47500000000000003,0.012987012987012988,0.6,0.4424485937130702
0.23766816143497754,0.5326821938392161,0.0,0.012987012987012988,0.0,0.023871425194989367
0.07174887892376682,0.6480090157776104,0.0,0.0,0.0,0.0444339399669109
0.4910313901345291,0.4917355371900811,0.0125,0.0,0.3333333333333333,0.13471992436776176
0.08968609865470852,0.5608564988730258,0.0,0.025974025974025976,0.0,0.1375561333018199
0.2623318385650224,0.605935386927122,0.0,0.0,0.0,0.07705034270857954
0.2533632286995516,0.5631104432757308,0.0,0.012987012987012988,0.03333333333333333,0.023635074450484517
0.34080717488789236,0.5259203606311029,0.0,0.025974025974025976,0.6,0.1782084613566533
0.1905829596412556,0.6622839969947396,0.0,0.0,0.0,0.028125738596076574
0.09641255605381165,0.5563486100676176,0.0,0.0,0.03333333333333333,0.03592531316473647
0.09417040358744394,0.6126972201352352,0.0,0.0,0.0,0.04112502954384306
0.10089686098654707,0.5661157024793368,0.0,0.0,0.03333333333333333,0.03687071614275585
0.12331838565022421,0.43801652892561904,0.0,0.0,0.0,0.017017253604348852
0.195067264573991,0.5368144252441756,0.0,0.0,0.03333333333333333,0.03048924604112503
0.2802690582959641,0.6025544703230636,0.0,0.012987012987012988,0.03333333333333333,0.13117466320018908
0.1390134529147982,0.4665664913598775,0.0,0.012987012987012988,0.5666666666666667,0.15410068541715907
0.3228699551569506,0.4383921863260696,0.48750000000000004,0.0,0.0,0.3105648782793666
0.15246636771300448,0.4962434259954911,0.0,0.0,0.9333333333333333,0.3835972583313637
0.08295964125560537,0.5300525920360624,0.0,0.0,0.6333333333333333,0.14559205861498464
0.12780269058295962,0.4459053343350856,0.0,0.0,0.0,0.14086504372488776
0.0,0.5191585274229897,0.0,0.0,0.5666666666666667,0.14062869298038289
0.12107623318385649,0.5740045078888052,0.0,0.0,0.6,0.15551878988418813
0.0,0.6927122464312543,0.0125,0.0,0.0,0.15339163318364452
0.17040358744394618,0.5676183320811408,0.0,0.0,0.03333333333333333,0.026707634129047503
0.17040358744394618,0.531179564237414,0.0,0.025974025974025976,0.6,0.1971165209170409
0.0,0.48534936138241846,0.0,0.0,0.03333333333333333,0.02174426849444576
0.17040358744394618,0.5646130728775347,0.0,0.0,0.03333333333333333,0.011817537225242257
0.0,0.6735537190082628,0.0,0.0,0.0,0.03734341763176554
0.13677130044843047,0.6465063861758065,0.0,0.0,0.0,0.038052469865280075
0.09865470852017935,0.43914350112697065,0.0,0.0,0.6,0.25124084140865044
0.18609865470852016,0.4725770097670914,0.0,0.012987012987012988,0.03333333333333333,0.024344126683999052
0.08071748878923765,0.3835462058602541,0.0,0.012987012987012988,0.5666666666666667,0.1548097376506736
0.0,0.3208114199849721,0.0,0.0,0.0,0.005199716379106593
0.1053811659192825,0.4083395942900072,0.0,0.0,0.0,0.013235641692271332
0.09865470852017935,0.4177310293012759,0.0,0.025974025974025976,0.0,0.26305837863389264
0.0,0.608189331329827,0.0,0.0,0.0,0.018908059560387616
0.1390134529147982,0.8846731780616057,0.0,0.0,0.0,0.028362089340581424
0.1390134529147982,0.6724267468069094,0.0,0.0,0.0,0.026707634129047503
0.05605381165919282,0.4571750563486088,0.0,0.0,0.0,0.010635783502718035
0.2802690582959641,0.6224643125469562,0.0,0.0,0.0,0.02907114157409596
0.05605381165919282,0.6555221637866246,0.0,0.0,0.0,0.015599149137319782
0.23318385650224213,0.49323816679188504,0.0,0.025974025974025976,0.0,0.03474355944221224
0.0,0.6626596543951901,0.0,0.0,0.0,0.02316237296147483
0.17040358744394618,0.5574755822689692,0.0,0.0,0.03333333333333333,0.011581186480737414
0.11883408071748877,0.5045078888054082,0.0,0.0,0.6,0.1704088867879934
0.0,0.45567242674680664,0.0,0.0,0.0,0.20822500590876863
0.1928251121076233,0.5785123966942134,0.0,0.025974025974025976,0.6333333333333333,0.16804537934294494
0.11659192825112107,0.6506386175807659,0.0,0.025974025974025976,0.0,0.027180335618057196
0.09192825112107623,0.49098422238918005,0.0,0.0,0.03333333333333333,0.016308201370834316
0.16816143497757846,0.6299774605559705,0.0,0.0,0.0,0.02788938785157173
0.1053811659192825,0.6318557475582249,0.0,0.0,0.0,0.02528952966201843
0.08071748878923765,0.5428249436513877,0.0,0.0,0.03333333333333333,0.026943984873552346
0.11434977578475335,0.4560480841472554,0.0125,0.0,0.0,0.2176790356889624
0.060538116591928245,0.699849737039818,0.0,0.0,0.0,0.020326164027416688
0.4080717488789237,0.36363636363636154,0.0,0.0,0.5666666666666667,0.3479082959111321
0.08295964125560537,0.6168294515401946,0.0,0.0,0.6,0.15551878988418813
0.13228699551569506,0.5980465815176537,0.0125,0.0,0.6,0.2462774757740487
0.13004484304932734,0.34748309541697964,0.0,0.0,0.0,0.02741668636256204
0.2286995515695067,0.58189331329827,0.0,0.012987012987012988,0.6333333333333333,0.1673363271094304
0.07847533632286996,0.7126220886551451,0.0,0.0,0.0,0.04727014890096903
0.27578475336322866,0.5379413974455289,0.0,0.025974025974025976,0.03333333333333333,0.030961947530134717
0.07623318385650224,0.3996994740796378,0.0125,0.0,0.6,0.3001654455211534
0.16367713004484302,0.46994740796393586,0.0,0.0,0.6,0.1699361852989837
0.21973094170403587,0.5048835462058587,0.0,0.27272727272727276,0.6,0.3568896242023162
0.0,0.546205860255446,0.0,0.0,0.0,0.016308201370834316
0.31390134529147984,0.5514650638617571,0.0,0.0,0.4,0.10683053651619002
0.12331838565022421,0.5672426746806902,0.0,0.0,0.03333333333333333,0.03521626093122193
0.05381165919282511,0.4917355371900811,0.0,0.0,0.0,0.06192389506026944
0.3161434977578475,0.7663410969196072,0.0,0.025974025974025976,0.0,0.04254313401087213
0.210762331838565,0.7028549962434241,0.0,0.012987012987012988,0.0,0.035452611675726775
0.20179372197309414,0.8219383921863255,0.0,0.012987012987012988,0.0,0.04254313401087213
0.07847533632286996,0.5330578512396684,0.0,0.0,0.0,0.026943984873552346
0.09641255605381165,0.5247933884297513,0.0,0.0,0.03333333333333333,0.033089104230678325
0.1928251121076233,0.6686701728024023,0.0,0.0,0.0,0.03734341763176554
0.13228699551569506,0.49812171299774555,0.0,0.49350649350649356,0.5666666666666667,0.4112502954384306
0.1614349775784753,0.5552216378662642,0.0,0.012987012987012988,0.0,0.022216969983455445
0.0,0.6739293764087133,0.0,0.0,0.03333333333333333,0.019853462538406995
0.0,0.8054094665664895,0.0,0.0,0.0,0.07185062632947295
0.0,0.5766341096919589,0.0,0.0,0.6333333333333333,0.13401087213424723
0.0,0.5702479338842963,0.0,0.0,0.0,0.007090522335145356
0.4596412556053811,0.6836964688204343,0.0,0.025974025974025976,0.6333333333333333,0.2354053415268258
0.10313901345291479,0.5383170548459795,0.0,0.0,0.0,0.05223351453557079
0.6591928251121075,0.46994740796393586,0.0,0.012987012987012988,0.6,0.3793429449302765
0.23991031390134526,0.6048084147257686,0.0,0.0,0.6333333333333333,0.16851808083195463
0.09641255605381165,0.4883546205860245,0.0,0.025974025974025976,0.03333333333333333,0.02623493264003781
0.09865470852017935,0.6096919609316291,0.0,0.0,0.03333333333333333,0.041361380288347904
0.2219730941704036,0.6258452291510128,0.0,0.025974025974025976,0.03333333333333333,0.024344126683999052
0.21973094170403587,0.481217129977459,0.0,0.0,0.36666666666666664,0.10068541715906407
0.0,0.42299023290758697,0.0,0.0,0.6,0.1489009690380525
0.0,0.43914350112697065,0.0,0.0,0.5666666666666667,0.14062869298038289
0.0,0.6063110443275725,0.0,0.0,0.0,0.1427558496809265
0.4573991031390134,0.32419233658903046,0.0125,0.06493506493506494,0.5666666666666667,0.29874734105412426
0.11883408071748877,0.6051840721262192,0.0,0.012987012987012988,0.13333333333333333,0.04963365634601749
0.20627802690582958,0.4902329075882772,0.0125,0.0,0.13333333333333333,0.1035216260931222
0.12331838565022421,0.7577009767092395,0.0,0.012987012987012988,0.03333333333333333,0.031198298274639567
0.3968609865470851,0.4500375657400433,0.0125,0.012987012987012988,0.0,0.1375561333018199
0.10986547085201794,0.6337340345604794,0.0,0.0,0.6,0.18222642401323566
0.3094170403587444,0.5127723516153253,0.0,0.0,0.03333333333333333,0.285511699361853
0.11883408071748877,0.497746055597295,0.0,0.012987012987012988,0.0,0.025762231151028124
0.10762331838565022,0.416228399699472,0.0,0.0,0.6,0.21035216260931225
0.0,0.5045078888054082,0.0,0.0,0.6333333333333333,0.1333018199007327
0.06502242152466367,0.43914350112697065,0.0,0.0,0.0,0.011344835736232567
0.2645739910313901,0.36025544703230494,0.0,0.025974025974025976,0.0,0.07445048451902624
0.1614349775784753,0.8065364387678429,0.0,0.0,0.03333333333333333,0.03167099976364925
0.07399103139013452,0.6675432006010507,0.0,0.0,0.0,0.02907114157409596
0.48430493273542596,0.4939894815927861,0.0,0.012987012987012988,0.0,0.12904750649964547
0.10089686098654707,0.8054094665664895,0.0,0.0,0.0,0.02883479082959111
0.44843049327354256,0.413974455296767,0.0125,0.0,0.5666666666666667,0.30985582604585205
0.48430493273542596,0.5296769346356118,0.0,0.012987012987012988,0.6333333333333333,0.22240605057905932
0.20403587443946186,0.6878287002253938,0.0125,0.0,0.0,0.047506499645473876
0.12107623318385649,0.6119459053343341,0.0,0.0,0.0,0.024344126683999052
0.0695067264573991,0.5270473328324563,0.0,0.0,0.6,0.17631765540061453
0.25560538116591924,0.6551465063861741,0.0,0.012987012987012988,0.03333333333333333,0.02505317891751359
0.0695067264573991,0.5041322314049577,0.0,0.4285714285714286,0.0,0.39139683290002364
0.14349775784753363,0.37716003005259147,0.0,0.012987012987012988,0.6,0.2866934530843772
0.0,0.6010518407212615,0.0,0.0,0.03333333333333333,0.0073268730796502025
0.07399103139013452,0.5570999248685187,0.025,0.0,0.6,0.22595131174663202
0.1771300448430493,0.4767092411720508,0.0,0.0,0.6,0.22406050579059325
0.48206278026905824,0.17317806160781224,0.45,0.0,0.0,0.3542897660127629
0.10089686098654707,0.6619083395942891,0.0,0.012987012987012988,0.0,0.027180335618057196
0.0,0.7535687453042819,0.0,0.0,0.0,0.02505317891751359
0.13452914798206275,0.5589782118707731,0.0,0.0,0.23333333333333334,0.09524935003545262
0.25784753363228696,0.06649135987978738,0.4375,0.0,0.03333333333333333,0.7988655164263768
0.0874439461883408,0.47896318557475404,0.0,0.49350649350649356,0.0,0.29898369179862916
0.2219730941704036,0.6299774605559705,0.0,0.0,0.03333333333333333,0.03497991018671709
0.05381165919282511,0.643876784372651,0.48750000000000004,0.49350649350649356,0.6,0.7206334199952731
0.0,0.4695717505634853,0.0,0.0,0.0,0.02505317891751359
0.13228699551569506,0.4057099924868499,0.0,0.025974025974025976,0.0,0.028125738596076574
0.13452914798206275,0.44740796393688775,0.0,0.012987012987012988,0.0,0.043961238477901204
0.14573991031390135,0.5563486100676176,0.0,0.0,0.0,0.015599149137319782
0.16591928251121074,0.5518407212622076,0.0,0.0,0.0,0.028125738596076574
0.13452914798206275,0.6465063861758065,0.0,0.0,0.0,0.15575514062869297
0.0874439461883408,0.5503380916604037,0.0,0.0,0.03333333333333333,0.02056251477192153
0.2533632286995516,0.6179564237415462,0.0,0.012987012987012988,0.6,0.1630820137083432
0.0,0.7445529676934619,0.0,0.0,0.0,0.03947057433230914
0.0,0.5766341096919589,0.0,0.0,0.6333333333333333,0.1845899314582841
0.6614349775784752,0.32945154019533973,0.0,0.8311688311688312,0.5666666666666667,0.8232096431103758
0.23991031390134526,0.4845980465815156,0.0,0.012987012987012988,0.03333333333333333,0.024580477428503895
0.0695067264573991,0.7723516153268211,0.0,0.0,0.0,0.031198298274639567
0.18609865470852016,0.43764087152516673,0.0,0.0,0.6,0.3623256913259277
0.21973094170403587,0.257325319308789,0.0,0.0,0.0,0.03332545497518317
0.24663677130044842,0.6021788129226131,0.0,0.0,0.03333333333333333,0.032852753486173475
0.0,0.5210368144252442,0.0,0.012987012987012988,0.6,0.16804537934294494
0.0,0.7009767092411714,0.0,0.0,0.03333333333333333,0.14441030489246043
0.0,0.4410217881292251,0.0,0.0,0.0,0.12313873788702437
0.09865470852017935,0.4654395191585259,0.0,0.0,0.0,0.14228314819191681
0.11659192825112107,0.5330578512396684,0.0,0.35064935064935066,0.03333333333333333,0.2302056251477192
0.0,0.4575507137490593,0.0125,0.0,0.6,0.13991964074686836
0.2219730941704036,0.6517655897821175,0.0,0.0,0.0,0.03876152209879461
0.13228699551569506,0.6814425244177293,0.0,0.012987012987012988,0.0,0.014653746159300403
0.2443946188340807,0.601427498121712,0.0,0.0,0.0,0.03757976837627038
0.0,0.4646882043576248,0.0,0.0,0.0,0.1720633419995273
0.3071748878923767,0.591660405709991,0.0,0.0,0.4,0.10115811864807375
0.0874439461883408,0.31893313298271764,0.0,0.0,0.5666666666666667,0.42117702670763413
0.0,0.5432006010518382,0.0,0.4415584415584416,0.6,0.3814701016308201
0.12331838565022421,0.5131480090157758,0.0,0.0,0.6,0.1538643346726542
0.0,0.5867768595041323,0.0,0.0,0.6,0.14866461829354763
0.0,0.6893313298271959,0.0,0.0,0.03333333333333333,0.01819900732687308
0.18385650224215247,0.5709992486851974,0.0,0.06493506493506494,0.0,0.10399432758213188
0.09417040358744394,0.4541697971450027,0.0,0.0,0.03333333333333333,0.020798865516426374
0.14798206278026904,0.6149511645379402,0.0,0.0,0.0,0.08863152918931695
0.0,0.20360631104432692,0.0,0.0,0.5666666666666667,0.14062869298038289
0.0,0.3692712246431231,0.0,0.0,0.5666666666666667,0.1281021035216261
0.2286995515695067,0.20435762584522799,0.0,0.012987012987012988,0.0,0.05554242495863863
0.08295964125560537,0.5931630353117949,0.0,0.0,0.0,0.14039234223587804
0.0695067264573991,0.6104432757325302,0.0,0.012987012987012988,0.03333333333333333,0.02883479082959111
0.1748878923766816,0.34823441021787893,0.0,0.0,0.5666666666666667,0.20822500590876863
0.07847533632286996,0.641622839969946,0.0,0.012987012987012988,0.03333333333333333,0.02907114157409596
0.12780269058295962,0.7280240420736277,0.0,0.0,0.0,0.03687071614275585
0.1390134529147982,0.6292261457550712,0.0,0.025974025974025976,0.6,0.2715670054360671
0.2623318385650224,0.7103681442524401,0.0,0.0,0.0,0.029780193807610496
0.16367713004484302,0.5195341848234403,0.0,0.0,0.6,0.24367761758449544
0.24215246636771298,0.5559729526671653,0.0,0.0,0.03333333333333333,0.06948711888442449
0.08968609865470852,0.7242674680691206,0.0,0.0,0.0,0.02623493264003781
0.06278026905829596,0.24868519909842135,0.45,0.0,0.5666666666666667,0.38785157173245094
0.15695067264573992,0.5713749060856479,0.0,0.0,0.0,0.03592531316473647
0.08968609865470852,0.5743801652892557,0.0,0.0,0.03333333333333333,0.03167099976364925
0.23542600896860982,0.5420736288504866,0.0,0.0,0.0,0.03876152209879461
0.12780269058295962,0.5277986476333574,0.0,0.0,0.03333333333333333,0.021980619238950602
0.0,0.4338842975206596,0.0,0.0,0.0,0.09264949184589932
0.12107623318385649,0.5052592036063093,0.0,0.0,0.0,0.013944693925785867
0.06502242152466367,0.5146506386175798,0.0,0.0,0.03333333333333333,0.021035216260931223
0.14798206278026904,0.7975206611570229,0.0,0.0,0.03333333333333333,0.0314346490191444
0.06502242152466367,0.7084898572501857,0.0,0.0,0.6333333333333333,0.15433703616166392
0.0,0.6205860255447018,0.0,0.0,0.03333333333333333,0.13826518553533446
0.08295964125560537,0.48647633358377007,0.0,0.0,0.0,0.024107775939494203
0.06502242152466367,0.4571750563486088,0.0125,0.0,0.6,0.18175372252422597
0.36995515695067266,0.6018031555221626,0.0,0.012987012987012988,0.6,0.1760813046561097
0.15919282511210758,0.5679939894815913,0.0,0.012987012987012988,0.03333333333333333,0.009690380524698653
0.0,0.4631855747558209,0.025,0.0,0.6,0.29378397541952256
0.10089686098654707,0.5860255447032294,0.0,0.0,0.6,0.15764594658473174
0.23991031390134526,0.49924868519909715,0.0,0.025974025974025976,0.03333333333333333,0.04490664145592059
0.2623318385650224,0.4526671675431988,0.0125,0.012987012987012988,0.03333333333333333,0.038997872843299454
0.25784753363228696,0.6870773854244909,0.0125,0.025974025974025976,0.0,0.09832190971401561
0.23991031390134526,0.5747558226897045,0.0,0.0,0.6,0.20066178208461358
0.0,0.4459053343350856,0.0,0.0,0.0,0.014417395414795557
0.09641255605381165,0.7438016528925608,0.0,0.0,0.03333333333333333,0.031198298274639567
0.0,0.6735537190082628,0.0,0.0,0.03333333333333333,0.021035216260931223
0.0,0.49661908339594163,0.0,0.0,0.0,0.005199716379106593
0.12556053811659193,0.5619834710743792,0.0,0.0,0.0,0.021035216260931223
0.05829596412556053,0.4609316303531159,0.0,0.0,0.6,0.30985582604585205
0.08071748878923765,0.5781367392937629,0.0,0.0,0.6,0.15291893169463486
0.14573991031390135,0.6949661908339593,0.0,0.0,0.0,0.04112502954384306
0.14349775784753363,0.6889556724267454,0.0,0.025974025974025976,0.0,0.045615693689435126
0.05605381165919282,0.5187828700225392,0.0,0.0,0.6,0.24249586386197117
0.0,0.6457550713749054,0.0,0.0,0.0,0.01678090285984401
0.10089686098654707,0.6070623591284736,0.0,0.0,0.03333333333333333,0.0569605294256677
0.0695067264573991,0.5052592036063093,0.0,0.4675324675324676,0.03333333333333333,0.33349090049633656
0.06726457399103138,0.41472577009766987,0.0,0.012987012987012988,0.6,0.2354053415268258
0.2600896860986547,0.5495867768595026,0.0,0.025974025974025976,0.03333333333333333,0.040179626565823676
0.4260089686098654,0.45454545454545325,0.0,0.0,0.03333333333333333,0.30938312455684236
0.07847533632286996,0.5533433508640115,0.0,0.0,0.0,0.4195225714961002
0.08968609865470852,0.5296769346356118,0.0,0.0,0.0,0.11722996927440324
0.13677130044843047,0.5184072126220869,0.0,0.0,0.6,0.29118411722996923
0.05381165919282511,0.5559729526671653,0.0,0.0,0.03333333333333333,0.27345781139210584
0.06502242152466367,0.6679188580015012,0.0,0.0,0.0,0.01914441030489246
0.07174887892376682,0.3268219383921842,0.0,0.49350649350649356,0.5666666666666667,0.511463011108485
0.18385650224215247,0.26596543951915663,0.0,0.9350649350649352,0.5666666666666667,0.7076341290475066
0.0,0.4906085649887295,0.0,0.012987012987012988,0.0,0.07326873079650201
0.39910313901345285,0.6927122464312543,0.0,0.012987012987012988,0.0,0.04963365634601749
0.05605381165919282,0.40270473328324385,0.0,0.0,0.6,0.1411013944693926
0.0,0.5728775356874518,0.0,0.0,0.03333333333333333,0.00874497754667927
0.1748878923766816,0.6637866265965418,0.48750000000000004,0.012987012987012988,0.6,0.46088395178444813
0.08295964125560537,0.413974455296767,0.0,0.012987012987012988,0.6,0.15433703616166392
0.07623318385650224,0.5770097670924095,0.0,0.012987012987012988,0.03333333333333333,0.03474355944221224
0.08520179372197309,0.8031555221637863,0.0,0.0,0.0,0.025525880406523274
0.06502242152466367,0.2915101427498108,0.0,0.0,0.5666666666666667,0.18340817773575988
0.0,0.6701728024042062,0.0,0.0,0.03333333333333333,0.019380761049397302
0.0,0.6397445529676933,0.0,0.0,0.0,0.004490664145592059
0.0695067264573991,0.42036063110443145,0.0,0.0,0.5666666666666667,0.18104467029071145
0.1053811659192825,0.42599549211119303,0.0,0.0,0.6,0.16473646891987712
0.13677130044843047,0.45191585274229773,0.0,0.0,0.0,0.01678090285984401
0.11883408071748877,0.4470323065364372,0.0,0.012987012987012988,0.5666666666666667,0.1538643346726542
0.12780269058295962,0.6634109691960912,0.0,0.0,0.0,0.0418340817773576
0.07847533632286996,0.6686701728024023,0.0,0.0,0.0,0.027180335618057196
0.0,0.365514650638616,0.0,0.0,0.0,0.052469865280075634
0.0,0.5631104432757308,0.0,0.012987012987012988,0.03333333333333333,0.09383124556842355
0.16816143497757846,0.6720510894064606,0.0,0.0,0.0,0.28362089340581426
0.11659192825112107,0.6344853493613805,0.0,0.025974025974025976,0.0,0.02623493264003781
0.11883408071748877,0.37114951164537757,0.0,0.012987012987012988,0.0,0.021271567005436066
0.0,0.5413223140495855,0.0125,0.0,0.6,0.27014890096903804
0.10313901345291479,0.5338091660405695,0.0,0.012987012987012988,0.0,0.08863152918931695
0.2713004484304932,0.5833959429000739,0.0,0.0,0.0,0.06263294729378398
0.15695067264573992,0.6183320811419968,0.0,0.0,0.6,0.15717324509572206
0.15022421524663676,0.5274229902329068,0.0,0.0,0.0,0.014890096903805246
0.0,0.4891059353869256,0.0,0.0,0.6,0.20987946112030254
0.060538116591928245,0.5349361382419211,0.0,0.012987012987012988,0.6,0.15551878988418813
0.11659192825112107,0.5428249436513877,0.0,0.0,0.0,0.03639801465374616
0.2780269058295964,0.7622088655146495,0.0,0.36363636363636365,0.6333333333333333,0.3521626093122193
0.0,0.4819684447783601,0.0,0.0,0.0,0.023398723705979674
0.405829596412556,0.40157776108189225,0.0,0.0,0.0,0.39825100449066414
0.0,0.5015026296018021,0.0,0.0,0.6,0.14062869298038289
0.3497757847533632,0.40157776108189225,0.0,0.012987012987012988,0.5666666666666667,0.30678326636728903
0.0,0.1750563486100667,0.0,0.9090909090909092,0.5333333333333333,0.7976837627038526
0.0695067264573991,0.3354620586025536,0.0,0.012987012987012988,0.0,0.027180335618057196
0.48206278026905824,0.35687453042824835,0.0,0.05194805194805195,0.5666666666666667,0.30181990073268733
0.07174887892376682,0.5957926371149505,0.0,0.0,0.6,0.16402741668636256
0.15919282511210758,0.714124718256949,0.0,0.0,0.0,0.03781611912077523
0.11883408071748877,0.5676183320811408,0.0,0.012987012987012988,0.0,0.028125738596076574
0.26681614349775784,0.375281743050337,1.0,0.4545454545454546,0.5666666666666667,0.9999999999999999
0.0,0.42749812171299695,0.0125,0.0,0.6,0.15599149137319782
0.11434977578475335,0.4598046581517643,0.0,0.0,0.0,0.026707634129047503
0.08295964125560537,0.695341848234408,0.0,0.0,0.03333333333333333,0.026943984873552346
0.0,0.6919609316303514,0.0,0.012987012987012988,0.0,0.03734341763176554
0.4035874439461883,0.5037565740045071,0.48750000000000004,0.0,1.0,0.5197352871661546
0.12107623318385649,0.76709241172051,0.0,0.0,0.0,0.028125738596076574
0.17264573991031387,0.6378662659654388,0.0,0.025974025974025976,0.0,0.01819900732687308
0.07847533632286996,0.046581517655896576,0.0,0.0,0.5333333333333333,0.1292838572441503
0.28475336322869954,0.5631104432757308,0.0,0.0,0.0,0.028125738596076574
0.17040358744394618,0.44853493613824114,0.0,0.012987012987012988,0.6,0.1590640510517608
0.16816143497757846,0.40984222389180935,0.0,0.3246753246753247,0.5666666666666667,0.3207279602930749
0.390134529147982,0.5353117956423734,0.0,0.012987012987012988,0.6,0.17229969274403215
0.12556053811659193,0.5540946656649126,0.0,0.0,0.0,0.01418104467029071
0.0,0.6791885800150244,0.0,0.0,0.03333333333333333,0.02647128338454266
0.3318385650224215,0.5946656649135971,0.0,0.0,0.6333333333333333,0.20207988655164266
0.0,0.4917355371900811,0.0,0.0,0.0,0.13637437957929568
0.0,0.5525920360631087,0.0,0.0,0.6333333333333333,0.183171826991255
0.2959641255605381,0.5383170548459795,0.0,0.025974025974025976,0.03333333333333333,0.07610493973056015
0.0,0.6465063861758065,0.0,0.0,0.0,0.07965020089813284
0.11434977578475335,0.4500375657400433,0.0,0.0,0.6,0.32710943039470575
0.12331838565022421,0.29338842975206525,0.4625,0.48051948051948057,0.5666666666666667,0.810683053651619
0.2825112107623318,0.6915852742299009,0.0,0.012987012987012988,0.0,0.03852517135428977
0.060538116591928245,0.3764087152516886,0.0,0.0,0.5666666666666667,0.26494918458993144
0.06502242152466367,0.5687453042824924,0.0,0.012987012987012988,0.03333333333333333,0.09643110375797685
0.0,0.4421487603305767,0.0,0.0,0.0,0.15173717797211064
0.09865470852017935,0.5792637114951145,0.0,0.0,0.0,0.048688253367998105
0.07847533632286996,0.5304282494365129,0.0,0.0,0.0,0.02528952966201843
0.0,0.37716003005259147,0.0,0.0,0.03333333333333333,0.10541243204916095
0.39910313901345285,0.5499624342599532,0.0,0.012987012987012988,0.26666666666666666,0.08650437248877335
0.05605381165919282,0.7036063110443269,0.025,0.03896103896103896,0.6333333333333333,0.2744032143701252
0.20403587443946186,0.43914350112697065,0.0,0.025974025974025976,0.5666666666666667,0.14464665563696527
0.0,0.643876784372651,0.0,0.0,0.0,0.04679744741195934
0.28475336322869954,0.4530428249436511,0.0,0.0,0.0,0.16284566296383834
0.06278026905829596,0.37828700225394307,0.0,0.4675324675324676,0.0,0.4225951311746632
0.0,0.3354620586025536,0.0,0.0,0.0,0.0028362089340581414
0.23766816143497754,0.4477836213373383,0.0,0.0,0.0,0.03616166390924131
0.2286995515695067,0.5195341848234403,0.0,0.025974025974025976,0.0,0.03521626093122193
0.25560538116591924,0.5912847483095405,0.0,0.012987012987012988,0.0,0.027180335618057196
0.0,0.7569496619083385,0.0,0.0,0.6333333333333333,0.14913731978255734
0.15022421524663676,0.373027798647632,0.0,0.012987012987012988,0.6,0.3086740723233278
0.0,0.6280991735537178,0.0,0.0,0.0,0.016071850626329473
0.07399103139013452,0.5721262208865507,0.0,0.025974025974025976,0.0,0.025998581895532967
0.0,0.5781367392937629,0.0,0.0,0.03333333333333333,0.01819900732687308
0.0,0.5608564988730258,0.0,0.0,0.0,0.01678090285984401
0.0,0.40007513148008833,0.0,0.012987012987012988,0.5666666666666667,0.2150791774994091
0.2488789237668161,0.6044327573253181,0.0,0.0,0.0,0.061687544315764585
0.09865470852017935,0.5435762584522905,0.0125,0.0,0.6,0.338926967619948
0.12331838565022421,0.46018031555221484,0.0,0.0,0.03333333333333333,0.021271567005436066
0.3116591928251121,0.58189331329827,0.0,0.025974025974025976,0.03333333333333333,0.021271567005436066
0.27354260089686094,0.596168294515401,0.0,0.0,0.0,0.1949893642164973
0.05829596412556053,0.4718256949661903,0.0,0.012987012987012988,0.6333333333333333,0.25053178917513585
0.25560538116591924,0.6374906085649883,0.0,0.0,0.4,0.09170408886787994
0.3071748878923767,0.5432006010518382,0.0,0.012987012987012988,0.03333333333333333,0.02174426849444576
0.0,0.6029301277235142,0.0,0.012987012987012988,0.6333333333333333,0.16450011817537225
0.06278026905829596,0.4575507137490593,0.0,0.012987012987012988,0.0,0.14677381233750889
0.29372197309417036,0.5296769346356118,0.0,0.012987012987012988,0.0,0.07728669345308438
0.16816143497757846,0.6190833959428979,0.0,0.0,0.4,0.09028598440085087
0.07399103139013452,0.5401953418482339,0.0,0.0,0.6,0.16662727487591586
0.15022421524663676,0.6153268219383907,0.0,0.0,0.0,0.02056251477192153
0.27578475336322866,0.5420736288504866,0.0,0.012987012987012988,0.03333333333333333,0.02765303710706689
0.3116591928251121,0.6889556724267454,0.0,0.025974025974025976,0.0,0.04845190262349326
0.21973094170403587,0.5011269722013516,0.0,0.012987012987012988,0.03333333333333333,0.06783266367289058
0.12331838565022421,0.4173553719008254,0.0125,0.012987012987012988,0.5666666666666667,0.3032380051997164
0.0,0.5259203606311029,0.0,0.0,0.03333333333333333,0.007090522335145356
0.43946188340807174,0.4090909090909083,0.47500000000000003,0.012987012987012988,0.6,0.45284802647128336
0.08071748878923765,0.1728024042073617,0.0,0.0,0.5333333333333333,0.13141101394469393
0.0,0.6389932381667904,0.0125,0.0,0.6,0.27747577404868823
0.25784753363228696,0.5345604808414706,0.0,0.0,0.0,0.024580477428503895
0.060538116591928245,0.5822689706987223,0.0,0.0,0.6,0.1578822973292366
0.05381165919282511,0.34522915101427465,0.0,0.0,0.5666666666666667,0.15031907350508156
0.27354260089686094,0.6510142749812147,0.0,0.0,0.36666666666666664,0.09737650673599622
0.08295964125560537,0.6235912847483078,0.0,0.0,0.0,0.026707634129047503
0.0,0.62960180315552,0.0,0.0,0.0,0.023635074450484517
0.06726457399103138,0.5142749812171292,0.0,0.0,0.6,0.1427558496809265
0.0,0.6667918858001496,0.0,0.0,0.03333333333333333,0.021980619238950602
0.0,0.5379413974455289,0.0,0.0,0.03333333333333333,0.13093831245568424
0.08520179372197309,0.3940646130728762,0.0,0.012987012987012988,0.5666666666666667,0.15575514062869297
0.07399103139013452,0.4575507137490593,0.0,0.0,0.0,0.22784211770267074
0.26681614349775784,0.5800150262960173,0.0,0.012987012987012988,0.03333333333333333,0.04065232805483337
0.10986547085201794,0.5657400450788863,0.0,0.012987012987012988,0.03333333333333333,0.043015835499881826
0.13228699551569506,0.6003005259203587,0.0,0.0,0.03333333333333333,0.0314346490191444
0.0,0.6900826446280988,0.0,0.0,0.0,0.017962656582368237
0.25784753363228696,0.5326821938392161,0.0,0.012987012987012988,0.03333333333333333,0.10446702907114158
0.0695067264573991,0.5773854244928618,0.0,0.0,0.0,0.017017253604348852
0.3071748878923767,0.3918106686701712,0.0,0.0,0.0,0.22855116993618532
0.0,0.6904583020285493,0.0,0.0,0.03333333333333333,0.036634365398251004
0.09641255605381165,0.5826446280991728,0.0,0.0,0.0,0.053651619002599855
0.0,0.3737791134485331,0.0,0.0,0.5666666666666667,0.16237296147482866
0.23542600896860982,0.47332832456799245,0.0,0.0,0.6,0.15126447648310093
0.13228699551569506,0.37227648384673095,0.0,0.0,0.0,0.017489955093358545
0.0,0.5694966190833952,0.0,0.0,0.6,0.19593476719451666
0.33856502242152464,0.5108940646130709,0.0,0.012987012987012988,0.6,0.28574805010635784
0.07623318385650224,0.6149511645379402,0.0,0.0,0.0,0.03687071614275585
0.2690582959641255,0.5432006010518382,0.0,0.0,0.0,0.09288584259040417
0.0,0.6461307287753559,0.0,0.0,0.0,0.015362798392814936
0.12780269058295962,0.4819684447783601,0.0,0.025974025974025976,0.6666666666666666,0.15977310328527536
0.0,0.6788129226145738,0.0,0.0,0.0,0.04207043252186244
0.0,0.33696468820435754,0.0,0.0,0.5666666666666667,0.3207279602930749
0.0,0.5589782118707731,0.0,0.0,0.6333333333333333,0.1574095958402269
0.11659192825112107,0.707362885048834,0.0,0.0,0.03333333333333333,0.08721342472228788
0.3520179372197309,0.5304282494365129,0.0,0.025974025974025976,0.0,0.03379815646419286
0.0,0.5323065364387656,0.0,0.0,0.5666666666666667,0.1564641928622075
0.15246636771300448,0.5018782870022527,0.0,0.0,1.0,0.22784211770267074
0.2286995515695067,0.5563486100676176,0.0125,0.012987012987012988,0.5666666666666667,0.3793429449302765
0.27354260089686094,0.6600300525920346,0.0,0.012987012987012988,0.03333333333333333,0.13046561096667456
0.210762331838565,0.6652892561983457,0.0,0.012987012987012988,0.0,0.049870007090522334
0.18161434977578475,0.6930879038317048,0.0,0.0,0.0,0.04254313401087213
0.12780269058295962,0.5852742299023284,0.0,0.0,0.0,0.014417395414795557
0.22421524663677128,0.526671675432004,0.0125,0.0,0.6333333333333333,0.17489955093358545
0.08071748878923765,0.6367392937640854,0.0,0.0,0.6333333333333333,0.14181044670290713
0.11434977578475335,0.5041322314049577,0.0,0.025974025974025976,0.6333333333333333,0.14062869298038289
0.0695067264573991,0.47332832456799245,0.0,0.0,0.0,0.08130465610966675
0.0,0.6273478587528167,0.0125,0.0,0.6333333333333333,0.16402741668636256
0.08295964125560537,0.6048084147257686,0.0,0.0,0.6,0.16355471519735287
0.11659192825112107,0.5781367392937629,0.0,0.0,0.6,0.1600094540297802
0.2309417040358744,0.6476333583771581,0.0,0.0,0.6,0.2053887969747105
0.2713004484304932,0.3388429752066102,0.0,0.025974025974025976,0.5666666666666667,0.21484282675490426
0.2780269058295964,0.6570247933884286,0.0,0.012987012987012988,0.0,0.09288584259040417
0.10986547085201794,0.596168294515401,0.0,0.0,0.0,0.049870007090522334
0.25784753363228696,0.5187828700225392,0.0,0.012987012987012988,0.0,0.047742850389978726
0.12331838565022421,0.5837716003005244,0.0,0.0,0.03333333333333333,0.024580477428503895
0.13228699551569506,0.6153268219383907,0.0,0.0,0.03333333333333333,0.021035216260931223
0.24663677130044842,0.45229151014274827,0.0,0.012987012987012988,0.0,0.03592531316473647
0.2533632286995516,0.4549211119459038,0.0,0.0,0.0,0.022216969983455445
0.35874439461883406,0.46619083395942873,0.0125,0.025974025974025976,0.5666666666666667,0.25005908768612617
0.09865470852017935,0.6502629601803154,0.0,0.025974025974025976,0.6333333333333333,0.16639092413141102
0.0,0.6243425995492107,0.0,0.0,0.0,0.016308201370834316
0.2085201793721973,0.6431254695717499,0.0,0.0,0.1,0.03852517135428977
0.23318385650224213,0.6213373403456028,0.0,0.0,0.6,0.1682817300874498
0.0,0.5826446280991728,0.0,0.0,0.6,0.14937367052706219
0.31390134529147984,0.5093914350112687,0.0,0.012987012987012988,0.6,0.16450011817537225
0.08520179372197309,0.428249436513898,0.0,0.0,0.6,0.2212242968565351
0.12780269058295962,0.7960180315552208,0.0,0.0,0.0,0.028598440085086267
0.3161434977578475,0.27685950413223104,0.0,0.0,0.5666666666666667,0.48239186953438906
0.0,0.6585274229902325,0.0,0.0,0.0,0.02623493264003781
0.18609865470852016,0.6574004507888791,0.0,0.0,0.4,0.08981328291184118
0.0,0.6874530428249415,0.0,0.0,0.0,0.017017253604348852
0.08071748878923765,0.45567242674680664,0.0,0.0,0.03333333333333333,0.03001654455211534
0.0,0.3538692712246423,0.0,0.0,0.0,0.18624438666981802
0.18385650224215247,0.20811419984973512,0.0,0.0,0.5333333333333333,0.16095485700779957
0.13452914798206275,0.5604808414725753,0.0,0.0,0.0,0.024107775939494203
0.14573991031390135,0.5450788880540927,0.0,0.0,0.9666666666666667,0.21555187898841882
0.5627802690582959,0.6303531179564228,0.0,0.025974025974025976,0.23333333333333334,0.09170408886787994
0.2780269058295964,0.605935386927122,0.0,0.012987012987012988,0.0,0.05152446230205625
0.12780269058295962,0.6299774605559705,0.0125,0.28571428571428575,0.6,0.4658473174190498
0.21973094170403587,0.4068369646882033,0.0,0.0,0.0,0.06972346962892934
0.13228699551569506,0.37941397445529645,0.0,0.012987012987012988,0.0,0.018671708815882766
0.0,0.6055597295266715,0.0,0.0,0.0,0.02056251477192153
0.34753363228699546,0.43350864012020907,0.0,0.012987012987012988,0.6,0.3245095722051524
0.10986547085201794,0.5499624342599532,0.0,0.0,0.0,0.024107775939494203
0.07847533632286996,0.3703981968444765,0.0,0.0,0.0,0.28314819191680457
0.08520179372197309,0.07362885048835288,0.0,0.0,0.5333333333333333,0.34199952729851096
0.08295964125560537,0.34823441021787893,0.0,0.8701298701298702,0.5666666666666667,0.6761994800283622
0.07399103139013452,0.6130728775356857,0.0,0.0,0.03333333333333333,0.014653746159300403
0.10313901345291479,0.5454545454545432,0.0,0.025974025974025976,0.0,0.03214370125265894
0.0,0.6367392937640854,0.0,0.012987012987012988,0.0,0.017962656582368237
0.14349775784753363,0.5762584522915084,0.0125,0.012987012987012988,0.6,0.17939021507917752
0.12107623318385649,0.49812171299774555,0.0,0.0,0.0,0.021271567005436066
0.3094170403587444,0.5927873779113444,0.0,0.012987012987012988,0.0,0.20042543134010873
0.0,0.6303531179564228,0.0,0.0,0.03333333333333333,0.008508626802174424
0.2982062780269058,0.6265965439519139,0.0,0.025974025974025976,0.03333333333333333,0.08626802174426851
0.0,0.6066867017280231,0.0,0.0,0.0,0.018908059560387616
0.0,0.4060856498873022,0.0125,0.0,0.6,0.17915386433467267
0.07847533632286996,0.5800150262960173,0.0,0.0,0.03333333333333333,0.021271567005436066
0.19955156950672642,0.5390683696468805,0.0,0.025974025974025976,0.03333333333333333,0.0392342235878043
0.21524663677130043,0.5725018782870013,0.0,0.012987012987012988,0.0,0.06050579059324037
0.19955156950672642,0.43914350112697065,0.0,0.012987012987012988,0.6,0.1626093122193335
0.06278026905829596,0.5105184072126221,0.0,0.0,0.6,0.14961002127156703
0.468609865470852,0.42186326070623537,0.47500000000000003,0.0,0.0,0.33609075868588983
0.060538116591928245,0.5202854996243413,0.0,0.0,0.6333333333333333,0.14488300638147011
0.2309417040358744,0.47558226897069744,0.0,0.012987012987012988,0.0,0.11793902150791777
0.0695067264573991,0.6329827197595783,0.0,0.0,0.0,0.02741668636256204
0.0,0.543951915852741,0.0,0.0,0.03333333333333333,0.00023635074450484468
0.1905829596412556,0.6130728775356857,0.0,0.0,0.0,0.0392342235878043
0.18385650224215247,0.6555221637866246,0.0,0.025974025974025976,0.03333333333333333,0.038288820609784925
0.2286995515695067,0.4752066115702469,0.0,0.0,0.03333333333333333,0.09454029780193808
0.12780269058295962,0.53869271224643,0.47500000000000003,0.0,0.0,0.3703616166390924
0.25560538116591924,0.4353869271224635,0.0,0.012987012987012988,0.0,0.07657764121956985
0.0,0.7873779113448514,0.0,0.0,0.03333333333333333,0.023871425194989367
0.34753363228699546,0.5792637114951145,0.0,0.025974025974025976,0.03333333333333333,0.0867407232332782
0.06502242152466367,0.5574755822689692,0.0,0.0,0.6,0.1919168045379343
0.0,0.5706235912847468,0.0,0.0,0.0,0.02765303710706689
0.06502242152466367,0.4740796393688953,0.025,0.0,0.6,0.14866461829354763
0.17937219730941703,0.4481592787377888,0.0,0.0,0.03333333333333333,0.04514299220042543
0.060538116591928245,0.5180315552216364,0.0,0.0,0.0,0.023635074450484517
0.468609865470852,0.6220886551465057,0.0,0.012987012987012988,0.4,0.11557551406286931
0.22421524663677128,0.35199098422238784,0.0,0.012987012987012988,0.0,0.0314346490191444
0.060538116591928245,0.7817430503380915,0.0,0.0,0.03333333333333333,0.07823209643110376
0.25112107623318386,0.5251690458302019,0.0,0.012987012987012988,0.0,0.028598440085086267
0.17040358744394618,0.48534936138241846,0.0,0.012987012987012988,0.5666666666666667,0.3138737887024344
0.0,0.4060856498873022,0.0,0.0,0.03333333333333333,0.018671708815882766
0.0,0.6408715251690449,0.0,0.0,0.03333333333333333,0.021507917749940916
0.5179372197309416,0.41472577009766987,0.0,0.025974025974025976,0.6,0.20326164027416688
0.34080717488789236,0.37716003005259147,0.0,0.4675324675324676,0.5666666666666667,0.5367525407705035
0.16816143497757846,0.5142749812171292,0.0,0.0,0.0,0.011817537225242257
0.0,0.603681442524417,0.0,0.0,0.03333333333333333,0.029543843063105646
0.11210762331838564,0.5473328324567976,0.0,0.0,0.0,0.08225005908768614
0.24663677130044842,0.7644628099173545,0.0,0.0,0.6333333333333333,0.17111793902150793
0.09417040358744394,0.44966190833959274,0.0,0.012987012987012988,0.0,0.011581186480737414
0.07623318385650224,0.5071374906085637,0.0,0.0,0.0,0.03379815646419286
0.0,0.5146506386175798,0.0,0.0,0.0,0.020089813282911838
0.08968609865470852,0.5582268970698703,0.0,0.0,0.0,0.2803119829827464
0.11659192825112107,0.485725018782869,0.0,0.0,0.6,0.15362798392814936
0.1412556053811659,0.6183320811419968,0.0,0.0,0.03333333333333333,0.008981328291184117
0.2085201793721973,0.43313298271975853,0.0,0.0,0.6,0.406050579059324
0.3968609865470851,0.5120210368144242,0.0,0.025974025974025976,0.6,0.16331836445284803
0.09641255605381165,0.6919609316303514,0.0,0.0,0.0,0.03214370125265894
0.22421524663677128,0.4316303531179546,0.0,0.0,0.0,0.024344126683999052
0.1053811659192825,0.7633358377160011,0.0,0.0,0.0,0.04821555187898842
0.14349775784753363,0.4320060105184069,0.0,0.0,0.0,0.015362798392814936
0.0,0.5567242674680681,0.0,0.0,0.0,0.03521626093122193
0.31390134529147984,0.2704733283245666,0.0,0.0,0.0,0.07137792484046326
0.1412556053811659,0.7054845980465814,0.0,0.0,0.6333333333333333,0.172536043488537
0.0,0.5860255447032294,0.0,0.0,0.03333333333333333,0.08083195462065706
0.0,0.4906085649887295,0.0,0.0,0.6,0.14062869298038289
0.21748878923766815,0.2727272727272716,0.0,0.012987012987012988,0.0,0.03497991018671709
0.0,0.49699474079639216,0.0,0.0,0.03333333333333333,0.08981328291184118
0.0695067264573991,0.5942900075131465,0.0,0.025974025974025976,0.0,0.030961947530134717
0.11659192825112107,0.7201352366641611,0.0,0.0,0.03333333333333333,0.034034507208697704
0.34080717488789236,0.47821187077385297,0.0,0.012987012987012988,0.0,0.04372488773339636
0.20627802690582958,0.32982719759579204,0.0,0.0,0.0,0.035452611675726775
0.28475336322869954,0.6964688204357614,0.0,0.025974025974025976,0.0,0.02788938785157173
0.051569506726457395,0.53418482344102,0.0,0.012987012987012988,0.6,0.23351453557078702
0.07399103139013452,0.38767843726521356,0.0,0.0,0.5666666666666667,0.20255258804065235
0.23542600896860982,0.32531930879038207,0.0,0.0,0.03333333333333333,0.02788938785157173
0.26681614349775784,0.5984222389181042,0.0,0.012987012987012988,0.03333333333333333,0.025525880406523274
0.051569506726457395,0.5154019534184808,0.0,0.0,0.6,0.1453557078704798
0.0,0.7047332832456785,0.0,0.0,0.03333333333333333,0.018435358071377923
0.08071748878923765,0.6652892561983457,0.0,0.025974025974025976,0.0,0.03261640274166863
0.13452914798206275,0.5664913598797874,0.0,0.0,0.0,0.017726305837863388
0.0,0.6581517655897802,0.0,0.0,0.03333333333333333,0.009690380524698653
0.37668161434977576,0.49436513899323664,0.0,0.012987012987012988,0.0,0.038288820609784925
0.21748878923766815,0.543951915852741,0.0125,0.0,0.6,0.19404396123847792
0.0,0.5191585274229897,0.0,0.0,0.7333333333333333,0.17159064051051762
0.0695067264573991,0.7013523666416219,0.0,0.0,0.0,0.20893405814228316
0.0,0.6840721262208849,0.0,0.0,0.0,0.02292602221696998
0.08968609865470852,0.5736288504883529,0.0,0.012987012987012988,0.03333333333333333,0.02907114157409596
0.210762331838565,0.5146506386175798,0.0,0.012987012987012988,0.0,0.041361380288347904
0.3654708520179372,0.8256949661908326,0.0,0.012987012987012988,0.6333333333333333,0.183171826991255
0.2488789237668161,0.4939894815927861,0.0,0.0,0.6,0.1552824391396833
0.27578475336322866,0.643876784372651,0.0,0.0,0.6333333333333333,0.17939021507917752
0.10313901345291479,0.7716003005259182,0.0,0.0,0.0,0.03001654455211534
0.23766816143497754,0.3471074380165273,0.0,0.025974025974025976,0.5666666666666667,0.4937367052706216
0.12780269058295962,0.21562734785875115,0.0,0.9350649350649352,0.5333333333333333,0.6851808083195463
0.4192825112107623,0.3985725018782862,0.0,0.4675324675324676,0.0,0.49420940675963126
0.16591928251121074,0.6656649135987962,0.0125,0.012987012987012988,0.0,0.1548097376506736
0.0,0.4094665664913588,0.0,0.0,0.6,0.15433703616166392
0.11210762331838564,0.22764838467317716,0.0,0.0,0.7,0.16639092413141102
0.15022421524663676,0.48985725018782666,0.0,0.0,0.0,0.014417395414795557
0.14573991031390135,0.6329827197595783,0.0,0.0,0.0,0.024580477428503895
0.10313901345291479,0.6363636363636349,0.0,0.0,0.0,0.08744977546679272
0.0,0.4906085649887295,0.0,0.0,0.0,0.0056724178681162845
0.1412556053811659,0.7531930879038296,0.0,0.025974025974025976,0.0,0.03025289529662018
0.1771300448430493,0.5398196844477834,0.0,0.0,0.3333333333333333,0.08177735759867645
0.28475336322869954,0.26746806912096055,0.2,0.0,0.5666666666666667,0.47979201134483573
0.05605381165919282,0.605935386927122,0.0,0.0,0.0,0.27014890096903804
0.0,0.5281743050338079,0.0,0.012987012987012988,0.0,0.0867407232332782
0.13452914798206275,0.45229151014274827,0.0,0.24675324675324678,0.0,0.16331836445284803
0.6614349775784752,0.5338091660405695,0.0,0.0,0.0,0.24367761758449544
0.12331838565022421,0.7265214124718256,0.0,0.0,0.03333333333333333,0.0543606712361144
0.13677130044843047,0.41885800150262753,0.0,0.0,0.0,0.013944693925785867
0.0,0.6694214876033051,0.0,0.0,0.0,0.015362798392814936
0.17040358744394618,0.3459804658151757,0.4625,0.012987012987012988,0.5666666666666667,0.4559205861498464
0.12331838565022421,0.528925619834709,0.0,0.0,0.03333333333333333,0.017489955093358545
0.0,0.5319308790383168,0.0,0.0,0.0,0.021980619238950602
0.19955156950672642,0.44891059353869167,0.0,0.012987012987012988,0.6,0.1704088867879934
0.11434977578475335,0.524417731029299,0.0,0.0,0.6,0.23162372961474828
0.12107623318385649,0.53418482344102,0.0125,0.012987012987012988,0.6333333333333333,0.1616639092413141
0.09865470852017935,0.5631104432757308,0.0,0.0,0.03333333333333333,0.02528952966201843
0.13228699551569506,0.6540195341848225,0.0,0.0,0.0,0.02883479082959111
0.0,0.481217129977459,0.0125,0.0,0.6,0.18151737177972113
0.13677130044843047,0.7347858752817427,0.0,0.0,0.03333333333333333,0.09477664854644292
0.2286995515695067,0.25920360631104344,0.0,0.012987012987012988,0.5666666666666667,0.2606948711888442
0.1053811659192825,0.7359128474830943,0.0,0.0,0.0,0.03474355944221224
0.0,0.540946656649135,0.0,0.0,0.03333333333333333,0.008981328291184117
0.0,0.6040570999248676,0.0,0.0,0.0,0.017017253604348852
0.0,0.4271224643125464,0.0,0.0,0.5666666666666667,0.22146064760103995
0.0,0.6780616078136728,0.0,0.0,0.0,0.012762940203261639
0.24663677130044842,0.35311795642373944,0.0,0.0,0.0,0.021507917749940916
0.06502242152466367,0.6078136739293747,0.0,0.0,0.03333333333333333,0.019617111793902152
0.0,0.760330578512395,0.0,0.0,0.03333333333333333,0.02623493264003781
0.0,0.5191585274229897,0.0,0.0,0.0,0.02788938785157173
0.08295964125560537,0.603681442524417,0.0,0.0,0.03333333333333333,0.021035216260931223
0.21748878923766815,0.5465815176558966,0.0,0.012987012987012988,0.03333333333333333,0.035688962420231625
0.0,0.643876784372651,0.0,0.0,0.03333333333333333,0.022453320727960295
0.0874439461883408,0.38504883546205804,0.0,0.0,0.03333333333333333,0.08272276057669582
0.0,0.6498873027798631,0.0,0.0,0.0,0.019617111793902152
0.2443946188340807,0.5101427498121698,0.0,0.0,0.03333333333333333,0.03001654455211534
0.10986547085201794,0.5492111194590521,0.0,0.0,0.0,0.022689671472465138
0.08295964125560537,0.5052592036063093,0.0,0.0,0.36666666666666664,0.1087213424722288
0.21973094170403587,0.47783621337340243,0.0,0.025974025974025976,0.03333333333333333,0.06050579059324037
0.0,0.6115702479338836,0.0,0.0,0.0,0.028362089340581424
0.18834080717488788,0.32870022539443866,0.0,0.012987012987012988,0.0,0.030961947530134717
0.23991031390134526,0.7798647633358371,0.0,0.0,0.0,0.03757976837627038
0.15022421524663676,0.41172051089406203,0.0,0.012987012987012988,0.0,0.22335145355707872
0.13004484304932734,0.6063110443275725,0.0,0.0,0.03333333333333333,0.022216969983455445
0.07847533632286996,0.521412471825693,0.0,0.0,0.6,0.192389506026944
0.41255605381165916,0.4785875281743035,0.0,0.012987012987012988,0.0,0.0690144173954148
0.0,0.6224643125469562,0.0,0.0,0.0,0.022453320727960295
0.08295964125560537,0.7419233658903064,0.0,0.025974025974025976,0.0,0.02741668636256204
0.39910313901345285,0.373027798647632,0.0,0.4675324675324676,0.5666666666666667,0.5982037343417632
0.0,0.5920360631104415,0.0,0.0,0.0,0.023398723705979674
0.09641255605381165,0.4763335837715985,0.0,0.0,0.6,0.1510281257385961
0.0,0.5743801652892557,0.0,0.0,0.6333333333333333,0.2647128338454266
0.05381165919282511,0.3647633358377149,0.0,0.012987012987012988,0.0,0.16071850626329473
0.0,0.5161532682193819,0.0,0.0,0.6,0.2190971401559915
0.08520179372197309,0.652141247182568,0.0,0.0,0.03333333333333333,0.026943984873552346
0.0,0.6848234410217859,0.0,0.0,0.0,0.07563223824155046
0.13452914798206275,0.5743801652892557,0.0,0.0,0.03333333333333333,0.01678090285984401
0.0,0.608189331329827,0.0,0.0,0.03333333333333333,0.026707634129047503
0.0,0.5522163786626582,0.0,0.0,0.0,0.014653746159300403
0.5044843049327354,0.3692712246431231,0.0,0.0,0.0,0.4379579295674781
0.5403587443946187,0.3918106686701712,0.0125,0.025974025974025976,0.6,0.34294493027653034
0.3946188340807174,0.3489857250187818,0.0,0.0,0.6,0.38265185535334434
0.09865470852017935,0.6645379413974446,0.0,0.025974025974025976,0.0,0.020798865516426374
0.0,0.5905334335086394,0.0,0.0,0.0,0.14157409595840229
0.08295964125560537,0.5995492111194576,0.0,0.0,0.03333333333333333,0.03214370125265894
0.08520179372197309,0.6239669421487584,0.0,0.0,0.6333333333333333,0.17844481210115815
0.12556053811659193,0.6341096919609299,0.0,0.0,0.03333333333333333,0.03261640274166863
0.0,0.548459804658151,0.0,0.0,0.03333333333333333,0.012053887969747103
0.0,0.5815176558978195,0.0,0.0,0.0,0.025998581895532967
0.060538116591928245,0.6682945154019517,0.0,0.0,0.0,0.04821555187898842
0.08071748878923765,0.5518407212622076,0.0,0.0,0.0,0.02647128338454266
0.06278026905829596,0.43350864012020907,0.0,0.0,0.6,0.1281021035216261
0.2443946188340807,0.7028549962434241,0.0,0.012987012987012988,0.0,0.03970692507681399
0.24215246636771298,0.40984222389180935,0.47500000000000003,0.025974025974025976,0.6,0.4129047506499645
0.12331838565022421,0.5698722764838458,0.0,0.0,0.03333333333333333,0.03356180571968801
0.2443946188340807,0.7190082644628077,0.0,0.012987012987012988,0.03333333333333333,0.04065232805483337
0.1390134529147982,0.6949661908339593,0.0,0.012987012987012988,0.03333333333333333,0.02883479082959111
0.07847533632286996,0.3846731780616057,0.0,0.0,0.5666666666666667,0.1349562751122666
0.13677130044843047,0.5281743050338079,0.0,0.0,0.03333333333333333,0.022453320727960295
0.08071748878923765,0.661157024793388,0.0,0.0,0.0,0.03261640274166863
0.0695067264573991,0.3516153268219373,0.0,0.012987012987012988,0.5666666666666667,0.14441030489246043
0.11434977578475335,0.5852742299023284,0.0,0.0,0.3333333333333333,0.07965020089813284
0.12107623318385649,0.5202854996243413,0.025,0.0,0.5666666666666667,0.361852989836918
0.2825112107623318,0.42749812171299695,0.0,0.025974025974025976,0.5666666666666667,0.1803356180571969
0.0,0.9545454545454533,0.0,0.0,0.0,0.01819900732687308
0.289237668161435,0.5867768595041323,0.0,0.012987012987012988,0.36666666666666664,0.11321200661782085
0.0,0.5691209616829429,0.0,0.0,0.5333333333333333,0.13141101394469393
0.1390134529147982,0.5353117956423734,0.0,0.0,0.03333333333333333,0.019853462538406995
0.32735426008968604,0.5394440270473311,0.0,0.012987012987012988,0.0,0.048688253367998105
0.0,0.5379413974455289,0.0,0.0,0.0,0.024107775939494203
0.1390134529147982,0.4575507137490593,0.0,0.0,0.0,0.021271567005436066
0.13004484304932734,0.6547708489857236,0.0,0.4415584415584416,0.6,0.4353580713779248
0.05829596412556053,0.5345604808414706,0.0,0.0,0.6,0.1730087449775467
0.0,0.5747558226897045,0.0,0.0,0.0,0.005199716379106593
0.08295964125560537,0.5773854244928618,0.0,0.025974025974025976,0.0,0.03048924604112503
0.13228699551569506,0.692336589030802,0.0,0.0,0.0,0.03238005199716379
0.31390134529147984,0.08001502629601731,0.0,0.025974025974025976,0.0,0.03261640274166863
0.3609865470852018,0.6735537190082628,0.0,0.025974025974025976,0.0,0.04797920113448357
0.0,0.589406461307286,0.0,0.0,0.0,0.004490664145592059
0.0,0.6179564237415462,0.0,0.0,0.0,0.02481682817300874
0.0,0.5514650638617571,0.0,0.0,0.0,0.07043252186244388
0.07623318385650224,0.599173553719007,0.0,0.0,0.6,0.15599149137319782
0.28475336322869954,0.5510894064613066,0.0,0.012987012987012988,0.03333333333333333,0.02765303710706689
0.0,0.5116453794139737,0.0,0.0,0.6,0.13141101394469393
0.11659192825112107,0.5736288504883529,0.0,0.0,0.03333333333333333,0.017489955093358545
0.210762331838565,0.6220886551465057,0.0,0.0,0.0,0.036634365398251004
0.3116591928251121,0.5848985725018778,0.0,0.012987012987012988,0.03333333333333333,0.19475301347199245
0.15919282511210758,0.5852742299023284,0.0,0.012987012987012988,0.03333333333333333,0.0099267312692035
0.12107623318385649,0.6435011269722004,0.0,0.0,0.0,0.014653746159300403
0.0,0.6326070623591278,0.0,0.0,0.0,0.015362798392814936
0.12780269058295962,0.5090157776108182,0.0,0.0,0.0,0.020798865516426374
0.42825112107623314,0.18407212622088487,0.9625,0.012987012987012988,0.5333333333333333,0.8111557551406288
0.0,0.5078888054094648,0.0125,0.0,0.6,0.1548097376506736
0.4753363228699551,0.4094665664913588,0.0125,0.0,0.5666666666666667,0.25076813991964075
0.06726457399103138,0.750563486100674,0.0,0.0,0.0,0.08839517844481211
0.2982062780269058,0.5837716003005244,0.0,0.0,0.6333333333333333,0.20562514771921533
0.14798206278026904,0.540946656649135,0.0125,0.0,0.6,0.14937367052706219
0.17040358744394618,0.6100676183320797,0.0,0.012987012987012988,0.03333333333333333,0.10848499172772395
0.13004484304932734,0.593914350112696,0.0,0.012987012987012988,0.03333333333333333,0.021507917749940916
0.4551569506726457,0.43801652892561904,0.0125,0.9480519480519481,0.0,0.7872843299456393
0.12556053811659193,0.5101427498121698,0.0,0.0,0.03333333333333333,0.019617111793902152
0.0,0.5003756574004488,0.0,0.0,0.0,0.022689671472465138
0.0695067264573991,0.4151014274981204,0.0,0.0,0.6,0.15859134956275112
0.09417040358744394,0.5909090909090899,0.0,0.0,0.03333333333333333,0.029780193807610496
0.0,0.5097670924117192,0.0,0.0,0.03333333333333333,0.00685417159064051
0.13677130044843047,0.5770097670924095,0.0,0.0,0.03333333333333333,0.021271567005436066
0.2309417040358744,0.6630353117956407,0.025,0.0,0.6333333333333333,0.16757267785393526
0.12107623318385649,0.5330578512396684,0.0,0.025974025974025976,0.0,0.02907114157409596
0.2443946188340807,0.7329075882794882,0.0,0.025974025974025976,0.6333333333333333,0.17749940912313875
0.0,0.5623591284748297,0.0,0.0,0.6,0.2049160954857008
0.0,0.5807663410969184,0.0,0.0,0.0,0.004017962656582368
0.1614349775784753,0.5540946656649126,0.0,0.0,0.0,0.33727251240841405
0.12780269058295962,0.6851990984222365,0.0,0.0,0.03333333333333333,0.029780193807610496
0.10313901345291479,0.6239669421487584,0.0,0.012987012987012988,0.6,0.1971165209170409
0.2443946188340807,0.6337340345604794,0.0,0.0,0.0,0.047506499645473876
0.07399103139013452,0.5232907588279474,0.0,0.0,0.0,0.01418104467029071
0.06726457399103138,0.4248685199098414,0.0,0.0,0.0,0.06523280548333728
0.23318385650224213,0.4842223891810651,0.0,0.0,0.0,0.4358307728669345
0.09417040358744394,0.6029301277235142,0.0,0.0,0.0,0.05223351453557079
0.0,0.652141247182568,0.0,0.0,0.6333333333333333,0.1548097376506736
0.25560538116591924,0.589406461307286,0.0,0.012987012987012988,0.0,0.03521626093122193
0.13452914798206275,0.5473328324567976,0.0,0.0,0.03333333333333333,0.020798865516426374
0.34529147982062774,0.6671675432006001,0.0,0.012987012987012988,0.4,0.11675726778539353
0.07623318385650224,0.6720510894064606,0.0,0.0,0.0,0.02623493264003781
0.12107623318385649,0.5510894064613066,0.0,0.29870129870129875,0.6333333333333333,0.4627747577404869
0.08520179372197309,0.49699474079639216,0.0125,0.0,0.9,0.19640746868352635
0.07174887892376682,0.711870773854244,0.0,0.0,0.0,0.02623493264003781
0.3116591928251121,0.6547708489857236,0.0,0.025974025974025976,0.0,0.055306074214133784
0.10986547085201794,0.6697971450037556,0.0,0.0,0.0,0.029307492318600803
0.12780269058295962,0.7276483846731772,0.0,0.0,0.0,0.04325218624438667
0.0,0.6003005259203587,0.0,0.0,0.03333333333333333,0.062160245804774285
0.17040358744394618,0.6153268219383907,0.0,0.0,0.0,0.27322146064760106
0.11659192825112107,0.6724267468069094,0.0,0.0,0.0,0.21106121484282678
0.0,0.4079639368895549,0.0125,0.0,0.6,0.28905696052942564
0.0,0.5247933884297513,0.0,0.0,0.6,0.13684708106830537
0.0,0.5172802404207353,0.0,0.0,0.0,0.08295911132120067
0.3878923766816143,0.6021788129226131,0.0,0.0,0.36666666666666664,0.1087213424722288
0.2780269058295964,0.1540195341848225,0.45,0.0,0.5333333333333333,0.5982037343417632
0.09865470852017935,0.6048084147257686,0.0,0.0,0.6,0.16450011817537225
0.05829596412556053,0.5390683696468805,0.0,0.0,0.6,0.15457338690616876
0.11659192825112107,0.6044327573253181,0.0,0.0,0.0,0.023398723705979674
0.0,0.5281743050338079,0.0,0.0,0.6,0.33349090049633656
0.1547085201793722,0.53869271224643,0.0,0.012987012987012988,0.03333333333333333,0.03876152209879461
0.05381165919282511,0.46506386175807535,0.0,0.0,0.0,0.07066887260694872
0.0,0.6735537190082628,0.0,0.0,0.0,0.022689671472465138
0.0,0.6010518407212615,0.0,0.0,0.6333333333333333,0.13731978255731506
0.0,0.5428249436513877,0.0,0.0,0.03333333333333333,0.015599149137319782
0.24663677130044842,0.5281743050338079,0.0,0.025974025974025976,0.0,0.027180335618057196
0.24215246636771298,0.6701728024042062,0.0,0.0,0.03333333333333333,0.033089104230678325
0.0,0.6746806912096144,0.0,0.0,0.03333333333333333,0.017726305837863388
0.0,0.8110443275732528,0.0,0.0,0.03333333333333333,0.022689671472465138
0.21748878923766815,0.3354620586025536,0.0,0.0,0.5666666666666667,0.38005199716379107
0.12780269058295962,0.5308039068369634,0.0125,0.0,0.6,0.15197352871661549
0.0,0.4819684447783601,0.0,0.0,0.0,0.008035925313164735
0.09417040358744394,0.6878287002253938,0.0,0.0,0.0,0.024107775939494203
0.0,0.535687453042824,0.0,0.0,0.03333333333333333,0.009217679035688963
0.0,0.5676183320811408,0.0,0.0,0.0,0.017962656582368237
0.26681614349775784,0.6029301277235142,0.0,0.012987012987012988,0.03333333333333333,0.03970692507681399
0.210762331838565,0.7761081893313282,0.0,0.0,0.0,0.04325218624438667
0.2690582959641255,0.521412471825693,0.0125,0.0,0.0,0.029543843063105646
0.19955156950672642,0.6292261457550712,0.0,0.0,0.0,0.0569605294256677
0.0,0.5649887302779852,0.0,0.0,0.6333333333333333,0.1479555660600331
0.08520179372197309,0.5522163786626582,0.0,0.0,0.0,0.024344126683999052
0.06502242152466367,0.5304282494365129,0.0,0.0,0.0,0.013708343181281021
0.07399103139013452,0.5274229902329068,0.0125,0.0,0.6,0.3181281021035216
0.0,0.4774605559729501,0.0,0.0,0.6,0.25053178917513585
0.26681614349775784,0.5330578512396684,0.0,0.025974025974025976,0.03333333333333333,0.033089104230678325
0.051569506726457395,0.6096919609316291,0.0,0.0,0.0,0.0172536043488537
0.08968609865470852,0.5578512396694197,0.0,0.0,0.6,0.1652091704088868
0.1053811659192825,0.5172802404207353,0.0,0.0,0.0,0.019617111793902152
0.0874439461883408,0.6378662659654388,0.0,0.0,0.0,0.02647128338454266
0.14349775784753363,0.4387678437265201,0.0,0.012987012987012988,0.6,0.3105648782793666
0.05829596412556053,0.05597295266716529,0.0,0.0,0.0,0.01914441030489246
0.37668161434977576,0.4695717505634853,0.0,0.012987012987012988,0.03333333333333333,0.09430394705743324
0.08968609865470852,0.4725770097670914,0.0,0.0,0.6,0.1510281257385961
0.06726457399103138,0.6130728775356857,0.0,0.0,0.0,0.18789884188135192
0.25560538116591924,0.5424492862509389,0.0,0.0,0.03333333333333333,0.01819900732687308
0.10762331838565022,0.543951915852741,0.0,0.0,0.6,0.1678090285984401
0.10089686098654707,0.6187077385424491,0.0,0.0,0.03333333333333333,0.015835499881824623
0.06278026905829596,0.5150262960180303,0.0,0.0,0.6,0.1564641928622075
0.10313901345291479,0.5646130728775347,0.0,0.0,0.6,0.15811864807374143
0.0,0.49812171299774555,0.0,0.0,0.03333333333333333,0.040415977310328526
0.11434977578475335,0.6322314049586755,0.0,0.0,0.6333333333333333,0.16095485700779957
0.12107623318385649,0.4879789631855722,0.0,0.0,0.03333333333333333,0.0392342235878043
0.10986547085201794,0.5736288504883529,0.0,0.0,0.6333333333333333,0.16024580477428504
0.09417040358744394,0.6761833208114183,0.0,0.0,0.1,0.0789411486646183
0.10089686098654707,0.5785123966942134,0.0,0.0,0.0,0.014417395414795557
0.2443946188340807,0.48534936138241846,0.0,0.025974025974025976,0.6,0.15173717797211064
0.3497757847533632,0.6882043576258443,0.0,0.012987012987012988,0.03333333333333333,0.04419758922240605
0.390134529147982,0.33583771600300416,0.0,0.0,0.0,0.06759631292838574
0.226457399103139,0.6288504883546189,0.0,0.0,0.03333333333333333,0.03781611912077523
0.36995515695067266,0.428249436513898,0.0,0.012987012987012988,0.6,0.24651382651855355
0.10313901345291479,0.5683696468820418,0.0,0.025974025974025976,0.0,0.045379342944930276
0.05381165919282511,0.48873027798647506,0.0,0.0,0.0,0.030961947530134717
0.09865470852017935,0.5112697220135214,0.0,0.0,0.0,0.017726305837863388
0.5358744394618833,0.5649887302779852,0.0,0.012987012987012988,0.4,0.16473646891987712
0.26681614349775784,0.20323065364387638,0.0,0.4415584415584416,0.0,0.36279839281493736
0.15022421524663676,0.5826446280991728,0.0125,0.012987012987012988,0.6333333333333333,0.21626093122193335
0.09192825112107623,0.30578512396694,0.0,0.0,0.0,0.013708343181281021
0.10986547085201794,0.6844477836213354,0.0,0.0,0.0,0.03521626093122193
0.0,0.5277986476333574,0.0,0.0,0.6,0.1772630583786339
0.0,0.6821938392186322,0.0,0.0,0.03333333333333333,0.026707634129047503
0.07847533632286996,0.6209616829451523,0.0,0.0,0.6,0.15859134956275112
0.23318385650224213,0.5495867768595026,0.0,0.025974025974025976,0.03333333333333333,0.1186480737414323
0.10313901345291479,0.6495116453794125,0.0,0.012987012987012988,0.6333333333333333,0.21838808792247696
0.34753363228699546,0.3809166040570986,0.0,0.025974025974025976,0.03333333333333333,0.08744977546679272
0.0,0.5503380916604037,0.0,0.0,0.0,0.009217679035688963
0.6748878923766816,0.31705484598046496,0.35000000000000003,0.012987012987012988,1.0,0.5369888915150083
0.13228699551569506,0.4444027047332817,0.0,0.0,0.0,0.01678090285984401
0.0,0.5251690458302019,0.0,0.0,0.0,0.030725596785629875
0.13452914798206275,0.9372652141247162,0.0,0.0,0.0,0.02788938785157173
0.1973094170403587,0.34748309541697964,0.0,0.025974025974025976,0.0,0.05932403687071614
0.37443946188340804,0.5037565740045071,0.47500000000000003,0.012987012987012988,0.0,0.3030016544552115
0.11210762331838564,0.5736288504883529,0.0,0.0,0.0,0.0491609548570078
0.08520179372197309,0.36175807663410886,0.0,0.012987012987012988,0.5666666666666667,0.1616639092413141
0.7152466367713004,0.6502629601803154,0.0,0.0,0.03333333333333333,0.07114157409595841
0.0,0.8399699474079618,0.0,0.0,0.6,0.15457338690616876
0.0,0.6265965439519139,0.0,0.0,0.0,0.028598440085086267
0.0,0.6074380165289242,0.0,0.0,0.0,0.017962656582368237
0.07174887892376682,0.5912847483095405,0.0,0.0,0.0,0.11250295438430633
0.0,0.5187828700225392,0.0,0.0,0.03333333333333333,0.02528952966201843
0.0,0.6202103681442512,0.0,0.0,0.0,0.016544552115339166
0.23542600896860982,0.4962434259954911,0.0,0.012987012987012988,0.0,0.022689671472465138
0.3161434977578475,0.5987978963185565,0.0,0.012987012987012988,0.0,0.03332545497518317
0.14573991031390135,0.6773102930127717,0.0,0.0,0.0,0.04088867879933821
0.09865470852017935,0.19759579263711302,0.0,0.9220779220779222,0.5666666666666667,0.9690380524698654
0.10089686098654707,0.3621337340345594,0.0,0.0,0.0,0.028362089340581424
0.23542600896860982,0.6138241923365886,0.0,0.0,0.03333333333333333,0.040415977310328526
0.10089686098654707,0.5792637114951145,0.0,0.0,0.6,0.18057196880170173
0.24663677130044842,0.521412471825693,0.0,0.0,0.0,0.02528952966201843
0.0,0.5052592036063093,0.0,0.0,0.0,0.03994327582131883
0.0,0.49436513899323664,0.0,0.0,0.6333333333333333,0.172536043488537
0.21748878923766815,0.47107438016528747,0.0,0.012987012987012988,0.5666666666666667,0.286929803828882
0.05829596412556053,0.5860255447032294,0.0,0.0,0.9333333333333333,0.2968565350980855
0.18161434977578475,0.5082644628099171,0.48750000000000004,0.0,0.5666666666666667,0.49775466792720396
0.05381165919282511,0.5127723516153253,0.0,0.0,0.6333333333333333,0.1437012526589459
0.07623318385650224,0.4830954169797135,0.0125,0.0,0.03333333333333333,0.076341290475065
0.0,0.5330578512396684,0.0,0.0,0.0,0.009690380524698653
0.210762331838565,0.5259203606311029,0.0,0.0,0.36666666666666664,0.09264949184589932
0.0,0.8253193087903821,0.0,0.0,0.0,0.023871425194989367
0.2825112107623318,0.7310293012772338,0.0,0.025974025974025976,0.0,0.0392342235878043
0.10986547085201794,0.25206611570247794,0.0,0.0,0.0,0.05199716379106594
0.15919282511210758,0.5740045078888052,0.0,0.025974025974025976,0.03333333333333333,0.010399432758213189
0.23542600896860982,0.5165289256198342,0.0,0.0,0.6,0.5133538170645238
0.08071748878923765,0.6187077385424491,0.0125,0.012987012987012988,0.0,0.03332545497518317
0.0,0.5075131480090143,0.0,0.0,0.6,0.1370834318128102
0.0,0.5383170548459795,0.0,0.0,0.0,0.008981328291184117
0.05605381165919282,0.6848234410217859,0.0,0.0,0.6333333333333333,0.17371779721106123
0.2533632286995516,0.5766341096919589,0.0,0.025974025974025976,0.0,0.03592531316473647
0.07623318385650224,0.6795642374154767,0.0,0.0,0.0,0.05294256676908533
0.2219730941704036,0.5154019534184808,0.0,0.0,0.0,0.08839517844481211
0.0,0.6408715251690449,0.0,0.0,0.03333333333333333,0.020326164027416688
0.09192825112107623,0.5112697220135214,0.0,0.0,0.6333333333333333,0.14039234223587804
0.05829596412556053,0.5293012772351613,0.0,0.0,0.6,0.16190025998581895
0.09865470852017935,0.6833208114199838,0.0,0.012987012987012988,0.0,0.03427085795320255
0.0,0.5477084898572482,0.0,0.0,0.0,0.08083195462065706
0.13004484304932734,0.4842223891810651,0.0,0.0,0.6,0.1427558496809265
0.12556053811659193,0.416228399699472,0.0,0.0,0.6,0.32687307965020085
0.08295964125560537,0.7426746806912075,0.0,0.0,0.6333333333333333,0.21318837154337036
0.13228699551569506,0.5413223140495855,0.0,0.0,0.03333333333333333,0.021035216260931223
0.09192825112107623,0.7513148009015769,0.0,0.0,0.03333333333333333,0.025762231151028124
0.3430493273542601,0.6592787377911336,0.0,0.012987012987012988,0.03333333333333333,0.04088867879933821
0.0,0.8332081141998486,0.0,0.0,0.0,0.07090522335145356
0.09417040358744394,0.7208865514650622,0.0,0.025974025974025976,0.0,0.051288111557551405
0.060538116591928245,0.5642374154770824,0.0,0.0,0.6,0.21200661782084615
0.0,0.5725018782870013,0.0,0.0,0.0,0.009217679035688963
0.0,0.4552967693463561,0.0,0.0,0.5666666666666667,0.19215315528243915
0.0,0.5477084898572482,0.0,0.012987012987012988,0.0,0.017017253604348852
0.1390134529147982,0.4455296769346333,0.0,0.0,0.0,0.06428740250531789
0.27354260089686094,0.5503380916604037,0.0,0.025974025974025976,0.0,0.01914441030489246
0.29372197309417036,0.5308039068369634,0.0,0.025974025974025976,0.03333333333333333,0.07657764121956985
0.07847533632286996,0.4233658903080375,0.0,0.0,0.0,0.034034507208697704
0.1053811659192825,0.6867017280240404,0.0,0.0,0.6333333333333333,0.1756086031671
0.0874439461883408,0.39706987227648227,0.0,0.0,0.0,0.22855116993618532
0.11210762331838564,0.6867017280240404,0.0,0.0,0.0,0.02765303710706689
0.08520179372197309,0.2915101427498108,0.0,0.012987012987012988,0.0,0.012053887969747103
0.2713004484304932,0.5247933884297513,0.0,0.025974025974025976,0.6,0.21437012526589458
0.16367713004484302,0.5661157024793368,0.0,0.0,0.0,0.15764594658473174
0.16816143497757846,0.41585274229902147,0.0,0.0,0.13333333333333333,0.043015835499881826
0.14349775784753363,0.5694966190833952,0.0,0.0,0.03333333333333333,0.01914441030489246
0.0,0.4819684447783601,0.0,0.0,0.0,0.13212006617820846
0.3251121076233183,0.32043576258452156,0.47500000000000003,0.0,0.7,0.4311037579768376
0.47085201793721965,0.6341096919609299,0.0,0.0,0.03333333333333333,0.15031907350508156
0.21748878923766815,0.41209616829451434,0.0,0.0,0.6,0.24225951311746632
0.11210762331838564,0.4436513899323806,0.0,0.0,0.6,0.14441030489246043
0.13677130044843047,0.485725018782869,0.0,0.0,0.03333333333333333,0.023871425194989367
0.0,0.44290007513147955,0.0,0.0,0.6,0.13944693925785867
0.2130044843049327,0.5954169797144999,0.0,0.0,0.6,0.1897896478373907
0.0,0.7167543200601028,0.0,0.0,0.0,0.08343181281021037
0.12331838565022421,0.4703230653643864,0.0,0.0,0.6,0.14488300638147011
0.0,0.5071374906085637,0.0,0.0,0.6,0.14181044670290713
0.0,0.48647633358377007,0.0,0.0,0.03333333333333333,0.06334199952729852
0.1547085201793722,0.6908339594289998,0.0,0.0,0.0,0.02505317891751359
0.15695067264573992,0.23253193087903767,0.0125,0.0,0.3333333333333333,0.3105648782793666
0.0,0.3501126972201334,0.0,0.0,0.0,0.0028362089340581414
0.4237668161434977,0.4924868519909822,0.0,0.012987012987012988,0.36666666666666664,0.10068541715906407
0.0,0.4729526671675419,0.0125,0.0,0.6,0.2973292365870952
0.1905829596412556,0.6280991735537178,0.0,0.0,0.0,0.03876152209879461
0.10762331838565022,0.4068369646882033,0.4625,0.0,0.16666666666666666,0.3625620420704325
0.0,0.6570247933884286,0.0,0.0,0.6333333333333333,0.1531552824391397
0.7219730941704036,0.5740045078888052,0.025,0.012987012987012988,0.6,0.23776884897187425
0.25112107623318386,0.5559729526671653,0.0,0.012987012987012988,0.0,0.023635074450484517
0.060538116591928245,0.5788880540946639,0.0,0.0,0.6,0.16639092413141102
0.14349775784753363,0.43012772351615247,0.0,0.37662337662337664,0.03333333333333333,0.3991964074686835
0.2959641255605381,0.5664913598797874,0.0,0.025974025974025976,0.0,0.07775939494209408
0.1771300448430493,0.43012772351615247,0.025,0.9610389610389611,0.03333333333333333,0.5915859134956275
0.0,0.23403456048083981,0.0,0.0,0.5666666666666667,0.12975655873316
0.060538116591928245,0.4984973703981961,0.0125,0.025974025974025976,0.6,0.1751359016780903
0.08968609865470852,0.4211119459053325,0.0,0.0,0.6,0.1871897896478374
0.12331838565022421,0.8268219383921842,0.0,0.0,0.03333333333333333,0.029307492318600803
0.21524663677130043,0.5270473328324563,0.0,0.012987012987012988,0.0,0.09264949184589932
0.06502242152466367,0.5927873779113444,0.0,0.0,0.6333333333333333,0.19853462538406996
0.2959641255605381,0.7700976709241161,0.0,0.0,0.6333333333333333,0.17229969274403215
0.06502242152466367,0.4541697971450027,0.4625,0.012987012987012988,0.6,0.4169227133065469
0.0,0.7836213373403442,0.0,0.0,0.0,0.017017253604348852
0.11883408071748877,0.5093914350112687,0.0,0.0,0.6,0.22051524462302058
0.0,0.6938392186326059,0.0,0.0,0.0,0.020089813282911838
0.11883408071748877,0.5897821187077366,0.0,0.0,0.6,0.1652091704088868
0.1053811659192825,0.5330578512396684,0.0,0.0,0.5666666666666667,0.36043488536988894
0.13677130044843047,0.707362885048834,0.0,0.0,0.6333333333333333,0.18104467029071145
0.2825112107623318,0.5210368144252442,0.0,0.18181818181818182,0.6,0.28243913968329
0.09417040358744394,0.6431254695717499,0.0,0.0,0.0,0.03025289529662018
0.0,0.6487603305785115,0.0,0.0,0.0,0.0543606712361144
0.2690582959641255,0.4293764087152496,0.0,0.0,0.03333333333333333,0.19522571496100213
0.0,0.7242674680691206,0.0,0.0,0.0,0.1463011108484992
0.30493273542600896,0.6093163035311786,0.0,0.0,0.0,0.16071850626329473
0.10089686098654707,0.45454545454545325,0.0,0.0,0.5666666666666667,0.2982746395651146
0.10313901345291479,0.6228399699474068,0.0,0.0,0.0,0.047506499645473876
0.13228699551569506,0.49699474079639216,0.0,0.012987012987012988,0.0,0.02056251477192153
0.21524663677130043,0.4237415477084898,0.0,0.0,0.03333333333333333,0.049870007090522334
0.09192825112107623,0.473703981968443,0.0,0.0,0.6,0.1463011108484992
0.23542600896860982,0.483471074380164,0.0,0.012987012987012988,0.0,0.02174426849444576
0.2645739910313901,0.697595792637113,0.0,0.0,0.03333333333333333,0.040179626565823676
0.14349775784753363,0.6795642374154767,0.0,0.0,0.03333333333333333,0.032852753486173475
0.21524663677130043,0.6716754320060101,0.0,0.012987012987012988,0.03333333333333333,0.025998581895532967
0.0,0.7738542449286232,0.0,0.0,0.0,0.024107775939494203
0.3251121076233183,0.5721262208865507,0.0,0.025974025974025976,0.03333333333333333,0.03757976837627038
0.0,0.5691209616829429,0.0,0.0,0.03333333333333333,0.009454029780193806
0.0,0.28625093914349975,0.0,0.0,0.0,0.005436067123611438
0.09641255605381165,0.5942900075131465,0.0,0.0,0.6333333333333333,0.1604821555187899
0.0695067264573991,0.5616078136739286,0.0,0.012987012987012988,0.03333333333333333,0.016071850626329473
0.1053811659192825,0.6258452291510128,0.0,0.0,0.03333333333333333,0.030961947530134717
0.3094170403587444,0.5901577761081871,0.0,0.0,0.4,0.09595840226896715
0.10986547085201794,0.48948159278737613,0.0,0.012987012987012988,0.6333333333333333,0.16119120775230442
0.5605381165919282,0.4797145003756551,0.28750000000000003,0.012987012987012988,0.4,0.2850389978728433
0.08071748878923765,0.6228399699474068,0.0,0.0,0.6,0.15244623020562517
0.16591928251121074,0.5627347858752803,0.0,0.012987012987012988,0.0,0.0444339399669109
0.05829596412556053,0.377535687453042,0.0,0.0,0.6,0.21886078941148665
0.2130044843049327,0.3576258452291494,0.0,0.0,0.0,0.03639801465374616
0.05829596412556053,0.5,0.0,0.0,0.6,0.135901678090286
0.12556053811659193,0.46055597295266537,0.0,0.025974025974025976,0.6,0.16355471519735287
0.08520179372197309,0.6179564237415462,0.0,0.012987012987012988,0.03333333333333333,0.027180335618057196
0.0,0.5401953418482339,0.0,0.0,0.5666666666666667,0.1971165209170409
0.11210762331838564,0.5161532682193819,0.0,0.0,0.0,0.0314346490191444
0.13228699551569506,0.8538692712246423,0.0,0.0,0.0,0.028598440085086267
0.0,0.601427498121712,0.0,0.0,0.0,0.018671708815882766
0.0,0.7201352366641611,0.0,0.0,0.03333333333333333,0.02174426849444576
0.10762331838565022,0.5492111194590521,0.0,0.0,0.6,0.15930040179626564
0.22421524663677128,0.6882043576258443,0.0,0.0,0.0,0.03852517135428977
0.25784753363228696,0.40157776108189225,0.0,0.012987012987012988,0.5666666666666667,0.37296147482864567
0.11434977578475335,0.6885800150262948,0.0,0.0,0.0,0.04207043252186244
0.31838565022421517,0.6258452291510128,0.0,0.0,0.03333333333333333,0.06310564878279366
0.060538116591928245,0.5071374906085637,0.0,0.0,0.6,0.39092413141101395
0.060538116591928245,0.29338842975206525,0.0,0.025974025974025976,0.5666666666666667,0.1652091704088868
0.46636771300448426,0.4256198347107425,0.0,0.012987012987012988,0.0,0.1510281257385961
0.1748878923766816,0.6990984222389169,0.0,0.0,0.6333333333333333,0.21082486409832193
0.10762331838565022,0.5229151014274969,0.0,0.0,0.6,0.32663672890569606
0.34753363228699546,0.5469571750563471,0.0,0.012987012987012988,0.6,0.21626093122193335
0.08968609865470852,0.3268219383921842,0.0,0.0,0.5666666666666667,0.13542897660127629
0.1053811659192825,0.6213373403456028,0.0,0.0,0.6333333333333333,0.16190025998581895
0.12331838565022421,0.5574755822689692,0.0,0.012987012987012988,0.03333333333333333,0.079413850153628
0.0,0.18895567242674538,0.0,0.0,0.5333333333333333,0.14039234223587804
0.1390134529147982,0.7077385424492846,0.0,0.0,0.0,0.04963365634601749
0.3946188340807174,0.49586776859504056,0.0,0.012987012987012988,0.0,0.03521626093122193
0.2130044843049327,0.7276483846731772,0.0,0.025974025974025976,0.0,0.08390451429922005
0.0,0.5664913598797874,0.0,0.0,0.6,0.15079177499409124
0.21524663677130043,0.3388429752066102,0.0,0.025974025974025976,0.0,0.04254313401087213
0.17264573991031387,0.8159278737791116,0.0,0.0,0.03333333333333333,0.1616639092413141
0.22421524663677128,0.552967693463561,0.0,0.012987012987012988,0.03333333333333333,0.030961947530134717
0.0,0.5691209616829429,0.0,0.0,0.03333333333333333,0.014417395414795557
0.0,0.4725770097670914,0.0,0.0,0.03333333333333333,0.007799574568659888
0.06278026905829596,0.6220886551465057,0.0,0.0,0.0,0.022216969983455445
0.0,0.522163786626594,0.0,0.0,0.0,0.02292602221696998
0.13452914798206275,0.6303531179564228,0.0,0.0,0.03333333333333333,0.05506972346962893
0.1771300448430493,0.5353117956423734,0.0,0.0,0.0,0.030725596785629875
0.10762331838565022,0.44402704733283116,0.0125,0.0,0.0,0.2772394233041834
0.14798206278026904,0.6634109691960912,0.0,0.012987012987012988,0.0,0.034034507208697704
0.36771300448430494,0.22238918106686612,0.0,0.012987012987012988,0.0,0.39541479555660597
0.2286995515695067,0.4436513899323806,0.0,0.03896103896103896,0.0,0.10328527534861735
0.05605381165919282,0.6326070623591278,0.48750000000000004,0.0,0.6333333333333333,0.4679744741195935
0.1390134529147982,0.48271975957926294,0.0,0.0,0.6,0.2354053415268258
0.1053811659192825,0.6510142749812147,0.0,0.0,0.6333333333333333,0.15244623020562517
0.06278026905829596,0.4432757325319301,0.0,0.0,0.5666666666666667,0.18648073741432286
0.1748878923766816,0.5653643876784358,0.0,0.0,0.7333333333333333,0.22595131174663202
0.0695067264573991,0.5552216378662642,0.0,0.0,0.0,0.16709997636492555
0.12556053811659193,0.4293764087152496,0.0,0.4675324675324676,0.5666666666666667,0.40817773575986765
0.210762331838565,0.4906085649887295,0.0,0.0,0.5666666666666667,0.2703852517135429
0.10313901345291479,0.5135236664162264,0.0,0.012987012987012988,0.5666666666666667,0.14157409595840229
0.3609865470852018,0.5593538692712237,0.0,0.4675324675324676,0.6,0.4438666981800993
0.0,0.5619834710743792,0.0,0.0,0.0,0.011344835736232567
0.11210762331838564,0.4879789631855722,0.0,0.0,0.0,0.014890096903805246
0.49551569506726456,0.483471074380164,0.5,0.025974025974025976,0.0,0.33750886315291895
0.2488789237668161,0.42637114951164357,0.0,0.0,0.0,0.22476955802410778
0.0,0.6051840721262192,0.0125,0.0,0.6,0.17702670763412906
0.0,0.5901577761081871,0.0,0.0,0.03333333333333333,0.00638147010163082
0.2623318385650224,0.605935386927122,0.0,0.012987012987012988,0.0,0.02883479082959111
0.0,0.5984222389181042,0.0,0.0,0.03333333333333333,0.01110848499172772
0.05829596412556053,0.48534936138241846,0.0,0.0,0.16666666666666666,0.03757976837627038
0.2914798206278027,0.6990984222389169,0.0,0.012987012987012988,0.03333333333333333,0.041361380288347904
0.12780269058295962,0.9999999999999982,0.0,0.0,0.0,0.033089104230678325
0.0,0.6190833959428979,0.0,0.0,0.6,0.14819191680453794
0.08071748878923765,0.41585274229902147,0.0,0.49350649350649356,0.6,0.4207043252186244
0.0,0.5736288504883529,0.0,0.0,0.0,0.024580477428503895
0.0,0.6570247933884286,0.0,0.0,0.03333333333333333,0.009454029780193806
0.13452914798206275,0.469196093163033,0.0,0.38961038961038963,0.03333333333333333,0.3691798629165682
0.0,0.5815176558978195,0.0,0.0,0.0,0.003781611912077522
0.24663677130044842,0.6021788129226131,0.0,0.025974025974025976,0.0,0.04514299220042543
0.07399103139013452,0.428249436513898,0.0,0.0,0.6,0.15670054360671234
0.08968609865470852,0.7268970698722761,0.0,0.0,0.0,0.031907350508154096
0.0,0.5702479338842963,0.0,0.0,0.0,0.003545261167572677
0.12780269058295962,0.36025544703230494,0.0,0.012987012987012988,0.5666666666666667,0.29023871425194986
0.12107623318385649,0.5349361382419211,0.0,0.0,0.6,0.2866934530843772
0.5627802690582959,0.47708489857250136,0.0,0.012987012987012988,0.0,0.15764594658473174
0.20403587443946186,0.6123215627347847,0.0,0.0,0.0,0.05459702198061924
0.15695067264573992,0.5698722764838458,0.0,0.0,0.0,0.03214370125265894
0.0,0.44740796393688775,0.0,0.4285714285714286,0.6,0.37296147482864567
0.0,0.4988730277986466,0.0,0.0,0.0,0.015835499881824623
0.0,0.6419984973703965,0.0,0.0,0.03333333333333333,0.04230678326636729
0.0,0.5969196093163021,0.0,0.0,0.0,0.009217679035688963
0.08968609865470852,0.4271224643125464,0.0,0.0,0.5666666666666667,0.15457338690616876
0.25112107623318386,0.5555972952667148,0.0,0.025974025974025976,0.0,0.0392342235878043
0.09865470852017935,0.7952667167543179,0.0,0.0,0.6333333333333333,0.1678090285984401
0.10986547085201794,0.4785875281743035,0.0,0.0,0.0,0.017962656582368237
0.060538116591928245,0.5469571750563471,0.0125,0.06493506493506494,0.6,0.2892933112739305
0.0,0.5717505634861002,0.0,0.0,0.6,0.3112739305128811
0.2085201793721973,0.5837716003005244,0.0,0.012987012987012988,0.6,0.1798629165681872
0.28475336322869954,0.4459053343350856,0.0,0.012987012987012988,0.03333333333333333,0.041597731032852754
0.12107623318385649,0.521412471825693,0.0,0.012987012987012988,0.5666666666666667,0.16544552115339164
0.1614349775784753,0.6273478587528167,0.0,0.025974025974025976,0.0,0.01110848499172772
0.34529147982062774,0.45567242674680664,0.0,0.012987012987012988,0.6,0.17395414795556607
0.13677130044843047,0.6243425995492107,0.0,0.012987012987012988,0.03333333333333333,0.022216969983455445
0.17040358744394618,0.5383170548459795,0.0,0.0,0.0,0.011817537225242257
0.289237668161435,0.644628099173552,0.0,0.012987012987012988,0.0,0.047742850389978726
0.6210762331838565,0.5882794891059344,0.0,0.012987012987012988,0.0,0.2450957220515245
0.1928251121076233,0.6273478587528167,0.0,0.0,0.0,0.15268258095013001
0.09192825112107623,0.6096919609316291,0.0,0.025974025974025976,0.6,0.15433703616166392
0.17937219730941703,0.4767092411720508,0.0,0.0,0.4,0.09123138737887025
0.13452914798206275,0.5146506386175798,0.0,0.012987012987012988,0.0,0.03474355944221224
0.23542600896860982,0.39444027047332675,0.0,0.012987012987012988,0.0,0.03261640274166863
0.0,0.5108940646130709,0.0,0.0,0.0,0.015835499881824623
0.0,0.6265965439519139,0.0,0.0,0.03333333333333333,0.02292602221696998
0.0,0.5052592036063093,0.0,0.0,0.6,0.16544552115339164
0.0,0.40383170548459724,0.0,0.0,0.5666666666666667,0.17631765540061453
0.0,0.6329827197595783,0.0,0.0,0.6,0.1803356180571969
0.35874439461883406,0.5995492111194576,0.0125,0.025974025974025976,0.6333333333333333,0.1871897896478374
0.08295964125560537,0.48497370398196793,0.0125,0.0,0.5666666666666667,0.19735287166154575
0.3004484304932735,0.5060105184072121,0.0,0.012987012987012988,0.0,0.08437721578822974
0.06726457399103138,0.5807663410969184,0.0125,0.0,0.03333333333333333,0.15197352871661549
0.07174887892376682,0.7220135236664156,0.0,0.0,0.6333333333333333,0.16190025998581895
0.07847533632286996,0.48760330578512345,0.0,0.0,0.6,0.19546206570550698
0.14573991031390135,0.6262208865514634,0.0,0.0,0.03333333333333333,0.03639801465374616
0.0,0.4928625093914345,0.0,0.0,0.03333333333333333,0.00023635074450484468
0.17264573991031387,0.5003756574004488,0.0,0.0,0.6,0.20822500590876863
0.06278026905829596,0.42862509391434855,0.0,0.0,0.6,0.1489009690380525
0.0,0.6115702479338836,0.0,0.0,0.6,0.37367052706216025
0.26681614349775784,0.5709992486851974,0.0,0.025974025974025976,0.6333333333333333,0.21271567005436068
0.0,0.6205860255447018,0.0,0.0,0.0,0.02623493264003781
0.10089686098654707,0.5063861758076627,0.0,0.012987012987012988,0.6,0.1489009690380525
0.060538116591928245,0.5664913598797874,0.0,0.0,0.0,0.06357835027180336
0.08520179372197309,0.4924868519909822,0.0,0.0,0.6,0.14653746159300404
0.21524663677130043,0.644628099173552,0.0,0.012987012987012988,0.0,0.031907350508154096
0.2982062780269058,0.22426746806912057,0.0,0.0,0.9333333333333333,0.2450957220515245
0.20627802690582958,0.6359879789631844,0.0,0.025974025974025976,0.0,0.03332545497518317
0.20627802690582958,0.5120210368144242,0.0,0.012987012987012988,0.0,0.0491609548570078
0.051569506726457395,0.6078136739293747,0.0,0.0,0.6,0.1548097376506736
0.2219730941704036,0.26972201352366554,0.0,0.0,0.0,0.02528952966201843
0.0,0.47821187077385297,0.0,0.0,0.6,0.16379106594185772
0.06502242152466367,0.5927873779113444,0.0,0.0,0.6,0.15268258095013001
0.2982062780269058,0.6108189331329807,0.0125,0.0,0.0,0.169463483809974
0.1928251121076233,0.36626596543951884,0.0,0.012987012987012988,0.0,0.03497991018671709
0.35650224215246634,0.7561983471074374,0.0,0.012987012987012988,0.03333333333333333,0.05294256676908533
0.051569506726457395,0.3238166791885799,0.0,0.0,0.0,0.021507917749940916
0.12331838565022421,0.5912847483095405,0.0,0.0,0.0,0.043015835499881826
0.26681614349775784,0.418482344102177,0.0,0.0,0.6,0.17797211061214843
0.0,0.6412471825694954,0.0,0.0,0.03333333333333333,0.021980619238950602
0.05605381165919282,0.6089406461307263,0.0,0.0,0.03333333333333333,0.008035925313164735
0.10089686098654707,0.7325319308790377,0.0,0.0,0.0,0.031907350508154096
0.1053811659192825,0.5848985725018778,0.0,0.0,0.0,0.0172536043488537
0.0,0.6574004507888791,0.0,0.0,0.0,0.017726305837863388
0.06726457399103138,0.7426746806912075,0.0,0.0,0.0,0.02292602221696998
0.553811659192825,0.6164537941397441,0.0,0.0,0.43333333333333335,0.1281021035216261
0.07847533632286996,0.5537190082644603,0.0,0.025974025974025976,0.03333333333333333,0.02883479082959111
0.15246636771300448,0.5428249436513877,0.0,0.0,0.0,0.015835499881824623
0.09192825112107623,0.6660405709992467,0.0,0.0,0.6333333333333333,0.1578822973292366
0.08071748878923765,0.6517655897821175,0.0,0.0,0.0,0.08934058142283148
0.27578475336322866,0.652141247182568,0.0,0.012987012987012988,0.0,0.032852753486173475
0.4439461883408072,0.46619083395942873,0.0,0.025974025974025976,0.7333333333333333,0.2117702670763413
0.0,0.6517655897821175,0.0,0.0,0.0,0.02056251477192153
0.17264573991031387,0.644628099173552,0.0,0.012987012987012988,0.0,0.017726305837863388
0.26681614349775784,0.8891810668670157,0.0,0.0,0.03333333333333333,0.04514299220042543
0.0,0.6386175807663399,0.0,0.0,0.0,0.0033089104230678307
0.17040358744394618,0.6401202103681438,0.0,0.0,0.9333333333333333,0.2583313637437957
0.11659192825112107,0.5627347858752803,0.0,0.0,0.03333333333333333,0.1307019617111794
0.19955156950672642,0.3354620586025536,0.0,0.35064935064935066,0.03333333333333333,0.35476246750177265
0.1412556053811659,0.4643125469571743,0.0,0.025974025974025976,0.0,0.2703852517135429
0.06726457399103138,0.6773102930127717,0.0,0.0,0.6,0.14961002127156703
0.14798206278026904,0.5668670172802397,0.0,0.0,0.03333333333333333,0.02056251477192153
0.40134529147982057,0.41472577009766987,0.0,0.025974025974025976,0.6,0.1812810210352163
0.0,0.5777610818933123,0.0,0.0,0.0,0.05152446230205625
0.0,0.3936889556724257,0.0,0.0,0.6,0.16213661073032382
0.12107623318385649,0.5691209616829429,0.0,0.012987012987012988,0.03333333333333333,0.017726305837863388
0.24663677130044842,0.6254695717505623,0.0,0.0,0.0,0.0789411486646183
0.051569506726457395,0.5503380916604037,0.0,0.0,0.0,0.2692034979910186
0.0,0.5691209616829429,0.0,0.0,0.0,0.014890096903805246
0.2802690582959641,0.5458302028549955,0.0,0.012987012987012988,0.03333333333333333,0.14181044670290713
0.08520179372197309,0.4774605559729501,0.0,0.025974025974025976,0.6,0.15008272276057671
0.0,0.47558226897069744,0.0,0.0,0.0,0.02528952966201843
0.2286995515695067,0.5251690458302019,0.0,0.025974025974025976,0.0,0.0392342235878043
0.3789237668161435,0.6096919609316291,0.0125,0.012987012987012988,0.6,0.1824627747577405
0.0,0.5345604808414706,0.0,0.0,0.03333333333333333,0.008981328291184117
0.0,0.6243425995492107,0.0,0.0,0.0,0.017489955093358545
0.24663677130044842,0.38880540946656517,0.0,0.9480519480519481,0.6,0.7492318600803594
0.0,0.5552216378662642,0.0,0.0,0.0,0.003072559678562986
0.13677130044843047,0.5702479338842963,0.0,0.0,0.03333333333333333,0.020798865516426374
0.05829596412556053,0.8039068369646856,0.0,0.0,0.0,0.0444339399669109
0.28475336322869954,0.4665664913598775,0.0,0.0,1.0,0.2302056251477192
0.0,0.5811419984973689,0.0,0.0,0.6,0.14393760340345074
0.22421524663677128,0.4395191585274212,0.0,0.012987012987012988,0.0,0.03474355944221224
0.10313901345291479,0.48497370398196793,0.0,0.0,0.6,0.3074923186008036
0.17264573991031387,0.3388429752066102,0.0,0.012987012987012988,0.0,0.1169936185298984
0.05605381165919282,0.5206611570247919,0.0,0.0,0.4,0.10493973056015127
0.1905829596412556,0.4541697971450027,0.0,0.12987012987012989,0.6,0.2053887969747105
0.10313901345291479,0.5518407212622076,0.0,0.012987012987012988,0.6333333333333333,0.14819191680453794
0.11659192825112107,0.39218632607062176,0.025,0.0,0.0,0.029307492318600803
0.07174887892376682,0.4128474830954154,0.0125,0.0,0.6,0.15551878988418813
0.12556053811659193,0.6431254695717499,0.0,0.0,0.6,0.16402741668636256
0.210762331838565,0.4271224643125464,0.0,0.0,0.5666666666666667,0.3337272512408414
0.15246636771300448,0.7299023290758804,0.0,0.0,0.0,0.03025289529662018
0.0,0.5398196844477834,0.0,0.0,0.03333333333333333,0.02765303710706689
0.0,0.7471825694966174,0.0,0.0,0.0,0.017489955093358545
0.11434977578475335,0.5721262208865507,0.0,0.0,0.0,0.01914441030489246
0.0,0.5792637114951145,0.0,0.0,0.6,0.20302528952966203
0.0874439461883408,0.6104432757325302,0.0,0.0,0.6,0.19286220751595368
0.12331838565022421,0.4057099924868499,0.0,0.012987012987012988,0.0,0.15575514062869297
0.0695067264573991,0.5217881292261435,0.0,0.0,0.0,0.12337508863152921
0.09417040358744394,0.6179564237415462,0.0,0.0,0.0,0.13613802883479084
0.18609865470852016,0.43764087152516673,0.0,0.0,0.0,0.10635783502718034
0.10313901345291479,0.707362885048834,0.0,0.0,0.0,0.09572205152446231
0.1905829596412556,0.47558226897069744,0.0,0.0,0.6,0.2186244386669818
0.14349775784753363,0.7535687453042819,0.0,0.0,0.0,0.08225005908768614
0.195067264573991,0.7054845980465814,0.0,0.025974025974025976,0.6,0.17277239423304186
0.12556053811659193,0.5420736288504866,0.0,0.0,0.5666666666666667,0.15339163318364452
0.2959641255605381,0.8993238166791873,0.0,0.025974025974025976,0.03333333333333333,0.04703379815646419
0.2488789237668161,0.36401202103681385,0.0,0.05194805194805195,0.0,0.13637437957929568
0.10089686098654707,0.5965439519158515,0.0125,0.0,0.03333333333333333,0.04797920113448357
0.2690582959641255,0.5232907588279474,0.0,0.025974025974025976,0.0,0.02623493264003781
0.21973094170403587,0.5184072126220869,0.0,0.012987012987012988,0.6333333333333333,0.15031907350508156
0.09192825112107623,0.5101427498121698,0.0,0.0,0.6,0.14866461829354763
0.0,0.5552216378662642,0.0,0.0,0.0,0.0033089104230678307
0.3497757847533632,0.4879789631855722,0.0,0.012987012987012988,0.03333333333333333,0.11108484991727725
0.12556053811659193,0.40646130728775276,0.0,0.0,0.0,0.09430394705743324
0.5829596412556054,0.5852742299023284,0.025,0.012987012987012988,0.0,0.09997636492554952
0.3878923766816143,0.3501126972201334,0.0,0.0,0.5666666666666667,0.18057196880170173
0.0,0.5664913598797874,0.0,0.0,0.0,0.017726305837863388
0.08295964125560537,0.6228399699474068,0.0,0.0,0.0,0.041361380288347904
0.0,0.40871525169045775,0.0,0.0,0.0,0.005908768612621129
0.21524663677130043,0.4800901577761074,0.0,0.0,0.26666666666666666,0.08626802174426851
0.2219730941704036,0.4421487603305767,0.0,0.012987012987012988,0.0,0.03379815646419286
0.0,0.4774605559729501,0.0,0.0,0.0,0.018435358071377923
0.12331838565022421,0.23478587528174266,0.35000000000000003,0.0,0.0,0.21696998345544788
0.14798206278026904,0.3467317806160768,0.0,0.0,0.0,0.2450957220515245
0.0,0.6164537941397441,0.0,0.0,0.0,0.015599149137319782
0.25560538116591924,0.5837716003005244,0.0,0.012987012987012988,0.0,0.02623493264003781
0.23766816143497754,0.5942900075131465,0.0,0.0,0.0,0.032852753486173475
0.07623318385650224,0.7302779864763327,0.0,0.0,0.03333333333333333,0.03781611912077523
0.0,0.5338091660405695,0.0,0.0,0.6,0.14582840935948949
0.0,0.5890308039068355,0.0,0.0,0.6,0.18884424485937132
0.0,0.5319308790383168,0.0,0.0,0.0,0.04088867879933821
0.0,0.5890308039068355,0.0,0.0,0.6,0.13897423776884898
0.16816143497757846,0.5616078136739286,0.0,0.012987012987012988,0.0,0.1945166627274876
0.22421524663677128,0.6048084147257686,0.0,0.0,0.6,0.20302528952966203
0.08968609865470852,0.4583020285499604,0.0,0.012987012987012988,0.6,0.15150082722760577
0.1905829596412556,0.36288504883546047,0.0125,0.025974025974025976,0.5666666666666667,0.3519262585677145
0.0,0.6386175807663399,0.0,0.0,0.0,0.016071850626329473
0.2645739910313901,0.7843726521412453,0.0,0.0,0.0,0.03781611912077523
0.0,0.6863260706235899,0.0,0.012987012987012988,0.6,0.2968565350980855
0.0,0.3715251690458281,0.0,0.0,0.03333333333333333,0.008508626802174424
0.13228699551569506,0.5071374906085637,0.0,0.0,0.03333333333333333,0.019853462538406995
0.14349775784753363,0.5101427498121698,0.0,0.0,0.03333333333333333,0.15622784211770266
0.6098654708520179,0.3974455296769328,0.42500000000000004,0.012987012987012988,0.6,0.49090049633656346
0.2286995515695067,0.540946656649135,0.0,0.0,0.5666666666666667,0.42306783266367287
0.17040358744394618,0.7768595041322293,0.0,0.0,0.0,0.03379815646419286
0.11434977578475335,0.5428249436513877,0.0,0.0,0.0,0.12172063341999528
0.3206278026905829,0.5950413223140494,0.0,0.16883116883116883,0.03333333333333333,0.2547861025762231
0.0,0.5852742299023284,0.0,0.0,0.0,0.006145119357125976
0.13677130044843047,0.6164537941397441,0.0,0.0,0.0,0.06239659654927913
0.3654708520179372,0.4951164537941377,0.025,0.0,0.0,0.2302056251477192
0.05381165919282511,0.6063110443275725,0.0,0.0,0.6,0.14464665563696527
0.0,0.5845229151014273,0.0,0.0,0.0,0.20326164027416688
0.11210762331838564,0.5499624342599532,0.0,0.0,0.03333333333333333,0.015599149137319782
0.36995515695067266,0.5957926371149505,0.0,0.012987012987012988,0.36666666666666664,0.11226660363980147
0.0,0.4241172051089386,0.0,0.0,0.0,0.007090522335145356
0.051569506726457395,0.6096919609316291,0.0,0.0,0.0,0.0586149846372016
0.09417040358744394,0.651389932381667,0.0,0.0,0.6333333333333333,0.17915386433467267
0.05381165919282511,0.5567242674680681,0.0,0.0,0.6,0.17229969274403215
0.13452914798206275,0.596168294515401,0.0,0.012987012987012988,0.0,0.015835499881824623
0.25112107623318386,0.4492862509391422,0.0,0.025974025974025976,0.6,0.3516899078232096
0.07623318385650224,0.4951164537941377,0.0,0.0,0.26666666666666666,0.25927676672181516
0.0,0.4902329075882772,0.0,0.0,0.0,0.0007090522335145358
0.2488789237668161,0.5946656649135971,0.0,0.012987012987012988,0.03333333333333333,0.024107775939494203
0.1053811659192825,0.62960180315552,0.0,0.012987012987012988,0.03333333333333333,0.09454029780193808
0.37668161434977576,0.5976709241172031,0.0,0.012987012987012988,0.6333333333333333,0.1772630583786339
0.0,0.6157024793388413,0.0,0.0,0.6,0.15811864807374143
0.0,0.6389932381667904,0.0,0.0,0.03333333333333333,0.025762231151028124
0.1412556053811659,0.53418482344102,0.0,0.0,0.03333333333333333,0.047506499645473876
0.31390134529147984,0.7032306536438764,0.0,0.012987012987012988,0.03333333333333333,0.041361380288347904
0.12780269058295962,0.5078888054094648,0.0,0.0,0.6,0.3105648782793666
0.12556053811659193,0.5525920360631087,0.0,0.0,0.03333333333333333,0.03261640274166863
0.15022421524663676,0.6652892561983457,0.0,0.0,0.0,0.04963365634601749
0.15695067264573992,0.5909090909090899,0.0,0.0,0.0,0.019380761049397302
0.10986547085201794,0.5514650638617571,0.0,0.0,0.6,0.2406050579059324
0.10762331838565022,0.6547708489857236,0.0,0.025974025974025976,0.0,0.025525880406523274
0.0,0.5308039068369634,0.0,0.0,0.6,0.2202788938785157
0.0,0.41585274229902147,0.0,0.0,0.0,0.005908768612621129
0.13228699551569506,0.5540946656649126,0.0,0.0,0.03333333333333333,0.02505317891751359
0.23766816143497754,0.5191585274229897,0.0,0.0,0.0,0.04514299220042543
0.0,0.8794139744552965,0.0,0.0,0.03333333333333333,0.023398723705979674
0.23991031390134526,0.3989481592787367,0.0,0.0,0.0,0.04348853698889151
0.23318385650224213,0.6326070623591278,0.0,0.025974025974025976,0.6,0.21696998345544788
0.09865470852017935,0.6404958677685926,0.0,0.0,0.0,0.028362089340581424
0.0,0.7291510142749793,0.0,0.0,0.03333333333333333,0.03427085795320255
0.632286995515695,0.34748309541697964,0.47500000000000003,0.0,0.5666666666666667,0.6953438903332546
0.0,0.44628099173553615,0.0,0.0,0.6,0.2384779012053888
0.12780269058295962,0.6190833959428979,0.0,0.0,0.0,0.027180335618057196
0.2309417040358744,0.3715251690458281,0.0,0.0,0.6,0.6272748759158592
0.14349775784753363,0.6927122464312543,0.0,0.0,0.03333333333333333,0.030725596785629875
0.0,0.6675432006010507,0.0,0.0,0.03333333333333333,0.01914441030489246
0.1928251121076233,0.5946656649135971,0.0,0.012987012987012988,0.6333333333333333,0.2160245804774285
0.25112107623318386,0.596168294515401,0.0,0.0,0.03333333333333333,0.03639801465374616
0.29372197309417036,0.4470323065364372,0.0,0.025974025974025976,0.6,0.18742614039234223
0.3856502242152466,0.5432006010518382,0.0,0.012987012987012988,0.0,0.040415977310328526
0.05829596412556053,0.5597295266716742,0.0,0.0,0.0,0.01914441030489246
0.09417040358744394,0.6517655897821175,0.0,0.0,0.6,0.15410068541715907
0.0,0.6254695717505623,0.0,0.0,0.03333333333333333,0.009454029780193806
0.0,0.5157776108189314,0.0,0.0,0.03333333333333333,0.012526589458756796
0.25112107623318386,0.39068369646881784,0.0,0.0,0.0,0.025998581895532967
0.0,0.521412471825693,0.0,0.0,0.03333333333333333,0.009690380524698653
0.07399103139013452,0.46018031555221484,0.0,0.0,0.5666666666666667,0.15670054360671234
0.0,0.81480090157776,0.0,0.0,0.0,0.022689671472465138
0.13228699551569506,0.5488354620586016,0.0,0.0,0.03333333333333333,0.015599149137319782
0.4147982062780269,0.5,0.025,0.012987012987012988,0.6333333333333333,0.17749940912313875
0.25560538116591924,0.41472577009766987,0.0,0.0,0.0,0.24722287875206808
0.4887892376681614,0.6690458302028546,0.0,0.0,0.3333333333333333,0.10919404396123848
0.28699551569506726,0.4906085649887295,0.0,0.012987012987012988,0.3,0.08106830536516191
0.0,0.5187828700225392,0.0,0.0,0.6,0.2342235878043016
0.12107623318385649,0.4199849737039809,0.0,0.012987012987012988,0.0,0.2602221696998345
0.08071748878923765,0.4492862509391422,0.0,0.0,0.6,0.14062869298038289
0.17264573991031387,0.4917355371900811,0.0125,0.0,0.6,0.21980619238950602
0.0,0.6694214876033051,0.0,0.0,0.6333333333333333,0.14866461829354763
0.2623318385650224,0.6190833959428979,0.0,0.012987012987012988,0.03333333333333333,0.023398723705979674
0.0,0.4624342599549198,0.0,0.0,0.6,0.1538643346726542
0.13228699551569506,0.37415477084898363,0.0,0.0,0.0,0.017962656582368237
0.1905829596412556,0.01089406461307263,0.0,0.025974025974025976,0.5666666666666667,0.14771921531552826
0.1973094170403587,0.6033057851239665,0.0,0.012987012987012988,0.0,0.034507208697707396
0.06726457399103138,0.41096919609316274,0.0,0.0,0.9666666666666667,0.22476955802410778
0.1412556053811659,0.6510142749812147,0.0,0.0,0.0,0.03238005199716379
0.1905829596412556,0.707362885048834,0.0,0.0,0.0,0.23965965492791302
0.30269058295964124,0.4872276483846729,0.0125,0.012987012987012988,0.6,0.1548097376506736
0.0,0.8696468820435737,0.0,0.0,0.0,0.025762231151028124
0.1928251121076233,0.5980465815176537,0.0,0.012987012987012988,0.0,0.059087686126211285
0.09865470852017935,0.47220135236664085,0.0,0.4675324675324676,0.03333333333333333,0.290002363507445
0.24215246636771298,0.7513148009015769,0.0,0.0,0.0,0.0444339399669109
0.0,0.5007513148008993,0.0,0.4675324675324676,0.5666666666666667,0.4095958402268967
0.3878923766816143,0.528925619834709,0.0,0.012987012987012988,0.5666666666666667,0.49775466792720396
0.0,0.7385424492862498,0.0,0.0,0.03333333333333333,0.021271567005436066
0.25560538116591924,0.38279489105935305,0.0,0.012987012987012988,0.0,0.02883479082959111
0.1390134529147982,0.6344853493613805,0.0,0.0,0.2,0.06783266367289058
0.12556053811659193,0.521412471825693,0.0,0.0,0.6,0.19380761049397305
0.23766816143497754,0.58189331329827,0.0,0.025974025974025976,0.0,0.03521626093122193
0.21748878923766815,0.6404958677685926,0.0,0.0,0.0,0.048924604112502955
0.18161434977578475,0.4365138993238151,0.0,0.3116883116883117,0.03333333333333333,0.26234932640037817
0.13228699551569506,0.5578512396694197,0.0,0.0,0.6,0.16591822264240133
0.41031390134529144,0.5424492862509389,0.0,0.0,0.36666666666666664,0.11770267076341293
0.3811659192825112,0.5867768595041323,0.0,0.012987012987012988,0.03333333333333333,0.043015835499881826
0.1771300448430493,0.4481592787377888,0.0,0.0,0.0,0.06050579059324037
0.13228699551569506,0.6010518407212615,0.0,0.0,0.6333333333333333,0.14937367052706219
0.21973094170403587,0.5123966942148748,0.0,0.012987012987012988,0.0,0.03048924604112503
0.0,0.2103681442524401,0.45,0.0,0.0,0.33703616166390926
0.0,0.5063861758076627,0.0,0.012987012987012988,0.0,0.01914441030489246
0.06502242152466367,0.5424492862509389,0.0,0.0,0.6333333333333333,0.15457338690616876
0.0,0.5176558978211858,0.0,0.0,0.0,0.19900732687307965
0.2780269058295964,0.5882794891059344,0.0,0.012987012987012988,0.03333333333333333,0.032852753486173475
0.37668161434977576,0.5086401202103676,0.0,0.025974025974025976,0.03333333333333333,0.02907114157409596
0.05381165919282511,0.8181818181818166,0.0,0.012987012987012988,0.0,0.02528952966201843
0.0,0.5390683696468805,0.0,0.0,0.0,0.025762231151028124
0.0,0.6333583771600289,0.0,0.0,0.0,0.0172536043488537
0.0,0.49098422238918005,0.0,0.0,0.6,0.20987946112030254
0.07399103139013452,0.587152516904581,0.0,0.0,0.6,0.1548097376506736
0.09865470852017935,0.5811419984973689,0.0,0.012987012987012988,0.0,0.0314346490191444
0.10089686098654707,0.5758827948910579,0.0,0.012987012987012988,0.0,0.026943984873552346
0.10762331838565022,0.37828700225394307,0.0,0.0,0.0,0.028125738596076574
0.12331838565022421,0.5030052592036043,0.0,0.0,0.03333333333333333,0.018435358071377923
0.18609865470852016,0.5296769346356118,0.0,0.0,0.03333333333333333,0.04821555187898842
0.07174887892376682,0.6671675432006001,0.0,0.0,0.03333333333333333,0.03592531316473647
0.08295964125560537,0.596168294515401,0.0,0.0,0.0,0.0737414322855117
0.06726457399103138,0.599173553719007,0.0,0.0,0.0,0.02174426849444576
0.0,0.6626596543951901,0.0,0.0,0.03333333333333333,0.02056251477192153
0.10986547085201794,0.6577761081893296,0.0,0.0,0.0,0.03214370125265894
0.0,0.31930879038316995,0.0,0.0,0.0,0.005199716379106593
0.0695067264573991,0.38617580766340964,0.0,0.0,0.0,0.05743323091467737
0.12107623318385649,0.7009767092411714,0.0,0.0,0.03333333333333333,0.030725596785629875
0.0,0.4808414725770085,0.025,0.0,0.03333333333333333,0.07657764121956985
0.0,0.6104432757325302,0.0,0.0,0.03333333333333333,0.015599149137319782
0.11659192825112107,0.33696468820435754,0.0,0.0,0.0,0.020089813282911838
0.0,0.4583020285499604,0.0,0.0,0.0,0.009454029780193806
0.12107623318385649,0.6694214876033051,0.0,0.0,0.03333333333333333,0.02907114157409596
0.0,0.7205108940646117,0.0,0.0,0.0,0.017726305837863388
0.23991031390134526,0.5999248685199081,0.0,0.0,0.03333333333333333,0.06854171590640512
0.11434977578475335,0.4928625093914345,0.0,0.0,0.43333333333333335,0.1255022453320728
0.0,0.47558226897069744,0.0,0.0,0.6,0.16497281966438196
0.226457399103139,0.5987978963185565,0.0,0.025974025974025976,0.6,0.16969983455447885
0.09865470852017935,0.41810668670172646,0.0,0.6103896103896105,0.6,0.48144646655636963
0.0,0.521412471825693,0.0,0.0,0.6,0.19522571496100213
0.0,0.2700976709241161,0.0,0.0,0.03333333333333333,0.06665090995036635
0.06278026905829596,0.5360631104432745,0.0,0.0,0.6,0.25596785629874735
0.27354260089686094,0.4646882043576248,0.0,0.0,0.23333333333333334,0.08744977546679272
0.32959641255605376,0.45642374154770593,0.0125,0.012987012987012988,0.6,0.18435358071377925
0.0,0.1833208114199838,0.0,0.0,0.5666666666666667,0.16639092413141102
0.11659192825112107,0.5856498873027789,0.0,0.0,0.0,0.03497991018671709
0.12556053811659193,0.6840721262208849,0.0,0.012987012987012988,0.03333333333333333,0.021035216260931223
0.17040358744394618,0.35311795642373944,0.0125,0.0,0.0,0.2980382888206098
0.18385650224215247,0.42599549211119303,0.0,0.012987012987012988,0.6,0.1548097376506736
0.21524663677130043,0.43313298271975853,0.0,0.0,0.5666666666666667,0.1997163791065942
0.16591928251121074,0.6517655897821175,0.0,0.012987012987012988,0.03333333333333333,0.019617111793902152
0.0,0.589406461307286,0.0,0.0,0.0,0.007090522335145356
0.0,0.4879789631855722,0.0,0.0,0.0,0.14866461829354763
0.2443946188340807,0.4267468069120941,0.0,0.0,0.03333333333333333,0.055306074214133784
0.09192825112107623,0.6465063861758065,0.0,0.0,0.0,0.02505317891751359
0.0,0.6104432757325302,0.0,0.0,0.6,0.14511935712597496
0.07174887892376682,0.5210368144252442,0.0,0.0,0.03333333333333333,0.055306074214133784
0.11659192825112107,0.47220135236664085,0.0,0.0,0.6,0.17702670763412906
0.15695067264573992,0.5593538692712237,0.0,0.0,0.7666666666666666,0.19120775230441975
0.1053811659192825,0.4962434259954911,0.0,0.012987012987012988,0.0,0.0172536043488537
0.0,0.5800150262960173,0.0,0.0,0.6,0.1949893642164973
0.14573991031390135,0.6078136739293747,0.0,0.012987012987012988,0.0,0.030725596785629875
0.10762331838565022,0.5803906836964678,0.0,0.0,0.03333333333333333,0.018435358071377923
0.07847533632286996,0.6487603305785115,0.0,0.0,0.0,0.2521862443866698
0.0,0.6690458302028546,0.0,0.0,0.6333333333333333,0.19286220751595368
0.09641255605381165,0.32982719759579204,0.0,0.0,0.0,0.013708343181281021
0.09641255605381165,0.4151014274981204,0.0,0.0,0.0,0.03048924604112503
0.07623318385650224,0.3978211870773851,0.0,0.0,0.6,0.2467501772630584
0.07399103139013452,0.5326821938392161,0.0,0.0,0.03333333333333333,0.02765303710706689
0.0,0.8591284748309533,0.0,0.0,0.03333333333333333,0.02741668636256204
0.0,0.4984973703981961,0.0,0.0,0.6,0.3077286693453084
0.2085201793721973,0.3764087152516886,0.0,0.012987012987012988,0.6,0.28811155755140627
0.1928251121076233,0.649135987978962,0.0,0.0,0.03333333333333333,0.13519262585677144
0.25112107623318386,0.3418482344102163,0.0,0.012987012987012988,0.5666666666666667,0.4098321909714015
0.11434977578475335,0.471450037565738,0.0,0.025974025974025976,0.6,0.15079177499409124
0.07174887892376682,0.48271975957926294,0.0,0.0,0.6,0.22618766249113686
0.35874439461883406,0.3996994740796378,0.4625,0.012987012987012988,0.9666666666666667,0.5277712124793194
0.2488789237668161,0.5454545454545432,0.0,0.012987012987012988,0.03333333333333333,0.03167099976364925
0.09865470852017935,0.4492862509391422,0.0,0.0,0.6,0.16639092413141102
0.13677130044843047,0.4646882043576248,0.0,0.0,0.5666666666666667,0.1756086031671
0.0,0.6690458302028546,0.0,0.0,0.0,0.06192389506026944
0.3721973094170403,0.5319308790383168,0.0,0.025974025974025976,0.0,0.050342708579532026
0.11659192825112107,0.6472577009767075,0.0,0.012987012987012988,0.03333333333333333,0.022216969983455445
0.1547085201793722,0.5330578512396684,0.0,0.012987012987012988,0.0,0.010872134247222878
0.1905829596412556,0.6836964688204343,0.0,0.012987012987012988,0.03333333333333333,0.21555187898841882
0.4461883408071749,0.5424492862509389,0.0,0.0,0.03333333333333333,0.11510281257385963
0.43049327354260086,0.5142749812171292,0.0,0.0,0.0,0.06830536516190026
0.0,0.605935386927122,0.0,0.0,0.03333333333333333,0.009217679035688963
0.20179372197309414,0.30052592036063075,0.0125,0.0,0.5666666666666667,0.1616639092413141
0.0,0.5063861758076627,0.025,0.0,0.0,0.05223351453557079
0.3878923766816143,0.5030052592036043,0.0,0.012987012987012988,0.0,0.03687071614275585
0.32959641255605376,0.202103681442523,0.525,0.2077922077922078,0.5333333333333333,0.7943748522807847
0.12556053811659193,0.5717505634861002,0.0,0.012987012987012988,0.6666666666666666,0.17631765540061453
0.15246636771300448,0.6506386175807659,0.0,0.0,0.03333333333333333,0.0940675963129284
0.0,0.5097670924117192,0.0,0.0,0.6,0.14062869298038289
0.2085201793721973,0.5702479338842963,0.0,0.0,0.0,0.1411013944693926
0.0,0.5379413974455289,0.0,0.0,0.0,0.13991964074686836
0.20179372197309414,0.5638617580766336,0.0,0.012987012987012988,0.03333333333333333,0.03639801465374616
0.2219730941704036,0.4290007513147991,0.0,0.012987012987012988,0.0,0.24131411013944695
0.08071748878923765,0.6536438767843702,0.0,0.0,0.0,0.028598440085086267
0.06726457399103138,0.6528925619834691,0.0125,0.012987012987012988,0.6,0.16922713306546916
0.2286995515695067,0.4703230653643864,0.47500000000000003,0.025974025974025976,0.6,0.4233041834081777
0.4349775784753363,0.5822689706987223,0.0,0.012987012987012988,1.0,0.23587804301583548
0.13228699551569506,0.7299023290758804,0.0,0.0,0.6333333333333333,0.25620420704325214
0.25784753363228696,0.6134485349361363,0.0,0.0,0.0,0.037107066887260697
0.09417040358744394,0.5882794891059344,0.0,0.0,0.6,0.15551878988418813
0.08071748878923765,0.2126220886551451,0.0,0.0,0.5666666666666667,0.14251949893642166
0.08968609865470852,0.43350864012020907,0.0,0.0,0.0,0.10777593949420941
0.06278026905829596,0.3151765589782105,0.0,0.0,0.0,0.01110848499172772
0.13004484304932734,0.4248685199098414,0.0,0.0,0.26666666666666666,0.06948711888442449
0.07399103139013452,0.8024042073628834,0.0,0.0,0.0,0.025998581895532967
0.0,0.707362885048834,0.0,0.0,0.0,0.01678090285984401
0.0,0.6840721262208849,0.0,0.0,0.0,0.015362798392814936
0.08520179372197309,0.4444027047332817,0.0,0.9480519480519481,0.0,0.5596785629874734
0.07174887892376682,0.5912847483095405,0.0,0.0,0.0,0.0846135665327346
0.2645739910313901,0.5447032306536421,0.0,0.012987012987012988,0.4,0.18340817773575988
0.21748878923766815,0.603681442524417,0.0,0.0,0.0,0.04325218624438667
0.13004484304932734,0.45454545454545325,0.0,0.24675324675324678,0.03333333333333333,0.1812810210352163
0.17937219730941703,0.497746055597295,0.0,0.0,0.03333333333333333,0.10895769321673364
0.0,0.8012772351615318,0.0,0.0,0.0,0.027180335618057196
0.3251121076233183,0.5773854244928618,0.0,0.0,0.03333333333333333,0.07137792484046326
0.10986547085201794,0.634861006761831,0.0,0.0,0.6,0.1600094540297802
0.10089686098654707,0.2963936889556713,0.0,0.0,0.0,0.01110848499172772
0.21748878923766815,0.4973703981968427,0.0,0.025974025974025976,0.0,0.06972346962892934
0.2825112107623318,0.6100676183320797,0.0,0.0,0.0,0.027180335618057196
0.5470852017937219,0.4996243425995477,0.0,0.48051948051948057,0.0,0.4216497281966438
0.21748878923766815,0.5240420736288485,0.0125,0.0,0.6,0.19428031198298276
0.21973094170403587,0.524417731029299,0.0,0.025974025974025976,0.0,0.03639801465374616
0.20627802690582958,0.6235912847483078,0.0,0.025974025974025976,0.0,0.03687071614275585
0.16367713004484302,0.6096919609316291,0.0,0.0,0.03333333333333333,0.021507917749940916
0.0,0.5191585274229897,0.0,0.0,0.03333333333333333,0.02481682817300874
0.10089686098654707,0.5187828700225392,0.0,0.025974025974025976,0.0,0.02647128338454266
0.2802690582959641,0.473703981968443,0.0,0.025974025974025976,0.6,0.19380761049397305
0.060538116591928245,0.5480841472577005,0.0,0.0,0.0,0.025762231151028124
0.36995515695067266,0.5240420736288485,0.08750000000000001,0.012987012987012988,0.6,0.2254786102576223
0.13228699551569506,0.4800901577761074,0.0,0.0,0.03333333333333333,0.09454029780193808
0.0,0.5225394440270463,0.0,0.0,0.6,0.19806192389506028
0.390134529147982,0.4800901577761074,0.0,0.012987012987012988,0.3,0.15410068541715907
0.0,0.7798647633358371,0.0,0.0,0.6333333333333333,0.15220987946112033
0.0,0.5383170548459795,0.0,0.0,0.0,0.016544552115339166
0.07399103139013452,0.6712997746055596,0.0,0.0,0.6,0.16379106594185772
0.0,0.6108189331329807,0.0,0.0,0.03333333333333333,0.02316237296147483
0.15022421524663676,0.7024793388429735,0.0,0.0,0.0,0.03332545497518317
0.0,0.5229151014274969,0.0,0.0,0.6,0.17229969274403215
0.2286995515695067,0.47558226897069744,0.0,0.025974025974025976,0.03333333333333333,0.12432049160954856
0.23542600896860982,0.658903080390683,0.0,0.0,0.03333333333333333,0.038997872843299454
0.0,0.5345604808414706,0.0,0.0,0.8,0.16969983455447885
0.24215246636771298,0.6626596543951901,0.0,0.025974025974025976,0.0,0.06239659654927913
0.23318385650224213,0.5236664162283979,0.0,0.025974025974025976,0.6,0.14771921531552826
0.13677130044843047,0.5315552216378645,0.0,0.0,0.03333333333333333,0.008981328291184117
0.12556053811659193,0.5683696468820418,0.0,0.0,0.0,0.030961947530134717
0.2286995515695067,0.6269722013523662,0.0,0.025974025974025976,0.03333333333333333,0.03994327582131883
0.0,0.5274229902329068,0.0,0.0,0.03333333333333333,0.008981328291184117
0.0,0.5736288504883529,0.0,0.0,0.03333333333333333,0.018908059560387616
0.20403587443946186,0.5683696468820418,0.0,0.0,0.03333333333333333,0.14464665563696527
0.07399103139013452,0.4267468069120941,0.0,0.0,0.6,0.17017253604348856
0.10986547085201794,0.6025544703230636,0.0,0.0,0.0,0.04963365634601749
0.30493273542600896,0.3715251690458281,0.5875,0.0,0.6,0.5360434885369889
0.05381165919282511,0.4094665664913588,0.0,0.0,0.5666666666666667,0.19688017017253606
0.10986547085201794,0.6209616829451523,0.0,0.0,0.03333333333333333,0.03687071614275585
0.10762331838565022,0.47445529676934584,0.47500000000000003,0.0,0.0,0.3122193334909005
0.11434977578475335,0.36889556724267436,0.0,0.0,0.0,0.016544552115339166
0.2623318385650224,0.603681442524417,0.0,0.0,0.03333333333333333,0.040179626565823676
0.0,0.5165289256198342,0.0,0.0,0.6,0.1531552824391397
0.09641255605381165,0.6367392937640854,0.0,0.025974025974025976,0.03333333333333333,0.028125738596076574
0.1412556053811659,0.5935386927122455,0.0,0.012987012987012988,0.0,0.03001654455211534
0.06278026905829596,0.7494365138993224,0.0,0.0,0.0,0.15339163318364452
0.12556053811659193,0.5390683696468805,0.0,0.0,0.03333333333333333,0.05199716379106594
0.289237668161435,0.3903080390683691,0.0,0.0,0.6,0.20893405814228316
0.0,0.5105184072126221,0.0,0.025974025974025976,0.6,0.1808083195462066
0.0,0.704357625845228,0.0,0.0,0.6333333333333333,0.1626093122193335
0.0,0.40420736288504777,0.0,0.0,0.0,0.0028362089340581414
0.0,0.5822689706987223,0.0,0.0,0.0,0.003781611912077522
0.16591928251121074,0.6168294515401946,0.0,0.012987012987012988,0.03333333333333333,0.046324745922949655
0.27354260089686094,0.6284748309541683,0.0,0.0,0.0,0.06476010399432759
0.0,0.5552216378662642,0.0,0.0,0.03333333333333333,0.04325218624438667
0.0,0.5176558978211858,0.0,0.0,0.0,0.0172536043488537
0.26681614349775784,0.5717505634861002,0.0,0.0,0.03333333333333333,0.034034507208697704
0.0,0.6487603305785115,0.0,0.0,0.0,0.01819900732687308
0.051569506726457395,0.885048835462058,0.0,0.0,0.0,0.05294256676908533
0.12107623318385649,0.5033809166040548,0.0,0.0,0.03333333333333333,0.021507917749940916
0.07174887892376682,0.548459804658151,0.0,0.0,0.6,0.23398723705979674
0.13228699551569506,0.4842223891810651,0.0,0.0,0.03333333333333333,0.022453320727960295
0.2623318385650224,0.5206611570247919,0.0,0.24675324675324678,0.0,0.17797211061214843
0.0,0.40721262208865383,0.0,0.0,0.0,0.015599149137319782
0.09192825112107623,0.5747558226897045,0.0,0.0,0.0,0.029307492318600803
0.49327354260089684,0.35311795642373944,0.1375,0.012987012987012988,0.0,0.25809501299929094
0.15022421524663676,0.49661908339594163,0.0,0.4675324675324676,0.0,0.4181044670290711
0.22421524663677128,0.656649135987978,0.0125,0.0,0.6333333333333333,0.20113448357362326
0.0,0.428249436513898,0.0125,0.0,0.03333333333333333,0.1307019617111794
0.21748878923766815,0.5315552216378645,0.2625,0.0,0.6,0.49160954857007805
0.32735426008968604,0.38392186326070465,0.0,0.0,0.6,0.31434649019144406
0.11883408071748877,0.6228399699474068,0.0125,0.0,0.0,0.024580477428503895
0.2600896860986547,0.5518407212622076,0.0,0.025974025974025976,0.6,0.16355471519735287
0.0,0.6134485349361363,0.0,0.0,0.03333333333333333,0.018435358071377923
0.0695067264573991,0.5259203606311029,0.0,0.0,0.03333333333333333,0.027180335618057196
0.3520179372197309,0.3256949661908326,0.0,0.05194805194805195,0.0,0.17395414795556607
0.08071748878923765,0.44966190833959274,0.0,0.0,0.6,0.13921058851335383
0.16816143497757846,0.5833959429000739,0.0,0.0,0.6,0.15410068541715907
0.0,0.7114951164537935,0.0,0.0,0.6333333333333333,0.1578822973292366
0.13228699551569506,0.6408715251690449,0.0,0.0,0.0,0.09784920822500592
0.0,0.8189331329827176,0.0,0.0,0.0,0.016071850626329473
0.11659192825112107,0.5056348610067598,0.0,0.025974025974025976,0.5666666666666667,0.16450011817537225
0.15919282511210758,0.5694966190833952,0.0,0.025974025974025976,0.0,0.0099267312692035
0.08968609865470852,0.5694966190833952,0.0,0.0,0.5666666666666667,0.15362798392814936
0.12780269058295962,0.5540946656649126,0.0,0.025974025974025976,0.0,0.20822500590876863
0.35650224215246634,0.4504132231404938,0.48750000000000004,0.012987012987012988,0.5666666666666667,0.5641692271330655
0.05605381165919282,0.5578512396694197,0.0,0.012987012987012988,0.0,0.15977310328527536
0.15246636771300448,0.4808414725770085,0.0,0.012987012987012988,0.03333333333333333,0.031907350508154096
0.35874439461883406,0.3046581517655884,0.0,0.012987012987012988,0.03333333333333333,0.036634365398251004
0.2645739910313901,0.5736288504883529,0.0,0.0,0.0,0.03025289529662018
0.06726457399103138,0.5747558226897045,0.0,0.0,0.6,0.15008272276057671
0.0,0.53869271224643,0.0,0.0,0.0,0.003545261167572677
0.14349775784753363,0.6209616829451523,0.0,0.0,0.6333333333333333,0.1505554242495864
0.0,0.23065364387678322,0.0,0.0,0.0,0.019380761049397302
0.05381165919282511,0.5097670924117192,0.0,0.0,0.5666666666666667,0.14724651382651857
0.0,0.373027798647632,0.0125,0.012987012987012988,0.6,0.14346490191444103
0.10986547085201794,0.5349361382419211,0.0,0.025974025974025976,0.0,0.03214370125265894
0.11434977578475335,0.5631104432757308,0.0,0.0,0.6,0.16402741668636256
0.0,0.4988730277986466,0.0,0.0,0.5666666666666667,0.14393760340345074
0.16367713004484302,0.6239669421487584,0.0,0.012987012987012988,0.03333333333333333,0.05577877570314347
0.10313901345291479,0.6134485349361363,0.0,0.0,0.0,0.02883479082959111
0.11434977578475335,0.3425995492111191,0.0,0.0,0.5666666666666667,0.14157409595840229
0.09865470852017935,0.637114951164536,0.0,0.0,0.0,0.03025289529662018
0.0,0.5980465815176537,0.0,0.0,0.0,0.020089813282911838
0.1390134529147982,0.41923365890307984,0.0125,0.025974025974025976,0.5666666666666667,0.3635074450484519
0.15246636771300448,0.7227648384673167,0.0,0.0,0.6,0.16757267785393526
0.1614349775784753,0.36964688204357543,0.0,0.0,0.6,0.28574805010635784
0.05605381165919282,0.5236664162283979,0.0,0.0,0.03333333333333333,0.01678090285984401
0.0,0.5987978963185565,0.0,0.0,0.0,0.015126447648310089
0.11883408071748877,0.7370398196844477,0.0,0.5194805194805195,0.6333333333333333,0.4561569368943512
0.0695067264573991,0.6051840721262192,0.0,0.0,0.6,0.14417395414795559
0.11883408071748877,0.6724267468069094,0.0,0.012987012987012988,0.03333333333333333,0.055306074214133784
0.28475336322869954,0.5811419984973689,0.0,0.012987012987012988,0.0,0.03781611912077523
0.07399103139013452,0.4526671675431988,0.0,0.0,0.6,0.2346962892933113
0.09865470852017935,0.634861006761831,0.0,0.012987012987012988,0.0,0.031198298274639567
0.3161434977578475,0.444778362133734,0.0,0.012987012987012988,0.9333333333333333,0.4169227133065469
0.2309417040358744,0.47483095416979637,0.0,0.025974025974025976,0.03333333333333333,0.06428740250531789
0.0874439461883408,0.5120210368144242,0.0,0.012987012987012988,0.5666666666666667,0.15150082722760577
0.226457399103139,0.6780616078136728,0.0,0.025974025974025976,0.0,0.03757976837627038
0.0,0.42186326070623537,0.0,0.0,0.0,0.005908768612621129
0.11659192825112107,0.5743801652892557,0.0,0.0,0.6333333333333333,0.14559205861498464
0.12780269058295962,0.6656649135987962,0.0,0.012987012987012988,0.6,0.21980619238950602
0.0874439461883408,0.5736288504883529,0.0,0.0,0.6333333333333333,0.19380761049397305
0.2219730941704036,0.5150262960180303,0.0,0.012987012987012988,0.6,0.15457338690616876
0.07847533632286996,0.481217129977459,0.4625,0.025974025974025976,0.6,0.43488536988891513
0.36771300448430494,0.6175807663410957,0.0,0.0,0.9333333333333333,0.2406050579059324
0.10762331838565022,0.5924117205108921,0.0,0.0,0.0,0.028362089340581424
0.08295964125560537,0.6806912096168283,0.0,0.0,0.03333333333333333,0.028362089340581424
0.12331838565022421,0.5646130728775347,0.0,0.0,0.0,0.015126447648310089
0.13004484304932734,0.5037565740045071,0.0,0.012987012987012988,0.0,0.010635783502718035
0.13452914798206275,0.6040570999248676,0.0125,0.0,0.03333333333333333,0.030961947530134717
0.11883408071748877,0.528925619834709,0.0,0.0,0.0,0.011817537225242257
0.390134529147982,0.6645379413974446,0.0,0.012987012987012988,0.0,0.06546915622784212
0.10089686098654707,0.5447032306536421,0.0,0.0,0.03333333333333333,0.017726305837863388
0.5829596412556054,0.5627347858752803,0.0,0.012987012987012988,0.4,0.12030252895296623
0.1053811659192825,0.4631855747558209,0.0,0.0,0.6,0.14961002127156703
0.0695067264573991,0.5447032306536421,0.0,0.0,0.6333333333333333,0.14346490191444103
0.13228699551569506,0.3151765589782105,0.0,0.0,0.0,0.013944693925785867
0.10762331838565022,0.5379413974455289,0.0,0.0,0.03333333333333333,0.03734341763176554
0.11434977578475335,0.7280240420736277,0.0,0.0,0.0,0.031907350508154096
0.1390134529147982,0.6570247933884286,0.0,0.0,0.0,0.038288820609784925
0.07174887892376682,0.4365138993238151,0.0,0.0,0.6,0.28952966201843533
0.2600896860986547,0.5432006010518382,0.0,0.012987012987012988,0.03333333333333333,0.08012290238714252
0.06726457399103138,0.5285499624342584,0.0,0.0,0.6,0.15693689435121722
0.0,0.7854996243425987,0.0,0.0,0.0,0.018671708815882766
0.15022421524663676,0.6904583020285493,0.0,0.012987012987012988,0.03333333333333333,0.015835499881824623
0.0,0.5653643876784358,0.0,0.0,0.0,0.032852753486173475
0.0,0.49661908339594163,0.0,0.0,0.5666666666666667,0.14913731978255734
0.2600896860986547,0.5544703230653631,0.0,0.025974025974025976,0.03333333333333333,0.07208697707397778
0.1053811659192825,0.31705484598046496,0.0,0.0,0.0,0.022216969983455445
0.0874439461883408,0.5604808414725753,0.0,0.025974025974025976,0.6,0.32829118411722996
0.21524663677130043,0.5833959429000739,0.0,0.0,0.0,0.0418340817773576
0.09641255605381165,0.5093914350112687,0.0,0.0,0.0,0.025762231151028124
0.0695067264573991,0.8820435762584502,0.0,0.0,0.03333333333333333,0.08626802174426851
0.13452914798206275,0.6006761833208092,0.0,0.025974025974025976,0.0,0.035452611675726775
0.0,0.7667167543200595,0.0,0.0,0.03333333333333333,0.023398723705979674
0.29372197309417036,0.5931630353117949,0.0,0.07792207792207792,0.6333333333333333,0.2384779012053888
0.0,0.6172051089406452,0.0,0.0,0.6333333333333333,0.1626093122193335
0.12107623318385649,0.6311044327573239,0.0,0.012987012987012988,0.0,0.015835499881824623
0.17264573991031387,0.6104432757325302,0.0,0.012987012987012988,0.0,0.02907114157409596
0.16591928251121074,0.483471074380164,0.0,0.0,0.0,0.01229023871425195
0.0,0.711870773854244,0.0,0.0,0.03333333333333333,0.019617111793902152
0.1748878923766816,0.38617580766340964,0.0125,0.0,0.0,0.05790593240368707
0.09865470852017935,0.6389932381667904,0.0,0.0,0.03333333333333333,0.023398723705979674
0.2780269058295964,0.5191585274229897,0.0,0.0,0.03333333333333333,0.042779484755376976
0.0,0.6461307287753559,0.0,0.0,0.0,0.02505317891751359
0.6143497757847534,0.6765589782118688,0.0,0.012987012987012988,0.3333333333333333,0.10966674545024818
0.0,0.6029301277235142,0.0,0.0,0.6,0.16095485700779957
0.16591928251121074,0.5225394440270463,0.0,0.012987012987012988,0.6,0.27298510990309616
0.07847533632286996,0.5999248685199081,0.0,0.0,0.0,0.07208697707397778
0.051569506726457395,0.48873027798647506,0.0,0.0,0.6,0.14984637201607187
0.08520179372197309,0.6141998497370391,0.0,0.012987012987012988,0.6333333333333333,0.15930040179626564
0.14349775784753363,0.6746806912096144,0.0,0.0,0.0,0.03616166390924131
0.24663677130044842,0.6239669421487584,0.0,0.0,0.03333333333333333,0.046324745922949655
0.37443946188340804,0.5709992486851974,0.0,0.0,0.6333333333333333,0.3606712361143937
0.06502242152466367,0.3054094665664895,0.0,0.0,0.5666666666666667,0.39305128811155754
0.2309417040358744,0.7941397445529663,0.0,0.025974025974025976,0.0,0.035688962420231625
0.13004484304932734,0.6063110443275725,0.0,0.0,0.0,0.03238005199716379
0.051569506726457395,0.646882043576257,0.0,0.0,0.0,0.019380761049397302
0.0,0.6198347107438007,0.0,0.0,0.0,0.01914441030489246
0.14349775784753363,0.5349361382419211,0.0,0.0,0.03333333333333333,0.022689671472465138
0.23318385650224213,0.39444027047332675,0.0,0.0,0.6,0.1505554242495864
0.16367713004484302,0.4680691209616814,0.0,0.0,0.6,0.22453320727960294
0.05381165919282511,0.5755071374906073,0.0,0.0,0.6333333333333333,0.15599149137319782
0.14349775784753363,0.817806160781366,0.0,0.0,0.0,0.03048924604112503
0.18161434977578475,0.5725018782870013,0.0,0.0,0.03333333333333333,0.026707634129047503
0.44170403587443946,0.5664913598797874,0.0,0.012987012987012988,0.9666666666666667,0.2294965729142047
0.1053811659192825,0.5582268970698703,0.0,0.0,0.03333333333333333,0.05081541006854171
0.0,0.5022539444027032,0.0,0.0,0.0,0.018435358071377923
0.060538116591928245,0.5653643876784358,0.0,0.0,0.03333333333333333,0.029543843063105646
0.28475336322869954,0.540946656649135,0.0,0.0,0.03333333333333333,0.019853462538406995
0.2219730941704036,0.4962434259954911,0.0,0.0,0.43333333333333335,0.1255022453320728
0.10762331838565022,0.5867768595041323,0.0,0.0,0.03333333333333333,0.1751359016780903
0.0,0.5413223140495855,0.0,0.0,0.0,0.05081541006854171
0.0,0.5375657400450784,0.0,0.0,0.5666666666666667,0.13779248404632474
0.17040358744394618,0.6404958677685926,0.0,0.0,0.6,0.15811864807374143
0.0,0.7167543200601028,0.0,0.0,0.03333333333333333,0.022453320727960295
0.2600896860986547,0.3835462058602541,0.0,0.0,0.6,0.15622784211770266
0.06502242152466367,0.30165289256198236,0.45,0.0,0.0,0.30583786338926966
0.1973094170403587,0.4233658903080375,0.0,0.025974025974025976,0.6,0.16473646891987712
0.4192825112107623,0.5405709992486845,0.0125,0.0,0.0,0.10517608130465611
0.2130044843049327,0.45191585274229773,0.0,0.0,0.5666666666666667,0.15079177499409124
0.23991031390134526,0.5432006010518382,0.0,0.012987012987012988,0.03333333333333333,0.0392342235878043
0.06278026905829596,0.7028549962434241,0.0,0.0,0.0,0.05979673835972583
0.21748878923766815,0.6273478587528167,0.0,0.0,0.0,0.04372488773339636
0.28475336322869954,0.5247933884297513,0.0,0.0,0.03333333333333333,0.020326164027416688
0.09417040358744394,0.6964688204357614,0.0,0.0,0.0,0.033089104230678325
0.12331838565022421,0.552967693463561,0.0,0.0,0.03333333333333333,0.032852753486173475
0.0,0.7081141998497351,0.0,0.0,0.03333333333333333,0.022689671472465138
0.1547085201793722,0.4023290758827933,0.0,0.0,0.6,0.16615457338690617
0.1748878923766816,0.40007513148008833,0.4625,0.012987012987012988,0.03333333333333333,0.39896005672417867
0.226457399103139,0.4800901577761074,0.0,0.012987012987012988,0.0,0.03497991018671709
0.2600896860986547,0.442524417731029,0.0,0.025974025974025976,0.0,0.02647128338454266
0.06502242152466367,0.466942148760328,0.0,0.0,0.03333333333333333,0.025525880406523274
0.39910313901345285,0.654395191585273,0.0,0.025974025974025976,0.03333333333333333,0.08366816355471521
0.0,0.5555972952667148,0.0,0.0,0.6,0.16402741668636256
0.1547085201793722,0.5954169797144999,0.0,0.0,0.0,0.014417395414795557
0.0,0.5247933884297513,0.0,0.0,0.5666666666666667,0.27369416213661074
0.09192825112107623,0.6025544703230636,0.0,0.012987012987012988,0.03333333333333333,0.12172063341999528
0.06278026905829596,0.5232907588279474,0.0,0.0,0.6,0.4835736232569132
0.0,0.5807663410969184,0.0,0.0,0.0,0.017017253604348852
0.06726457399103138,0.5480841472577005,0.0,0.012987012987012988,0.0,0.023871425194989367
0.0,0.5882794891059344,0.0,0.0,0.0,0.007563223824155045
0.24215246636771298,0.5980465815176537,0.0,0.0,0.0,0.042779484755376976
0.0,0.5773854244928618,0.0,0.0,0.6,0.1479555660600331
0.0,0.8087903831705479,0.0,0.0,0.2,0.06972346962892934
0.17937219730941703,0.6604057099924852,0.0,0.0,0.6,0.22666036398014655
0.0,0.5315552216378645,0.0,0.0,0.06666666666666667,0.014890096903805246
0.08520179372197309,0.5236664162283979,0.0,0.0,0.9333333333333333,0.2216969983455448
0.05829596412556053,0.5736288504883529,0.0,0.0,0.6,0.14299220042543134
0.3206278026905829,0.5593538692712237,0.0,0.012987012987012988,0.0,0.10730323800519972
0.13452914798206275,0.5826446280991728,0.0,0.025974025974025976,0.03333333333333333,0.020089813282911838
0.26681614349775784,0.5176558978211858,0.0,0.0,0.0,0.026707634129047503
0.12331838565022421,0.5086401202103676,0.0,0.0,0.6,0.15575514062869297
0.0,0.5803906836964678,0.0,0.0,0.0,0.002363507445048452
0.13228699551569506,0.5909090909090899,0.0,0.012987012987012988,0.03333333333333333,0.018908059560387616
0.3811659192825112,0.6089406461307263,0.0,0.012987012987012988,0.4,0.10966674545024818
0.06278026905829596,0.6217129977460534,0.0,0.0,0.0,0.021980619238950602
0.10762331838565022,0.6532682193839197,0.0,0.012987012987012988,0.6333333333333333,0.1673363271094304
0.0,0.5807663410969184,0.0,0.0,0.6,0.14677381233750889
0.14573991031390135,0.6153268219383907,0.0,0.0,0.0,0.02907114157409596
0.05829596412556053,0.4643125469571743,0.0,0.0,0.5666666666666667,0.18340817773575988
0.05829596412556053,0.45116453794139666,0.4625,0.0,0.03333333333333333,0.46608366816355473
0.0,0.5052592036063093,0.0,0.0,0.6,0.15764594658473174
0.0,0.5642374154770824,0.0,0.0,0.03333333333333333,0.00047270148900968936
0.0,0.7870022539444008,0.0,0.0,0.6666666666666666,0.15197352871661549
0.08968609865470852,0.6431254695717499,0.0,0.0,0.03333333333333333,0.025762231151028124
0.09865470852017935,0.6074380165289242,0.0,0.0,0.03333333333333333,0.021271567005436066
0.06502242152466367,0.4410217881292251,0.0,0.012987012987012988,0.0,0.028362089340581424
0.05829596412556053,0.46619083395942873,0.0,0.0,0.6,0.5041361380288348
0.14798206278026904,0.5030052592036043,0.0,0.0,0.36666666666666664,0.09974001418104468
0.07847533632286996,0.29789631855747345,0.0,0.0,0.03333333333333333,0.021980619238950602
0.11659192825112107,0.5905334335086394,0.0,0.0,0.0,0.03048924604112503
0.0,0.7137490608564985,0.0,0.0,0.0,0.019853462538406995
0.11434977578475335,0.6904583020285493,0.0,0.0,0.03333333333333333,0.02505317891751359
0.09865470852017935,0.6123215627347847,0.0,0.0,0.0,0.03616166390924131
0.46636771300448426,0.6104432757325302,0.0,1.0,0.03333333333333333,0.6126211297565587
0.10089686098654707,0.7592036063110417,0.0,0.0,0.0,0.0314346490191444
0.1928251121076233,0.5420736288504866,0.0,0.012987012987012988,0.03333333333333333,0.08035925313164737
0.07623318385650224,0.37828700225394307,0.0,0.0,0.5666666666666667,0.2904750649964547
0.08968609865470852,0.473703981968443,0.0125,0.012987012987012988,0.6,0.27818482628220276
0.3430493273542601,0.5698722764838458,0.0,0.025974025974025976,0.03333333333333333,0.0543606712361144
0.06502242152466367,0.7092411720510885,0.0,0.0,0.0,0.02765303710706689
0.26681614349775784,0.5882794891059344,0.0,0.0,0.0,0.040179626565823676
0.0695067264573991,0.4819684447783601,0.0,0.0,0.5666666666666667,0.14204679744741197
0.0,0.5300525920360624,0.0,0.0,0.0,0.07114157409595841
0.20403587443946186,0.41209616829451434,0.0,0.0,0.0,0.03592531316473647
0.05381165919282511,0.45191585274229773,0.0,0.0,0.6,0.13873788702434414
0.0,0.5514650638617571,0.0,0.0,0.0,0.04065232805483337
0.25560538116591924,0.6209616829451523,0.0,0.012987012987012988,0.0,0.038052469865280075
0.11883408071748877,0.6104432757325302,0.0,0.0,0.03333333333333333,0.02623493264003781
0.0,0.8069120961682934,0.0,0.0,0.0,0.02056251477192153
0.0,0.8497370398196828,0.0,0.0,0.0,0.051288111557551405
0.0,0.5578512396694197,0.0,0.0,0.0,0.02741668636256204
0.11434977578475335,0.38279489105935305,0.0,0.0,0.5666666666666667,0.1505554242495864
0.0,0.8012772351615318,0.0,0.0,0.0,0.016308201370834316
0.0,0.654395191585273,0.0,0.0,0.03333333333333333,0.02056251477192153
0.2488789237668161,0.6269722013523662,0.0,0.0,0.03333333333333333,0.04112502954384306
0.2623318385650224,0.5867768595041323,0.0,0.0,0.6,0.17395414795556607
0.12331838565022421,0.5649887302779852,0.0,0.012987012987012988,0.0,0.020089813282911838
0.07399103139013452,0.5912847483095405,0.0,0.0,0.6,0.1548097376506736
0.2533632286995516,0.430503380916603,0.0,0.0,0.16666666666666666,0.07705034270857954
0.08295964125560537,0.6893313298271959,0.0,0.0,0.0,0.03757976837627038
0.0,0.6175807663410957,0.0,0.0,0.03333333333333333,0.07586858898605531
0.0,0.5394440270473311,0.0,0.0,0.6,0.14724651382651857
0.10986547085201794,0.5612321562734781,0.0,0.025974025974025976,0.03333333333333333,0.029307492318600803
0.0,0.6378662659654388,0.0,0.0,0.03333333333333333,0.00874497754667927
0.15246636771300448,0.769346356123215,0.0,0.0,0.0,0.038052469865280075
0.07623318385650224,0.6574004507888791,0.0,0.012987012987012988,0.0,0.028125738596076574
0.2690582959641255,0.5897821187077366,0.0,0.0,0.0,0.026707634129047503
0.11434977578475335,0.5432006010518382,0.0,0.0,0.03333333333333333,0.025998581895532967
0.1053811659192825,0.5672426746806902,0.0,0.0,0.03333333333333333,0.03781611912077523
0.0695067264573991,0.05559729526671475,0.0,0.0,0.5333333333333333,0.17679035688962422
0.16816143497757846,0.40120210368143994,0.025,0.0,0.6,0.33183644528480266
0.23766816143497754,0.46393688955672374,0.0,0.7402597402597403,0.0,0.47766485464429215
0.0,0.5905334335086394,0.0,0.0,0.0,0.010163082013708342
0.1390134529147982,0.53869271224643,0.0,0.025974025974025976,0.03333333333333333,0.016308201370834316
0.18385650224215247,0.4526671675431988,0.0,0.0,0.03333333333333333,0.08248640983219098
0.1412556053811659,0.4383921863260696,0.0125,0.05194805194805195,0.6,0.23138737887024347
0.25560538116591924,0.21187077385424402,0.0,0.012987012987012988,0.03333333333333333,0.04372488773339636
0.24663677130044842,0.7577009767092395,0.0,0.012987012987012988,0.03333333333333333,0.03757976837627038
0.21748878923766815,0.4090909090909083,0.0,0.012987012987012988,0.0,0.029543843063105646
0.25560538116591924,0.6739293764087133,0.0,0.012987012987012988,0.0,0.02765303710706689
0.1053811659192825,0.4481592787377888,0.0,0.0,0.0,0.032852753486173475
0.2623318385650224,0.5323065364387656,0.0,0.012987012987012988,0.6,0.33183644528480266
0.07174887892376682,0.5777610818933123,0.0,0.0,0.23333333333333334,0.06050579059324037
0.0,0.5217881292261435,0.0,0.0,0.0,0.022453320727960295
0.12780269058295962,0.6919609316303514,0.0,0.0,0.0,0.029307492318600803
0.15919282511210758,0.5800150262960173,0.0,0.38961038961038963,0.6333333333333333,0.3502718033561805
0.226457399103139,0.4361382419233646,0.0,0.0,0.9666666666666667,0.2349326400378161
0.1390134529147982,0.5518407212622076,0.0,0.0,0.0,0.028125738596076574
0.30493273542600896,0.3880540946656641,0.0,0.025974025974025976,0.8666666666666667,0.21886078941148665
0.14573991031390135,0.7355371900826437,0.0,0.0,0.6333333333333333,0.1626093122193335
0.12556053811659193,0.5995492111194576,0.0,0.0,0.03333333333333333,0.02316237296147483
0.08968609865470852,0.6344853493613805,0.0,0.0,0.0,0.14866461829354763
0.21524663677130043,0.596168294515401,0.0,0.012987012987012988,0.0,0.05601512644764831
0.05381165919282511,0.7809917355371887,0.0,0.0,0.0,0.041361380288347904
0.25112107623318386,0.58640120210368,0.0,0.012987012987012988,0.0,0.038288820609784925
0.3946188340807174,0.5661157024793368,0.0,0.0,0.4,0.10564878279366581
0.09417040358744394,0.5274229902329068,0.0,0.0,0.0,0.016544552115339166
0.0,0.3760330578512381,0.0,0.0,0.6,0.1307019617111794
0.0,0.2738542449286232,0.0,0.0,0.5666666666666667,0.3152918931694635
0.0,0.5702479338842963,0.0,0.0,0.03333333333333333,0.0021271567005436056
0.28699551569506726,0.8091660405709984,0.0,0.0,0.03333333333333333,0.04679744741195934
0.4618834080717488,0.40646130728775276,0.0125,0.012987012987012988,0.03333333333333333,0.049870007090522334
0.11434977578475335,0.39105935386927015,0.0,0.012987012987012988,0.5666666666666667,0.329709288584259
0.22421524663677128,0.4609316303531159,0.0,0.025974025974025976,0.0,0.15244623020562517
0.08071748878923765,0.5661157024793368,0.0,0.0,0.03333333333333333,0.02741668636256204
0.1390134529147982,0.6596543951915841,0.0,0.025974025974025976,0.0,0.02741668636256204
0.08071748878923765,0.658903080390683,0.0,0.025974025974025976,0.6333333333333333,0.2075159536752541
0.3878923766816143,0.8636363636363615,0.0,0.012987012987012988,0.0,0.04821555187898842
0.16816143497757846,0.3354620586025536,0.4625,0.0,0.0,0.299220042543134
0.23318385650224213,0.7456799398948153,0.0,0.0,0.0,0.08225005908768614
0.07623318385650224,0.36250939143500993,0.0,0.0,0.0,0.07445048451902624
0.10986547085201794,0.5976709241172031,0.0,0.025974025974025976,0.0,0.02741668636256204
0.11659192825112107,0.6626596543951901,0.0,0.0,0.0,0.03734341763176554
0.0874439461883408,0.5262960180315535,0.0,0.0,0.6,0.15410068541715907
0.07623318385650224,0.45454545454545325,0.0,0.0,0.0,0.14653746159300404
0.41031390134529144,0.6160781367392918,0.0,0.025974025974025976,0.3,0.08910423067832664
0.3161434977578475,0.10631104432757255,0.0,0.012987012987012988,0.5666666666666667,0.15126447648310093
0.13677130044843047,0.6686701728024023,0.0,0.0,0.03333333333333333,0.041361380288347904
0.05829596412556053,0.6262208865514634,0.0,0.0,0.0,0.015835499881824623
0.10089686098654707,0.4924868519909822,0.0,0.0,0.0,0.016308201370834316
0.0,0.7062359128474807,0.0,0.0,0.0,0.02292602221696998
0.13004484304932734,0.58640120210368,0.0,0.06493506493506494,0.6,0.1992436776175845
0.060538116591928245,0.481217129977459,0.0,0.0,0.0,0.02316237296147483
0.0,0.5379413974455289,0.0,0.0,0.0,0.2651855353344363
0.12556053811659193,0.587152516904581,0.0,0.0,0.6,0.14653746159300404
0.07623318385650224,0.5033809166040548,0.0,0.0,0.5666666666666667,0.16591822264240133
0.09192825112107623,0.5661157024793368,0.0,0.0,0.0,0.029780193807610496
0.0,0.24755822689706974,0.0,0.0,0.5333333333333333,0.1427558496809265
0.1771300448430493,0.5736288504883529,0.0,0.0,0.03333333333333333,0.021980619238950602
0.0,0.5848985725018778,0.0,0.0,0.0,0.02056251477192153
0.28699551569506726,0.6198347107438007,0.0,0.012987012987012988,0.0,0.04088867879933821
0.1053811659192825,0.6018031555221626,0.0,0.025974025974025976,0.0,0.010872134247222878
0.0,0.5732531930879023,0.0,0.0,0.6,0.17891751359016783
0.0,0.6010518407212615,0.0,0.0,0.0,0.03048924604112503
0.2488789237668161,0.5848985725018778,0.0,0.0,0.0,0.028125738596076574
0.0,0.6265965439519139,0.0,0.0,0.03333333333333333,0.012526589458756796
0.05381165919282511,0.654395191585273,0.0,0.0,0.0,0.030961947530134717
0.10762331838565022,0.5146506386175798,0.0,0.0,0.03333333333333333,0.079413850153628
0.06502242152466367,0.4917355371900811,0.0,0.012987012987012988,0.03333333333333333,0.1333018199007327
0.0,0.817054845980465,0.0,0.0,0.6666666666666666,0.2514771921531553
0.10762331838565022,0.5653643876784358,0.0,0.012987012987012988,0.03333333333333333,0.015835499881824623
0.195067264573991,0.35912847483095334,0.0,0.012987012987012988,0.36666666666666664,0.11675726778539353
0.13677130044843047,0.5199098422238908,0.0,0.0,0.6333333333333333,0.16662727487591586
0.0,0.6307287753568733,0.0,0.0,0.0,0.007090522335145356
0.0,0.7317806160781348,0.0,0.0,0.03333333333333333,0.023871425194989367
0.5493273542600896,0.46393688955672374,0.0,0.0,0.0,0.27747577404868823
0.23542600896860982,0.5169045830202847,0.0,0.012987012987012988,0.03333333333333333,0.03048924604112503
0.0,0.522163786626594,0.0,0.0,0.0,0.016544552115339166
0.0,0.5492111194590521,0.0,0.0,0.03333333333333333,0.00047270148900968936
0.0,0.7058602554470301,0.0,0.0,0.0,0.03994327582131883
0.0,0.38617580766340964,0.0,0.0,0.6,0.22098794611203026
0.0,0.7190082644628077,0.0,0.0,0.03333333333333333,0.02765303710706689
0.09192825112107623,0.45229151014274827,0.0,0.0,0.6,0.14606476010399433
0.11883408071748877,0.5792637114951145,0.0,0.0,0.0,0.03238005199716379
0.21973094170403587,0.4124718256949649,0.0,0.012987012987012988,0.9,0.3436539825100449
0.05829596412556053,0.7986476333583763,0.0,0.0,0.6333333333333333,0.15622784211770266
0.23542600896860982,0.5428249436513877,0.0,0.0,0.4,0.08957693216733632
0.07623318385650224,0.4105935386927104,0.0,0.0,0.6,0.2800756322382415
0.2488789237668161,0.5657400450788863,0.0,0.0,0.0,0.116048215551879
0.20179372197309414,0.4079639368895549,0.0,0.0,0.0,0.030961947530134717
0.2488789237668161,0.41697971450037485,0.0,0.025974025974025976,0.0,0.03947057433230914
0.2802690582959641,0.5638617580766336,0.0,0.012987012987012988,0.0,0.025762231151028124
0.0,0.32043576258452156,0.0,0.0,0.03333333333333333,0.14866461829354763
0.0695067264573991,0.4797145003756551,0.0,0.0,0.6,0.16591822264240133
0.08071748878923765,0.6401202103681438,0.0,0.012987012987012988,0.03333333333333333,0.07846844717560861
0.1412556053811659,0.5138993238166769,0.0,0.0,0.0,0.1673363271094304
0.14573991031390135,0.7967693463561218,0.0,0.012987012987012988,0.03333333333333333,0.030961947530134717
0.25112107623318386,0.6855747558226888,0.0,0.0,0.6,0.26494918458993144
0.12556053811659193,0.5608564988730258,0.0,0.0,0.6,0.14393760340345074
0.05605381165919282,0.5702479338842963,0.0,0.0,0.6333333333333333,0.14606476010399433
0.2533632286995516,0.6874530428249415,0.0,0.012987012987012988,0.0,0.041361380288347904
0.0,0.7652141247182556,0.0,0.0,0.03333333333333333,0.05814228314819191
0.0,0.4646882043576248,0.0,0.0,0.6,0.15457338690616876
0.2600896860986547,0.47069872276483693,0.0,0.37662337662337664,0.6,0.4433939966910896
0.13228699551569506,0.1915852742299009,0.45,0.4675324675324676,0.5666666666666667,0.8645710233987238
0.08968609865470852,0.5792637114951145,0.0,0.0,0.03333333333333333,0.047506499645473876
0.13004484304932734,0.5416979714500361,0.0,0.0,0.03333333333333333,0.031907350508154096
0.0,0.6495116453794125,0.0,0.0,0.0,0.03876152209879461
0.0,0.6472577009767075,0.0,0.0,0.0,0.0172536043488537
0.1390134529147982,0.521412471825693,0.0,0.0,0.0,0.017726305837863388
0.0,0.35311795642373944,0.0,0.0,0.0,0.0028362089340581414
0.21973094170403587,0.3395942900075113,0.0125,0.012987012987012988,0.0,0.1463011108484992
0.0,0.587152516904581,0.0,0.0,0.03333333333333333,0.023871425194989367
0.0,0.587152516904581,0.0,0.0,0.6,0.1616639092413141
0.10762331838565022,0.8196844477836205,0.0,0.0,0.0,0.027180335618057196
0.14349775784753363,0.5935386927122455,0.0,0.0,0.0,0.028598440085086267
0.08520179372197309,0.3399699474079618,0.4625,0.025974025974025976,0.5666666666666667,0.41763176554006143
0.07623318385650224,0.49211119459053165,0.0,0.0,0.6,0.15457338690616876
0.15695067264573992,0.5713749060856479,0.0,0.0,0.0,0.03757976837627038
0.25112107623318386,0.5713749060856479,0.0,0.012987012987012988,0.03333333333333333,0.046324745922949655
0.14349775784753363,0.2727272727272716,0.0,0.0,0.5333333333333333,0.2800756322382415
0.1412556053811659,0.5879038317054821,0.0125,0.0,0.6,0.36374379579295674
0.46412556053811654,0.5897821187077366,0.0,0.0,0.2,0.12408414086504371
0.33856502242152464,0.4350112697220112,0.0125,0.012987012987012988,0.6,0.2715670054360671
0.15695067264573992,0.5589782118707731,0.0,0.012987012987012988,0.03333333333333333,0.009690380524698653
0.39910313901345285,0.430503380916603,0.0,0.012987012987012988,0.0,0.3032380051997164
0.3789237668161435,0.5338091660405695,0.0,0.012987012987012988,0.0,0.03639801465374616
0.10762331838565022,0.4256198347107425,0.0,0.0,0.5666666666666667,0.1538643346726542
0.33856502242152464,0.7009767092411714,0.0125,0.0,0.6333333333333333,0.2049160954857008
0.0,0.550713749060856,0.0,0.0,0.6,0.3876152209879461
0.09865470852017935,0.47445529676934584,0.0,0.012987012987012988,0.6,0.15504608839517844
0.11659192825112107,0.5390683696468805,0.0125,0.0,0.6,0.15244623020562517
0.1053811659192825,0.6040570999248676,0.0,0.0,0.0,0.03521626093122193
0.09865470852017935,0.5262960180315535,0.0,0.0,0.03333333333333333,0.033089104230678325
0.0,0.6010518407212615,0.0,0.0,0.0,0.017962656582368237
0.07174887892376682,0.6138241923365886,0.0,0.0,0.0,0.02647128338454266
0.2623318385650224,0.6739293764087133,0.0,0.012987012987012988,0.0,0.04065232805483337
0.23991031390134526,0.5946656649135971,0.0,0.0,0.0,0.04254313401087213
0.2130044843049327,0.6761833208114183,0.0,0.0,0.03333333333333333,0.0444339399669109
0.0,0.2892561983471058,0.0,0.0,0.0,0.2663672890569605
0.11883408071748877,0.5180315552216364,0.0,0.0,0.0,0.019853462538406995
0.12780269058295962,0.6555221637866246,0.0,0.0,0.0,0.02741668636256204
0.0,0.5589782118707731,0.0,0.0,0.0,0.08910423067832664
0.2645739910313901,0.5473328324567976,0.0,0.0,0.0,0.2715670054360671
0.09192825112107623,0.3549962434259939,0.4625,0.0,0.0,0.3117466320018908
0.0695067264573991,0.48497370398196793,0.0,0.0,0.0,0.05057905932403687
0.0,0.42975206611570194,0.0,0.012987012987012988,0.5666666666666667,0.19853462538406996
0.15022421524663676,0.5879038317054821,0.0,0.0,0.0,0.06877806665090996
0.08968609865470852,0.5800150262960173,0.0,0.0,0.6333333333333333,0.15126447648310093
0.210762331838565,0.8429752066115697,0.0,0.025974025974025976,0.0,0.047742850389978726
0.4865470852017937,0.5619834710743792,0.0,0.012987012987012988,0.6,0.24344126683999054
0.0,0.8888054094665652,0.0,0.0,0.03333333333333333,0.020326164027416688
0.13452914798206275,0.36964688204357543,0.0,0.0,0.0,0.015835499881824623
0.226457399103139,0.6029301277235142,0.0,0.05194805194805195,0.03333333333333333,0.06050579059324037
0.15919282511210758,0.5905334335086394,0.0,0.012987012987012988,0.03333333333333333,0.009690380524698653
0.0,0.6029301277235142,0.0,0.012987012987012988,0.0,0.018435358071377923
0.0,0.6679188580015012,0.0,0.0,0.03333333333333333,0.020326164027416688
0.10089686098654707,0.6960931630353109,0.0,0.0,0.0,0.034034507208697704
0.22421524663677128,0.4060856498873022,0.0,0.0,0.5666666666666667,0.38028834790829585
0.08071748878923765,0.5950413223140494,0.0,0.0,0.03333333333333333,0.15930040179626564
0.32735426008968604,0.53869271224643,0.0,0.0,0.03333333333333333,0.06735996218388089
0.34529147982062774,0.5390683696468805,0.0,0.012987012987012988,0.03333333333333333,0.1919168045379343
0.22421524663677128,0.4635612321562732,0.0125,0.012987012987012988,0.6333333333333333,0.3363271094303947
0.06502242152466367,0.44177310293012617,0.0,0.012987012987012988,0.6,0.3672890569605294
0.0,0.6701728024042062,0.0,0.012987012987012988,0.6,0.18884424485937132
0.13677130044843047,0.6100676183320797,0.0,0.0,0.03333333333333333,0.01819900732687308
0.5089686098654709,0.4316303531179546,0.0,0.025974025974025976,0.9333333333333333,0.4095958402268967
0.210762331838565,0.7137490608564985,0.0,0.025974025974025976,0.0,0.03521626093122193
0.28699551569506726,0.6382419233658894,0.0,0.0,0.03333333333333333,0.07728669345308438
0.08071748878923765,0.5589782118707731,0.0,0.0,0.0,0.04419758922240605
0.0,0.695341848234408,0.0,0.0,0.1,0.20302528952966203
0.2286995515695067,0.5492111194590521,0.0,0.0,0.0,0.06286929803828882
0.4035874439461883,0.5428249436513877,0.0,0.0,0.36666666666666664,0.11368470810683055
0.05829596412556053,0.5285499624342584,0.0,0.0,0.6333333333333333,0.2876388560623966
0.20403587443946186,0.6404958677685926,0.0,0.0,0.0,0.03356180571968801
0.226457399103139,0.48534936138241846,0.0,0.0,0.0,0.02505317891751359
0.0,0.53869271224643,0.0,0.0,0.03333333333333333,0.008508626802174424
0.25560538116591924,0.6374906085649883,0.0,0.0,0.03333333333333333,0.04112502954384306
0.23766816143497754,0.5390683696468805,0.0,0.0,0.03333333333333333,0.025998581895532967
0.0874439461883408,0.45905334335086323,0.0,0.0,0.03333333333333333,0.016308201370834316
0.13228699551569506,0.5837716003005244,0.025,0.05194805194805195,0.6333333333333333,0.1971165209170409
0.15919282511210758,0.5634861006761831,0.0,0.012987012987012988,0.03333333333333333,0.010163082013708342
0.0,0.4560480841472554,0.0,0.0,0.5666666666666667,0.1401559914913732
0.226457399103139,0.43313298271975853,0.0,0.025974025974025976,0.03333333333333333,0.023635074450484517
0.09641255605381165,0.5897821187077366,0.0,0.0,0.03333333333333333,0.026943984873552346
0.09417040358744394,0.5078888054094648,0.0125,0.0,0.6,0.20680690144173955
0.0,0.5586025544703226,0.0,0.0,0.6,0.1760813046561097
0.3856502242152466,0.373027798647632,0.45,0.012987012987012988,0.6,0.5426613093831246
0.0,0.4008264462809912,0.0,0.0,0.0,0.1333018199007327
0.05829596412556053,0.41096919609316274,0.0,0.0,0.5666666666666667,0.13306546915622786
0.0,0.6183320811419968,0.0,0.0,0.0,0.018435358071377923
0.13004484304932734,0.6202103681442512,0.0,0.0,0.0,0.10446702907114158
0.13228699551569506,0.5262960180315535,0.0,0.0,0.03333333333333333,0.03214370125265894
0.17264573991031387,0.5443275732531916,0.0,0.0,0.6,0.1756086031671
0.3228699551569506,0.4928625093914345,0.0,0.025974025974025976,0.03333333333333333,0.2053887969747105
0.6076233183856502,0.4398948159278717,0.0,0.0,0.6,0.38501536279839277
0.12107623318385649,0.5942900075131465,0.0,0.0,0.6,0.20633419995272986
0.0695067264573991,0.5946656649135971,0.0,0.0,0.0,0.07208697707397778
0.36995515695067266,0.4842223891810651,0.0,0.012987012987012988,0.03333333333333333,0.048924604112502955
0.0,0.6735537190082628,0.0,0.0,0.6,0.15457338690616876
0.0,0.5852742299023284,0.0,0.0,0.0,0.03994327582131883
0.06726457399103138,0.608189331329827,0.0,0.012987012987012988,0.0,0.08177735759867645
0.3946188340807174,0.48046581517655795,0.0,0.24675324675324678,0.03333333333333333,0.2526589458756795
0.0,0.6585274229902325,0.0,0.0,0.0,0.017726305837863388
0.15022421524663676,0.5984222389181042,0.0125,0.0,0.0,0.045615693689435126
0.0,0.588655146506385,0.0,0.0,0.6,0.18340817773575988
0.289237668161435,0.7385424492862498,0.0,0.025974025974025976,0.6333333333333333,0.1883715433703616
0.08520179372197309,0.5435762584522905,0.0,0.0,0.6,0.15410068541715907
0.0,0.7445529676934619,0.0,0.0,0.0,0.0099267312692035
0.43049327354260086,0.4774605559729501,0.0,0.0,0.03333333333333333,0.10777593949420941
0.0,0.3790383170548459,0.0,0.0,0.03333333333333333,0.03757976837627038
0.17040358744394618,0.6972201352366625,0.0,0.0,0.0,0.28385724415031904
0.13228699551569506,0.6018031555221626,0.0,0.0,0.0,0.02788938785157173
0.25560538116591924,0.36025544703230494,0.0,0.0,0.5666666666666667,0.2883479082959111
0.1771300448430493,0.3538692712246423,0.0,0.0,0.5666666666666667,0.48475537697943744
0.32959641255605376,0.48610067618331954,0.0125,0.0,0.6,0.18813519262585676
0.11883408071748877,0.48159278737790956,0.0,0.025974025974025976,0.03333333333333333,0.03970692507681399
0.4349775784753363,0.6277235161532673,0.0,0.025974025974025976,0.03333333333333333,0.03048924604112503
0.0,0.6848234410217859,0.0,0.0,0.0,0.013471992436776175
0.0,0.38166791885799967,0.0,0.0,0.0,0.26140392342235874
0.05605381165919282,0.7099924868519896,0.0,0.0,0.6333333333333333,0.16402741668636256
0.11883408071748877,0.5454545454545432,0.0,0.0,0.0,0.025998581895532967
0.16591928251121074,0.48760330578512345,0.0125,0.05194805194805195,0.5666666666666667,0.42803119829827463
0.0,0.5743801652892557,0.0,0.012987012987012988,0.0,0.019380761049397302
0.0,0.6029301277235142,0.0,0.0,0.0,0.017017253604348852
0.3161434977578475,0.420736288504882,0.0,0.0,0.9666666666666667,0.3505081541006854
0.12107623318385649,0.6389932381667904,0.0,0.0,0.0,0.029307492318600803
0.0,0.5758827948910579,0.0,0.0,0.0,0.010872134247222878
0.10762331838565022,0.6085649887302758,0.0,0.0,0.6,0.28905696052942564
0.0,0.7231404958677672,0.025,0.27272727272727276,0.6,0.3193098558260458
0.0,0.6649135987978951,0.0,0.0,0.0,0.018671708815882766
0.07623318385650224,0.48760330578512345,0.0,0.025974025974025976,0.0,0.1437012526589459
0.22421524663677128,0.2986476333583763,0.0,0.0,0.5666666666666667,0.14133774521389744
0.531390134529148,0.6051840721262192,0.0,0.012987012987012988,0.43333333333333335,0.15268258095013001
0.0874439461883408,0.37114951164537757,0.0,0.0,0.5666666666666667,0.4514299220042543
0.07399103139013452,0.6532682193839197,0.0,0.0,0.6,0.16331836445284803
0.05605381165919282,0.6386175807663399,0.0,0.012987012987012988,0.6333333333333333,0.1782084613566533
0.0,0.5488354620586016,0.0,0.0,0.03333333333333333,0.017726305837863388
0.0,0.27197595792636875,0.0,0.0,0.0,0.1271567005436067
0.18385650224215247,0.7129977460555956,0.0,0.0,0.0,0.05105176081304656
0.13677130044843047,0.5758827948910579,0.0,0.0,0.03333333333333333,0.009690380524698653
0.17264573991031387,0.6761833208114183,0.0,0.0,0.0,0.13661073032380053
0.06726457399103138,0.5935386927122455,0.0,0.0,0.0,0.019617111793902152
0.06278026905829596,0.5999248685199081,0.0,0.0,0.0,0.2751122666036398
0.17264573991031387,0.5015026296018021,0.375,0.0,0.6,0.49491845899314585
0.08968609865470852,0.5555972952667148,0.0,0.0,0.0,0.043961238477901204
0.18609865470852016,0.5608564988730258,0.0,0.0,0.0,0.03616166390924131
0.12780269058295962,0.8012772351615318,0.0,0.0,0.0,0.02907114157409596
0.34529147982062774,0.5555972952667148,0.5,0.0,0.6,0.5150082722760577
0.07623318385650224,0.5390683696468805,0.0,0.0,0.6,0.1642637674308674
0.0,0.5048835462058587,0.0,0.0,0.0,0.18742614039234223
0.0,0.7400450788880519,0.0,0.012987012987012988,0.0,0.020798865516426374
0.0,0.5593538692712237,0.0,0.0,0.03333333333333333,0.01819900732687308
0.0874439461883408,0.6551465063861741,0.0,0.0,0.6,0.15693689435121722
0.13004484304932734,0.5931630353117949,0.0,0.012987012987012988,0.03333333333333333,0.02623493264003781
0.1053811659192825,0.6551465063861741,0.0,0.012987012987012988,0.03333333333333333,0.03001654455211534
0.2130044843049327,0.4060856498873022,0.0,0.025974025974025976,0.5666666666666667,0.16615457338690617
0.5470852017937219,0.4350112697220112,0.025,0.012987012987012988,0.6,0.24864098321909714
0.2825112107623318,0.4774605559729501,0.0,0.0,0.36666666666666664,0.09028598440085087
0.226457399103139,0.5567242674680681,0.0,0.025974025974025976,0.6333333333333333,0.18009926731269205
0.05381165919282511,0.35800150262960173,0.4625,0.0,0.03333333333333333,0.4159773103285275
0.2488789237668161,0.5063861758076627,0.0,0.0,0.03333333333333333,0.03238005199716379
0.13004484304932734,0.5559729526671653,0.0,0.0,0.0,0.020326164027416688
0.05605381165919282,0.7655897821187061,0.0,0.0,0.0,0.11203025289529663
0.07399103139013452,0.4635612321562732,0.0,0.0,0.0,0.06995982037343419
0.0,0.5608564988730258,0.0,0.0,0.6,0.1437012526589459
0.0,0.6280991735537178,0.0,0.0,0.6333333333333333,0.15575514062869297
0.37668161434977576,0.3234410217881276,0.0,0.0,0.6,0.2531316473646892
0.0,0.4631855747558209,0.0,0.0,0.0,0.017489955093358545
0.0,0.5199098422238908,0.0,0.0,0.03333333333333333,0.06452375324982275
0.10089686098654707,0.6096919609316291,0.0,0.0,0.6,0.15504608839517844
0.0,0.35349361382419175,0.0,0.0,0.5666666666666667,0.2049160954857008
0.1412556053811659,0.6912096168294504,0.0125,0.025974025974025976,0.03333333333333333,0.06688726069487119
0.0,0.5582268970698703,0.025,0.0,0.6,0.26045852044433937
0.07174887892376682,0.5112697220135214,0.0,0.0,0.6,0.19286220751595368
0.1973094170403587,0.5762584522915084,0.0,0.0,0.03333333333333333,0.022689671472465138
0.1412556053811659,0.6870773854244909,0.0,0.0,0.03333333333333333,0.03356180571968801
0.0,0.6389932381667904,0.0,0.0,0.6,0.1600094540297802
0.13004484304932734,0.5413223140495855,0.0,0.05194805194805195,0.0,0.1751359016780903
0.10986547085201794,0.38504883546205804,0.0125,0.0,0.5666666666666667,0.378633892696762
0.09641255605381165,0.5912847483095405,0.0,0.0,0.0,0.03474355944221224
0.0695067264573991,0.546205860255446,0.0,0.0,0.03333333333333333,0.03025289529662018
0.0,0.634861006761831,0.0,0.0,0.6333333333333333,0.2618766249113685
0.2959641255605381,0.5969196093163021,0.0,0.0,0.43333333333333335,0.10304892460411251
0.14798206278026904,0.5202854996243413,0.0125,0.48051948051948057,0.6,0.45993854880642876
0.0,0.214124718256949,0.45,0.0,0.5333333333333333,0.45993854880642876
0.12780269058295962,0.3407212622088647,0.0,0.0,0.0,0.04821555187898842
0.0,0.5725018782870013,0.0,0.0,0.0,0.015835499881824623
0.17264573991031387,0.5905334335086394,0.0,0.0,0.0,0.011817537225242257
0.10762331838565022,0.4800901577761074,0.0,0.0,0.6,0.16639092413141102
0.07399103139013452,0.6667918858001496,0.0,0.0,0.6,0.14748286457102341
0.29372197309417036,0.7404207362885025,0.0,0.0,0.03333333333333333,0.09217679035688962
0.20179372197309414,0.6622839969947396,0.0,0.025974025974025976,0.03333333333333333,0.09784920822500592
0.2713004484304932,0.5503380916604037,0.0,0.0,0.0,0.02528952966201843
0.36995515695067266,0.49361382419233557,0.0,0.012987012987012988,0.6,0.1600094540297802
0.08295964125560537,0.7032306536438764,0.0,0.025974025974025976,0.0,0.02481682817300874
0.0,0.6457550713749054,0.0,0.0,0.0,0.035452611675726775
0.13452914798206275,0.7513148009015769,0.0,0.0,0.6333333333333333,0.18388087922476956
0.15022421524663676,0.5405709992486845,0.0,0.0,0.0,0.018671708815882766
0.3609865470852018,0.5285499624342584,0.0,0.012987012987012988,0.6,0.23682344599385488
0.2309417040358744,0.5999248685199081,0.0,0.0,0.0,0.03734341763176554
0.11659192825112107,0.6893313298271959,0.0,0.0,0.0,0.04088867879933821
0.29372197309417036,0.634861006761831,0.0,0.012987012987012988,0.03333333333333333,0.04065232805483337
0.0,0.5642374154770824,0.025,0.0,0.6,0.21106121484282678
0.1390134529147982,0.5822689706987223,0.0,0.0,0.03333333333333333,0.020798865516426374
0.06502242152466367,0.6070623591284736,0.0,0.025974025974025976,0.03333333333333333,0.020798865516426374
0.3116591928251121,0.6299774605559705,0.0,0.0,0.03333333333333333,0.15930040179626564
0.0,0.7479338842975203,0.0,0.0,0.0,0.017017253604348852
0.12780269058295962,0.7133734034560462,0.0,0.0,0.0,0.02907114157409596
0.12556053811659193,0.7235161532682177,0.0,0.0,0.0,0.033089104230678325
0.10986547085201794,0.45229151014274827,0.0,0.0,0.0,0.011344835736232567
0.2443946188340807,0.550713749060856,0.0,0.0,0.0,0.02788938785157173
0.12331838565022421,0.7006010518407191,0.0,0.0,0.6333333333333333,0.16450011817537225
0.13004484304932734,0.5694966190833952,0.0,0.0,0.03333333333333333,0.03639801465374616
0.39910313901345285,0.22126220886551273,0.0,0.4545454545454546,0.5666666666666667,0.5892224060505791
0.4573991031390134,0.4504132231404938,0.4,0.0,0.03333333333333333,0.2852753486173481
0.5067264573991032,0.5882794891059344,0.0,0.025974025974025976,0.0,0.07114157409595841
0.0,0.5262960180315535,0.0,0.012987012987012988,0.6,0.21413377452138974
0.4260089686098654,0.26746806912096055,0.0125,0.4545454545454546,0.5666666666666667,0.4587567950839045
0.13228699551569506,0.4124718256949649,0.0,0.0,0.6,0.1437012526589459
0.5201793721973094,0.47558226897069744,0.0,0.025974025974025976,0.0,0.15197352871661549
0.0,0.5112697220135214,0.0,0.0,0.03333333333333333,0.16544552115339164
0.23766816143497754,0.546205860255446,0.0,0.012987012987012988,0.0,0.028362089340581424
0.2286995515695067,0.4102178812922599,0.0,0.012987012987012988,0.03333333333333333,0.09737650673599622
0.08968609865470852,0.654395191585273,0.0,0.0,0.0,0.021271567005436066
0.24215246636771298,0.5736288504883529,0.0,0.025974025974025976,0.03333333333333333,0.1344835736232569
0.0,0.6404958677685926,0.0,0.0,0.0,0.019380761049397302
0.24663677130044842,0.44853493613824114,0.0125,0.012987012987012988,0.6,0.1704088867879934
0.16591928251121074,0.6205860255447018,0.0,0.0,0.03333333333333333,0.021035216260931223
0.09641255605381165,0.7389181066867003,0.0,0.0,0.0,0.16544552115339164
0.12107623318385649,0.5788880540946639,0.0,0.012987012987012988,0.03333333333333333,0.018435358071377923
0.21973094170403587,0.5563486100676176,0.0,0.012987012987012988,0.0,0.06405105176081305
0.0,0.6145755071374897,0.0,0.0,0.0,0.023871425194989367
0.2286995515695067,0.4774605559729501,0.0125,0.0,0.4666666666666667,0.338926967619948
0.11210762331838564,0.5972952667167526,0.0,0.012987012987012988,0.0,0.0314346490191444
0.15246636771300448,0.4763335837715985,0.0,0.012987012987012988,0.0,0.009690380524698653
0.11659192825112107,0.6164537941397441,0.0,0.0,0.03333333333333333,0.029780193807610496
0.07847533632286996,0.5664913598797874,0.0,0.0,0.03333333333333333,0.02292602221696998
0.1547085201793722,0.6697971450037556,0.0,0.0,0.03333333333333333,0.031198298274639567
0.12780269058295962,0.7129977460555956,0.0,0.0,0.0,0.03025289529662018
0.09192825112107623,0.3681442524417715,0.0,0.0,0.6,0.19900732687307965
0.09192825112107623,0.6269722013523662,0.0,0.0,0.0,0.03356180571968801
0.3542600896860986,0.4962434259954911,0.0,0.48051948051948057,0.6,0.5684235405341527
0.06278026905829596,0.6243425995492107,0.0,0.0,0.0,0.0418340817773576
0.1053811659192825,0.5176558978211858,0.0,0.0,0.0,0.04963365634601749
0.25112107623318386,0.6788129226145738,0.0,0.025974025974025976,0.6,0.16899078232096432
0.1614349775784753,0.6033057851239665,0.0,0.0,0.03333333333333333,0.03876152209879461
0.3878923766816143,0.30578512396694,0.0,0.9480519480519481,0.0,0.7232332781848264
0.3004484304932735,0.6671675432006001,0.0,0.0,0.6,0.18293547624675016
0.1412556053811659,0.5154019534184808,0.0125,0.0,0.5666666666666667,0.1642637674308674
0.3161434977578475,0.7468069120961669,0.0,0.025974025974025976,0.03333333333333333,0.11108484991727725
0.1748878923766816,0.6066867017280231,0.0,0.0,0.03333333333333333,0.01229023871425195
0.10762331838565022,0.48497370398196793,0.0,0.0,0.0,0.022689671472465138
0.08968609865470852,0.4947407963936872,0.0,0.0,0.0,0.12786575277712126
0.13004484304932734,0.6070623591284736,0.025,0.0,0.6333333333333333,0.16095485700779957
0.09865470852017935,0.6003005259203587,0.0,0.0,0.03333333333333333,0.034507208697707396
0.23991031390134526,0.4432757325319301,0.0,0.0,0.0,0.23280548333727252
0.16367713004484302,0.3903080390683691,0.0125,0.4415584415584416,0.03333333333333333,0.28291184117229967
0.0,0.5398196844477834,0.0,0.0,0.0,0.028125738596076574
0.0,0.5033809166040548,0.0,0.3116883116883117,0.03333333333333333,0.18884424485937132
0.05605381165919282,0.5586025544703226,0.0,0.0,0.5666666666666667,0.15079177499409124
0.2713004484304932,0.6134485349361363,0.0,0.025974025974025976,0.03333333333333333,0.03356180571968801
0.1973094170403587,0.5574755822689692,0.0,0.0,0.03333333333333333,0.024580477428503895
0.0,0.5495867768595026,0.0,0.0,0.1,0.03970692507681399
0.13677130044843047,0.5905334335086394,0.0,0.0,0.0,0.0172536043488537
0.13004484304932734,0.5826446280991728,0.0,0.0,0.03333333333333333,0.024580477428503895
0.0,0.3328324567993981,0.0,0.0,0.5666666666666667,0.12597494682108248
0.2443946188340807,0.7013523666416219,0.0,0.012987012987012988,0.6333333333333333,0.17324509572205155
0.0,0.4444027047332817,0.45,0.0,0.5666666666666667,0.45213897423776883
0.0,0.4646882043576248,0.0,0.0,0.6,0.13093831245568424
0.08071748878923765,0.6664162283996973,0.0,0.0,0.03333333333333333,0.02765303710706689
0.10762331838565022,0.7956423741547685,0.0,0.025974025974025976,0.0,0.03025289529662018
0.14798206278026904,0.5379413974455289,0.0,0.0,0.03333333333333333,0.018671708815882766
0.2780269058295964,0.6190833959428979,0.0,0.012987012987012988,0.0,0.2876388560623966
0.051569506726457395,0.596168294515401,0.0,0.0,0.03333333333333333,0.0073268730796502025
0.15246636771300448,0.47708489857250136,0.0,0.012987012987012988,0.6,0.18955329709288585
0.13228699551569506,0.7039819684447775,0.0,0.0,0.03333333333333333,0.030961947530134717
0.2959641255605381,0.5045078888054082,0.0,0.012987012987012988,0.0,0.05081541006854171
0.20403587443946186,0.48384673178061455,0.0,0.012987012987012988,0.03333333333333333,0.16639092413141102
0.2780269058295964,0.6874530428249415,0.0,0.0,0.6333333333333333,0.22500590876861262
0.10762331838565022,0.5308039068369634,0.0,0.0,0.0,0.037107066887260697
0.09192825112107623,0.6277235161532673,0.0,0.0,0.03333333333333333,0.03687071614275585
0.14573991031390135,0.5349361382419211,0.0,0.0,0.0,0.02316237296147483
0.13228699551569506,0.6292261457550712,0.0,0.0,0.0,0.02741668636256204
0.08968609865470852,0.5056348610067598,0.0,0.0,0.6,0.14748286457102341
0.2488789237668161,0.1739293764087151,0.45,0.012987012987012988,0.5666666666666667,0.4195225714961002
0.22421524663677128,0.644628099173552,0.0,0.0,0.03333333333333333,0.043961238477901204
0.0,0.40495867768594884,0.0,0.012987012987012988,0.0,0.05105176081304656
0.051569506726457395,0.5589782118707731,0.0,0.0,0.6,0.32356416922713305
0.07847533632286996,0.4530428249436511,0.0125,0.0,0.0,0.024107775939494203
0.0,0.6739293764087133,0.0,0.0,0.0,0.022216969983455445
0.0,0.6724267468069094,0.0,0.0,0.0,0.014653746159300403
0.13452914798206275,0.47445529676934584,0.0,0.012987012987012988,0.5666666666666667,0.19806192389506028
0.08295964125560537,0.3069120961682934,0.0,0.0,0.5666666666666667,0.13566532734578116
0.2690582959641255,0.46393688955672374,0.0,0.012987012987012988,0.0,0.18908059560387616
0.12556053811659193,0.49699474079639216,0.0,0.0,0.0,0.08650437248877335
0.3878923766816143,0.43012772351615247,0.0,0.0,0.0,0.12526589458756796
0.2959641255605381,0.26634109691960894,0.4625,0.012987012987012988,0.03333333333333333,0.4892460411250295
0.2286995515695067,0.5807663410969184,0.0,0.0,0.43333333333333335,0.10517608130465611
0.0,0.3425995492111191,0.0,0.0,0.0,0.0028362089340581414
0.10986547085201794,0.53418482344102,0.0,0.0,0.6,0.1812810210352163
0.4260089686098654,0.5056348610067598,0.0,0.03896103896103896,0.6,0.20373434176317656
0.195067264573991,0.7990232907588268,0.0,0.0,0.6,0.16379106594185772
0.060538116591928245,0.17693463561231937,0.45,0.0,0.0,0.26802174426849446
0.0,0.5563486100676176,0.0,0.0,0.5666666666666667,0.1746632001890806
0.0,0.6457550713749054,0.0,0.0,0.6,0.14748286457102341
0.27578475336322866,0.5777610818933123,0.0,0.012987012987012988,0.0,0.02907114157409596
0.26681614349775784,0.5743801652892557,0.0,0.012987012987012988,0.6,0.1642637674308674
0.35650224215246634,0.5747558226897045,0.0,0.025974025974025976,0.0,0.14464665563696527
0.23991031390134526,0.37190082644627864,0.0,0.012987012987012988,0.5666666666666667,0.2401323564169227
0.10313901345291479,0.7223891810668661,0.0,0.012987012987012988,0.03333333333333333,0.03261640274166863
0.09192825112107623,0.4609316303531159,0.0,0.012987012987012988,0.0,0.02316237296147483
0.1905829596412556,0.48534936138241846,0.0,0.0,0.6,0.1538643346726542
0.4237668161434977,0.6115702479338836,0.0125,0.0,0.0,0.17489955093358545
0.49999999999999994,0.5788880540946639,0.0,0.0,0.0,0.0543606712361144
0.08295964125560537,0.6615326821938385,0.0,0.0,0.0,0.034507208697707396
0.08968609865470852,0.48948159278737613,0.0,0.0,0.5666666666666667,0.1385015362798393
0.14573991031390135,0.4320060105184069,0.0,0.0,0.6,0.3779248404632474
0.0,0.6882043576258443,0.0,0.0,0.03333333333333333,0.02056251477192153
0.22421524663677128,0.48534936138241846,0.55,0.0,0.03333333333333333,0.3512172063341999
0.12107623318385649,0.5672426746806902,0.0,0.0,0.0,0.016308201370834316
0.24663677130044842,0.5879038317054821,0.0,0.025974025974025976,0.0,0.03757976837627038
0.25112107623318386,0.6333583771600289,0.0,0.0,0.0,0.12573859607657764
0.12556053811659193,0.42637114951164357,0.47500000000000003,0.0,0.6,0.5528243913968329
0.0,0.6615326821938385,0.0,0.0,0.0,0.017489955093358545
0.11434977578475335,0.3384673178061597,0.0,0.0,0.0,0.062160245804774285
0.35874439461883406,0.4256198347107425,0.0,0.012987012987012988,0.6,0.16922713306546916
0.08071748878923765,0.43688955672426566,0.0,0.0,0.03333333333333333,0.22713306546915624
0.25112107623318386,0.4906085649887295,0.0,0.0,0.0,0.03001654455211534
0.3071748878923767,0.8163035311795621,0.0,0.012987012987012988,0.0,0.038052469865280075
0.07399103139013452,0.6720510894064606,0.0,0.0,0.6,0.14653746159300404
0.09192825112107623,0.46994740796393586,0.0,0.8441558441558442,0.6,0.6211297565587331
0.1771300448430493,0.5616078136739286,0.0,0.07792207792207792,0.0,0.08768612621129757
0.25784753363228696,0.6776859504132222,0.0,0.025974025974025976,0.06666666666666667,0.04845190262349326
0.0,0.5848985725018778,0.0,0.0,0.6,0.14299220042543134
0.0,0.5477084898572482,0.0,0.0,0.03333333333333333,0.012999290947766485
0.36995515695067266,0.3583771600300505,0.4625,0.0,0.5666666666666667,0.5090995036634366
0.060538116591928245,0.6033057851239665,0.0,0.0,0.0,0.029543843063105646
0.46636771300448426,0.5676183320811408,0.0,0.0,0.4,0.12361143937603405
0.14349775784753363,0.7137490608564985,0.0,0.0,0.0,0.031198298274639567
0.0,0.5717505634861002,0.0,0.0,0.0,0.2642401323564169
0.05829596412556053,0.62960180315552,0.0,0.0,0.6333333333333333,0.14961002127156703
0.5650224215246636,0.5646130728775347,0.0,0.012987012987012988,0.03333333333333333,0.07775939494209408
0.05381165919282511,0.7340345604808398,0.0,0.0,0.0,0.05814228314819191
0.08295964125560537,0.4725770097670914,0.0,0.0,0.6,0.14157409595840229
0.19955156950672642,0.5777610818933123,0.0,0.0,0.6333333333333333,0.22453320727960294
0.0,0.5424492862509389,0.0,0.0,0.6,0.14606476010399433
0.13677130044843047,0.6558978211870752,0.0,0.0,0.03333333333333333,0.022216969983455445
0.08071748878923765,0.4947407963936872,0.0,0.0,0.0,0.05577877570314347
0.0,0.596168294515401,0.0,0.0,0.6,0.1453557078704798
0.07623318385650224,0.6863260706235899,0.0,0.0,0.6,0.14842826754904279
0.0,0.6889556724267454,0.0,0.0,0.0,0.021980619238950602
0.0,0.552967693463561,0.0,0.0,0.0,0.024107775939494203
0.12556053811659193,0.5518407212622076,0.0,0.0,0.0,0.035452611675726775
0.09417040358744394,0.6048084147257686,0.0,0.012987012987012988,0.0,0.03238005199716379
0.08295964125560537,0.528925619834709,0.0,0.0,0.6,0.16662727487591586
0.2309417040358744,0.5743801652892557,0.0,0.012987012987012988,0.03333333333333333,0.042779484755376976
0.0,0.5518407212622076,0.0,0.0,0.03333333333333333,0.010872134247222878
0.10313901345291479,0.4688204357625825,0.0,0.0,0.0,0.013708343181281021
0.0,0.6119459053343341,0.0,0.0,0.0,0.029307492318600803
0.1412556053811659,0.6018031555221626,0.0,0.012987012987012988,0.0,0.08366816355471521
0.23991031390134526,0.6558978211870752,0.0,0.012987012987012988,0.03333333333333333,0.045615693689435126
0.06278026905829596,0.5822689706987223,0.0,0.012987012987012988,0.6,0.2001890805956039
0.05829596412556053,0.43801652892561904,0.0,0.025974025974025976,0.6,0.18884424485937132
0.29372197309417036,0.43087903831705354,0.0,0.025974025974025976,0.0,0.021035216260931223
0.1928251121076233,0.5845229151014273,0.0,0.025974025974025976,0.0,0.06948711888442449
0.15022421524663676,0.656649135987978,0.0,0.0,0.0,0.033089104230678325
0.0,0.42299023290758697,0.0,0.0,0.0,0.1961711179390215
0.37668161434977576,0.40007513148008833,0.0,0.025974025974025976,0.5666666666666667,0.23304183408177734
0.26681614349775784,0.5751314800901568,0.0,0.012987012987012988,0.6333333333333333,0.16284566296383834
0.0,0.694590533433507,0.0,0.0,0.6,0.19380761049397305
0.06278026905829596,0.704357625845228,0.0,0.0,0.0,0.015362798392814936
0.0,0.5281743050338079,0.0,0.0,0.0,0.019853462538406995
0.13004484304932734,0.49924868519909715,0.0,0.0,0.0,0.02765303710706689
0.5807174887892377,0.5416979714500361,0.0,0.012987012987012988,0.03333333333333333,0.16379106594185772
0.14349775784753363,0.6581517655897802,0.0,0.025974025974025976,0.0,0.07846844717560861
0.0,0.5631104432757308,0.0,0.0,0.0,0.02292602221696998
0.0695067264573991,0.5616078136739286,0.0,0.0,0.6,0.2117702670763413
0.1412556053811659,0.4842223891810651,0.0,0.0,0.6,0.20515244623020565
0.05605381165919282,0.6825694966190827,0.0,0.0,0.0,0.017017253604348852
0.10762331838565022,0.6363636363636349,0.0,0.012987012987012988,0.0,0.040179626565823676
0.0,0.6220886551465057,0.0,0.0,0.0,0.10683053651619002
0.27354260089686094,0.4996243425995477,0.0125,0.0,0.6,0.19735287166154575
0.07623318385650224,0.5473328324567976,0.0,0.0,0.6,0.17229969274403215
0.0,0.5807663410969184,0.0,0.0,0.0,0.007090522335145356
0.0,0.5492111194590521,0.0125,0.0,0.6,0.14961002127156703
0.12107623318385649,0.6442524417731015,0.0,0.012987012987012988,0.0,0.028362089340581424
0.13452914798206275,0.6574004507888791,0.0125,0.0,0.03333333333333333,0.030961947530134717
0.09641255605381165,0.5416979714500361,0.0,0.0,0.03333333333333333,0.17537225242259513
0.0,0.37002253944402597,0.0,0.0,0.5666666666666667,0.12833845426613094
0.0,0.6311044327573239,0.0125,0.0,0.6,0.1708815882770031
0.0695067264573991,0.4842223891810651,0.0,0.0,0.0,0.03427085795320255
0.15695067264573992,0.7197595792637106,0.0,0.025974025974025976,0.03333333333333333,0.029543843063105646
0.060538116591928245,0.5634861006761831,0.0,0.0,0.0,0.1867170881588277
0.0,0.6656649135987962,0.0,0.0,0.0,0.017489955093358545
0.09417040358744394,0.5856498873027789,0.0125,0.0,0.6333333333333333,0.34247222878752065
0.0,0.6419984973703965,0.0,0.0,0.03333333333333333,0.017962656582368237
0.051569506726457395,0.22764838467317716,0.0,0.0,0.0,0.33443630347435593
0.29372197309417036,0.5976709241172031,0.48750000000000004,0.025974025974025976,0.0,0.3401087213424722
0.2600896860986547,0.6870773854244909,0.0,0.012987012987012988,0.6333333333333333,0.1756086031671
0.0,0.6164537941397441,0.0,0.0,0.03333333333333333,0.0172536043488537
0.05605381165919282,0.4883546205860245,0.0,0.0,0.03333333333333333,0.04207043252186244
0.0,0.5890308039068355,0.0,0.0,0.6,0.17702670763412906
0.12780269058295962,0.432757325319308,0.0,0.0,0.5666666666666667,0.18364452848026472
0.0,0.44177310293012617,0.0,0.0,0.5666666666666667,0.17277239423304186
0.23766816143497754,0.44027047332832403,0.0,0.0,0.0,0.023635074450484517
0.0,0.6280991735537178,0.0,0.0,0.03333333333333333,0.011344835736232567
0.10986547085201794,0.44740796393688775,0.0,0.0,0.6,0.13944693925785867
0.1928251121076233,0.13786626596543883,0.0,0.025974025974025976,0.5333333333333333,0.15031907350508156
0.0,0.48271975957926294,0.0,0.0,0.03333333333333333,0.008508626802174424
0.23542600896860982,0.4984973703981961,0.0,0.0,0.6,0.35287166154573385
0.2085201793721973,0.4395191585274212,0.0,0.012987012987012988,0.6,0.16237296147482866
0.23542600896860982,0.550713749060856,0.0,0.0,0.6,0.16450011817537225
0.10986547085201794,0.4459053343350856,0.0,0.012987012987012988,0.0,0.013708343181281021
0.10762331838565022,0.6063110443275725,0.0,0.012987012987012988,0.0,0.040179626565823676
0.19955156950672642,0.5856498873027789,0.0,0.0,0.0,0.03048924604112503
0.11210762331838564,0.6284748309541683,0.0,0.0,0.0,0.03048924604112503
0.1390134529147982,0.7129977460555956,0.0,0.0,0.0,0.030961947530134717
0.226457399103139,0.5255447032306524,0.0,0.0,0.6,0.2446230205625148
0.18161434977578475,0.40495867768594884,0.0,0.025974025974025976,0.03333333333333333,0.05814228314819191
0.1390134529147982,0.5277986476333574,0.0,0.0,0.6333333333333333,0.22784211770267074
0.20627802690582958,0.312546957175055,0.4625,0.0,0.5666666666666667,0.8733160009454031
0.32735426008968604,0.6374906085649883,0.0,0.0,0.3333333333333333,0.212242968565351
0.10762331838565022,0.5101427498121698,0.0,0.0,0.6,0.16024580477428504
0.14798206278026904,0.5608564988730258,0.0,0.012987012987012988,0.03333333333333333,0.02292602221696998
0.1390134529147982,0.646882043576257,0.0,0.0,0.0,0.1808083195462066
0.09641255605381165,0.5976709241172031,0.0,0.0,0.6,0.15670054360671234
0.1748878923766816,0.9575507137490593,0.0,0.012987012987012988,0.03333333333333333,0.038052469865280075
0.15919282511210758,0.8129226145755055,0.0,0.0,0.03333333333333333,0.03639801465374616
0.08071748878923765,0.5833959429000739,0.0,0.0,0.6,0.3112739305128811
0.10089686098654707,0.015777610818931365,0.0,0.0,0.9,0.29071141574095954
0.20403587443946186,0.5533433508640115,0.0,0.012987012987012988,0.0,0.03616166390924131
0.06726457399103138,0.5657400450788863,0.0,0.0,0.0,0.04585204443393997
0.08071748878923765,0.6228399699474068,0.0,0.0,0.03333333333333333,0.1113212006617821
0.13452914798206275,0.8279489105935376,0.0,0.025974025974025976,0.03333333333333333,0.07468683526353108
0.0,0.27573253193087766,0.0,0.012987012987012988,0.0,0.2940203261640274
0.0,0.4267468069120941,0.0,0.0,0.0,0.0033089104230678307
0.05605381165919282,0.3538692712246423,0.0,0.0,0.5666666666666667,0.37981564641928617
0.0874439461883408,0.6784372652141233,0.0,0.0,0.0,0.06735996218388089
0.12331838565022421,0.6194590533433484,0.0,0.0,0.03333333333333333,0.022216969983455445
0.11434977578475335,0.5225394440270463,0.0,0.0,0.0,0.03001654455211534
0.05381165919282511,0.4320060105184069,0.025,0.0,0.6,0.41266839990545967
0.0,0.6273478587528167,0.0,0.0,0.0,0.01678090285984401
0.1771300448430493,0.30653643876784287,0.0,0.0,0.0,0.27133065469156226
0.21748878923766815,0.5398196844477834,0.0,0.0,0.0,0.033089104230678325
0.30493273542600896,0.5664913598797874,0.0,0.012987012987012988,0.03333333333333333,0.035688962420231625
0.1053811659192825,0.43087903831705354,0.0,0.012987012987012988,0.0,0.04490664145592059
0.05829596412556053,0.5732531930879023,0.0,0.0,0.6333333333333333,0.16071850626329473
0.1771300448430493,0.4631855747558209,0.0,0.025974025974025976,0.0,0.03639801465374616
0.08520179372197309,0.6412471825694954,0.0,0.012987012987012988,0.6333333333333333,0.15835499881824627
0.08295964125560537,0.7129977460555956,0.0,0.0,0.0,0.02647128338454266
0.4506726457399103,0.4842223891810651,0.0,0.0,0.6,0.5081541006854172
0.13677130044843047,0.48610067618331954,0.0125,0.0,0.0,0.03994327582131883
0.3161434977578475,0.46168294515401875,0.0,0.2337662337662338,0.03333333333333333,0.16119120775230442
0.060538116591928245,0.4549211119459038,0.0,0.0,0.0,0.02481682817300874
0.10089686098654707,0.48497370398196793,0.0,0.03896103896103896,0.5666666666666667,0.17064523753249825
0.36995515695067266,0.5740045078888052,0.0,0.012987012987012988,0.03333333333333333,0.10564878279366581
0.05381165919282511,0.5687453042824924,0.0,0.0,0.0,0.038052469865280075
0.0,0.6615326821938385,0.0,0.0,0.03333333333333333,0.03521626093122193
0.1390134529147982,0.6115702479338836,0.0,0.0,0.03333333333333333,0.020798865516426374
0.2533632286995516,0.4395191585274212,0.0,0.012987012987012988,0.03333333333333333,0.09903096194753015
0.1053811659192825,0.6630353117956407,0.0,0.0,0.6333333333333333,0.15953675254077052
0.2443946188340807,0.6359879789631844,0.0,0.0,0.03333333333333333,0.03261640274166863
0.0,0.6942148760330564,0.0,0.0,0.0,0.06239659654927913
0.2623318385650224,0.4492862509391422,0.0,0.012987012987012988,0.5666666666666667,0.33160009454029776
0.23318385650224213,0.5304282494365129,0.0,0.0,0.6,0.1656818718978965
0.0,0.3339594290007497,0.0,0.0,0.5666666666666667,0.15268258095013001
0.14573991031390135,0.601427498121712,0.0,0.012987012987012988,0.03333333333333333,0.05270621602458048
0.07399103139013452,0.7145003756573995,0.0,0.03896103896103896,0.6,0.17371779721106123
0.0,0.6844477836213354,0.0,0.0,0.0,0.02292602221696998
0.11659192825112107,0.5725018782870013,0.0,0.0,0.0,0.03048924604112503
0.07847533632286996,0.269346356123215,0.0,0.012987012987012988,0.5666666666666667,0.571023398723706
0.08520179372197309,0.709616829451539,0.0,0.012987012987012988,0.03333333333333333,0.030961947530134717
0.27354260089686094,0.7836213373403442,0.0,0.0,0.03333333333333333,0.04845190262349326
0.195067264573991,0.4019534184823428,0.0,0.012987012987012988,0.0,0.045379342944930276
0.3363228699551569,0.5154019534184808,0.0,0.012987012987012988,0.0,0.052469865280075634
0.16367713004484302,0.535687453042824,0.0,0.0,0.0,0.04679744741195934
0.13452914798206275,0.6761833208114183,0.0,0.012987012987012988,0.0,0.053651619002599855
0.11210762331838564,0.6213373403456028,0.0,0.0,0.0,0.025525880406523274
0.09192825112107623,0.4492862509391422,0.0,0.0,0.6,0.1505554242495864
0.2309417040358744,0.6145755071374897,0.0,0.012987012987012988,0.0,0.28574805010635784
0.12780269058295962,0.5676183320811408,0.0,0.012987012987012988,0.0,0.01819900732687308
0.6165919282511211,0.522163786626594,0.0,0.012987012987012988,0.43333333333333335,0.13164736468919877
0.0,0.40984222389180935,0.0,0.0,0.5666666666666667,0.19002599858189553
0.12556053811659193,0.6145755071374897,0.0,0.012987012987012988,0.03333333333333333,0.029780193807610496
0.210762331838565,0.5078888054094648,0.0,0.012987012987012988,0.0,0.045615693689435126
0.08071748878923765,0.7272727272727249,0.0,0.012987012987012988,0.0,0.03238005199716379
0.0,0.5165289256198342,0.47500000000000003,0.0,0.6,0.4325218624438667
0.0,0.5281743050338079,0.0,0.0,0.0,0.016308201370834316
0.12107623318385649,0.5116453794139737,0.0,0.0,0.0,0.014417395414795557
0.25112107623318386,0.5860255447032294,0.0125,0.012987012987012988,0.6,0.22476955802410778
0.0,0.481217129977459,0.0,0.49350649350649356,0.03333333333333333,0.2803119829827464
0.06726457399103138,0.5108940646130709,0.0,0.0,0.0,0.2216969983455448
0.0,0.6461307287753559,0.0,0.0,0.0,0.017017253604348852
0.18834080717488788,0.6108189331329807,0.0,0.0,0.0,0.16095485700779957
0.08071748878923765,0.6664162283996973,0.0,0.012987012987012988,0.0,0.031907350508154096
0.08520179372197309,0.49211119459053165,0.0,0.0,0.03333333333333333,0.028125738596076574
0.226457399103139,0.5225394440270463,0.0,0.012987012987012988,0.0,0.0465610966674545
0.18385650224215247,0.7208865514650622,0.0,0.0,0.6,0.1600094540297802
0.07847533632286996,0.18557475582268879,0.0,0.012987012987012988,0.5333333333333333,0.13684708106830537
0.4775784753363228,0.5371900826446261,0.0,0.0,0.03333333333333333,0.05790593240368707
0.2600896860986547,0.5597295266716742,0.0,0.0,0.3333333333333333,0.11108484991727725
0.08968609865470852,0.5123966942148748,0.0,0.0,0.6,0.1505554242495864
0.2085201793721973,0.29451540195341686,0.3875,0.012987012987012988,0.6,0.43228551169936186
0.1412556053811659,0.4902329075882772,0.0,0.0,0.6,0.16095485700779957
0.22421524663677128,0.5469571750563471,0.0,0.0,0.03333333333333333,0.2268967147246514
0.13677130044843047,0.41885800150262753,0.0125,0.0,0.0,0.05601512644764831
0.46412556053811654,0.4267468069120941,0.0,0.012987012987012988,0.6,0.36043488536988894
0.1748878923766816,0.41885800150262753,0.0,0.48051948051948057,0.0,0.3228551169936185
0.2219730941704036,0.6314800901577744,0.0,0.025974025974025976,0.03333333333333333,0.03876152209879461
0.13004484304932734,0.5514650638617571,0.0,0.025974025974025976,0.03333333333333333,0.015362798392814936
0.2959641255605381,0.642374154770847,0.0,0.012987012987012988,0.0,0.02505317891751359
0.23318385650224213,0.3786626596543936,0.0,0.012987012987012988,0.0,0.04821555187898842
0.2959641255605381,0.8395942900075113,0.0,0.0,0.03333333333333333,0.04112502954384306
0.12331838565022421,0.2629601803155506,0.0,0.0,0.0,0.013708343181281021
0.2600896860986547,0.6720510894064606,0.0,0.012987012987012988,0.0,0.02765303710706689
0.0,0.5676183320811408,0.0,0.0,0.03333333333333333,0.020326164027416688
0.0,0.4068369646882033,0.47500000000000003,0.0,0.5666666666666667,0.4589931458284094
0.2982062780269058,0.3703981968444765,0.0125,0.012987012987012988,0.5666666666666667,0.2715670054360671
0.0,0.4278737791134475,0.0,0.0,0.5666666666666667,0.14724651382651857
0.11210762331838564,0.5540946656649126,0.0,0.4155844155844156,0.6,0.4774285038997873
0.05829596412556053,0.4740796393688953,0.0,0.0,0.0,0.0612148428267549
0.13228699551569506,0.6581517655897802,0.0,0.0,0.03333333333333333,0.032852753486173475
0.06278026905829596,0.6694214876033051,0.0,0.0,0.6,0.20089813282911842
0.14349775784753363,0.5345604808414706,0.0,0.0,0.0,0.023635074450484517
0.2600896860986547,0.526671675432004,0.0125,0.012987012987012988,0.6,0.15504608839517844
0.07623318385650224,0.4800901577761074,0.0,0.012987012987012988,0.6,0.14228314819191681
0.3206278026905829,0.749812171299773,0.0,0.0,0.0,0.07255967856298748
0.0,0.5304282494365129,0.0,0.0,0.03333333333333333,0.006145119357125976
0.0,0.469196093163033,0.0,0.0,0.0,0.008272276057669581
0.10986547085201794,0.5075131480090143,0.0,0.0,0.6,0.1463011108484992
0.09417040358744394,0.40758827948910437,0.0,0.0,0.0,0.16355471519735287
0.5291479820627802,0.5649887302779852,0.0,0.025974025974025976,0.36666666666666664,0.14157409595840229
0.0,0.6972201352366625,0.0,0.0,0.0,0.022689671472465138
0.05605381165919282,0.42975206611570194,0.0125,0.0,0.0,0.11439376034034508
0.30269058295964124,0.5003756574004488,0.0,0.012987012987012988,0.6,0.2096431103757977
0.0,0.7588279489105929,0.0,0.012987012987012988,0.6333333333333333,0.20680690144173955
0.0,0.5702479338842963,0.0,0.0,0.0,0.004017962656582368
0.0,0.31893313298271764,0.0,0.0,0.5666666666666667,0.18553533443630346
0.9349775784753362,0.5259203606311029,0.0,0.0,0.6,0.2918931694634838
0.09641255605381165,0.4241172051089386,0.47500000000000003,0.012987012987012988,0.6,0.48262822027889385
0.18609865470852016,0.5995492111194576,0.0,0.025974025974025976,0.6,0.25053178917513585
0.09641255605381165,0.4928625093914345,0.0,0.0,0.6,0.15126447648310093
0.13677130044843047,0.7058602554470301,0.0,0.0,0.0,0.029780193807610496
0.46412556053811654,0.5075131480090143,0.0,0.012987012987012988,0.03333333333333333,0.08839517844481211
0.2802690582959641,0.7028549962434241,0.0,0.0,0.0,0.03876152209879461
0.05829596412556053,0.870022539444026,0.0,0.0,0.0,0.023635074450484517
0.08968609865470852,0.6758076634109678,0.0,0.0,0.6333333333333333,0.2363507445048452
0.0,0.6126972201352352,0.0,0.24675324675324678,0.6,0.3174190498700071
0.19955156950672642,0.5612321562734781,0.0125,0.49350649350649356,0.6,0.4341763176554006
0.27578475336322866,0.7291510142749793,0.0,0.012987012987012988,0.0,0.03781611912077523
0.14349775784753363,0.6359879789631844,0.0,0.0,0.03333333333333333,0.07019617111793904
0.0874439461883408,0.8955672426746801,0.0,0.0,0.03333333333333333,0.04419758922240605
0.12780269058295962,0.47896318557475404,0.0,0.0,0.0,0.027180335618057196
0.600896860986547,0.7178812922614561,0.0,0.0,0.6333333333333333,0.3256913259276767
0.3520179372197309,0.5123966942148748,0.0,0.012987012987012988,0.6,0.4157409595840227
0.060538116591928245,0.6915852742299009,0.0,0.0,0.0,0.015362798392814936
0.17040358744394618,0.36513899323816545,0.42500000000000004,0.0,0.5666666666666667,0.48475537697943744
0.21748878923766815,0.526671675432004,0.0,0.0,0.6333333333333333,0.2101158118648074
0.06278026905829596,0.5368144252441756,0.0,0.0,0.0,0.16875443157645947
0.0,0.46018031555221484,0.0,0.0,0.0,0.02883479082959111
0.0,0.6904583020285493,0.0,0.0,0.03333333333333333,0.062160245804774285
0.17264573991031387,0.8369646882043558,0.0,0.0,0.03333333333333333,0.03521626093122193
0.2825112107623318,0.651389932381667,0.0,0.025974025974025976,0.0,0.028125738596076574
0.13004484304932734,0.7404207362885025,0.0,0.0,0.0,0.03687071614275585
0.2623318385650224,0.6919609316303514,0.0,0.0,0.03333333333333333,0.06074214133774521
0.0,0.4320060105184069,0.0,0.0,0.6,0.15220987946112033
0.09417040358744394,0.5011269722013516,0.47500000000000003,0.0,0.0,0.33230914677381235
0.32959641255605376,0.33809166040570915,0.4625,0.012987012987012988,0.6,0.43488536988891513
0.0,0.5924117205108921,0.0,0.0,0.0,0.020326164027416688
0.3542600896860986,0.5090157776108182,0.0,0.012987012987012988,0.0,0.036634365398251004
0.10313901345291479,0.7208865514650622,0.0,0.012987012987012988,0.6333333333333333,0.1590640510517608
0.0,0.6709241172051073,0.0,0.0,0.0,0.08910423067832664
0.06726457399103138,0.6574004507888791,0.0,0.0,0.6333333333333333,0.2389506026943985
0.051569506726457395,0.5683696468820418,0.0,0.0,0.0,0.004490664145592059
0.3094170403587444,0.48948159278737613,0.0,0.0,0.3333333333333333,0.11722996927440324
0.11434977578475335,0.7268970698722761,0.0,0.0,0.0,0.02765303710706689
0.05605381165919282,0.23779113448534872,0.0,0.0,0.5333333333333333,0.7364689198770976
0.29372197309417036,0.5702479338842963,0.0,0.012987012987012988,0.6,0.23753249822736944
0.17264573991031387,0.5037565740045071,0.0,0.012987012987012988,0.0,0.1375561333018199
0.11659192825112107,0.7160030052592035,0.0,0.012987012987012988,0.0,0.02788938785157173
0.210762331838565,0.4680691209616814,0.0,0.012987012987012988,0.5666666666666667,0.29071141574095954
0.0,0.692336589030802,0.0,0.0,0.6333333333333333,0.1510281257385961
0.390134529147982,0.6239669421487584,0.0,0.012987012987012988,0.0,0.14677381233750889
0.21973094170403587,0.5781367392937629,0.0,0.012987012987012988,0.0,0.03521626093122193
0.21524663677130043,0.5293012772351613,0.0,0.0,0.6333333333333333,0.16237296147482866
0.11434977578475335,0.4973703981968427,0.0,0.0,0.0,0.03048924604112503
0.2085201793721973,0.3444778362133718,0.0,0.012987012987012988,0.0,0.12148428267549044
0.1771300448430493,0.8576258452291494,0.0,0.0,0.03333333333333333,0.03852517135428977
0.11659192825112107,0.5349361382419211,0.0,0.0,0.03333333333333333,0.031198298274639567
0.25784753363228696,0.6070623591284736,0.0,0.0,0.03333333333333333,0.16024580477428504
0.08520179372197309,0.5807663410969184,0.0,0.0,0.0,0.024107775939494203
0.19955156950672642,0.46055597295266537,0.0,0.012987012987012988,0.6,0.1708815882770031
0.20179372197309414,0.37190082644627864,0.0,0.0,0.0,0.23445993854880642
0.10762331838565022,0.7058602554470301,0.0,0.0,0.03333333333333333,0.02883479082959111
0.0695067264573991,0.5672426746806902,0.0,0.0,0.0,0.024344126683999052
0.2488789237668161,0.43764087152516673,0.0,0.012987012987012988,0.0,0.22240605057905932
0.0,0.6018031555221626,0.0,0.0,0.03333333333333333,0.011581186480737414
0.1928251121076233,0.375281743050337,0.0,0.0,0.5666666666666667,0.4589931458284094
0.09417040358744394,0.47445529676934584,0.0,0.0,0.6,0.17111793902150793
0.11210762331838564,0.20773854244928458,0.0,0.4675324675324676,0.03333333333333333,0.2772394233041834
0.23542600896860982,0.4800901577761074,0.0,0.025974025974025976,0.03333333333333333,0.025525880406523274
0.12331838565022421,0.6532682193839197,0.0,0.012987012987012988,0.03333333333333333,0.03001654455211534
0.25560538116591924,0.5830202854996234,0.0,0.025974025974025976,0.6,0.19073505081541006
0.4035874439461883,0.2937640871525158,0.0,0.012987012987012988,0.6,0.38099740014181044
0.3004484304932735,0.7231404958677672,0.0,0.025974025974025976,0.03333333333333333,0.041597731032852754
0.0,0.6025544703230636,0.0,0.0,0.03333333333333333,0.009454029780193806
0.06726457399103138,0.4383921863260696,0.0,0.012987012987012988,0.5666666666666667,0.2859844008508627
0.0874439461883408,0.5638617580766336,0.0,0.0,0.5666666666666667,0.1668636256204207
0.0874439461883408,0.475957926371148,0.0,0.0,0.6,0.2864571023398723
0.05605381165919282,0.8377160030052568,0.025,0.0,0.03333333333333333,0.048688253367998105
0.405829596412556,0.5108940646130709,0.0,0.012987012987012988,0.03333333333333333,0.028125738596076574
0.06502242152466367,0.41472577009766987,0.0,0.0,0.0,0.014417395414795557
0.3856502242152466,0.5368144252441756,0.0,0.012987012987012988,0.03333333333333333,0.08059560387615222
0.06726457399103138,0.6352366641622833,0.0125,0.0,0.0,0.15339163318364452
0.18161434977578475,0.5946656649135971,0.0,0.0,0.03333333333333333,0.049870007090522334
0.0,0.7986476333583763,0.0,0.0,0.03333333333333333,0.019853462538406995
0.14798206278026904,0.5548459804658137,0.025,0.012987012987012988,0.6333333333333333,0.192389506026944
0.09641255605381165,0.764838467317805,0.0,0.012987012987012988,0.0,0.026943984873552346
0.09641255605381165,0.6356123215627338,0.0,0.012987012987012988,0.6,0.21200661782084615
0.21524663677130043,0.25432006010518293,0.0,0.0,0.0,0.06523280548333728
0.23542600896860982,0.46844477836213194,0.0,0.0,0.6,0.15835499881824627
0.0,0.6735537190082628,0.0,0.0,0.0,0.020326164027416688
0.12556053811659193,0.3978211870773851,0.0,0.0,0.5666666666666667,0.15150082722760577
0.19955156950672642,0.3354620586025536,0.0,0.012987012987012988,0.6,0.15291893169463486
0.1771300448430493,0.6419984973703965,0.0,0.0,0.6333333333333333,0.23044197589222407
0.11210762331838564,0.5420736288504866,0.0,0.0,0.0,0.03474355944221224
0.0,0.47332832456799245,0.0,0.0,0.03333333333333333,0.0314346490191444
0.0,0.4233658903080375,0.0,0.0,0.5666666666666667,0.24391396832900022
0.07623318385650224,0.6652892561983457,0.0,0.0,0.03333333333333333,0.017489955093358545
0.0,0.3858001502629591,0.0,0.0,0.5666666666666667,0.20609784920822502
0.15919282511210758,0.540946656649135,0.0,0.025974025974025976,0.6333333333333333,0.16709997636492555
0.15246636771300448,0.4575507137490593,0.0,0.0,0.0,0.0444339399669109
0.1973094170403587,0.7494365138993224,0.0,0.0,0.0,0.055306074214133784
0.0,0.5086401202103676,0.0,0.0,0.03333333333333333,0.008272276057669581
0.10313901345291479,0.5725018782870013,0.0,0.0,0.0,0.04821555187898842
0.07847533632286996,0.43463561232156067,0.0,0.025974025974025976,0.5666666666666667,0.2443866698180099
0.11434977578475335,0.7272727272727249,0.0,0.0,0.0,0.03025289529662018
0.17264573991031387,0.4879789631855722,0.0125,0.012987012987012988,0.6333333333333333,0.20042543134010873
0.060538116591928245,0.5131480090157758,0.47500000000000003,0.0,0.0,0.2933112739305129
0.3811659192825112,0.550713749060856,0.0,0.025974025974025976,0.36666666666666664,0.10375797683762704
0.25560538116591924,0.5668670172802397,0.0,0.012987012987012988,0.0,0.0418340817773576
0.18385650224215247,0.4244928625093891,0.48750000000000004,0.025974025974025976,0.0,0.3037107066887261
0.0,0.5401953418482339,0.0,0.0,0.5666666666666667,0.1489009690380525
0.2219730941704036,0.5627347858752803,0.0,0.0,0.0,0.03757976837627038
0.08968609865470852,0.29226145755071364,0.0,0.0,0.5666666666666667,0.2311510281257386
0.09192825112107623,0.6006761833208092,0.0,0.0,0.6333333333333333,0.14748286457102341
0.2085201793721973,0.5954169797144999,0.0,0.0,0.6,0.1578822973292366
0.0,0.6096919609316291,0.0,0.0,0.03333333333333333,0.020089813282911838
0.2286995515695067,0.6318557475582249,0.0,0.0,0.0,0.040179626565823676
0.14798206278026904,0.6386175807663399,0.0,0.37662337662337664,0.03333333333333333,0.28456629638383363
0.20179372197309414,0.09429000751314653,0.0,0.9090909090909092,0.0,0.8033561805719689
0.2219730941704036,0.4256198347107425,0.0,0.0,0.0,0.05081541006854171
0.21748878923766815,0.7407963936889548,0.0,0.0,0.0,0.03781611912077523
0.0,0.5762584522915084,0.0,0.0,0.0,0.014890096903805246
0.17040358744394618,0.4233658903080375,0.0,0.0,0.9666666666666667,0.3089104230678327
0.0,0.7178812922614561,0.0,0.0,0.0,0.02765303710706689
0.09417040358744394,0.31329827197595783,0.0,0.0,0.0,0.14677381233750889
0.14798206278026904,0.587152516904581,0.0,0.0,0.0,0.03876152209879461
0.0,0.39932381667918726,0.0,0.0,0.0,0.006145119357125976
0.0,0.6232156273478573,0.0,0.0,0.03333333333333333,0.024580477428503895
0.4551569506726457,0.5495867768595026,0.0,0.0,0.6,0.1897896478373907
0.0,0.5897821187077366,0.0,0.0,0.03333333333333333,0.020798865516426374
0.18161434977578475,0.588655146506385,0.0,0.012987012987012988,0.6333333333333333,0.28456629638383363
0.05829596412556053,0.4455296769346333,0.0,0.0,0.6,0.1479555660600331
0.15022421524663676,0.5969196093163021,0.0,0.0,0.03333333333333333,0.021980619238950602
0.1547085201793722,0.6018031555221626,0.0,0.0,0.03333333333333333,0.018671708815882766
0.09641255605381165,0.5157776108189314,0.0,0.0,0.6333333333333333,0.19522571496100213
0.3251121076233183,0.764838467317805,0.0,0.012987012987012988,0.03333333333333333,0.04112502954384306
0.0,0.27948910593538656,0.0,0.0,0.0,0.016071850626329473
0.06726457399103138,0.420736288504882,0.0,0.0,0.6,0.33183644528480266
0.0,0.4248685199098414,0.0,0.0,0.5666666666666667,0.2975655873316001
0.10089686098654707,0.5649887302779852,0.0,0.0,0.0,0.0909950366343654
0.09865470852017935,0.53869271224643,0.0,0.0,0.0,0.02528952966201843
0.18385650224215247,0.38166791885799967,0.025,0.0,0.5666666666666667,0.2096431103757977
0.08520179372197309,0.6277235161532673,0.0,0.0,0.6333333333333333,0.1699361852989837
0.0874439461883408,0.5946656649135971,0.0,0.0,0.6333333333333333,0.16331836445284803
0.05381165919282511,0.7415477084898559,0.0,0.0,0.6333333333333333,0.15079177499409124
0.08968609865470852,0.4947407963936872,0.0,0.0,0.03333333333333333,0.19948002836208936
0.06278026905829596,0.2772351615326816,0.0,0.0,0.5666666666666667,0.1401559914913732
0.18609865470852016,0.3985725018782862,0.47500000000000003,0.012987012987012988,0.6,0.4419758922240605
0.29372197309417036,0.33320811419984864,0.5375,0.0,0.5666666666666667,0.5887497045615694
0.08071748878923765,0.49812171299774555,0.47500000000000003,0.0,0.0,0.2933112739305129
0.2533632286995516,0.38617580766340964,0.0125,0.2337662337662338,0.6,0.4821555187898842
0.08071748878923765,0.5732531930879023,0.0,0.0,0.0,0.016308201370834316
0.21524663677130043,0.5033809166040548,0.025,0.0,0.03333333333333333,0.28905696052942564
0.09865470852017935,0.33583771600300416,0.0,0.012987012987012988,0.0,0.014890096903805246
0.18385650224215247,0.3418482344102163,0.0,0.9350649350649352,0.6,0.6849444575750414
0.14573991031390135,0.824567993989481,0.0,0.0,0.03333333333333333,0.03734341763176554
0.0,0.5627347858752803,0.0,0.0,0.0,0.08863152918931695
0.3251121076233183,0.5646130728775347,0.0,0.0,0.6333333333333333,0.3082013708343181
0.21973094170403587,0.5867768595041323,0.0,0.0,0.03333333333333333,0.025998581895532967
0.0,0.5123966942148748,0.0,0.0,0.03333333333333333,0.00685417159064051
0.0,0.5026296018031537,0.0,0.0,0.6,0.15150082722760577
0.23766816143497754,0.5646130728775347,0.0,0.025974025974025976,0.0,0.03497991018671709
0.0,0.6701728024042062,0.0,0.0,0.03333333333333333,0.008508626802174424
0.1905829596412556,0.5030052592036043,0.0,0.025974025974025976,0.6,0.15622784211770266
0.08520179372197309,0.5432006010518382,0.0,0.0,0.03333333333333333,0.06995982037343419
0.0,0.6078136739293747,0.0,0.0,0.03333333333333333,0.027180335618057196
0.2488789237668161,0.5634861006761831,0.0,0.0,0.03333333333333333,0.03048924604112503
0.12331838565022421,0.589406461307286,0.0,0.0,0.03333333333333333,0.019380761049397302
0.11434977578475335,0.6209616829451523,0.0,0.012987012987012988,0.0,0.05814228314819191
0.0,0.5619834710743792,0.0,0.0,0.0,0.00685417159064051
0.11883408071748877,0.4902329075882772,0.0,0.0,0.6,0.2027889387851572
0.05605381165919282,0.706611570247933,0.0,0.0,0.6333333333333333,0.1463011108484992
0.06502242152466367,0.4237415477084898,0.0,0.0,0.6,0.3918695343890333
0.06278026905829596,0.5976709241172031,0.0,0.0,0.6,0.15930040179626564
0.0,0.6070623591284736,0.0,0.0,0.03333333333333333,0.059560387615220985
0.289237668161435,0.48948159278737613,0.025,0.012987012987012988,0.5666666666666667,0.192389506026944
0.10089686098654707,0.3054094665664895,0.0,0.0,0.0,0.011581186480737414
0.09417040358744394,0.548459804658151,0.0,0.0,0.3333333333333333,0.07870479792011345
0.0,0.5867768595041323,0.0,0.0,0.0,0.009217679035688963
0.08968609865470852,0.48610067618331954,0.0,0.0,0.03333333333333333,0.030961947530134717
0.0,0.5022539444027032,0.0,0.0,0.03333333333333333,0.06145119357125974
0.09192825112107623,0.40721262208865383,0.0,0.0,0.0,0.013471992436776175
0.48430493273542596,0.44290007513147955,0.0,0.0,0.03333333333333333,0.12786575277712126
0.44843049327354256,0.5623591284748297,0.5,0.012987012987012988,0.6,0.5532970928858426
0.09192825112107623,0.6141998497370391,0.0,0.0,0.0,0.03261640274166863
0.23766816143497754,0.8534936138241918,0.0,0.0,1.0,0.22784211770267074
0.11883408071748877,0.543951915852741,0.0,0.0,0.6,0.14748286457102341
0.22421524663677128,0.5649887302779852,0.0,0.0,0.6333333333333333,0.16969983455447885
0.09865470852017935,0.4598046581517643,0.0,0.012987012987012988,0.6,0.18742614039234223
0.2286995515695067,0.4398948159278717,0.1125,0.012987012987012988,0.5666666666666667,0.29071141574095954
0.7376681614349776,0.5086401202103676,0.0125,0.012987012987012988,1.0,0.3131647364689199
0.15022421524663676,0.5308039068369634,0.025,0.0,0.7666666666666666,0.19475301347199245
0.18609865470852016,0.5281743050338079,0.0,0.05194805194805195,0.6,0.1812810210352163
0.08295964125560537,0.44027047332832403,0.0,0.0,0.5666666666666667,0.24367761758449544
0.0695067264573991,0.6187077385424491,0.0,0.0,0.0,0.02741668636256204
0.25784753363228696,0.6453794139744531,0.0,0.012987012987012988,0.03333333333333333,0.034507208697707396
0.0,0.5875281743050316,0.0,0.0,0.6333333333333333,0.14724651382651857
0.30269058295964124,0.471450037565738,0.0,0.025974025974025976,0.0,0.209170408886788
0.0695067264573991,0.4477836213373383,0.47500000000000003,0.0,0.5666666666666667,0.5800047270148901
0.27578475336322866,0.481217129977459,0.0,0.012987012987012988,0.0,0.028598440085086267
0.22421524663677128,0.5375657400450784,0.0,0.012987012987012988,0.6,0.15220987946112033
0.47309417040358737,0.3880540946656641,0.47500000000000003,0.49350649350649356,0.6,0.7591585913495628
0.08968609865470852,0.4278737791134475,0.0,0.012987012987012988,0.03333333333333333,0.043015835499881826
0.08968609865470852,0.6758076634109678,0.0,0.0,0.0,0.04490664145592059
0.13677130044843047,0.6029301277235142,0.0,0.0,0.03333333333333333,0.02316237296147483
0.15246636771300448,0.5510894064613066,0.0,0.0,0.0,0.028362089340581424
0.3116591928251121,0.45905334335086323,0.0,0.33766233766233766,0.6,0.3646891987709761
0.195067264573991,0.47445529676934584,0.0,0.012987012987012988,0.0,0.0716142755849681
0.0,0.3305785123966931,0.0,0.012987012987012988,0.0,0.005908768612621129
0.23991031390134526,0.588655146506385,0.0,0.025974025974025976,0.0,0.03734341763176554
0.1928251121076233,0.47483095416979637,0.0125,0.06493506493506494,0.0,0.05719688017017254
0.12331838565022421,0.5725018782870013,0.0,0.012987012987012988,0.0,0.019617111793902152
0.3094170403587444,0.473703981968443,0.0,0.025974025974025976,0.03333333333333333,0.21838808792247696
0.17040358744394618,0.6089406461307263,0.0,0.0,0.36666666666666664,0.0987946112030253
0.12556053811659193,0.6919609316303514,0.0,0.025974025974025976,0.0,0.027180335618057196
0.210762331838565,0.469196093163033,0.0,0.025974025974025976,0.5666666666666667,0.14771921531552826
0.3654708520179372,0.5616078136739286,0.0,0.025974025974025976,0.0,0.0517608130465611
0.05829596412556053,0.47708489857250136,0.0,0.0,0.5666666666666667,0.15504608839517844
0.08071748878923765,0.5879038317054821,0.0,0.0,0.6333333333333333,0.19120775230441975
0.051569506726457395,0.47783621337340243,0.0,0.0,0.6,0.1437012526589459
0.3789237668161435,0.5157776108189314,0.0,0.0,0.0,0.08437721578822974
0.27354260089686094,0.5368144252441756,0.0,0.012987012987012988,0.03333333333333333,0.028598440085086267
0.35650224215246634,0.5401953418482339,0.0,0.012987012987012988,0.6,0.24935003545261172
0.10986547085201794,0.4845980465815156,0.0,0.0,0.03333333333333333,0.018671708815882766
0.09865470852017935,0.4808414725770085,0.0,0.0,0.03333333333333333,0.03994327582131883
0.23318385650224213,0.6900826446280988,0.0,0.012987012987012988,0.0,0.03781611912077523
0.0,0.6851990984222365,0.0125,0.0,0.0,0.02623493264003781
0.05381165919282511,0.5315552216378645,0.0,0.0,0.0,0.02647128338454266
0.3632286995515695,0.4951164537941377,0.0,0.0,0.6,0.23705979673835975
0.0695067264573991,0.5413223140495855,0.0,0.0,0.0,0.027180335618057196
0.0874439461883408,0.3527422990232889,0.0,0.36363636363636365,0.5666666666666667,0.4173954147955566
0.0,0.4128474830954154,0.0,0.012987012987012988,0.0,0.07610493973056015
0.07399103139013452,0.5830202854996234,0.0125,0.0,0.0,0.04467029071141574
0.24663677130044842,0.5679939894815913,0.0,0.0,0.0,0.04207043252186244
0.0,0.6341096919609299,0.0,0.0,0.03333333333333333,0.020798865516426374
0.2623318385650224,0.695341848234408,0.0,0.012987012987012988,0.0,0.08059560387615222
0.1053811659192825,0.6273478587528167,0.0,0.0,0.0,0.043015835499881826
0.3071748878923767,0.5206611570247919,0.0125,0.012987012987012988,0.0,0.24698652800756324
0.15022421524663676,0.8523666416228384,0.0,0.012987012987012988,0.03333333333333333,0.02883479082959111
0.17264573991031387,0.4459053343350856,0.0125,0.0,0.6,0.14748286457102341
0.07623318385650224,0.8493613824192323,0.0,0.0,0.6333333333333333,0.16071850626329473
0.2802690582959641,0.4917355371900811,0.0,0.012987012987012988,0.0,0.047506499645473876
0.0,0.4752066115702469,0.0,0.0,0.6,0.1510281257385961
0.06278026905829596,0.4090909090909083,0.0,0.0,0.0,0.2101158118648074
0.0,0.8144252441773077,0.0,0.0,0.0,0.02481682817300874
0.12331838565022421,0.5826446280991728,0.0,0.0,0.03333333333333333,0.02623493264003781
0.12556053811659193,0.5856498873027789,0.0,0.0,0.0,0.03238005199716379
0.13452914798206275,0.533433508640119,0.0,0.0,0.7,0.18388087922476956
0.10089686098654707,0.6574004507888791,0.0,0.0,0.03333333333333333,0.06925076813991965
0.13452914798206275,0.6093163035311786,0.0,0.0,0.6333333333333333,0.16804537934294494
0.051569506726457395,0.5882794891059344,0.0,0.012987012987012988,0.5666666666666667,0.1616639092413141
0.0,0.6006761833208092,0.0,0.0,0.6333333333333333,0.16804537934294494
0.0,0.5097670924117192,0.0,0.0,0.0,0.021271567005436066
0.2959641255605381,0.45679939894815824,0.0,0.0,0.03333333333333333,0.14582840935948949
0.05381165919282511,0.6386175807663399,0.0,0.0,0.0,0.017017253604348852
0.24663677130044842,0.7742299023290737,0.0,0.0,0.0,0.04348853698889151
0.23318385650224213,0.6581517655897802,0.0,0.025974025974025976,0.03333333333333333,0.029543843063105646
0.2085201793721973,0.584147257700975,0.0,0.012987012987012988,0.03333333333333333,0.03947057433230914
0.0,0.5725018782870013,0.0,0.0,0.0,0.003545261167572677
0.28475336322869954,0.6408715251690449,0.0,0.012987012987012988,0.03333333333333333,0.0314346490191444
0.0,0.817806160781366,0.0,0.0,0.0,0.03025289529662018
0.11883408071748877,0.4361382419233646,0.0,0.0,0.0,0.01914441030489246
0.0,0.5056348610067598,0.0,0.0,0.03333333333333333,0.020798865516426374
0.11883408071748877,0.5375657400450784,0.0,0.0,0.0,0.029307492318600803
0.14798206278026904,0.6844477836213354,0.0,0.0,0.0,0.0940675963129284
0.1614349775784753,0.25807663410969184,0.0,0.03896103896103896,0.0,0.22500590876861262
0.24663677130044842,0.6217129977460534,0.0,0.0,0.0,0.06759631292838574
0.13228699551569506,0.6476333583771581,0.0,0.025974025974025976,0.6333333333333333,0.16969983455447885
0.0,0.6758076634109678,0.0,0.0,0.0,0.03734341763176554
0.0,0.696844477836212,0.0,0.0,0.0,0.017017253604348852
0.1614349775784753,0.40495867768594884,0.0125,0.35064935064935066,0.6,0.517608130465611
0.0,0.5785123966942134,0.0,0.0,0.0,0.014890096903805246
0.0,0.6213373403456028,0.0,0.0,0.0,0.04112502954384306
0.25784753363228696,0.5698722764838458,0.0,0.0,0.3333333333333333,0.20609784920822502
0.0,0.5830202854996234,0.0,0.0,0.6,0.14819191680453794
0.23991031390134526,0.6265965439519139,0.0,0.0,0.03333333333333333,0.0543606712361144
0.05381165919282511,0.5965439519158515,0.0,0.0,0.6,0.1437012526589459
0.13004484304932734,0.8313298271975942,0.0,0.0,0.0,0.03214370125265894
0.11883408071748877,0.536438767843725,0.0,0.012987012987012988,0.0,0.0172536043488537
0.24215246636771298,0.5041322314049577,0.47500000000000003,0.0,0.6,0.4398487355235169
0.0,0.5522163786626582,0.0,0.0,0.03333333333333333,0.0789411486646183
0.2488789237668161,0.6979714500375636,0.0,0.0,0.0,0.038052469865280075
0.0,0.43463561232156067,0.0,0.0,0.0,0.00874497754667927
0.16591928251121074,0.8395942900075113,0.0,0.0,0.0,0.06806901441739542
0.452914798206278,0.42299023290758697,0.47500000000000003,0.0,0.6,0.49846372016071855
0.36995515695067266,0.41134485349361327,0.0,0.025974025974025976,0.5666666666666667,0.4958638619711652
0.23542600896860982,0.7704733283245666,0.0,0.0,0.0,0.04490664145592059
0.10762331838565022,0.8076634109691945,0.0,0.0,0.0,0.03025289529662018
0.1053811659192825,0.6401202103681438,0.0,0.0,0.03333333333333333,0.049870007090522334
0.10089686098654707,0.711870773854244,0.0,0.0,0.03333333333333333,0.0314346490191444
0.1547085201793722,0.5634861006761831,0.0,0.012987012987012988,0.6,0.1510281257385961
0.0,0.5980465815176537,0.0,0.0,0.6,0.13471992436776176
0.12331838565022421,0.6048084147257686,0.0,0.012987012987012988,0.6,0.1590640510517608
0.49999999999999994,0.5574755822689692,0.0,0.012987012987012988,0.6,0.531316473646892
0.09417040358744394,0.2268970698722761,0.0,0.0,0.0,0.015362798392814936
0.0,0.6003005259203587,0.0,0.0,0.0,0.0073268730796502025
0.17264573991031387,0.5401953418482339,0.0,0.025974025974025976,0.6,0.1997163791065942
0.13452914798206275,0.7708489857250171,0.0,0.012987012987012988,0.03333333333333333,0.03497991018671709
0.25784753363228696,0.5187828700225392,0.0,0.012987012987012988,0.0,0.026943984873552346
0.10762331838565022,0.5717505634861002,0.0,0.0,0.03333333333333333,0.030725596785629875
0.08520179372197309,0.4030803906836944,0.0,0.0,0.0,0.07610493973056015
0.0,0.7006010518407191,0.0,0.0,0.0,0.05199716379106594
0.0,0.7111194590533412,0.0,0.0,0.0,0.022689671472465138
0.0,0.5661157024793368,0.0,0.0,0.03333333333333333,0.04112502954384306
0.23318385650224213,0.4883546205860245,0.0,0.012987012987012988,0.6,0.22736941621366105
0.41031390134529144,0.641622839969946,0.0,0.012987012987012988,0.03333333333333333,0.08295911132120067
0.051569506726457395,0.7081141998497351,0.0,0.0,0.0,0.022216969983455445
0.07623318385650224,0.46994740796393586,0.0,0.0,0.6,0.13991964074686836
0.08968609865470852,0.7223891810668661,0.0,0.0,0.0,0.029307492318600803
0.07399103139013452,0.49098422238918005,0.0,0.0,0.6,0.15622784211770266
0.0874439461883408,0.5751314800901568,0.0,0.0,0.6,0.1538643346726542
0.3161434977578475,0.6243425995492107,0.0,0.0,0.9666666666666667,0.24415031907350512
0.0,0.26033057851239505,0.0,0.0,0.5666666666666667,0.14322855116993619
0.4753363228699551,0.389556724267468,0.0125,0.012987012987012988,0.0,0.07775939494209408
0.0,0.48760330578512345,0.0,0.0,0.0,0.015126447648310089
0.10986547085201794,0.6367392937640854,0.0,0.0,0.03333333333333333,0.03167099976364925
0.2623318385650224,0.5691209616829429,0.0,0.025974025974025976,0.0,0.025762231151028124
0.33856502242152464,0.5296769346356118,0.0,0.012987012987012988,0.4,0.11368470810683055
0.08295964125560537,0.5443275732531916,0.0,0.0,0.6,0.229023871425195
0.32735426008968604,0.26521412471825556,0.0125,0.0,0.0,0.05341526825809501
0.2488789237668161,0.47220135236664085,0.0,0.012987012987012988,0.6666666666666666,0.17064523753249825
0.0,0.6412471825694954,0.0,0.0,0.0,0.019853462538406995
0.09417040358744394,0.6280991735537178,0.0,0.0,0.0,0.024107775939494203
0.12107623318385649,0.5837716003005244,0.0,0.025974025974025976,0.03333333333333333,0.022689671472465138
0.13004484304932734,0.6070623591284736,0.0,0.0,0.0,0.01914441030489246
0.25112107623318386,0.5371900826446261,0.0,0.0,0.03333333333333333,0.05010635783502718
0.12331838565022421,0.8065364387678429,0.0,0.0,0.03333333333333333,0.03356180571968801
0.4237668161434977,0.6010518407212615,0.0,0.012987012987012988,0.36666666666666664,0.13802883479082959
0.05381165919282511,0.53869271224643,0.0,0.0,0.0,0.030961947530134717
0.0,0.5443275732531916,0.0,0.0,0.0,0.12692034979910186
0.09641255605381165,0.53418482344102,0.0125,0.0,0.0,0.03592531316473647
0.2645739910313901,0.6483846731780609,0.0,0.0,0.0,0.05814228314819191
0.0,0.6502629601803154,0.0,0.0,0.03333333333333333,0.15764594658473174
0.07623318385650224,0.817054845980465,0.0,0.0,0.0,0.04254313401087213
0.4035874439461883,0.6292261457550712,0.0125,0.012987012987012988,0.03333333333333333,0.14559205861498464
0.27354260089686094,0.7208865514650622,0.0,0.012987012987012988,0.03333333333333333,0.040415977310328526
0.0,0.6157024793388413,0.0,0.0,0.0,0.01678090285984401
0.30269058295964124,0.5180315552216364,0.0,0.0,0.6333333333333333,0.3519262585677145
0.3542600896860986,0.5112697220135214,0.0,0.012987012987012988,0.0,0.038052469865280075
0.3968609865470851,0.5807663410969184,0.0,0.025974025974025976,0.0,0.07114157409595841
0.0,0.4560480841472554,0.0,0.012987012987012988,0.6333333333333333,0.17679035688962422
0.13228699551569506,0.6273478587528167,0.0,0.0,0.03333333333333333,0.031198298274639567
0.2645739910313901,0.7468069120961669,0.0,0.012987012987012988,0.0,0.04703379815646419
0.3834080717488789,0.6461307287753559,0.0,0.012987012987012988,0.03333333333333333,0.0418340817773576
0.2825112107623318,0.6066867017280231,0.0,0.06493506493506494,0.03333333333333333,0.076341290475065
0.15919282511210758,0.5052592036063093,0.0,0.48051948051948057,0.6,0.5488064287402507
0.0,0.5927873779113444,0.0,0.0,0.0,0.004017962656582368
0.2690582959641255,0.4613072877535682,0.0125,0.012987012987012988,0.6,0.1808083195462066
0.09641255605381165,0.5972952667167526,0.0,0.0,0.03333333333333333,0.015599149137319782
0.468609865470852,0.44027047332832403,0.0125,0.0,0.6,0.30394705743323086
0.12107623318385649,0.3925619834710723,0.0,0.012987012987012988,0.03333333333333333,0.016308201370834316
0.060538116591928245,0.5127723516153253,0.0,0.0,0.6,0.18175372252422597
0.17264573991031387,0.5706235912847468,0.0,0.0,0.03333333333333333,0.012526589458756796
0.0,0.7250187828700216,0.0,0.0,0.0,0.020326164027416688
0.26681614349775784,0.6006761833208092,0.0,0.025974025974025976,0.03333333333333333,0.05506972346962893
0.41031390134529144,0.5503380916604037,0.0,0.0,0.6333333333333333,0.2268967147246514
0.09865470852017935,0.6089406461307263,0.0,0.0,0.6333333333333333,0.15079177499409124
0.1053811659192825,0.6063110443275725,0.0,0.0,0.0,0.02765303710706689
0.13004484304932734,0.48384673178061455,0.0,0.0,0.0,0.041597731032852754
0.0,0.6228399699474068,0.0,0.0,0.0,0.017962656582368237
0.1053811659192825,0.3523666416228384,0.0,0.0,0.0,0.014890096903805246
0.4439461883408072,0.5432006010518382,0.0,0.012987012987012988,0.0,0.20727960293074926
0.0,0.5082644628099171,0.0,0.0,0.5666666666666667,0.16379106594185772
0.051569506726457395,0.5935386927122455,0.0,0.0,0.0,0.019380761049397302
0.0,0.5067618332081132,0.0,0.0,0.03333333333333333,0.015835499881824623
0.27578475336322866,0.5987978963185565,0.0,0.012987012987012988,0.6,0.37556133301819894
0.15246636771300448,0.5627347858752803,0.0,0.0,0.0,0.03521626093122193
0.10762331838565022,0.47933884297520457,0.0,0.0,0.0,0.02907114157409596
0.13004484304932734,0.5510894064613066,0.0,0.0,0.0,0.17939021507917752
0.06502242152466367,0.5713749060856479,0.0,0.0,0.0,0.26282202788938785
0.060538116591928245,0.43914350112697065,0.0,0.0,0.5666666666666667,0.2186244386669818
0.0,0.6465063861758065,0.0,0.0,0.0,0.017017253604348852
0.15246636771300448,0.3076634109691945,0.4625,0.012987012987012988,0.7666666666666666,0.4623020562514772
0.07399103139013452,0.9586776859504109,0.0,0.0,0.03333333333333333,0.14653746159300404
0.195067264573991,0.5634861006761831,0.0,0.012987012987012988,0.6333333333333333,0.183171826991255
0.0,0.6141998497370391,0.0,0.0,0.03333333333333333,0.026707634129047503
0.0,0.6949661908339593,0.0,0.0,0.0,0.03734341763176554
0.12331838565022421,0.5075131480090143,0.0,0.0,0.6,0.15362798392814936
0.12780269058295962,0.4646882043576248,0.0,0.0,0.6,0.2647128338454266
0.2488789237668161,0.4256198347107425,0.0,0.012987012987012988,0.6,0.31198298274639563
0.08295964125560537,0.49098422238918005,0.0,0.025974025974025976,0.0,0.012526589458756796
0.11659192825112107,0.6427498121712976,0.0,0.0,0.03333333333333333,0.03214370125265894
0.1053811659192825,0.4962434259954911,0.0,0.012987012987012988,0.0,0.02741668636256204
0.18834080717488788,0.471450037565738,0.0,0.06493506493506494,0.6,0.3564169227133065
0.16591928251121074,0.4947407963936872,0.0,0.0,0.03333333333333333,0.023398723705979674
0.08295964125560537,0.5086401202103676,0.0,0.012987012987012988,0.6,0.16331836445284803
0.0,0.6908339594289998,0.0,0.0,0.0,0.025762231151028124
0.11659192825112107,0.5897821187077366,0.0,0.025974025974025976,0.03333333333333333,0.016071850626329473
0.3206278026905829,0.6788129226145738,0.0,0.012987012987012988,0.03333333333333333,0.050342708579532026
0.0,0.6551465063861741,0.0125,0.0,0.6333333333333333,0.15433703616166392
0.12331838565022421,0.6453794139744531,0.0,0.0,0.03333333333333333,0.02505317891751359
0.05605381165919282,0.7182569496619067,0.0,0.0,0.0,0.022689671472465138
0.0,0.3925619834710723,0.4625,0.0,0.0,0.27227605766958163
0.195067264573991,0.6401202103681438,0.0,0.0,0.0,0.10541243204916095
0.12331838565022421,0.6720510894064606,0.0,0.0,0.03333333333333333,0.0314346490191444
0.1053811659192825,0.5003756574004488,0.0,0.012987012987012988,0.03333333333333333,0.028598440085086267
0.16591928251121074,0.5725018782870013,0.0,0.0,0.03333333333333333,0.043015835499881826
0.0,0.5232907588279474,0.0,0.0,0.0,0.16662727487591586
0.34529147982062774,0.37077385424492704,0.0,0.012987012987012988,0.0,0.03474355944221224
0.0,0.535687453042824,0.0,0.0,0.03333333333333333,0.007090522335145356
0.0,0.535687453042824,0.0,0.0,0.0,0.09572205152446231
0.0,0.13335837716002885,0.0,0.0,0.5333333333333333,0.1808083195462066
0.10762331838565022,0.418482344102177,0.0,0.0,0.6,0.14157409595840229
0.0,0.3809166040570986,0.0125,0.35064935064935066,0.6,0.4478846608366816
0.2533632286995516,0.5123966942148748,0.0,0.012987012987012988,0.0,0.021980619238950602
0.0874439461883408,0.6303531179564228,0.0,0.0,0.0,0.02056251477192153
0.2309417040358744,0.5522163786626582,0.0,0.0,0.6333333333333333,0.33869061687544316
0.06278026905829596,0.4470323065364372,0.4625,0.0,0.5666666666666667,0.4053415268258095
0.0,0.5416979714500361,0.0,0.0,0.6,0.15433703616166392
0.24663677130044842,0.5270473328324563,0.0,0.0,0.0,0.02481682817300874
0.25560538116591924,0.4293764087152496,0.0,0.0,0.0,0.024107775939494203
0.11659192825112107,0.5078888054094648,0.0,0.0,0.6,0.15670054360671234
0.051569506726457395,0.5394440270473311,0.0125,0.0,0.0,0.12975655873316
0.0,0.5732531930879023,0.0,0.0,0.0,0.0172536043488537
0.06502242152466367,0.637114951164536,0.0,0.0,0.0,0.038288820609784925
0.08071748878923765,0.5285499624342584,0.0,0.0,0.0,0.02765303710706689
0.13228699551569506,0.6495116453794125,0.0,0.012987012987012988,0.0,0.02481682817300874
0.0,0.5056348610067598,0.0,0.0,0.6,0.13471992436776176
0.13677130044843047,0.6070623591284736,0.0,0.0,0.03333333333333333,0.028598440085086267
0.0,0.5653643876784358,0.0,0.0,0.0,0.01678090285984401
0.25560538116591924,0.5330578512396684,0.0,0.0,0.0,0.022453320727960295
0.24663677130044842,0.533433508640119,0.0,0.0,0.6,0.2637674308674072
0.13452914798206275,0.654395191585273,0.0,0.0,0.0,0.03474355944221224
0.0,0.5555972952667148,0.0,0.0,0.0,0.02056251477192153
0.0,0.6472577009767075,0.0,0.0,0.0,0.017726305837863388
0.0,0.6089406461307263,0.0,0.0,0.03333333333333333,0.02174426849444576
0.4349775784753363,0.5360631104432745,0.0,0.07792207792207792,0.6,0.2859844008508627
0.26681614349775784,0.546205860255446,0.0125,0.06493506493506494,0.6,0.3616166390924131
0.0695067264573991,0.6284748309541683,0.0,0.0,0.03333333333333333,0.015362798392814936
0.3946188340807174,0.5976709241172031,0.0,0.012987012987012988,0.03333333333333333,0.04088867879933821
0.06278026905829596,0.5030052592036043,0.0,0.012987012987012988,0.5666666666666667,0.14961002127156703
0.11434977578475335,0.5589782118707731,0.0,0.025974025974025976,0.03333333333333333,0.028362089340581424
0.07847533632286996,0.6018031555221626,0.0,0.0,0.6,0.27582131883715433
0.32735426008968604,0.33696468820435754,0.0,0.025974025974025976,0.6,0.242732214606476
0.12556053811659193,0.5432006010518382,0.0,0.0,0.03333333333333333,0.022216969983455445
0.0,0.5559729526671653,0.0,0.0,0.03333333333333333,0.009217679035688963
0.05829596412556053,0.5398196844477834,0.0,0.0,0.03333333333333333,0.03261640274166863
0.0,0.5093914350112687,0.0,0.0,0.03333333333333333,0.08248640983219098
0.0874439461883408,0.5169045830202847,0.0,0.012987012987012988,0.6,0.39565114630111087
0.0,0.6791885800150244,0.0,0.0,0.03333333333333333,0.06074214133774521
0.11883408071748877,0.7201352366641611,0.0,0.0,0.0,0.03757976837627038
0.0,0.33771600300525684,0.0,0.012987012987012988,0.3333333333333333,0.17631765540061453
0.12780269058295962,0.5063861758076627,0.0,0.0,0.03333333333333333,0.010872134247222878
0.2130044843049327,0.5518407212622076,0.0,0.0,0.0,0.18009926731269205
0.08520179372197309,0.696844477836212,0.0,0.0,0.0,0.024107775939494203
0.0,0.6735537190082628,0.0,0.0,0.03333333333333333,0.012999290947766485
0.0,0.6224643125469562,0.0,0.0,0.0,0.018671708815882766
0.2982062780269058,0.5368144252441756,0.0,0.012987012987012988,0.5666666666666667,0.2150791774994091
0.2645739910313901,0.6164537941397441,0.0,0.012987012987012988,0.03333333333333333,0.050342708579532026
0.3609865470852018,0.5567242674680681,0.0,0.0,0.36666666666666664,0.15670054360671234
0.3856502242152466,0.579639368895565,0.0,0.0,0.4,0.10517608130465611
0.13228699551569506,0.5833959429000739,0.0,0.0,0.0,0.015599149137319782
0.0,0.5552216378662642,0.0,0.49350649350649356,0.6,0.4249586386197116
0.2780269058295964,0.4996243425995477,0.0,0.0,0.03333333333333333,0.22004254313401087
0.16591928251121074,0.5612321562734781,0.0,0.0,0.03333333333333333,0.020798865516426374
0.0,0.4913598797896306,0.0,0.0,0.0,0.008508626802174424
0.1053811659192825,0.2975206611570229,0.0,0.0,0.5666666666666667,0.18884424485937132
0.10986547085201794,0.5706235912847468,0.0,0.0,0.6,0.15670054360671234
0.28475336322869954,0.858752817430501,0.0,0.012987012987012988,0.0,0.03970692507681399
0.08295964125560537,0.5338091660405695,0.0,0.0,0.6333333333333333,0.15291893169463486
0.20403587443946186,0.4090909090909083,0.0,0.012987012987012988,0.5666666666666667,0.17135428976601277
0.18609865470852016,0.43238166791885746,0.0,0.36363636363636365,0.0,0.3311273930512881
0.1547085201793722,0.4090909090909083,0.0125,0.012987012987012988,0.5666666666666667,0.3445993854880643
0.5269058295964125,0.5672426746806902,0.0,0.012987012987012988,0.0,0.21082486409832193
0.0,0.6070623591284736,0.0,0.0,0.6,0.21956984164500118
0.27354260089686094,0.44891059353869167,0.0,0.012987012987012988,0.6,0.16757267785393526
0.08968609865470852,0.45905334335086323,0.0,0.0,0.0,0.037107066887260697
0.06502242152466367,0.6123215627347847,0.0,0.0,0.03333333333333333,0.10186717088158828
0.40134529147982057,0.3989481592787367,0.0,0.025974025974025976,0.0,0.04703379815646419
0.23318385650224213,0.38054094665664806,0.0,0.025974025974025976,0.0,0.031907350508154096
0.27578475336322866,0.5770097670924095,0.0,0.012987012987012988,0.0,0.025998581895532967
0.2623318385650224,0.5664913598797874,0.0,0.012987012987012988,0.03333333333333333,0.03048924604112503
0.2802690582959641,0.47483095416979637,0.025,0.012987012987012988,0.6333333333333333,0.21578822973292366
0.5134529147982062,0.5548459804658137,0.0,0.012987012987012988,0.0,0.052469865280075634
0.0,0.5052592036063093,0.0,0.0,0.03333333333333333,0.08508626802174428
0.3340807174887892,0.5450788880540927,0.0,0.012987012987012988,0.03333333333333333,0.0465610966674545
0.2623318385650224,0.5601051840721247,0.0,0.0,0.03333333333333333,0.04797920113448357
0.0,0.3012772351615318,0.0,0.0,0.0,0.0025998581895532967
0.08968609865470852,0.5300525920360624,0.0,0.0,0.03333333333333333,0.03970692507681399
0.0,0.5957926371149505,0.0125,0.03896103896103896,0.0,0.0638147010163082
0.11659192825112107,0.6202103681442512,0.0,0.0,0.6,0.1642637674308674
0.0,0.6341096919609299,0.0,0.0,0.03333333333333333,0.020326164027416688
0.07847533632286996,0.31893313298271764,0.0,0.0,0.0,0.015126447648310089
0.405829596412556,0.45229151014274827,0.0125,0.012987012987012988,0.0,0.1375561333018199
0.1053811659192825,0.7554470323065345,0.0,0.0,0.0,0.034507208697707396
0.3878923766816143,0.5706235912847468,0.0,0.0,0.0,0.28432994563932873
0.12556053811659193,0.5056348610067598,0.0,0.2337662337662338,0.0,0.27913022926022213
0.0,0.5691209616829429,0.0,0.05194805194805195,0.0,0.14724651382651857
0.3116591928251121,0.7663410969196072,0.0,0.025974025974025976,0.0,0.040415977310328526
0.0,0.6217129977460534,0.0,0.0,0.03333333333333333,0.019380761049397302
0.0,0.764838467317805,0.0,0.0,0.0,0.01678090285984401
0.22421524663677128,0.49586776859504056,0.0,0.012987012987012988,0.6,0.1652091704088868
0.4237668161434977,0.5293012772351613,0.0,0.49350649350649356,0.0,0.312928385724415
0.11434977578475335,0.6547708489857236,0.0,0.025974025974025976,0.0,0.08721342472228788
0.21973094170403587,0.644628099173552,0.0,0.03896103896103896,0.6,0.2212242968565351
0.08968609865470852,0.8302028549962426,0.0,0.012987012987012988,0.0,0.02647128338454266
0.1412556053811659,0.6051840721262192,0.0,0.0,0.6,0.1975892224060506
0.3363228699551569,0.3835462058602541,0.0,0.9610389610389611,0.6,0.6972346962892934
0.16367713004484302,0.44853493613824114,0.0125,0.0,0.6,0.27842117702670766
0.05829596412556053,0.6262208865514634,0.0,0.0,0.6,0.15410068541715907
0.0874439461883408,0.6596543951915841,0.0,0.0,0.0,0.02623493264003781
0.0,0.3715251690458281,0.0,0.4675324675324676,0.5666666666666667,0.398487355235169
0.4327354260089686,0.2704733283245666,0.4625,0.5064935064935066,0.5666666666666667,0.7310328527534863
0.0,0.6810668670172788,0.0,0.0,0.6,0.14913731978255734
0.05829596412556053,0.4635612321562732,0.47500000000000003,0.012987012987012988,0.0,0.46726542188607895
0.0,0.6063110443275725,0.0,0.0,0.0,0.02788938785157173
0.09417040358744394,0.548459804658151,0.0,0.0,0.0,0.11155755140628694
0.0,0.593914350112696,0.0,0.0,0.0,0.020089813282911838
0.2488789237668161,0.5514650638617571,0.5,0.012987012987012988,0.03333333333333333,0.3100921767903569
0.16816143497757846,0.5540946656649126,0.0,0.0,0.0,0.019853462538406995
0.1547085201793722,0.5492111194590521,0.0,0.0,0.6,0.1682817300874498
0.3071748878923767,0.4988730277986466,0.0,0.0,0.6,0.3583077286693453
0.0,0.4774605559729501,0.0,0.0,0.03333333333333333,0.021980619238950602
0.210762331838565,0.3339594290007497,0.0,0.012987012987012988,0.0,0.03639801465374616
0.0,0.37114951164537757,0.0,0.0,0.03333333333333333,0.1139210588513354
0.12556053811659193,0.6517655897821175,0.0,0.0,0.0,0.037107066887260697
0.5112107623318385,0.5987978963185565,0.025,0.0,0.6,0.2079886551642638
0.0,0.49549211119459,0.0,0.0,0.03333333333333333,0.05317891751359017
0.0,0.5811419984973689,0.0,0.0,0.6333333333333333,0.14441030489246043
0.289237668161435,0.5785123966942134,0.0,0.0,0.06666666666666667,0.034507208697707396
0.10089686098654707,0.5123966942148748,0.0,0.025974025974025976,0.5666666666666667,0.14133774521389744
0.051569506726457395,0.7558226897069868,0.0,0.0,0.0,0.04727014890096903
0.09641255605381165,0.41697971450037485,0.0,0.0,0.0,0.29898369179862916
0.14349775784753363,0.62960180315552,0.0,0.0,0.0,0.018671708815882766
0.11883408071748877,0.4984973703981961,0.0,0.012987012987012988,0.0,0.01678090285984401
0.2600896860986547,0.5154019534184808,0.0,0.0,0.0,0.028598440085086267
0.0,0.6235912847483078,0.0,0.0,0.03333333333333333,0.018671708815882766
0.09417040358744394,0.4913598797896306,0.0125,0.0,0.6,0.33561805719688015
0.12331838565022421,0.5691209616829429,0.0,0.0,0.6,0.3261640274166864
0.08295964125560537,0.38767843726521356,0.0,0.012987012987012988,0.0,0.15339163318364452
0.0,0.7524417731029285,0.0,0.0,0.0,0.02741668636256204
0.3094170403587444,0.6157024793388413,0.0,0.0,0.03333333333333333,0.11013944693925787
0.13004484304932734,0.5326821938392161,0.0,0.0,0.03333333333333333,0.02505317891751359
0.3206278026905829,0.4808414725770085,0.0,0.012987012987012988,0.9666666666666667,0.23091467738123375
0.2713004484304932,0.5469571750563471,0.0,0.012987012987012988,0.6333333333333333,0.17419049870007092
0.0,0.4800901577761074,0.0,0.012987012987012988,0.0,0.21129756558733162
0.1928251121076233,0.47783621337340243,0.0,0.0,0.0,0.07137792484046326
0.5156950672645739,0.38054094665664806,0.0,0.012987012987012988,0.03333333333333333,0.06972346962892934
0.0874439461883408,0.5653643876784358,0.0,0.0,0.03333333333333333,0.020089813282911838
0.18609865470852016,0.6303531179564228,0.0,0.0,0.6,0.1883715433703616
0.0,0.2588279489105929,0.0,0.4545454545454546,0.5666666666666667,0.5124084140865044
0.060538116591928245,0.6382419233658894,0.0,0.0,0.0,0.024580477428503895
0.26681614349775784,0.6021788129226131,0.0125,0.0,0.03333333333333333,0.11179390215079178
0.13228699551569506,0.6558978211870752,0.0,0.025974025974025976,0.0,0.028362089340581424
0.49999999999999994,0.6254695717505623,0.0,0.025974025974025976,0.4,0.11722996927440324
0.0,0.5101427498121698,0.0,0.0,0.03333333333333333,0.022453320727960295
0.0,0.6078136739293747,0.0,0.0,0.6333333333333333,0.37296147482864567
0.06502242152466367,0.7178812922614561,0.0,0.0,0.0,0.022689671472465138
0.0,0.7287753568745288,0.0,0.49350649350649356,0.6666666666666666,0.45166627274875915
0.1748878923766816,0.4658151765589764,0.0,0.48051948051948057,0.5666666666666667,0.4526116757267785
0.2533632286995516,0.5447032306536421,0.0,0.0,0.0,0.11912077523044198
0.3071748878923767,0.6288504883546189,0.0,0.0,0.0,0.05317891751359017
0.2690582959641255,0.6247182569496612,0.0,0.0,0.0,0.02481682817300874
0.10762331838565022,0.6506386175807659,0.0,0.025974025974025976,0.0,0.02765303710706689
0.1547085201793722,0.6728024042073617,0.0,0.0,0.0,0.029543843063105646
0.2443946188340807,0.6619083395942891,0.0,0.0,0.0,0.038288820609784925
0.2645739910313901,0.5323065364387656,0.0,0.025974025974025976,0.0,0.030961947530134717
0.2533632286995516,0.6893313298271959,0.0,0.012987012987012988,0.0,0.0392342235878043
0.2488789237668161,0.5247933884297513,0.0,0.0,0.03333333333333333,0.0314346490191444
0.2600896860986547,0.48647633358377007,0.0,0.025974025974025976,0.03333333333333333,0.028598440085086267
0.195067264573991,0.5890308039068355,0.0,0.012987012987012988,0.03333333333333333,0.041361380288347904
0.0,0.4395191585274212,0.0,0.0,0.0,0.1845899314582841
0.226457399103139,0.5657400450788863,0.0,0.012987012987012988,0.6,0.18624438666981802
0.08071748878923765,0.33771600300525684,0.0,0.0,0.03333333333333333,0.07445048451902624
0.0,0.6821938392186322,0.0,0.0,0.03333333333333333,0.0664145592058615
0.0,0.46844477836213194,0.0,0.0,0.6,0.16331836445284803
0.0,0.6100676183320797,0.0,0.0,0.0,0.007090522335145356
0.14798206278026904,0.8339594290007497,0.0,0.0,0.03333333333333333,0.03474355944221224
0.2488789237668161,0.6604057099924852,0.0,0.0,0.03333333333333333,0.025525880406523274
0.08295964125560537,0.44628099173553615,0.0,0.025974025974025976,0.5666666666666667,0.3242732214606476
0.23766816143497754,0.5206611570247919,0.0,0.012987012987012988,0.03333333333333333,0.03214370125265894
0.3161434977578475,0.5480841472577005,0.0,0.0,0.6333333333333333,0.3126920349799102
0.1547085201793722,0.5075131480090143,0.0,0.012987012987012988,0.03333333333333333,0.010872134247222878
0.24663677130044842,0.526671675432004,0.0,0.0,0.0,0.029780193807610496
0.13004484304932734,0.6284748309541683,0.0,0.012987012987012988,0.0,0.03167099976364925
0.24215246636771298,0.5702479338842963,0.0,0.012987012987012988,0.03333333333333333,0.031198298274639567
0.0,0.7359128474830943,0.0,0.0,0.0,0.2706216024580477
0.0,0.37415477084898363,0.0,0.0,0.6,0.1564641928622075
0.0695067264573991,0.7283996994740782,0.0,0.0,0.03333333333333333,0.05459702198061924
0.226457399103139,0.5525920360631087,0.0,0.012987012987012988,0.6,0.18364452848026472
0.26681614349775784,0.42148760330578483,0.0,0.012987012987012988,0.5666666666666667,0.3620893405814228
0.0,0.5601051840721247,0.0,0.0,0.0,0.021035216260931223
0.05829596412556053,0.3760330578512381,0.0,0.0,0.6,0.1616639092413141
0.2219730941704036,0.39819684447783565,0.0125,0.0,0.0,0.03379815646419286
0.06726457399103138,0.4575507137490593,0.0,0.0,0.6,0.14961002127156703
0.0,0.7445529676934619,0.0,0.0,0.0,0.020089813282911838
0.11883408071748877,0.5247933884297513,0.0,0.0,0.03333333333333333,0.045379342944930276
0.05829596412556053,0.5432006010518382,0.0,0.012987012987012988,0.6,0.15031907350508156
0.051569506726457395,0.579639368895565,0.0,0.0,0.6,0.15504608839517844
0.0,0.5165289256198342,0.0,0.0,0.6,0.2410777593949421
0.09192825112107623,0.6949661908339593,0.0,0.0,0.0,0.026943984873552346
0.12107623318385649,0.546205860255446,0.0,0.012987012987012988,0.0,0.019617111793902152
0.11659192825112107,0.53869271224643,0.0,0.0,0.03333333333333333,0.03214370125265894
0.35650224215246634,0.5037565740045071,0.0,0.4415584415584416,0.0,0.2864571023398723
0.07623318385650224,0.5792637114951145,0.0,0.0,0.6,0.36894351217206334
0.2219730941704036,0.6322314049586755,0.0,0.0,0.0,0.048924604112502955
0.25112107623318386,0.6141998497370391,0.0,0.012987012987012988,0.6,0.18553533443630346
0.18385650224215247,0.4549211119459038,0.0,0.012987012987012988,0.0,0.07823209643110376
0.10762331838565022,0.5623591284748297,0.0,0.0,0.03333333333333333,0.03947057433230914
0.09417040358744394,0.5694966190833952,0.0,0.0,0.6333333333333333,0.15859134956275112
0.16367713004484302,0.5766341096919589,0.0,0.025974025974025976,0.03333333333333333,0.17395414795556607
0.1905829596412556,0.6506386175807659,0.0,0.0,0.0,0.035688962420231625
0.12331838565022421,0.5161532682193819,0.0,0.0,0.03333333333333333,0.018908059560387616
0.0,0.5691209616829429,0.0,0.0,0.0,0.014653746159300403
0.0,0.6130728775356857,0.0,0.0,0.03333333333333333,0.018435358071377923
0.16591928251121074,0.4984973703981961,0.0,0.0,0.0,0.011344835736232567
0.08295964125560537,0.6025544703230636,0.0,0.0,0.03333333333333333,0.22240605057905932
0.13004484304932734,0.579639368895565,0.0,0.0,0.0,0.03025289529662018
0.13228699551569506,0.9218632607062354,0.0,0.0,0.0,0.03616166390924131
0.0874439461883408,0.5619834710743792,0.0,0.025974025974025976,0.0,0.02623493264003781
0.07847533632286996,0.5856498873027789,0.0,0.012987012987012988,0.0,0.03214370125265894
0.13677130044843047,0.5015026296018021,0.0,0.012987012987012988,0.03333333333333333,0.019380761049397302
0.23766816143497754,0.5308039068369634,0.0,0.0,0.6,0.1578822973292366
0.09417040358744394,0.6299774605559705,0.0,0.0,0.0,0.1186480737414323
0.07174887892376682,0.5277986476333574,0.0,0.012987012987012988,0.03333333333333333,0.0820137083431813
0.23318385650224213,0.4177310293012759,0.0,0.0,0.0,0.135901678090286
0.1412556053811659,0.4455296769346333,0.0,0.0,0.0,0.029780193807610496
0.14798206278026904,0.6401202103681438,0.0,0.0,0.03333333333333333,0.042779484755376976
0.06278026905829596,0.3914350112697207,0.0,0.012987012987012988,0.5666666666666667,0.3951784448121012
0.21524663677130043,0.5447032306536421,0.0,0.0,0.0,0.07728669345308438
0.2286995515695067,0.6844477836213354,0.0,0.012987012987012988,0.03333333333333333,0.05885133538170644
0.3363228699551569,0.6254695717505623,0.0125,0.012987012987012988,0.9666666666666667,0.2346962892933113
0.051569506726457395,0.40758827948910437,0.0,0.0,0.6,0.1538643346726542
0.0,0.641622839969946,0.0,0.0,0.0,0.019617111793902152
0.3161434977578475,0.5766341096919589,0.0,0.025974025974025976,0.0,0.042779484755376976
0.23542600896860982,0.6397445529676933,0.0,0.0,0.0,0.05010635783502718
0.11210762331838564,0.6510142749812147,0.0,0.0,0.0,0.028362089340581424
0.12556053811659193,0.7186326070623572,0.0,0.0,0.0,0.02907114157409596
0.0,0.5323065364387656,0.0,0.0,0.6,0.14322855116993619
0.2443946188340807,0.4241172051089386,0.0,0.0,0.9666666666666667,0.22618766249113686
0.5246636771300448,0.4500375657400433,0.0,0.025974025974025976,0.03333333333333333,0.33916331836445285
0.17040358744394618,0.4353869271224635,0.0,0.0,0.5666666666666667,0.15599149137319782
0.12556053811659193,0.6450037565740026,0.0,0.0,0.6333333333333333,0.15835499881824627
0.0,0.48159278737790956,0.0,0.0,0.5666666666666667,0.16142755849680926
0.0,0.6746806912096144,0.0,0.0,0.6333333333333333,0.15457338690616876
0.12556053811659193,0.7438016528925608,0.0,0.012987012987012988,0.0,0.03048924604112503
0.07623318385650224,0.5976709241172031,0.0,0.012987012987012988,0.0,0.0172536043488537
0.452914798206278,0.5240420736288485,0.0,0.012987012987012988,0.03333333333333333,0.22004254313401087
0.14798206278026904,0.5435762584522905,0.0,0.0,0.03333333333333333,0.018671708815882766
0.0,0.2821187077385421,0.0,0.0,0.5333333333333333,0.15291893169463486
0.0,0.6851990984222365,0.0,0.0,0.0,0.016544552115339166
0.06278026905829596,0.49924868519909715,0.0125,0.0,0.0,0.212242968565351
0.10986547085201794,0.7321562734785854,0.0,0.025974025974025976,0.0,0.045615693689435126
0.2130044843049327,0.5586025544703226,0.0,0.012987012987012988,0.03333333333333333,0.030725596785629875
0.07174887892376682,0.5323065364387656,0.0,0.0,0.0,0.028598440085086267
0.08968609865470852,0.589406461307286,0.0,0.0,0.0,0.024580477428503895
0.25784753363228696,0.6269722013523662,0.0,0.0,0.0,0.040179626565823676
0.11434977578475335,0.5969196093163021,0.0,0.0,0.0,0.03687071614275585
0.10986547085201794,0.5011269722013516,0.0,0.0,0.0,0.18222642401323566
0.0,0.6397445529676933,0.0,0.0,0.6,0.19168045379342946
0.12107623318385649,0.6577761081893296,0.0,0.0,0.03333333333333333,0.03214370125265894
0.0,0.3948159278737773,0.0,0.0,0.0,0.028362089340581424
0.0,0.5274229902329068,0.0,0.0,0.0,0.06972346962892934
0.0,0.5942900075131465,0.0,0.0,0.6,0.13471992436776176
0.15919282511210758,0.389556724267468,0.0,0.012987012987012988,0.5666666666666667,0.26353108012290233
0.05829596412556053,0.5443275732531916,0.0,0.0,0.0,0.028598440085086267
0.11883408071748877,0.6292261457550712,0.025,0.0,0.0,0.07445048451902624
0.1053811659192825,0.6878287002253938,0.0,0.0,0.6,0.15953675254077052
0.0,0.3256949661908326,0.0,0.0,0.0,0.03781611912077523
0.0,0.7776108189331321,0.0,0.05194805194805195,0.6,0.18057196880170173
0.0874439461883408,0.26521412471825556,0.0,0.0,0.5666666666666667,0.1841172299692744
0.12331838565022421,0.4800901577761074,0.0,0.0,0.6,0.2874025053178917
0.1547085201793722,0.6555221637866246,0.0,0.0,0.0,0.02505317891751359
0.11659192825112107,0.4552967693463561,0.0,0.0,0.0,0.2150791774994091
0.05605381165919282,0.46731780616078034,0.0,0.0,0.6,0.30701961711179393
0.3878923766816143,0.6168294515401946,0.0,0.025974025974025976,0.03333333333333333,0.038052469865280075
0.0,0.5435762584522905,0.0,0.0,0.0,0.018908059560387616
0.05605381165919282,0.4913598797896306,0.0,0.0,0.0,0.2585677144883006
0.0,0.5405709992486845,0.0125,0.0,0.6,0.1463011108484992
0.10313901345291479,0.4962434259954911,0.0125,0.012987012987012988,0.6,0.2583313637437957
0.0,0.6044327573253181,0.0,0.0,0.0,0.0172536043488537
0.0,0.6709241172051073,0.0,0.0,0.0,0.015599149137319782
0.20179372197309414,0.5743801652892557,0.0,0.0,0.6,0.16875443157645947
0.2443946188340807,0.39706987227648227,0.47500000000000003,0.0,0.03333333333333333,0.3739068778066651
0.195067264573991,0.5954169797144999,0.0125,0.37662337662337664,0.6,0.39376034034507207
0.4349775784753363,0.5161532682193819,0.0,0.0,0.8666666666666667,0.3502718033561805
0.4080717488789237,0.5338091660405695,0.0,0.0,0.9666666666666667,0.23564169227133067
0.1905829596412556,0.5495867768595026,0.0,0.0,0.03333333333333333,0.03947057433230914
0.10313901345291479,0.5721262208865507,0.0,0.025974025974025976,0.0,0.03001654455211534
0.16816143497757846,0.30616078136739056,0.0,0.05194805194805195,0.5666666666666667,0.2001890805956039
0.12107623318385649,0.5875281743050316,0.0,0.012987012987012988,0.03333333333333333,0.019853462538406995
0.0,0.5608564988730258,0.0,0.0,0.0,0.013944693925785867
0.0,0.49323816679188504,0.0,0.0,0.0,0.00023635074450484468
0.0,0.6671675432006001,0.0,0.0,0.03333333333333333,0.014653746159300403
0.0,0.5965439519158515,0.0,0.0,0.03333333333333333,0.01110848499172772
0.06278026905829596,0.6066867017280231,0.0,0.0,0.6,0.15244623020562517
0.1905829596412556,0.45191585274229773,0.0,0.0,0.6,0.189316946348381
0.0,0.6160781367392918,0.0,0.0,0.0,0.020089813282911838
0.25112107623318386,0.7731029301277221,0.0,0.012987012987012988,0.0,0.051288111557551405
0.18161434977578475,0.6547708489857236,0.0,0.0,0.03333333333333333,0.1169936185298984
0.8497757847533631,0.47558226897069744,0.47500000000000003,0.012987012987012988,0.03333333333333333,0.38525171354289767
0.2802690582959641,0.4530428249436511,0.0,0.0,0.03333333333333333,0.11770267076341293
0.15246636771300448,0.6795642374154767,0.0,0.025974025974025976,0.03333333333333333,0.038288820609784925
0.0,0.5927873779113444,0.0,0.0,0.03333333333333333,0.019380761049397302
0.11210762331838564,0.7637114951164516,0.0,0.0,0.0,0.02907114157409596
0.0,0.6303531179564228,0.0,0.0,0.0,0.019853462538406995
0.09865470852017935,0.5432006010518382,0.0,0.0,0.03333333333333333,0.017726305837863388
0.0,0.483471074380164,0.0125,0.0,0.5666666666666667,0.14771921531552826
0.060538116591928245,0.7753568745304271,0.0,0.0,0.6333333333333333,0.15291893169463486
0.10986547085201794,0.6322314049586755,0.0,0.0,0.0,0.030725596785629875
0.08968609865470852,0.28512396694214814,0.0,0.0,0.5666666666666667,0.23091467738123375
0.0,0.5691209616829429,0.0,0.0,0.0,0.27133065469156226
0.06726457399103138,0.3302028549962426,0.0125,0.0,0.5666666666666667,0.22784211770267074
0.0,0.4432757325319301,0.0,0.0,0.43333333333333335,0.4667927203970692
0.07623318385650224,0.5495867768595026,0.0,0.0,0.6,0.14228314819191681
0.2488789237668161,0.5570999248685187,0.0,0.012987012987012988,0.03333333333333333,0.0314346490191444
0.05829596412556053,0.471450037565738,0.0,0.0,0.6,0.13731978255731506
0.24663677130044842,0.6378662659654388,0.0,0.0,0.0,0.03970692507681399
0.0,0.4797145003756551,0.0,0.0,0.03333333333333333,0.0073268730796502025
0.15022421524663676,0.44853493613824114,0.0,0.012987012987012988,0.03333333333333333,0.009454029780193806
0.08968609865470852,0.5067618332081132,0.0,0.012987012987012988,0.0,0.021035216260931223
0.0,0.5623591284748297,0.0,0.0,0.5666666666666667,0.1463011108484992
0.07847533632286996,0.5277986476333574,0.0,0.0,0.6,0.1578822973292366
0.10762331838565022,0.48271975957926294,0.0,0.0,0.6333333333333333,0.15410068541715907
0.28699551569506726,0.4729526671675419,0.0125,0.025974025974025976,0.0,0.0789411486646183
0.1748878923766816,0.526671675432004,0.0,0.0,0.03333333333333333,0.021271567005436066
0.2600896860986547,0.5063861758076627,0.0,0.012987012987012988,0.0,0.04088867879933821
0.0,0.5469571750563471,0.0,0.0,0.6,0.1704088867879934
0.10089686098654707,0.39293764087152283,0.0,0.0,0.03333333333333333,0.016071850626329473
0.06726457399103138,0.4395191585274212,0.0,0.0,0.6,0.30938312455684236
0.14349775784753363,0.6104432757325302,0.0,0.0,0.6333333333333333,0.21460647601039942
0.051569506726457395,0.5747558226897045,0.0,0.0,0.6,0.14299220042543134
0.0,0.2892561983471058,0.0,0.0,0.0,0.015126447648310089
0.1053811659192825,0.6318557475582249,0.0,0.0,0.6,0.16497281966438196
0.13228699551569506,0.5401953418482339,0.0,0.0,0.0,0.0172536043488537
0.2600896860986547,0.47107438016528747,0.0,0.0,0.03333333333333333,0.11817537225242261
0.12107623318385649,0.5199098422238908,0.0,0.012987012987012988,0.03333333333333333,0.019853462538406995
0.0,0.6341096919609299,0.0,0.0,0.6333333333333333,0.15717324509572206
0.0,0.4962434259954911,0.0,0.0,0.03333333333333333,0.04419758922240605
0.2825112107623318,0.5033809166040548,0.0,0.0,0.4,0.18364452848026472
0.3430493273542601,0.27347858752817267,0.0,0.025974025974025976,0.0,0.04419758922240605
0.10762331838565022,0.7317806160781348,0.0,0.0,0.0,0.03048924604112503
0.2085201793721973,0.3989481592787367,0.025,0.0,0.5666666666666667,0.1678090285984401
0.05829596412556053,0.552967693463561,0.0,0.0,0.0,0.02292602221696998
0.25560538116591924,0.5852742299023284,0.0,0.0,0.03333333333333333,0.034507208697707396
0.13677130044843047,0.36513899323816545,0.0,0.012987012987012988,0.6,0.16379106594185772
0.18385650224215247,0.40270473328324385,0.0,0.0,0.5666666666666667,0.20089813282911842
0.0,0.7817430503380915,0.0,0.0,0.0,0.022453320727960295
0.0,0.5702479338842963,0.0,0.0,0.6333333333333333,0.14582840935948949
0.07623318385650224,0.5803906836964678,0.0,0.0,0.03333333333333333,0.06192389506026944
0.2780269058295964,0.387302779864763,0.0,0.012987012987012988,0.03333333333333333,0.096194753013472
0.0,0.6874530428249415,0.0,0.0,0.0,0.043015835499881826
0.10313901345291479,0.5281743050338079,0.0125,0.0,0.6333333333333333,0.18813519262585676
0.2780269058295964,0.5281743050338079,0.0,0.025974025974025976,0.03333333333333333,0.0966674545024817
0.12331838565022421,0.6495116453794125,0.0,0.0,0.6333333333333333,0.16922713306546916
0.14573991031390135,0.5713749060856479,0.0,0.012987012987012988,0.0,0.03025289529662018
0.09641255605381165,0.5578512396694197,0.0,0.0,0.6333333333333333,0.1564641928622075
0.0,0.48159278737790956,0.0,0.0,0.0,0.015835499881824623
0.0,0.5837716003005244,0.0,0.0,0.6333333333333333,0.13826518553533446
0.23991031390134526,0.6130728775356857,0.0,0.0,0.0,0.035452611675726775
0.37668161434977576,0.3974455296769328,0.0125,0.4675324675324676,0.5666666666666667,0.47104703379815643
0.09417040358744394,0.8159278737791116,0.0,0.0,0.0,0.03048924604112503
0.2959641255605381,0.5251690458302019,0.0,0.025974025974025976,0.6,0.183171826991255
0.0,0.7122464312546946,0.0,0.0,0.6333333333333333,0.14866461829354763
0.0,0.5473328324567976,0.0,0.0,0.0,0.010872134247222878
0.24663677130044842,0.5773854244928618,0.0,0.012987012987012988,0.03333333333333333,0.033089104230678325
0.0,0.5860255447032294,0.0,0.0,0.6,0.13897423776884898
0.21973094170403587,0.7738542449286232,0.0,0.012987012987012988,0.03333333333333333,0.037107066887260697
0.08968609865470852,0.6284748309541683,0.0,0.0,0.0,0.02765303710706689
0.0,0.43087903831705354,0.0,0.0,0.6,0.15551878988418813
0.4573991031390134,0.5274229902329068,0.0,0.0,0.6,0.21247931930985584
0.12107623318385649,0.5766341096919589,0.0,0.012987012987012988,0.03333333333333333,0.02647128338454266
0.12331838565022421,0.5255447032306524,0.025,0.0,0.6,0.16497281966438196
0.2286995515695067,0.5135236664162264,0.0,0.0,0.6,0.3843063105648783
0.10762331838565022,0.5909090909090899,0.0125,0.012987012987012988,0.03333333333333333,0.12432049160954856
0.14798206278026904,0.5255447032306524,0.0,0.0,0.6,0.3096194753013472
0.07623318385650224,0.5540946656649126,0.0,0.0,0.03333333333333333,0.015599149137319782
0.17937219730941703,0.608189331329827,0.0,0.28571428571428575,0.03333333333333333,0.16757267785393526
0.2802690582959641,0.4830954169797135,0.0,0.025974025974025976,0.5666666666666667,0.3056015126447648
0.2443946188340807,0.644628099173552,0.48750000000000004,0.0,0.0,0.31836445284802645
0.10762331838565022,0.40157776108189225,0.0,0.012987012987012988,0.0,0.02528952966201843
0.0,0.5987978963185565,0.0,0.0,0.0,0.017489955093358545
0.12331838565022421,0.31029301277235,0.0,0.0,0.0,0.0172536043488537
0.0,0.6517655897821175,0.0,0.0,0.0,0.021271567005436066
0.13677130044843047,0.5833959429000739,0.0,0.07792207792207792,0.0,0.0612148428267549
0.09865470852017935,0.47783621337340243,0.0,0.0,0.5666666666666667,0.22358780430158356
0.14573991031390135,0.5007513148008993,0.0,0.48051948051948057,0.6,0.48475537697943744
0.1905829596412556,0.3230653643876771,0.0,0.0,0.0,0.02741668636256204
0.1390134529147982,0.579639368895565,0.0,0.0,0.03333333333333333,0.023635074450484517
0.09417040358744394,0.11682945154019464,0.0,0.6623376623376623,0.5333333333333333,0.5686598912786576
0.2309417040358744,0.37565740045078755,0.0,0.025974025974025976,0.0,0.025762231151028124
0.0,0.5586025544703226,0.0,0.0,0.6,0.18340817773575988
0.08968609865470852,0.5075131480090143,0.0125,0.0,0.5666666666666667,0.16119120775230442
0.10313901345291479,0.6341096919609299,0.0,0.07792207792207792,0.03333333333333333,0.1857716851808083
0.0,0.4316303531179546,0.0,0.025974025974025976,0.6,0.3105648782793666
0.14573991031390135,0.3523666416228384,0.0,0.0,0.0,0.02174426849444576
0.30493273542600896,0.6153268219383907,0.0,0.012987012987012988,0.03333333333333333,0.03261640274166863
0.10762331838565022,0.4293764087152496,0.0,0.0,0.0,0.024107775939494203
0.0,0.5281743050338079,0.0,0.0,0.6,0.15599149137319782
0.21973094170403587,0.62960180315552,0.0,0.025974025974025976,0.6,0.28314819191680457
0.10089686098654707,0.7028549962434241,0.0,0.012987012987012988,0.0,0.018671708815882766
0.3071748878923767,0.5856498873027789,0.0,0.0,0.0,0.19002599858189553
0.0,0.43087903831705354,0.0,0.0,0.6,0.2186244386669818
0.0,0.363260706235911,0.4625,0.0,0.5666666666666667,0.6466556369652565
0.2982062780269058,0.6517655897821175,0.0,0.012987012987012988,0.0,0.03994327582131883
0.37443946188340804,0.5315552216378645,0.0,0.0,0.6,0.2384779012053888
0.0,0.4248685199098414,0.0,0.06493506493506494,0.6,0.25927676672181516
0.0,0.35687453042824835,0.0,0.0,0.5666666666666667,0.2751122666036398
0.05605381165919282,0.4635612321562732,0.0,0.0,0.5666666666666667,0.1997163791065942
0.11659192825112107,0.543951915852741,0.0125,0.025974025974025976,0.03333333333333333,0.024107775939494203
0.1412556053811659,0.42599549211119303,0.0,0.012987012987012988,0.0,0.021980619238950602
0.0,0.5413223140495855,0.0,0.0,0.03333333333333333,0.025998581895532967
0.3363228699551569,0.40871525169045775,0.0,0.012987012987012988,0.03333333333333333,0.03970692507681399
0.26681614349775784,0.26371149511645164,0.0,0.012987012987012988,0.5333333333333333,0.1505554242495864
0.051569506726457395,0.43350864012020907,0.0,0.4545454545454546,0.6,0.40794138501536276
0.21524663677130043,0.38166791885799967,0.0,0.012987012987012988,0.0,0.022689671472465138
0.09417040358744394,0.43688955672426566,0.0,0.0,0.5666666666666667,0.13519262585677144
0.0,0.6145755071374897,0.0,0.0,0.0,0.17182699125502246
0.11659192825112107,0.45905334335086323,0.0,0.0,0.6,0.1479555660600331
0.0,0.5217881292261435,0.0,0.0,0.0,0.016308201370834316
0.2600896860986547,0.5713749060856479,0.0,0.012987012987012988,0.03333333333333333,0.03947057433230914
0.2713004484304932,0.603681442524417,0.0,0.0,0.03333333333333333,0.026943984873552346
0.0,0.5018782870022527,0.0,0.0,0.6333333333333333,0.19333490900496336
0.13452914798206275,0.5120210368144242,0.0,0.0,0.03333333333333333,0.009454029780193806
0.08520179372197309,0.5,0.0,0.0,0.6,0.15410068541715907
0.2309417040358744,0.5552216378662642,0.0,0.012987012987012988,0.0,0.03238005199716379
0.11659192825112107,0.39068369646881784,0.0,0.0,0.6,0.5001181753722524
0.05829596412556053,0.42299023290758697,0.0,0.49350649350649356,0.6,0.40817773575986765
0.2623318385650224,0.6198347107438007,0.0,0.0,0.0,0.028362089340581424
0.538116591928251,0.6096919609316291,0.0,0.012987012987012988,0.8333333333333334,0.22855116993618532
0.15022421524663676,0.5191585274229897,0.0125,0.025974025974025976,0.03333333333333333,0.08225005908768614
0.0,0.27197595792636875,0.0,0.0,0.0,0.005436067123611438
0.15919282511210758,0.4575507137490593,0.0,0.0,0.5666666666666667,0.2748759158591349
0.3161434977578475,0.5676183320811408,0.1375,0.012987012987012988,0.6,0.465610966674545
0.05605381165919282,0.5488354620586016,0.0,0.0,0.5666666666666667,0.14819191680453794
0.0,0.7903831705484592,0.0,0.0,0.0,0.021980619238950602
0.0,0.3974455296769328,0.0,0.0,0.9666666666666667,0.3609075868588986
0.11210762331838564,0.6604057099924852,0.0,0.0,0.0,0.043015835499881826
0.0,0.6525169045830186,0.0,0.0,0.03333333333333333,0.018908059560387616
0.12780269058295962,0.5075131480090143,0.0,0.0,0.03333333333333333,0.02528952966201843
0.05829596412556053,0.5709992486851974,0.0,0.0,0.0,0.021507917749940916
0.2443946188340807,0.5713749060856479,0.0,0.012987012987012988,0.03333333333333333,0.11817537225242261
0.23542600896860982,0.6085649887302758,0.0,0.012987012987012988,0.6,0.15339163318364452
0.0,0.5394440270473311,0.0,0.0,0.03333333333333333,0.009454029780193806
0.0,0.5078888054094648,0.0,0.0,0.0,0.00023635074450484468
0.2130044843049327,0.6299774605559705,0.0,0.0,0.0,0.03687071614275585
0.0,0.5195341848234403,0.0,0.0,0.6,0.1734814464665564
0.1547085201793722,0.6637866265965418,0.0,0.0,0.03333333333333333,0.021980619238950602
0.11210762331838564,0.7806160781367382,0.0125,0.0,0.0,0.209170408886788
0.36995515695067266,0.5969196093163021,0.0,0.012987012987012988,0.0,0.05554242495863863
0.5470852017937219,0.4988730277986466,0.0125,0.025974025974025976,0.0,0.07397778303001655
0.2959641255605381,0.5717505634861002,0.0,0.012987012987012988,0.6,0.1678090285984401
0.07623318385650224,0.48873027798647506,0.0,0.0,0.6,0.1564641928622075
0.0,0.32757325319308706,0.0,0.0,0.5666666666666667,0.16899078232096432
0.1053811659192825,0.7058602554470301,0.0,0.012987012987012988,0.0,0.02528952966201843
0.0,0.5807663410969184,0.0,0.0,0.03333333333333333,0.010872134247222878
0.0,0.6284748309541683,0.0,0.0,0.0,0.027180335618057196
0.09865470852017935,0.5612321562734781,0.0,0.0,0.0,0.03048924604112503
0.32735426008968604,0.5086401202103676,0.48750000000000004,0.0,0.5666666666666667,0.5974946821082487
0.0695067264573991,0.6859504132231393,0.0,0.0,0.6333333333333333,0.16402741668636256
0.11434977578475335,0.5811419984973689,0.0,0.0,0.0,0.030725596785629875
0.6569506726457398,0.4845980465815156,0.0,0.012987012987012988,0.6,0.2101158118648074
0.12107623318385649,0.6194590533433484,0.0,0.0,0.6,0.17489955093358545
0.25112107623318386,0.4830954169797135,0.0,0.012987012987012988,0.0,0.02056251477192153
0.0,0.5345604808414706,0.0,0.012987012987012988,0.6,0.15504608839517844
0.0695067264573991,0.6987227648384664,0.0,0.0,0.6,0.1574095958402269
0.0,0.5860255447032294,0.0,0.0,0.03333333333333333,0.024580477428503895
0.0,0.7479338842975203,0.0,0.0,0.0,0.024344126683999052
0.12780269058295962,0.3801652892561975,0.0,0.0,0.0,0.03852517135428977
0.226457399103139,0.6104432757325302,0.0,0.012987012987012988,0.03333333333333333,0.038288820609784925
0.05829596412556053,0.31480090157776,0.0,0.0,0.0,0.014890096903805246
0.2690582959641255,0.5627347858752803,0.0,0.025974025974025976,0.0,0.02741668636256204
0.10089686098654707,0.5616078136739286,0.0,0.012987012987012988,0.03333333333333333,0.016544552115339166
0.09192825112107623,0.4924868519909822,0.0,0.0,0.0,0.025525880406523274
0.42152466367713,0.4470323065364372,0.0125,0.012987012987012988,0.6,0.3393996691089577
0.11883408071748877,0.6141998497370391,0.0,0.012987012987012988,0.0,0.015126447648310089
0.14349775784753363,0.5709992486851974,0.0,0.012987012987012988,0.03333333333333333,0.01819900732687308
0.2780269058295964,0.6078136739293747,0.0,0.025974025974025976,0.0,0.019853462538406995
0.06502242152466367,0.7291510142749793,0.0,0.0,0.0,0.02765303710706689
0.051569506726457395,0.5935386927122455,0.0,0.0,0.03333333333333333,0.013235641692271332
0.2309417040358744,0.5736288504883529,0.0125,0.012987012987012988,0.0,0.04419758922240605
0.13004484304932734,0.6821938392186322,0.0125,0.0,0.6333333333333333,0.1812810210352163
0.10762331838565022,0.4665664913598775,0.0,0.0,0.0,0.07492318600803592
0.09192825112107623,0.6844477836213354,0.0,0.0,0.0,0.02647128338454266
0.0,0.47558226897069744,0.0,0.0,0.6,0.14511935712597496
0.09192825112107623,0.6115702479338836,0.0,0.0,0.0,0.2216969983455448
0.06502242152466367,0.5657400450788863,0.0,0.0,0.03333333333333333,0.024107775939494203
0.0,0.5112697220135214,0.0,0.0,0.0,0.03994327582131883
0.0,0.5078888054094648,0.0,0.0,0.0,0.0099267312692035
0.20179372197309414,0.38617580766340964,0.0,0.012987012987012988,0.6,0.25644055778775704
0.0,0.6889556724267454,0.0125,0.0,0.13333333333333333,0.14866461829354763
0.05605381165919282,0.7798647633358371,0.0,0.0,0.0,0.016071850626329473
0.14798206278026904,0.7002253944402685,0.0,0.012987012987012988,0.0,0.03167099976364925
0.15246636771300448,0.4725770097670914,0.0,0.012987012987012988,0.03333333333333333,0.010163082013708342
0.10762331838565022,0.6363636363636349,0.0,0.0,0.6333333333333333,0.16355471519735287
0.07847533632286996,0.8001502629601784,0.0,0.012987012987012988,0.0,0.029307492318600803
0.0,0.418482344102177,0.0,0.0,0.0,0.003072559678562986
0.2600896860986547,0.53418482344102,0.0,0.025974025974025976,0.0,0.02623493264003781
0.13004484304932734,0.7993989481592774,0.0,0.0,0.0,0.03025289529662018
0.0,0.4973703981968427,0.0,0.0,0.6,0.13424722287875207
0.2600896860986547,0.6637866265965418,0.0,0.0,0.03333333333333333,0.02481682817300874
0.27354260089686094,0.8072877535687439,0.0,0.012987012987012988,0.03333333333333333,0.04325218624438667
0.0,0.40420736288504777,0.0,0.0,0.0,0.021035216260931223
0.10762331838565022,0.45942900075131377,0.0,0.0,0.0,0.01229023871425195
0.21748878923766815,0.5942900075131465,0.0,0.012987012987012988,0.6333333333333333,0.15551878988418813
0.11659192825112107,0.27122464312546946,0.0,0.03896103896103896,0.5333333333333333,0.2138974237768849
0.09192825112107623,0.6326070623591278,0.0,0.0,0.6333333333333333,0.19900732687307965
0.0,0.548459804658151,0.0,0.0,0.03333333333333333,0.008272276057669581
0.06726457399103138,0.4767092411720508,0.0,0.0,0.6,0.18435358071377925
0.26681614349775784,0.38993238166791855,0.4625,0.4155844155844156,0.6,0.6584731741904988
0.2623318385650224,0.4729526671675419,0.0,0.37662337662337664,0.5666666666666667,0.4649019144410304
0.27354260089686094,0.6074380165289242,0.0,0.012987012987012988,0.0,0.03970692507681399
0.2130044843049327,0.6592787377911336,0.0125,0.0,0.6,0.2448593713070196
0.12780269058295962,0.6769346356123194,0.0,0.0,0.0,0.034034507208697704
0.46412556053811654,0.44628099173553615,0.0,0.012987012987012988,0.9333333333333333,0.2297329236587095
0.25784753363228696,0.6078136739293747,0.0,0.0,0.0,0.03734341763176554
0.28699551569506726,0.47220135236664085,0.0125,0.0,0.0,0.22146064760103995
0.3878923766816143,0.5277986476333574,0.0,0.012987012987012988,0.0,0.038997872843299454
0.25560538116591924,0.5206611570247919,0.0,0.0,0.0,0.02505317891751359
0.06278026905829596,0.3809166040570986,0.0,0.0,0.0,0.20846135665327348
0.23766816143497754,0.3230653643876771,0.0,0.012987012987012988,0.5666666666666667,0.15575514062869297
0.13452914798206275,0.5330578512396684,0.0,0.0,0.0,0.02788938785157173
0.14573991031390135,0.6356123215627338,0.0,0.012987012987012988,0.0,0.022216969983455445
0.20627802690582958,0.4320060105184069,0.1375,0.0,0.6,0.22216969983455448
0.18385650224215247,0.4222389181066859,0.0,0.012987012987012988,0.5666666666666667,0.18624438666981802
0.17937219730941703,0.5300525920360624,0.0,0.012987012987012988,0.6,0.17939021507917752
0.05605381165919282,0.6145755071374897,0.0,0.012987012987012988,0.6333333333333333,0.17891751359016783
0.2600896860986547,0.6157024793388413,0.0,0.012987012987012988,0.0,0.12266603639801468
0.0,0.5788880540946639,0.0,0.0,0.03333333333333333,0.00047270148900968936
0.1928251121076233,0.26408715251690396,0.0,0.0,0.0,0.02481682817300874
0.060538116591928245,0.5890308039068355,0.0,0.0,0.0,0.08035925313164737
0.05605381165919282,0.48534936138241846,0.0,0.0,0.6,0.178681162845663
0.13228699551569506,0.596168294515401,0.0,0.0,0.0,0.021035216260931223
0.2130044843049327,0.5950413223140494,0.0,0.012987012987012988,0.03333333333333333,0.03521626093122193
0.12331838565022421,0.5191585274229897,0.0,0.0,0.03333333333333333,0.034507208697707396
0.051569506726457395,0.5762584522915084,0.0,0.0,0.0,0.016544552115339166
0.11659192825112107,0.4094665664913588,0.0,0.0,0.5666666666666667,0.3082013708343181
0.10986547085201794,0.5199098422238908,0.0,0.0,0.0,0.027180335618057196
0.5560538116591928,0.41134485349361327,0.0,0.012987012987012988,0.5666666666666667,0.48971874261403925
0.051569506726457395,0.6754320060105172,0.0,0.0,0.6,0.30111084849917275
0.20627802690582958,0.62960180315552,0.0,0.0,0.03333333333333333,0.03639801465374616
0.07623318385650224,0.5563486100676176,0.0,0.0,0.6,0.17584495391160485
0.06502242152466367,0.4939894815927861,0.0,0.0,0.6333333333333333,0.22736941621366105
0.08520179372197309,0.6096919609316291,0.0,0.0,0.03333333333333333,0.022453320727960295
0.0695067264573991,0.46994740796393586,0.0125,0.0,0.6,0.3197825573150555
0.0,0.47933884297520457,0.08750000000000001,0.0,0.6,0.18104467029071145
0.3654708520179372,0.6329827197595783,0.0,0.0,0.4,0.10399432758213188
0.3340807174887892,0.4984973703981961,0.0,0.012987012987012988,0.0,0.027180335618057196
0.0,0.45341848234410165,0.0,0.0,0.0,0.00874497754667927
0.20179372197309414,0.5503380916604037,0.0,0.012987012987012988,0.03333333333333333,0.03261640274166863
0.1973094170403587,0.6172051089406452,0.0,0.012987012987012988,0.6333333333333333,0.2354053415268258
0.09417040358744394,0.6258452291510128,0.0,0.0,0.0,0.021507917749940916
0.1053811659192825,0.3647633358377149,0.0,0.0,0.5666666666666667,0.14181044670290713
0.2533632286995516,0.4477836213373383,0.0,0.0,0.6,0.2741668636256204
0.06278026905829596,0.8395942900075113,0.0,0.0,0.6333333333333333,0.15599149137319782
0.2690582959641255,0.4500375657400433,0.0,0.012987012987012988,0.03333333333333333,0.10092176790356891
0.0,0.5176558978211858,0.0,0.0,0.0,0.020089813282911838
0.0,0.3163035311795621,0.0,0.0,0.0,0.0056724178681162845
0.43946188340807174,0.4481592787377888,0.0,0.0,0.03333333333333333,0.20586149846372018
0.0695067264573991,0.533433508640119,0.0,0.0,0.5666666666666667,0.15150082722760577
0.07174887892376682,0.5935386927122455,0.0,0.0,0.6333333333333333,0.15764594658473174
0.0,0.5011269722013516,0.0,0.0,0.03333333333333333,0.008981328291184117
0.21748878923766815,0.32494365138992976,0.0,0.012987012987012988,0.5666666666666667,0.34885369888915146
0.3632286995515695,0.5120210368144242,0.0,0.025974025974025976,0.5666666666666667,0.2150791774994091
0.1412556053811659,0.6359879789631844,0.0,0.0,0.03333333333333333,0.038052469865280075
0.2982062780269058,0.38241923365890074,0.0,0.0,0.0,0.24344126683999054
0.13228699551569506,0.6213373403456028,0.0,0.0,0.03333333333333333,0.03214370125265894
0.06502242152466367,0.5165289256198342,0.025,0.0,0.6,0.15953675254077052
0.0,0.5601051840721247,0.0,0.0,0.0,0.00874497754667927
0.0874439461883408,0.7178812922614561,0.0,0.012987012987012988,0.03333333333333333,0.028598440085086267
0.06278026905829596,0.5924117205108921,0.0,0.0,0.0,0.04088867879933821
0.0,0.6461307287753559,0.0,0.0,0.0,0.01914441030489246
0.09417040358744394,0.6194590533433484,0.0,0.025974025974025976,0.0,0.047506499645473876
0.09417040358744394,0.5161532682193819,0.0,0.4415584415584416,0.0,0.24864098321909714
0.3004484304932735,0.601427498121712,0.0,0.0,0.6,0.19002599858189553
0.25112107623318386,0.4984973703981961,0.0,0.0,0.6,0.20822500590876863
0.07174887892376682,0.6450037565740026,0.0,0.0,0.0,0.018671708815882766
0.0,0.6855747558226888,0.0,0.0,0.0,0.016544552115339166
0.11883408071748877,0.7441773102930114,0.0,0.0,0.0,0.1212479319309856
0.07399103139013452,0.481217129977459,0.0,0.025974025974025976,0.0,0.15622784211770266
0.0874439461883408,0.49436513899323664,0.0,0.0,0.0,0.1772630583786339
0.2130044843049327,0.46619083395942873,0.0,0.0,0.0,0.0444339399669109
0.09417040358744394,0.5056348610067598,0.0,0.0,0.5666666666666667,0.13779248404632474
0.07623318385650224,0.6570247933884286,0.0,0.0,0.6,0.15126447648310093
0.1614349775784753,0.6476333583771581,0.0,0.0,0.03333333333333333,0.041597731032852754
0.0,0.6851990984222365,0.0,0.0,0.0,0.032852753486173475
0.06726457399103138,0.5105184072126221,0.0,0.0,0.0,0.12101158118648075
0.06278026905829596,0.5518407212622076,0.025,0.0,0.6,0.21460647601039942
0.10089686098654707,0.6096919609316291,0.0,0.025974025974025976,0.6,0.17229969274403215
0.0,0.6731780616078122,0.0,0.0,0.6333333333333333,0.15008272276057671
0.49551569506726456,0.5105184072126221,0.0,0.012987012987012988,0.6,0.23162372961474828
0.15695067264573992,0.5353117956423734,0.0,0.0,0.5666666666666667,0.1992436776175845
0.0,0.5056348610067598,0.0,0.0,0.03333333333333333,0.0073268730796502025
0.3430493273542601,0.28174305033809155,0.0,0.012987012987012988,0.0,0.03427085795320255
0.10313901345291479,0.6705484598046567,0.0,0.0,0.6,0.19853462538406996
0.1928251121076233,0.49098422238918005,0.0,0.025974025974025976,0.6,0.21460647601039942
0.2645739910313901,0.6326070623591278,0.0,0.0,0.0,0.031907350508154096
0.0,0.38166791885799967,0.0,0.0,0.0,0.01678090285984401
0.36771300448430494,0.5728775356874518,0.0,0.012987012987012988,0.6333333333333333,0.17017253604348856
0.0,0.6938392186326059,0.0,0.0,0.0,0.022216969983455445
0.35874439461883406,0.49436513899323664,0.0,0.025974025974025976,0.6,0.3691798629165682
0.16591928251121074,0.47558226897069744,0.0,0.0,0.03333333333333333,0.011344835736232567
0.07623318385650224,0.5555972952667148,0.0,0.012987012987012988,0.0,0.016308201370834316
0.0,0.584147257700975,0.0,0.0,0.0,0.09123138737887025
0.0,0.540946656649135,0.0,0.0,0.0,0.27227605766958163
0.16367713004484302,0.4398948159278717,0.0,0.0,0.43333333333333335,0.1212479319309856
0.14349775784753363,0.5593538692712237,0.0,0.0,0.03333333333333333,0.021271567005436066
0.07174887892376682,0.6457550713749054,0.0,0.0,0.0,0.03497991018671709
0.30493273542600896,0.5473328324567976,0.0,0.012987012987012988,0.03333333333333333,0.021035216260931223
0.0,0.43350864012020907,0.0,0.0,0.0,0.003072559678562986
0.0,0.6667918858001496,0.0,0.0,0.0,0.05719688017017254
0.41031390134529144,0.4267468069120941,0.0,0.025974025974025976,0.6,0.22004254313401087
0.09417040358744394,0.9342599549211119,0.0,0.0,0.0,0.024580477428503895
0.11210762331838564,0.5567242674680681,0.0,0.0,0.6,0.16095485700779957
0.12780269058295962,0.5075131480090143,0.0125,0.025974025974025976,0.6,0.3077286693453084
0.0,0.6634109691960912,0.0,0.0,0.0,0.007563223824155045
0.060538116591928245,0.6769346356123194,0.0,0.0,0.0,0.05601512644764831
0.0874439461883408,0.6262208865514634,0.0125,0.0,0.6,0.1756086031671
0.0,0.11344853493613627,0.0,0.0,0.5333333333333333,0.11959347671945167
0.11434977578475335,0.5740045078888052,0.0,0.0,0.0,0.04325218624438667
0.12331838565022421,0.6239669421487584,0.0,0.0,0.6,0.2498227369416214
0.08520179372197309,0.5912847483095405,0.0,0.012987012987012988,0.6,0.15433703616166392
0.05381165919282511,0.373027798647632,0.0,0.0,0.0,0.024107775939494203
0.3497757847533632,0.473703981968443,0.0,0.025974025974025976,0.6,0.3020562514771921
0.0,0.6003005259203587,0.0125,0.0,0.6,0.15410068541715907
0.07847533632286996,0.6284748309541683,0.0,0.025974025974025976,0.0,0.051288111557551405
0.210762331838565,0.373027798647632,0.0,0.025974025974025976,0.0,0.020798865516426374
0.28699551569506726,0.7381667918857975,0.0,0.0,0.03333333333333333,0.04112502954384306
0.05605381165919282,0.4507888805409461,0.0,0.0,0.0,0.31836445284802645
0.12331838565022421,0.5432006010518382,0.0,0.0,0.6333333333333333,0.2545497518317183
0.0,0.5657400450788863,0.0,0.0,0.0,0.050342708579532026
0.21748878923766815,0.42036063110443145,0.0,0.012987012987012988,0.0,0.1035216260931222
0.15919282511210758,0.6235912847483078,0.0,0.0,0.0,0.040179626565823676
0.09417040358744394,0.4609316303531159,0.0125,0.48051948051948057,0.03333333333333333,0.3249822736941621
0.07174887892376682,0.5199098422238908,0.0,0.0,0.0,0.016308201370834316
0.0,0.3670172802404199,0.0,0.0,0.5666666666666667,0.4247222878752068
0.32735426008968604,0.5901577761081871,0.0,0.012987012987012988,0.03333333333333333,0.11533916331836447
0.49551569506726456,0.48760330578512345,0.1625,0.0,0.6,0.24887733396360204
0.22421524663677128,0.6803155522163777,0.0,0.025974025974025976,0.0,0.03616166390924131
0.17264573991031387,0.48497370398196793,0.0,0.012987012987012988,0.03333333333333333,0.020326164027416688
0.12331838565022421,0.3211870773854226,0.0,0.0,0.0,0.016544552115339166
0.41255605381165916,0.6634109691960912,0.0,0.025974025974025976,0.0,0.06570550697234696
0.21748878923766815,0.4537941397445522,0.0,0.012987012987012988,0.6,0.17017253604348856
0.11883408071748877,0.6457550713749054,0.0,0.0,0.03333333333333333,0.015599149137319782
0.5269058295964125,0.5848985725018778,0.0,0.025974025974025976,0.0,0.116048215551879
0.20627802690582958,0.45905334335086323,0.0,0.012987012987012988,0.0,0.025998581895532967
0.051569506726457395,0.5338091660405695,0.0,0.0,0.03333333333333333,0.19120775230441975
0.18834080717488788,0.44891059353869167,0.0,0.012987012987012988,0.0,0.03238005199716379
0.3878923766816143,0.22389181066866826,0.0,0.4415584415584416,0.0,0.3341999527298511
0.06726457399103138,0.471450037565738,0.0,0.0,0.2,0.07846844717560861
0.12331838565022421,0.32494365138992976,0.0,0.0,0.0,0.04703379815646419
0.2443946188340807,0.7802404207362876,0.0,0.0,0.03333333333333333,0.045379342944930276
0.13677130044843047,0.35574755822689674,0.0,0.0,0.6,0.20042543134010873
0.051569506726457395,0.37227648384673095,0.0,0.0,0.5666666666666667,0.189316946348381
0.34080717488789236,0.42599549211119303,0.0,0.5064935064935066,0.0,0.406050579059324
0.0,0.5830202854996234,0.0,0.0,0.0,0.009217679035688963
0.06278026905829596,0.4571750563486088,0.0,0.025974025974025976,0.6,0.1489009690380525
0.09641255605381165,0.4199849737039809,0.0,0.0,0.6,0.14653746159300404
0.25784753363228696,0.5071374906085637,0.0,0.012987012987012988,0.03333333333333333,0.02907114157409596
0.3363228699551569,0.5236664162283979,0.0,0.012987012987012988,0.9,0.2746395651146301
0.2219730941704036,0.596168294515401,0.0,0.0,0.03333333333333333,0.040179626565823676
0.11434977578475335,0.3572501878286989,0.0,0.4675324675324676,0.5666666666666667,0.4490664145592059
0.0,0.6111945905334313,0.0,0.0,0.0,0.01678090285984401
0.2780269058295964,0.6919609316303514,0.0,0.012987012987012988,0.0,0.038997872843299454
0.18834080717488788,0.27310293012772213,0.0,0.0,0.03333333333333333,0.21437012526589458
0.27578475336322866,0.5007513148008993,0.0,0.012987012987012988,0.0,0.028598440085086267
0.2085201793721973,0.7223891810668661,0.0,0.025974025974025976,0.03333333333333333,0.03757976837627038
0.25560538116591924,0.6532682193839197,0.0,0.012987012987012988,0.0,0.036634365398251004
0.21973094170403587,0.25432006010518293,0.0,0.0,0.5666666666666667,0.13921058851335383
0.16367713004484302,0.5353117956423734,0.0,0.0,0.0,0.034507208697707396
0.3789237668161435,0.3797896318557452,0.0,0.012987012987012988,0.5666666666666667,0.1997163791065942
0.0,0.829827197595792,0.0,0.0,0.0,0.0690144173954148
0.12107623318385649,0.5285499624342584,0.0,0.025974025974025976,0.0,0.019380761049397302
0.37668161434977576,0.483471074380164,0.0,0.0,0.0,0.2134247222878752
0.0,0.5950413223140494,0.0,0.0,0.6,0.1574095958402269
0.0,0.7325319308790377,0.0,0.0,0.0,0.015126447648310089
0.25784753363228696,0.26972201352366554,0.0,0.0,0.5666666666666667,0.3072559678562987
0.13004484304932734,0.6908339594289998,0.0125,0.0,0.6,0.1751359016780903
0.0,0.41322314049586595,0.0,0.0,0.6,0.17442684944457576
0.226457399103139,0.4094665664913588,0.0,0.0,0.0,0.03687071614275585
0.0874439461883408,0.6979714500375636,0.0,0.0,0.0,0.12384779012053887
0.2780269058295964,0.6168294515401946,0.0,0.0,0.03333333333333333,0.02741668636256204
0.16367713004484302,0.49812171299774555,0.0,0.0,0.6,0.2467501772630584
0.25112107623318386,0.6187077385424491,0.0,0.012987012987012988,0.03333333333333333,0.0392342235878043
0.08968609865470852,0.2926371149511642,0.45,0.48051948051948057,0.5333333333333333,0.670290711415741
0.0,0.5371900826446261,0.0,0.0,0.0,0.09595840226896715
0.13228699551569506,0.5732531930879023,0.0,0.0,0.0,0.03734341763176554
0.17264573991031387,0.5026296018031537,0.0,0.0,0.6666666666666666,0.3783975419522571
0.0,0.7122464312546946,0.0,0.0,0.0,0.034507208697707396
0.0,0.6367392937640854,0.0,0.0,0.03333333333333333,0.007799574568659888
0.15246636771300448,0.21111945905334295,0.0,0.0,0.6,0.28125738596076577
0.0,0.5447032306536421,0.0,0.0,0.0,0.053651619002599855
0.0,0.30578512396694,0.0,0.0,0.0,0.0033089104230678307
0.195067264573991,0.4797145003756551,0.0,0.025974025974025976,0.6,0.17962656582368236
0.10986547085201794,0.7411720510894053,0.0,0.0,0.03333333333333333,0.032852753486173475
0.3811659192825112,0.5781367392937629,0.47500000000000003,0.012987012987012988,0.6,0.45284802647128336
0.23991031390134526,0.475957926371148,0.0,0.0,0.0,0.030961947530134717
0.0695067264573991,0.6010518407212615,0.0,0.0,0.3,0.10990309619475302
0.06726457399103138,0.4635612321562732,0.0,0.0,0.6,0.16024580477428504
0.13452914798206275,0.5972952667167526,0.0,0.012987012987012988,0.03333333333333333,0.05554242495863863
0.08968609865470852,0.5860255447032294,0.0,0.0,0.03333333333333333,0.028362089340581424
0.19955156950672642,0.5435762584522905,0.0,0.025974025974025976,0.03333333333333333,0.04088867879933821
0.29372197309417036,0.3456048084147252,0.0,0.0,0.0,0.0392342235878043
0.22421524663677128,0.4643125469571743,0.0,0.012987012987012988,0.5666666666666667,0.17442684944457576
0.0,0.5762584522915084,0.0,0.0,0.03333333333333333,0.018908059560387616
0.12331838565022421,0.5525920360631087,0.0,0.025974025974025976,0.0,0.021271567005436066
0.12556053811659193,0.44064613072877457,0.0,0.48051948051948057,0.03333333333333333,0.3254549751831718
0.2645739910313901,0.6138241923365886,0.0,0.025974025974025976,0.03333333333333333,0.03474355944221224
0.5201793721973094,0.5285499624342584,0.0,0.012987012987012988,0.03333333333333333,0.13164736468919877
0.13452914798206275,0.6476333583771581,0.0,0.0,0.03333333333333333,0.03852517135428977
0.210762331838565,0.5604808414725753,0.0,0.012987012987012988,0.03333333333333333,0.03025289529662018
0.0,0.4984973703981961,0.0,0.0,0.0,0.009217679035688963
0.0,0.6299774605559705,0.0,0.0,0.03333333333333333,0.00638147010163082
0.210762331838565,0.5390683696468805,0.0,0.0,0.6,0.21035216260931225
0.18609865470852016,0.6329827197595783,0.0,0.025974025974025976,0.0,0.062160245804774285
0.08968609865470852,0.6356123215627338,0.0,0.0,0.6333333333333333,0.14842826754904279
0.3430493273542601,0.6378662659654388,0.0,0.025974025974025976,0.03333333333333333,0.0820137083431813
0.0,0.599173553719007,0.0,0.0,0.0,0.017017253604348852
0.07399103139013452,0.4984973703981961,0.0,0.0,0.5666666666666667,0.14251949893642166
0.0,0.5277986476333574,0.0,0.0,0.6,0.2138974237768849
0.1973094170403587,0.5259203606311029,0.0,0.0,0.36666666666666664,0.18293547624675016
0.4147982062780269,0.3951915852742278,0.0,0.0,0.5666666666666667,0.2105885133538171
0.09417040358744394,0.5679939894815913,0.0,0.0,0.0,0.02883479082959111
0.3609865470852018,0.39293764087152283,0.0,0.0,0.9333333333333333,0.23351453557078702
0.0,0.5323065364387656,0.0,0.48051948051948057,0.6333333333333333,0.5244623020562516
0.21973094170403587,0.3865514650638602,0.0,0.0,0.6,0.16119120775230442
0.0,0.5199098422238908,0.0,0.0,0.0,0.059560387615220985
0.28699551569506726,0.6660405709992467,0.0,0.012987012987012988,0.0,0.0418340817773576
0.07847533632286996,0.5619834710743792,0.0,0.0,0.6,0.1642637674308674
0.07174887892376682,0.257325319308789,0.0,0.0,0.5666666666666667,0.13377452138974238
0.16591928251121074,0.6435011269722004,0.0,0.0,0.0,0.019853462538406995
0.0,0.706611570247933,0.0,0.0,0.0,0.015126447648310089
0.1905829596412556,0.49924868519909715,0.0,0.0,0.6,0.16875443157645947
0.0,0.6637866265965418,0.0,0.0,0.0,0.02907114157409596
0.2219730941704036,0.637114951164536,0.0,0.025974025974025976,0.0,0.036634365398251004
0.09865470852017935,0.6198347107438007,0.0,0.012987012987012988,0.6,0.1730087449775467
0.15919282511210758,0.7787377911344837,0.0,0.0,0.0,0.03947057433230914
0.24215246636771298,0.5638617580766336,0.0,0.0,0.03333333333333333,0.076341290475065
0.2443946188340807,0.714124718256949,0.0,0.012987012987012988,0.03333333333333333,0.03261640274166863
0.2690582959641255,0.5030052592036043,0.0,0.012987012987012988,0.03333333333333333,0.04230678326636729
0.13004484304932734,0.4917355371900811,0.0,0.0,0.0,0.019380761049397302
0.16816143497757846,0.30879038317054786,0.0,0.025974025974025976,0.5666666666666667,0.29662018435358073
0.13228699551569506,0.7190082644628077,0.0,0.012987012987012988,0.6333333333333333,0.1574095958402269
0.20403587443946186,0.7156273478587512,0.0,0.012987012987012988,0.0,0.03616166390924131
0.0,0.4008264462809912,0.0125,0.0,0.03333333333333333,0.0491609548570078
0.1614349775784753,0.6788129226145738,0.0,0.012987012987012988,0.0,0.04254313401087213
0.05605381165919282,0.3842975206611552,0.0,0.0,0.5666666666666667,0.2294965729142047
0.10313901345291479,0.34635612321562625,0.0,0.0,0.0,0.028125738596076574
0.060538116591928245,0.5473328324567976,0.0,0.0,0.0,0.032852753486173475
0.3004484304932735,0.5942900075131465,0.0,0.0,0.6,0.18009926731269205
0.0,0.6190833959428979,0.0,0.0,0.0,0.0569605294256677
0.2219730941704036,0.8580015026296017,0.0,0.0,0.0,0.05459702198061924
0.12107623318385649,0.8486100676183312,0.0,0.0,0.03333333333333333,0.029543843063105646
0.07399103139013452,0.6908339594289998,0.0,0.0,0.6333333333333333,0.15173717797211064
0.0,0.6574004507888791,0.0,0.0,0.03333333333333333,0.010163082013708342
0.06502242152466367,0.03681442524417555,0.0,0.0,0.5666666666666667,0.12881115575514063
0.23991031390134526,0.5360631104432745,0.0,0.0,0.0,0.02056251477192153
0.05381165919282511,0.6134485349361363,0.0,0.0,0.03333333333333333,0.013471992436776175
0.2286995515695067,0.7836213373403442,0.0,0.025974025974025976,0.0,0.03521626093122193
0.25560538116591924,0.7299023290758804,0.0,0.0,0.6333333333333333,0.22004254313401087
0.0,0.5766341096919589,0.0,0.012987012987012988,0.0,0.02174426849444576
0.10762331838565022,0.6427498121712976,0.0,0.012987012987012988,0.03333333333333333,0.028362089340581424
0.0,0.6570247933884286,0.0,0.0,0.03333333333333333,0.02174426849444576
0.0,0.5071374906085637,0.0,0.0,0.6,0.2495863861971165
0.2623318385650224,0.6025544703230636,0.0,0.0,0.4,0.2039706925076814
0.13677130044843047,0.8696468820435737,0.0,0.0,0.03333333333333333,0.034507208697707396
0.0,0.5108940646130709,0.0,0.0,0.03333333333333333,0.007799574568659888
0.20179372197309414,0.53418482344102,0.0,0.025974025974025976,0.03333333333333333,0.0418340817773576
0.15695067264573992,0.5293012772351613,0.0,0.012987012987012988,0.0,0.0099267312692035
0.05829596412556053,0.6994740796393675,0.0,0.0,0.0,0.1437012526589459
0.226457399103139,0.28737791134485136,0.47500000000000003,0.0,0.5666666666666667,0.6804537934294493
0.18385650224215247,0.48647633358377007,0.0,0.0,0.0,0.10092176790356891
0.20627802690582958,0.7347858752817427,0.0,0.0,0.6333333333333333,0.1746632001890806
0.11883408071748877,0.6025544703230636,0.0,0.0,0.0,0.01819900732687308
0.21748878923766815,0.358752817430501,0.0,0.0,0.5666666666666667,0.40888678799338213
0.0,0.6254695717505623,0.0,0.0,0.6,0.1453557078704798
0.0,0.44891059353869167,0.0,0.0,0.03333333333333333,0.008035925313164735
0.0,0.428249436513898,0.0,0.0,0.6,0.13637437957929568
0.23542600896860982,0.5548459804658137,0.0,0.012987012987012988,0.03333333333333333,0.024107775939494203
0.0,0.4477836213373383,0.0125,0.0,0.0,0.21271567005436068
0.0,0.5612321562734781,0.0,0.0,0.6,0.14984637201607187
0.06278026905829596,0.41585274229902147,0.0,0.0,0.5666666666666667,0.5355707870479793
0.07399103139013452,0.6408715251690449,0.0,0.0,0.0,0.03876152209879461
0.17040358744394618,0.5349361382419211,0.0,0.0,0.03333333333333333,0.011817537225242257
0.5605381165919282,0.5401953418482339,0.0,0.012987012987012988,0.4,0.11321200661782085
0.05381165919282511,0.23591284748309427,0.0,0.0,0.5666666666666667,0.13424722287875207
0.07174887892376682,0.6889556724267454,0.0,0.0,0.03333333333333333,0.03332545497518317
0.0,0.5293012772351613,0.0,0.0,0.0,0.30631056487827935
0.2982062780269058,0.6141998497370391,0.0,0.012987012987012988,0.03333333333333333,0.029780193807610496
0.09192825112107623,0.2764838467317787,0.0,0.0,0.6,0.14251949893642166
0.2443946188340807,0.533433508640119,0.0,0.0,0.03333333333333333,0.16639092413141102
0.10762331838565022,0.6480090157776104,0.0,0.0,0.6333333333333333,0.2049160954857008
0.09865470852017935,0.6743050338091638,0.0,0.0,0.0,0.16331836445284803
0.226457399103139,0.47445529676934584,0.0,0.0,0.6333333333333333,0.16615457338690617
0.3497757847533632,0.6205860255447018,0.0,0.012987012987012988,0.6,0.302292602221697
0.2982062780269058,0.6292261457550712,0.0,0.012987012987012988,0.0,0.036634365398251004
0.06726457399103138,0.6344853493613805,0.0,0.0,0.6333333333333333,0.18435358071377925
0.08071748878923765,0.7385424492862498,0.0,0.0,0.0,0.025998581895532967
0.09641255605381165,0.5721262208865507,0.0,0.0,0.6333333333333333,0.1574095958402269
0.0,0.5920360631104415,0.0,0.0,0.6,0.14441030489246043
0.0,0.649135987978962,0.0,0.0,0.6333333333333333,0.27369416213661074
0.25560538116591924,0.5837716003005244,0.0,0.012987012987012988,0.0,0.21531552824391398
0.3318385650224215,0.5935386927122455,0.0,0.025974025974025976,0.0,0.08035925313164737
0.195067264573991,0.6217129977460534,0.0,0.0,0.6,0.36043488536988894
0.226457399103139,0.3797896318557452,0.0,0.025974025974025976,0.0,0.02292602221696998
0.2309417040358744,0.6085649887302758,0.0,0.0,0.6,0.17064523753249825
0.13452914798206275,0.5612321562734781,0.0,0.2077922077922078,0.03333333333333333,0.16379106594185772
0.0874439461883408,0.35123966942148677,0.0,0.025974025974025976,0.6,0.19026234932640038
0.0695067264573991,0.41885800150262753,0.0,0.0,0.0,0.05270621602458048
0.14798206278026904,0.5330578512396684,0.0,0.0,0.03333333333333333,0.02316237296147483
0.1748878923766816,0.6235912847483078,0.0,0.012987012987012988,0.0,0.02788938785157173
0.08071748878923765,0.6536438767843702,0.0125,0.012987012987012988,0.6,0.16922713306546916
0.1053811659192825,0.24004507888805193,0.0,0.0,0.5666666666666667,0.1323564169227133
0.0,0.47896318557475404,0.47500000000000003,0.0,0.6,0.5967856298747342
0.3228699551569506,0.2501878287002235,0.0,0.49350649350649356,0.5666666666666667,0.6064760103994328
0.0,0.36889556724267436,0.0,0.0,0.5666666666666667,0.3089104230678327
0.12331838565022421,0.6972201352366625,0.0,0.0,0.03333333333333333,0.05506972346962893
0.1390134529147982,0.6435011269722004,0.0,0.0,0.0,0.06074214133774521
0.06278026905829596,0.29000751314800866,0.0,0.0,0.0,0.34247222878752065
0.41031390134529144,0.4398948159278717,0.0,0.025974025974025976,0.0,0.40794138501536276
0.226457399103139,0.634861006761831,0.0,0.0,0.0,0.03687071614275585
0.1928251121076233,0.39068369646881784,0.0,0.4025974025974026,0.6,0.5027180335618058
0.09641255605381165,0.5935386927122455,0.0,0.0,0.03333333333333333,0.03852517135428977
0.14349775784753363,0.5187828700225392,0.0,0.0,0.6333333333333333,0.1552824391396833
0.0,0.34297520661156966,0.0,0.0,0.0,0.010872134247222878
0.0,0.5338091660405695,0.0,0.0,0.0,0.006145119357125976
0.0,0.5552216378662642,0.0,0.0,0.0,0.017017253604348852
0.0,0.5353117956423734,0.0,0.0,0.03333333333333333,0.03757976837627038
0.12556053811659193,0.6337340345604794,0.0,0.0,0.03333333333333333,0.007799574568659888
0.0,0.365514650638616,0.0,0.0,0.0,0.03781611912077523
0.2309417040358744,0.546205860255446,0.0,0.012987012987012988,0.0,0.046324745922949655
0.0,0.40871525169045775,0.0,0.0,0.0,0.09075868588986055
0.17264573991031387,0.33771600300525684,0.0,0.0,0.5666666666666667,0.2212242968565351
0.12331838565022421,0.4688204357625825,0.0,0.012987012987012988,0.03333333333333333,0.0172536043488537
0.11434977578475335,0.5882794891059344,0.0125,0.0,0.6,0.16473646891987712
0.0695067264573991,0.6716754320060101,0.0,0.0,0.0,0.03167099976364925
0.07399103139013452,0.40758827948910437,0.4625,0.0,0.5666666666666667,0.4039234223587804
0.27354260089686094,0.808039068369645,0.0,0.0,0.0,0.03497991018671709
0.05605381165919282,0.5770097670924095,0.0,0.0,0.0,0.04112502954384306
0.2780269058295964,0.8756574004507875,0.0,0.0,0.03333333333333333,0.09288584259040417
0.13677130044843047,0.6382419233658894,0.41250000000000003,0.012987012987012988,0.6333333333333333,0.42637674308674073
0.16591928251121074,0.5638617580766336,0.0125,0.0,0.0,0.15150082722760577
0.05829596412556053,0.5247933884297513,0.0125,0.0,0.6333333333333333,0.25762231151028125
0.0,0.5469571750563471,0.0,0.0,0.0,0.018435358071377923
0.08968609865470852,0.45905334335086323,0.0,0.012987012987012988,0.6,0.4301583549988182
0.09192825112107623,0.5127723516153253,0.0,0.012987012987012988,0.03333333333333333,0.018435358071377923
0.21973094170403587,0.6765589782118688,0.0125,0.012987012987012988,0.6333333333333333,0.21200661782084615
0.0,0.497746055597295,0.0125,0.0,0.0,0.030961947530134717
0.11883408071748877,0.5954169797144999,0.0,0.0,0.0,0.20846135665327348
0.0,0.652141247182568,0.0,0.0,0.0,0.25644055778775704
0.06278026905829596,0.641622839969946,0.0,0.0,0.6,0.2101158118648074
0.13452914798206275,0.6878287002253938,0.0,0.012987012987012988,0.03333333333333333,0.03497991018671709
0.31390134529147984,0.43463561232156067,0.025,0.025974025974025976,0.6,0.29638383360907583
0.2533632286995516,0.6220886551465057,0.0,0.03896103896103896,0.03333333333333333,0.07468683526353108
0.20627802690582958,0.5976709241172031,0.0,0.012987012987012988,0.03333333333333333,0.025525880406523274
0.1748878923766816,0.5653643876784358,0.0,0.025974025974025976,0.03333333333333333,0.03734341763176554
0.2645739910313901,0.6795642374154767,0.0,0.0,0.0,0.02765303710706689
0.09865470852017935,0.34861006761833124,0.0,0.0,0.0,0.04821555187898842
0.051569506726457395,0.7629601803155506,0.0,0.0,0.0,0.05081541006854171
0.20179372197309414,0.6318557475582249,0.0125,0.025974025974025976,0.7,0.20089813282911842
0.25112107623318386,0.8268219383921842,0.025,0.012987012987012988,0.6333333333333333,0.19333490900496336
0.08071748878923765,0.6190833959428979,0.0,0.025974025974025976,0.0,0.02623493264003781
0.15246636771300448,0.38542449286250857,0.0,0.3116883116883117,0.5666666666666667,0.3772157882297329
0.5246636771300448,0.48760330578512345,0.1125,0.0,0.6,0.264003781611912
0.25784753363228696,0.4244928625093891,0.0,0.012987012987012988,0.0,0.04963365634601749
0.195067264573991,0.6949661908339593,0.0,0.0,0.0,0.1734814464665564
0.6457399103139012,0.4361382419233646,0.35000000000000003,0.0,0.03333333333333333,0.4476483100921768
0.15022421524663676,0.7546957175056335,0.0,0.012987012987012988,0.0,0.03427085795320255
0.35650224215246634,0.442524417731029,0.0,0.025974025974025976,0.0,0.037107066887260697
0.14573991031390135,0.9297520661157019,0.0,0.012987012987012988,0.03333333333333333,0.029543843063105646
0.0695067264573991,0.6250939143501117,0.0,0.5064935064935066,0.6,0.442684944457575
0.48430493273542596,0.4646882043576248,0.0,0.0,0.6,0.4159773103285275
0.25560538116591924,0.4421487603305767,0.0,0.0,0.0,0.02316237296147483
0.17937219730941703,0.6637866265965418,0.0,0.0,0.03333333333333333,0.012762940203261639
0.1771300448430493,0.5473328324567976,0.0,0.012987012987012988,0.0,0.08437721578822974
0.07174887892376682,0.4575507137490593,0.0,0.0,0.6,0.14937367052706219
0.0,0.6311044327573239,0.0,0.0,0.6333333333333333,0.1616639092413141
0.0,0.4984973703981961,0.0125,0.0,0.6,0.13991964074686836
0.36771300448430494,0.6134485349361363,0.0,0.025974025974025976,0.03333333333333333,0.11770267076341293
0.23766816143497754,0.6179564237415462,0.0,0.025974025974025976,0.03333333333333333,0.02907114157409596
0.0695067264573991,0.6607813673929375,0.0,0.0,0.0,0.020089813282911838
0.060538116591928245,0.7734785875281727,0.0,0.0,0.03333333333333333,0.020326164027416688
0.0,0.7738542449286232,0.0,0.0,0.03333333333333333,0.09761285748050107
0.16367713004484302,0.17355371900826455,0.0,0.4675324675324676,0.5333333333333333,0.6393287638856063
0.4618834080717488,0.5375657400450784,0.0,0.025974025974025976,0.4,0.1169936185298984
0.08295964125560537,0.579639368895565,0.0,0.0,0.03333333333333333,0.018671708815882766
0.1928251121076233,0.41885800150262753,0.0,0.012987012987012988,0.6,0.14984637201607187
0.08071748878923765,0.4470323065364372,0.0,0.0,0.6,0.15244623020562517
0.35650224215246634,0.6731780616078122,0.0,0.0,0.0,0.08863152918931695
0.2488789237668161,0.5041322314049577,0.0,0.09090909090909091,0.6,0.34483573623256913
0.0,0.5833959429000739,0.0,0.0,0.0,0.014890096903805246
0.2219730941704036,0.5398196844477834,0.0,0.012987012987012988,0.03333333333333333,0.04065232805483337
0.0,0.4767092411720508,0.0,0.0,0.6,0.14819191680453794
0.0,0.5274229902329068,0.0,0.0,0.6,0.14299220042543134
0.12556053811659193,0.5090157776108182,0.0,0.0,0.0,0.2543134010872134
0.0,0.6010518407212615,0.0,0.0,0.03333333333333333,0.00874497754667927
0.0,0.47896318557475404,0.0,0.0,0.6,0.15433703616166392
0.3071748878923767,0.5180315552216364,0.28750000000000003,0.0,0.03333333333333333,0.2297329236587095
0.06726457399103138,0.5454545454545432,0.0,0.0,0.6,0.14157409595840229
0.1412556053811659,0.5537190082644603,0.0,0.012987012987012988,0.03333333333333333,0.037107066887260697
0.0,0.5909090909090899,0.0,0.012987012987012988,0.6,0.2202788938785157
0.2488789237668161,0.5007513148008993,0.0,0.012987012987012988,0.03333333333333333,0.02292602221696998
0.4618834080717488,0.6712997746055596,0.0,0.3246753246753247,0.6333333333333333,0.34341763176554
0.5493273542600896,0.6074380165289242,0.0,0.012987012987012988,0.0,0.10210352162609312
0.0695067264573991,0.6228399699474068,0.0,0.0,0.0,0.0099267312692035
0.18161434977578475,0.6604057099924852,0.0,0.0,0.03333333333333333,0.03639801465374616
0.2488789237668161,0.5601051840721247,0.0,0.0,0.03333333333333333,0.031198298274639567
0.23766816143497754,0.5608564988730258,0.0,0.012987012987012988,0.6,0.16071850626329473
0.07174887892376682,0.6701728024042062,0.0,0.0,0.0,0.03616166390924131
0.08968609865470852,0.38129226145754913,0.0,0.0,0.5666666666666667,0.3108012290238714
0.11883408071748877,0.656649135987978,0.0,0.0,0.03333333333333333,0.014890096903805246
0.10762331838565022,0.5950413223140494,0.0,0.012987012987012988,0.0,0.014653746159300403
0.060538116591928245,0.7426746806912075,0.0,0.0,0.6,0.14819191680453794
0.0695067264573991,0.5578512396694197,0.0,0.0,0.0,0.12857480501063578
0.5627802690582959,0.6389932381667904,0.0,0.012987012987012988,0.0,0.07705034270857954
0.060538116591928245,0.5514650638617571,0.0,0.0,0.0,0.02647128338454266
0.05605381165919282,0.6701728024042062,0.0,0.0,0.0,0.02174426849444576
0.08968609865470852,0.6882043576258443,0.0,0.0,0.03333333333333333,0.029307492318600803
0.05605381165919282,0.31104432757325284,0.0,0.0,0.5666666666666667,0.39305128811155754
0.08071748878923765,0.41435011269721933,0.0,0.0,0.5666666666666667,0.14701016308201373
0.0,0.7501878287002235,0.0,0.0,0.03333333333333333,0.021271567005436066
0.0,0.36025544703230494,0.0125,0.0,0.5666666666666667,0.3141101394469393
0.21748878923766815,0.6419984973703965,0.0,0.012987012987012988,0.0,0.03356180571968801
0.0,0.5033809166040548,0.0,0.0,0.6,0.1411013944693926
0.11659192825112107,0.5007513148008993,0.0,0.025974025974025976,0.5666666666666667,0.16402741668636256
0.06726457399103138,0.39556724267468013,0.4625,0.0,0.5666666666666667,0.40415977310328527
0.15695067264573992,0.4984973703981961,0.0125,0.0,0.0,0.12833845426613094
0.11434977578475335,0.6476333583771581,0.0,0.0,0.0,0.02765303710706689
0.060538116591928245,0.45942900075131377,0.0,0.0,0.6,0.1489009690380525
0.05605381165919282,0.6326070623591278,0.0,0.0,0.03333333333333333,0.028598440085086267
0.05829596412556053,0.692336589030802,0.0,0.0,0.0,0.017489955093358545
0.09192825112107623,0.5135236664162264,0.0,0.0,0.6,0.1538643346726542
0.13452914798206275,0.5015026296018021,0.0,0.0,0.4,0.0867407232332782
0.10089686098654707,0.45341848234410165,0.0,0.012987012987012988,0.6,0.15953675254077052
0.23318385650224213,0.38617580766340964,0.0,0.012987012987012988,0.0,0.03734341763176554
0.27578475336322866,0.6021788129226131,0.0,0.0,0.06666666666666667,0.040415977310328526
0.7286995515695067,0.5537190082644603,0.0,0.012987012987012988,0.6,0.2354053415268258
0.16367713004484302,0.5300525920360624,0.0125,0.03896103896103896,0.0,0.0418340817773576
0.20403587443946186,0.39444027047332675,0.4625,0.012987012987012988,0.0,0.2874025053178917
0.2219730941704036,0.30503380916603895,0.0,0.012987012987012988,0.0,0.045379342944930276
0.0,0.24117205108940531,0.0,0.0,0.0,0.0025998581895532967
0.0,0.5184072126220869,0.0,0.012987012987012988,0.6,0.23729614748286457
0.11210762331838564,0.6258452291510128,0.0,0.012987012987012988,0.6333333333333333,0.1992436776175845
0.3946188340807174,0.5492111194590521,0.0,0.0,0.0,0.08839517844481211
0.0,0.4549211119459038,0.0,0.49350649350649356,0.6,0.5714961002127157
0.3856502242152466,0.5728775356874518,0.0,0.012987012987012988,0.0,0.03379815646419286
0.0,0.7952667167543179,0.0,0.0,0.0,0.018908059560387616
0.08520179372197309,0.1645379413974446,0.0125,0.0,0.5666666666666667,0.23186008035925315
0.3789237668161435,0.34522915101427465,0.0,0.025974025974025976,0.5666666666666667,0.5152446230205625
0.2219730941704036,0.4459053343350856,0.0,0.0,0.5666666666666667,0.34199952729851096
0.13677130044843047,0.6194590533433484,0.0,0.0,0.03333333333333333,0.02481682817300874
0.18161434977578475,0.6010518407212615,0.0,0.012987012987012988,0.0,0.026943984873552346
0.0,0.4624342599549198,0.0,0.0,0.0,0.003072559678562986
0.25784753363228696,0.27911344853493425,0.45,0.025974025974025976,0.03333333333333333,0.41786811628456627
0.22421524663677128,0.4549211119459038,0.0,0.012987012987012988,0.5666666666666667,0.16142755849680926
0.11659192825112107,0.44891059353869167,0.0125,0.012987012987012988,0.6,0.21626093122193335
0.05381165919282511,0.6517655897821175,0.0,0.0,0.6,0.21484282675490426
0.11659192825112107,0.38767843726521356,0.0,0.0,0.0,0.3717797211061215
0.0,0.5116453794139737,0.0,0.0,0.6,0.14606476010399433
0.4977578475336322,0.6344853493613805,0.0125,0.0,0.3333333333333333,0.20420704325218625
0.0,0.4090909090909083,0.0,0.012987012987012988,0.6,0.3034743559442212
0.07174887892376682,0.4996243425995477,0.0,0.0,0.0,0.07090522335145356
0.23318385650224213,0.5465815176558966,0.0,0.0,0.6,0.1808083195462066
0.14798206278026904,0.5826446280991728,0.0,0.0,0.6,0.14913731978255734
0.17937219730941703,0.6356123215627338,0.0,0.0,0.03333333333333333,0.02623493264003781
0.2623318385650224,0.62960180315552,0.0,0.025974025974025976,0.03333333333333333,0.07563223824155046
0.1053811659192825,0.5830202854996234,0.0,0.0,0.0,0.041361380288347904
0.0,0.589406461307286,0.0,0.0,0.0,0.2606948711888442
0.060538116591928245,0.5965439519158515,0.0,0.0,0.6333333333333333,0.15835499881824627
0.13004484304932734,0.6149511645379402,0.0,0.012987012987012988,0.0,0.014653746159300403
0.1973094170403587,0.5803906836964678,0.0,0.0,0.0,0.042779484755376976
0.25784753363228696,0.6153268219383907,0.0,0.0,0.03333333333333333,0.03001654455211534
0.0695067264573991,0.5090157776108182,0.0,0.012987012987012988,0.03333333333333333,0.0314346490191444
0.15022421524663676,0.5525920360631087,0.0,0.0,0.9666666666666667,0.2212242968565351
0.11883408071748877,0.35687453042824835,0.0,0.0,0.0,0.0392342235878043
0.14798206278026904,0.4797145003756551,0.0,0.03896103896103896,0.6,0.17749940912313875
0.35874439461883406,0.2749812171299766,0.0,0.4675324675324676,0.5666666666666667,0.619948002836209
0.25784753363228696,0.7731029301277221,0.0,0.025974025974025976,0.0,0.05766958165918221
0.13452914798206275,0.6100676183320797,0.0,0.0,0.6333333333333333,0.17679035688962422
0.1547085201793722,0.4819684447783601,0.0,0.025974025974025976,0.0,0.010635783502718035
0.0874439461883408,0.4526671675431988,0.0,0.012987012987012988,0.0,0.04467029071141574
0.0,0.769346356123215,0.0,0.0,0.03333333333333333,0.02907114157409596
0.3251121076233183,0.4643125469571743,0.0,0.012987012987012988,0.5666666666666667,0.1668636256204207
0.17937219730941703,0.6889556724267454,0.0,0.025974025974025976,0.0,0.034034507208697704
0.4035874439461883,0.5653643876784358,0.0,0.012987012987012988,0.0,0.03356180571968801
0.24663677130044842,0.4530428249436511,0.0,0.012987012987012988,0.5666666666666667,0.16639092413141102
0.18385650224215247,0.6123215627347847,0.0,0.025974025974025976,0.0,0.02647128338454266
0.08968609865470852,0.6431254695717499,0.0,0.0,0.0,0.1271567005436067
0.11883408071748877,0.5672426746806902,0.0,0.0,0.0,0.011344835736232567
0.10986547085201794,0.6303531179564228,0.0,0.0,0.6,0.16331836445284803
0.2600896860986547,0.7081141998497351,0.0,0.0,0.0,0.0491609548570078
0.23766816143497754,0.3737791134485331,0.0,0.0,0.0,0.03261640274166863
0.14349775784753363,0.6581517655897802,0.0,0.0,0.0,0.03261640274166863
0.11210762331838564,0.5480841472577005,0.0,0.0,0.0,0.010872134247222878
0.13228699551569506,0.6344853493613805,0.0,0.0,0.0,0.06026943984873551
0.21973094170403587,0.6431254695717499,0.0,0.0,0.0,0.04254313401087213
0.13228699551569506,0.6893313298271959,0.0,0.0,0.0,0.02788938785157173
0.10089686098654707,0.5315552216378645,0.0,0.012987012987012988,0.0,0.038997872843299454
0.1973094170403587,0.5698722764838458,0.0,0.0,0.0,0.11841172299692745
0.3363228699551569,0.5518407212622076,0.0,0.0,0.4,0.14961002127156703
0.05605381165919282,0.6844477836213354,0.0,0.0,0.03333333333333333,0.06972346962892934
0.5493273542600896,0.39819684447783565,0.48750000000000004,0.0,0.5666666666666667,0.5109903096194753
0.07399103139013452,0.7253944402704722,0.0,0.0,0.6,0.1708815882770031
0.10986547085201794,0.591660405709991,0.0,0.0,0.0,0.0815410068541716
0.11659192825112107,0.5852742299023284,0.0,0.0,0.6,0.19026234932640038
0.0,0.4395191585274212,0.0,0.0,0.03333333333333333,0.11581186480737415
0.18385650224215247,0.5691209616829429,0.0,0.0,0.2,0.18388087922476956
0.2309417040358744,0.475957926371148,0.0,0.012987012987012988,0.03333333333333333,0.030961947530134717
0.25560538116591924,0.5390683696468805,0.0,0.0,0.03333333333333333,0.02907114157409596
0.2130044843049327,0.5401953418482339,0.0,0.012987012987012988,0.0,0.06357835027180336
0.0,0.4241172051089386,0.0,0.0,0.5666666666666667,0.2658945875679508
0.06502242152466367,0.5773854244928618,0.0,0.0,0.0,0.028125738596076574
0.09192825112107623,0.6825694966190827,0.0,0.025974025974025976,0.0,0.036634365398251004
0.21973094170403587,0.4654395191585259,0.0,0.0,0.6,0.1708815882770031
0.0,0.5522163786626582,0.0,0.0,0.6,0.19120775230441975
0.0,0.601427498121712,0.0,0.0,0.6,0.14464665563696527
0.3654708520179372,0.5586025544703226,0.0,0.0,0.4,0.10328527534861735
0.226457399103139,0.6033057851239665,0.0,0.012987012987012988,0.03333333333333333,0.04325218624438667
0.1053811659192825,0.5048835462058587,0.30000000000000004,0.0,0.0,0.27227605766958163
0.0,0.19797145003756356,0.0,0.0,0.0,0.053651619002599855
0.15246636771300448,0.528925619834709,0.0,0.0,0.03333333333333333,0.04348853698889151
0.2443946188340807,0.5217881292261435,0.0,0.05194805194805195,0.0,0.0867407232332782
0.4551569506726457,0.5060105184072121,0.0,0.012987012987012988,1.0,0.28338454266130936
0.0,0.6307287753568733,0.0,0.0,0.0,0.05506972346962893
0.05605381165919282,0.49586776859504056,0.0,0.012987012987012988,0.6,0.14771921531552826
0.0,0.5510894064613066,0.0,0.0,0.0,0.010635783502718035
0.10089686098654707,0.6273478587528167,0.0,0.0,0.6,0.16355471519735287
0.09417040358744394,0.43914350112697065,0.0,0.0,0.03333333333333333,0.02741668636256204
0.3004484304932735,0.308039068369645,0.28750000000000003,0.012987012987012988,0.5666666666666667,0.3438903332545497
0.0,0.4830954169797135,0.0,0.0,0.0,0.005436067123611438
0.23991031390134526,0.5255447032306524,0.0,0.0,0.0,0.02623493264003781
0.1390134529147982,0.7152516904583006,0.0,0.0,0.03333333333333333,0.03379815646419286
0.11883408071748877,0.6889556724267454,0.0,0.0,0.0,0.04939730560151264
0.0,0.5980465815176537,0.0,0.0,0.6,0.2651855353344363
0.25112107623318386,0.2524417731029285,0.1625,0.37662337662337664,0.5666666666666667,0.4370125265894587
0.05605381165919282,0.5,0.0,0.0,0.0,0.05317891751359017
0.0,0.5578512396694197,0.0,0.0,0.6,0.19262585677144883
0.2443946188340807,0.6277235161532673,0.0,0.012987012987012988,0.6,0.1777357598676436
0.20403587443946186,0.6626596543951901,0.0,0.012987012987012988,0.0,0.034507208697707396
0.11434977578475335,0.5060105184072121,0.0,0.0,0.6,0.15599149137319782
0.0,0.41322314049586595,0.025,0.0,0.5666666666666667,0.19073505081541006
0.09865470852017935,0.4939894815927861,0.0,0.0,0.6,0.1845899314582841
0.11210762331838564,0.6254695717505623,0.0,0.0,0.0,0.02647128338454266
0.405829596412556,0.601427498121712,0.0125,0.012987012987012988,0.0,0.043961238477901204
0.0,0.43914350112697065,0.0,0.0,0.03333333333333333,0.01819900732687308
0.25560538116591924,0.46018031555221484,0.0,0.012987012987012988,0.6,0.16379106594185772
0.2443946188340807,0.4444027047332817,0.0,0.012987012987012988,0.6,0.1652091704088868
0.06726457399103138,0.589406461307286,0.0,0.0,0.6,0.22760576695816592
0.0,0.5371900826446261,0.0125,0.0,0.5666666666666667,0.17229969274403215
0.051569506726457395,0.5976709241172031,0.0,0.0,0.0,0.015599149137319782
0.0,0.5582268970698703,0.0,0.0,0.03333333333333333,0.012762940203261639
0.32735426008968604,0.5597295266716742,0.0,0.28571428571428575,0.0,0.17442684944457576
0.15022421524663676,0.34861006761833124,0.0,0.012987012987012988,0.0,0.28338454266130936
0.15022421524663676,0.4342599549211119,0.0125,0.012987012987012988,0.03333333333333333,0.17915386433467267
0.0,0.6217129977460534,0.0,0.0,0.0,0.017489955093358545
0.21524663677130043,0.7084898572501857,0.0,0.012987012987012988,0.03333333333333333,0.03994327582131883
0.4439461883408072,0.4718256949661903,0.0,0.0,0.6,0.2070432521862444
0.12331838565022421,0.49098422238918005,0.0,0.0,0.0,0.03734341763176554
0.289237668161435,0.4267468069120941,0.0,0.025974025974025976,0.03333333333333333,0.09784920822500592
0.15022421524663676,0.5578512396694197,0.025,0.2207792207792208,0.0,0.22098794611203026
0.4798206278026905,0.4515401953418472,0.0,0.0,0.4,0.1841172299692744
0.11210762331838564,0.46280991735537036,0.0125,0.0,0.0,0.11203025289529663
0.49551569506726456,0.5867768595041323,0.0,0.0,0.43333333333333335,0.1344835736232569
0.23991031390134526,0.6806912096168283,0.0,0.0,0.03333333333333333,0.03970692507681399
0.5134529147982062,0.6269722013523662,0.0,0.012987012987012988,0.0,0.1333018199007327
0.4147982062780269,0.44966190833959274,0.0,0.012987012987012988,0.6,0.34223587804301586
0.10986547085201794,0.5890308039068355,0.0,0.27272727272727276,0.6333333333333333,0.33916331836445285
0.0,0.4537941397445522,0.0,0.0,0.5666666666666667,0.15362798392814936
0.3116591928251121,0.6213373403456028,0.0,0.025974025974025976,0.6333333333333333,0.28314819191680457
0.20627802690582958,0.5217881292261435,0.0,0.012987012987012988,0.0,0.038052469865280075
0.11883408071748877,0.5086401202103676,0.0,0.0,0.5666666666666667,0.15291893169463486
0.08520179372197309,0.3504883546205839,0.0,0.012987012987012988,0.0,0.01110848499172772
0.1973094170403587,0.7866265965439503,0.0,0.012987012987012988,0.0,0.07232332781848262
0.10762331838565022,0.5315552216378645,0.0,0.0,0.03333333333333333,0.017489955093358545
0.11434977578475335,0.5683696468820418,0.0,0.05194805194805195,0.03333333333333333,0.05506972346962893
0.0,0.7430503380916598,0.0,0.0,0.0,0.028598440085086267
0.0,0.7103681442524401,0.0,0.0,0.6333333333333333,0.3044197589222406
0.15695067264573992,0.605935386927122,0.0,0.0,0.03333333333333333,0.021035216260931223
0.0,0.552967693463561,0.0,0.0,0.03333333333333333,0.011581186480737414
0.0,0.6247182569496612,0.0,0.0,0.0,0.016544552115339166
0.25112107623318386,0.6649135987978951,0.0,0.012987012987012988,0.0,0.03757976837627038
0.12331838565022421,0.6776859504132222,0.0,0.0,0.0,0.03048924604112503
0.42825112107623314,0.6341096919609299,0.0,0.012987012987012988,0.36666666666666664,0.11061214842826755
0.17040358744394618,0.1739293764087151,0.45,0.012987012987012988,0.5666666666666667,0.48948239186953435
0.0,0.5672426746806902,0.0,0.0,0.6333333333333333,0.1463011108484992
0.07399103139013452,0.45567242674680664,0.0,0.0,0.6,0.14866461829354763
0.0,0.6897069872276465,0.0,0.0,0.03333333333333333,0.019617111793902152
0.21748878923766815,0.5007513148008993,0.0,0.0,0.3333333333333333,0.1396832900023635
0.12780269058295962,0.6262208865514634,0.0,0.0,0.0,0.033089104230678325
0.23991031390134526,0.7415477084898559,0.0,0.0,0.0,0.03947057433230914
0.2959641255605381,0.47558226897069744,0.0,0.0,0.0,0.2075159536752541
0.17040358744394618,0.5946656649135971,0.0,0.0,0.0,0.12786575277712126
0.1614349775784753,0.5097670924117192,0.0,0.0,0.0,0.03332545497518317
0.060538116591928245,0.6265965439519139,0.0,0.0,0.0,0.022453320727960295
0.18385650224215247,0.6153268219383907,0.0,0.0,0.0,0.18955329709288585
0.060538116591928245,0.5623591284748297,0.0,0.0,0.6,0.14393760340345074
0.0,0.4718256949661903,0.0,0.025974025974025976,0.5666666666666667,0.18553533443630346
0.07399103139013452,0.37227648384673095,0.0,0.0,0.6333333333333333,0.28362089340581426
0.0,0.5751314800901568,0.0,0.0,0.0,0.025525880406523274
0.3318385650224215,0.40270473328324385,0.4625,0.012987012987012988,0.0,0.2996927440321437
0.09865470852017935,0.3456048084147252,0.0,0.0,0.0,0.01678090285984401
0.21748878923766815,0.58189331329827,0.0,0.012987012987012988,0.03333333333333333,0.10281257385960765
0.3856502242152466,0.7013523666416219,0.0,0.012987012987012988,0.03333333333333333,0.1463011108484992
0.2713004484304932,0.5901577761081871,0.0,0.0,0.0,0.02647128338454266
0.09417040358744394,0.5927873779113444,0.0,0.0,0.0,0.021507917749940916
0.3228699551569506,0.4500375657400433,0.025,0.33766233766233766,0.13333333333333333,0.24911368470810683
0.0,0.5608564988730258,0.0,0.0,0.6333333333333333,0.13779248404632474
0.2780269058295964,0.4421487603305767,0.0,0.0,0.0,0.11817537225242261
0.08295964125560537,0.5225394440270463,0.0,0.0,0.0,0.012526589458756796
0.0695067264573991,0.6934635612321554,0.0,0.0,0.6333333333333333,0.1510281257385961
0.37668161434977576,0.5090157776108182,0.0,0.025974025974025976,0.0,0.03639801465374616
0.05381165919282511,0.44966190833959274,0.0,0.0,0.6,0.1678090285984401
0.06726457399103138,0.526671675432004,0.0,0.0,0.0,0.023871425194989367
0.13228699551569506,0.6337340345604794,0.0,0.0,0.6,0.29662018435358073
0.06278026905829596,0.34297520661156966,0.0,0.0,0.0,0.10021271567005437
0.12107623318385649,0.5465815176558966,0.0,0.0,0.0,0.018435358071377923
0.0,0.3914350112697207,0.0,0.0,0.0,0.1699361852989837
0.0,0.5499624342599532,0.48750000000000004,0.0,0.6,0.4221224296856535
0.0,0.643876784372651,0.0,0.0,0.0,0.03757976837627038
0.0,0.4906085649887295,0.0,0.0,0.6,0.20420704325218625
0.0,0.252817430503379,0.0,0.2207792207792208,0.5666666666666667,0.26731269203497987
0.09417040358744394,0.23441021788129035,0.0,0.0,0.5666666666666667,0.17277239423304186
0.08295964125560537,0.7024793388429735,0.0,0.0,0.0,0.03474355944221224
0.4192825112107623,0.5552216378662642,0.0,0.012987012987012988,1.0,0.23776884897187425
0.28475336322869954,0.540946656649135,0.0,0.0,0.03333333333333333,0.02056251477192153
0.2443946188340807,0.5026296018031537,0.0,0.012987012987012988,1.0,0.23304183408177734
0.09417040358744394,0.6115702479338836,0.0,0.0,0.0,0.01819900732687308
0.20403587443946186,0.6389932381667904,0.0,0.012987012987012988,0.6,0.2980382888206098
0.051569506726457395,0.4459053343350856,0.0,0.012987012987012988,0.6,0.21744268494445756
0.0,0.5589782118707731,0.0,0.0,0.6333333333333333,0.3261640274166864
0.0695067264573991,0.5661157024793368,0.0,0.0,0.5666666666666667,0.17631765540061453
0.210762331838565,0.6269722013523662,0.0,0.012987012987012988,0.0,0.08177735759867645
0.0,0.2501878287002235,0.0,0.0,0.5333333333333333,0.12361143937603405
0.0,0.6284748309541683,0.0,0.0,0.0,0.007563223824155045
0.15695067264573992,0.6551465063861741,0.0,0.0,0.6333333333333333,0.16190025998581895
0.18161434977578475,0.37002253944402597,0.0,0.0,0.0,0.21980619238950602
0.21524663677130043,0.46280991735537036,0.0,0.0,0.5666666666666667,0.16875443157645947
0.05829596412556053,0.5612321562734781,0.0,0.0,0.0,0.013944693925785867
0.0,0.5293012772351613,0.0,0.0,0.0,0.06735996218388089
0.2802690582959641,0.6153268219383907,0.0,0.012987012987012988,0.03333333333333333,0.018671708815882766
0.0,0.37453042824943594,0.0,0.4415584415584416,0.5666666666666667,0.43913968329000236
0.452914798206278,0.5454545454545432,0.0125,0.0,0.36666666666666664,0.1538643346726542
0.2645739910313901,0.4785875281743035,0.0,0.025974025974025976,0.03333333333333333,0.03687071614275585
0.0,0.2561983471074374,0.0,0.24675324675324678,0.0,0.19475301347199245
0.051569506726457395,0.8651389932381655,0.0,0.0,0.03333333333333333,0.021271567005436066
0.25112107623318386,0.6066867017280231,0.0,0.0,0.0,0.2027889387851572
0.0,0.45792637114950985,0.0,0.0,0.5666666666666667,0.14937367052706219
0.1547085201793722,0.6119459053343341,0.0,0.012987012987012988,0.0,0.03947057433230914
0.19955156950672642,0.5950413223140494,0.0,0.0,0.0,0.033089104230678325
0.0,0.5093914350112687,0.0,0.0,0.6,0.16615457338690617
0.17040358744394618,0.46619083395942873,0.0125,0.012987012987012988,0.6333333333333333,0.1961711179390215
0.24215246636771298,0.31818181818181657,0.0,0.0,0.0,0.03757976837627038
0.23318385650224213,0.820060105184071,0.0,0.025974025974025976,0.0,0.035688962420231625
0.14798206278026904,0.5323065364387656,0.0,0.0,0.03333333333333333,0.021035216260931223
0.07399103139013452,0.5811419984973689,0.0,0.0,0.03333333333333333,0.03947057433230914
0.060538116591928245,0.42299023290758697,0.0,0.0,0.0,0.13259276766721814
0.08968609865470852,0.38542449286250857,0.0,0.0,0.7666666666666666,0.2540770503427086
0.0,0.6825694966190827,0.0,0.0,0.6,0.1505554242495864
0.051569506726457395,0.641622839969946,0.0,0.0,0.6333333333333333,0.16024580477428504
0.2802690582959641,0.522163786626594,0.0,0.0,0.06666666666666667,0.05388796974710471
0.2690582959641255,0.6577761081893296,0.0,0.025974025974025976,0.03333333333333333,0.02741668636256204
0.18609865470852016,0.7024793388429735,0.0,0.012987012987012988,0.03333333333333333,0.03379815646419286
0.07399103139013452,0.37791134485349254,0.0125,0.012987012987012988,0.6,0.18364452848026472
0.0,0.7426746806912075,0.0,0.0,0.0,0.0418340817773576
0.22421524663677128,0.4635612321562732,0.0,0.012987012987012988,0.6,0.2526589458756795
0.10762331838565022,0.6502629601803154,0.0,0.012987012987012988,0.03333333333333333,0.03332545497518317
0.14573991031390135,0.6359879789631844,0.0,0.0,0.0,0.02765303710706689
0.09641255605381165,0.6141998497370391,0.0,0.0,0.6,0.18364452848026472
0.21973094170403587,0.6160781367392918,0.0,0.0,0.6333333333333333,0.16071850626329473
0.12107623318385649,0.5150262960180303,0.0,0.0,0.03333333333333333,0.021507917749940916
0.08520179372197309,0.5578512396694197,0.0,0.0,0.0,0.015835499881824623
0.0,0.5668670172802397,0.0,0.0,0.0,0.016308201370834316
0.0,0.5503380916604037,0.0,0.0,0.0,0.0099267312692035
0.2219730941704036,0.2915101427498108,0.0,0.8441558441558442,0.5666666666666667,0.6327109430394706
0.0,0.6855747558226888,0.0,0.0,0.0,0.013471992436776175
0.17937219730941703,0.6487603305785115,0.0,0.06493506493506494,0.6,0.18222642401323566
0.28699551569506726,0.4008264462809912,0.0,0.0,0.03333333333333333,0.23564169227133067
0.08520179372197309,0.1374906085649883,0.0,0.0,0.5666666666666667,0.4315764594658473
0.3856502242152466,0.24755822689706974,0.0125,0.9350649350649352,0.5666666666666667,0.8149373670527063
0.11883408071748877,0.6044327573253181,0.0,0.0,0.43333333333333335,0.1139210588513354
0.13004484304932734,0.6070623591284736,0.0,0.012987012987012988,0.0,0.018671708815882766
0.17264573991031387,0.6126972201352352,0.0,0.0,0.0,0.056487827936658
0.0,0.6735537190082628,0.0,0.0,0.0,0.012762940203261639
0.2219730941704036,0.4586776859504109,0.0,0.0,0.5,0.1250295438430631
0.06726457399103138,0.46393688955672374,0.0,0.0,0.6,0.20609784920822502
0.27578475336322866,0.25544703230653454,0.4375,0.025974025974025976,0.0,0.5254077050342709
0.21973094170403587,0.6378662659654388,0.0,0.0,0.6333333333333333,0.17679035688962422
0.10089686098654707,0.5499624342599532,0.0,0.012987012987012988,0.0,0.012762940203261639
0.2443946188340807,0.6269722013523662,0.0,0.0,0.0,0.03757976837627038
0.27578475336322866,0.4459053343350856,0.0,0.0,0.03333333333333333,0.021271567005436066
0.2959641255605381,0.6344853493613805,0.0,0.012987012987012988,0.03333333333333333,0.027180335618057196
0.2645739910313901,0.6701728024042062,0.0,0.0,0.0,0.03497991018671709
0.11883408071748877,0.4800901577761074,0.0,0.0,0.03333333333333333,0.031907350508154096
0.13004484304932734,0.6205860255447018,0.0,0.0,0.0,0.031907350508154096
0.0,0.5694966190833952,0.0,0.0,0.03333333333333333,0.00685417159064051
0.3318385650224215,0.5619834710743792,0.0,0.012987012987012988,0.03333333333333333,0.04112502954384306
0.37668161434977576,0.39331329827197514,0.0,0.012987012987012988,0.03333333333333333,0.07090522335145356
0.10762331838565022,0.3561232156273473,0.0,0.0,0.5666666666666667,0.16662727487591586
0.0,0.48985725018782666,0.0,0.0,0.0,0.006145119357125976
0.0,0.637114951164536,0.0,0.0,0.0,0.031198298274639567
0.11434977578475335,0.3283245679939881,0.0,0.4025974025974026,0.6,0.3835972583313637
0.2286995515695067,0.6292261457550712,0.0,0.0,0.03333333333333333,0.04325218624438667
0.3834080717488789,0.5195341848234403,0.0,0.025974025974025976,0.03333333333333333,0.05979673835972583
0.3632286995515695,0.367768595041321,0.4625,0.0,0.0,0.5901678090285984
0.35874439461883406,0.4090909090909083,0.0,0.025974025974025976,0.4,0.2023162372961475
0.09865470852017935,0.5694966190833952,0.0,0.0,0.0,0.14133774521389744
0.0874439461883408,0.5187828700225392,0.0,0.0,0.03333333333333333,0.026707634129047503
0.12780269058295962,0.5056348610067598,0.0,0.37662337662337664,0.5666666666666667,0.38856062396596547
0.23542600896860982,0.7205108940646117,0.0,0.012987012987012988,0.0,0.036634365398251004
0.0,0.6934635612321554,0.0,0.0,0.0,0.0172536043488537
0.07623318385650224,0.4767092411720508,0.0,0.0,0.6,0.1479555660600331
0.05829596412556053,0.6758076634109678,0.0125,0.0,0.6,0.15504608839517844
0.0,0.6720510894064606,0.0,0.0,0.0,0.024580477428503895
0.0,0.3940646130728762,0.0,0.0,0.0,0.0056724178681162845
0.0,0.5905334335086394,0.0,0.0,0.6333333333333333,0.14748286457102341
0.14798206278026904,0.5304282494365129,0.0,0.0,0.03333333333333333,0.018435358071377923
0.3206278026905829,0.601427498121712,0.0,0.012987012987012988,0.6,0.17844481210115815
0.10313901345291479,0.5743801652892557,0.0,0.0,0.0,0.025762231151028124
0.1390134529147982,0.7941397445529663,0.0,0.0,0.03333333333333333,0.046324745922949655
0.6233183856502242,0.30390683696468734,0.15000000000000002,0.012987012987012988,0.0,0.15835499881824627
0.1547085201793722,0.4891059353869256,0.0,0.0,0.03333333333333333,0.027180335618057196
0.06278026905829596,0.4830954169797135,0.0,0.0,0.6,0.15126447648310093
0.0,0.5458302028549955,0.0125,0.0,0.6333333333333333,0.15220987946112033
0.1053811659192825,0.5766341096919589,0.0,0.0,0.1,0.013235641692271332
0.14798206278026904,0.644628099173552,0.0,0.012987012987012988,0.6,0.20775230441975895
0.0,0.6329827197595783,0.0,0.0,0.0,0.024580477428503895
0.0,0.6359879789631844,0.0,0.0,0.03333333333333333,0.027180335618057196
0.10313901345291479,0.5679939894815913,0.0,0.012987012987012988,0.03333333333333333,0.025525880406523274
0.0,0.7978963185574734,0.0,0.0,0.0,0.017489955093358545
0.12331838565022421,0.5683696468820418,0.0,0.0,0.03333333333333333,0.04845190262349326
0.27578475336322866,0.41134485349361327,0.4625,0.24675324675324678,0.4666666666666667,0.5395887497045616
0.08968609865470852,0.4951164537941377,0.0,0.0,0.6,0.15410068541715907
0.0,0.4643125469571743,0.0,0.0,0.5666666666666667,0.3483809974001418
0.14573991031390135,0.6224643125469562,0.0,0.012987012987012988,0.03333333333333333,0.016308201370834316
0.14573991031390135,0.6292261457550712,0.0,0.0,0.0,0.03876152209879461
0.0,0.6510142749812147,0.0,0.0,0.0,0.18222642401323566
0.051569506726457395,0.44177310293012617,0.0,0.0,0.5666666666666667,0.1616639092413141
0.12780269058295962,0.5920360631104415,0.0,0.0,0.03333333333333333,0.03214370125265894
0.08295964125560537,0.644628099173552,0.0,0.0,0.0,0.015599149137319782
0.07623318385650224,0.6093163035311786,0.0,0.0,0.0,0.029307492318600803
0.1614349775784753,0.6044327573253181,0.0,0.012987012987012988,0.03333333333333333,0.0099267312692035
0.12331838565022421,0.5488354620586016,0.0,0.012987012987012988,0.0,0.015835499881824623
0.1053811659192825,0.637114951164536,0.0,0.0,0.2,0.15008272276057671
0.051569506726457395,0.7385424492862498,0.0,0.0,0.0,0.021980619238950602
0.27578475336322866,0.5664913598797874,0.0,0.0,0.0,0.03379815646419286
0.05829596412556053,0.5563486100676176,0.0,0.0,0.0,0.038997872843299454
0.09417040358744394,0.6104432757325302,0.0,0.0,0.0,0.021035216260931223
0.24663677130044842,0.5477084898572482,0.0,0.0,0.1,0.07232332781848262
0.3721973094170403,0.3335837716002992,0.47500000000000003,0.03896103896103896,0.0,0.33514535570787046
0.24663677130044842,0.6465063861758065,0.0,0.025974025974025976,0.03333333333333333,0.01678090285984401
0.0,0.6025544703230636,0.0,0.0,0.6,0.1427558496809265
0.3004484304932735,0.7614575507137467,0.0,0.025974025974025976,0.0,0.04088867879933821
0.12331838565022421,0.4643125469571743,0.0,0.0,0.03333333333333333,0.01819900732687308
0.07847533632286996,0.6746806912096144,0.0,0.0,0.03333333333333333,0.05105176081304656
0.10089686098654707,0.5052592036063093,0.0125,0.0,0.6,0.16024580477428504
0.09417040358744394,0.6078136739293747,0.0,0.0,0.0,0.03261640274166863
0.2690582959641255,0.5394440270473311,0.0,0.0,0.0,0.05388796974710471
0.0,0.6690458302028546,0.0,0.0,0.0,0.017962656582368237
0.2713004484304932,0.4951164537941377,0.0,0.49350649350649356,0.6,0.4346490191444103
0.0,0.5368144252441756,0.0,0.0,0.0,0.04939730560151264
0.25784753363228696,0.428249436513898,0.0,0.012987012987012988,0.0,0.028125738596076574
0.11883408071748877,0.5499624342599532,0.0,0.0,0.03333333333333333,0.018671708815882766
0.0,0.7963936889556713,0.0,0.0,0.0,0.021980619238950602
0.3811659192825112,0.5187828700225392,0.0,0.0,0.8666666666666667,0.22004254313401087
0.05605381165919282,0.5563486100676176,0.0,0.012987012987012988,0.0,0.02907114157409596
0.10089686098654707,0.7907588279489097,0.0,0.0,0.03333333333333333,0.04963365634601749
0.051569506726457395,0.6254695717505623,0.0,0.012987012987012988,0.03333333333333333,0.03592531316473647
0.18834080717488788,0.5199098422238908,0.0,0.012987012987012988,0.03333333333333333,0.04088867879933821
0.23318385650224213,0.5702479338842963,0.0,0.0,0.03333333333333333,0.041361380288347904
0.11210762331838564,0.4842223891810651,0.0,0.012987012987012988,0.0,0.05294256676908533
0.09641255605381165,0.6374906085649883,0.0,0.0,0.0,0.045379342944930276
0.0,0.5251690458302019,0.0,0.0,0.03333333333333333,0.00023635074450484468
0.0695067264573991,0.6540195341848225,0.0,0.025974025974025976,0.03333333333333333,0.1427558496809265
0.12780269058295962,0.5642374154770824,0.0,0.0,0.03333333333333333,0.04585204443393997
0.05605381165919282,0.6333583771600289,0.0,0.0,0.0,0.022453320727960295
0.0,0.7291510142749793,0.0,0.0,0.0,0.019380761049397302
0.12556053811659193,0.4767092411720508,0.0,0.012987012987012988,0.03333333333333333,0.019617111793902152
0.0,0.5293012772351613,0.0,0.0,0.0,0.008272276057669581
0.08968609865470852,0.5687453042824924,0.0,0.0,0.0,0.2755849680926495
0.2443946188340807,0.4057099924868499,0.0,0.0,0.6,0.15031907350508156
0.2286995515695067,0.6003005259203587,0.0,0.012987012987012988,0.03333333333333333,0.024344126683999052
0.05381165919282511,0.3373403456048063,0.0,0.48051948051948057,0.0,0.510044906641456
0.19955156950672642,0.48159278737790956,0.0,0.012987012987012988,0.6,0.2075159536752541
0.1973094170403587,0.42975206611570194,0.0,0.0,0.0,0.27133065469156226
0.0,0.3918106686701712,0.0,0.0,0.5666666666666667,0.3639801465374616
0.28699551569506726,0.7888805409466553,0.0,0.0,0.0,0.045615693689435126
0.27578475336322866,0.6942148760330564,0.0,0.0,0.03333333333333333,0.19829827463956512
0.0,0.9267468069120941,0.0,0.0,0.0,0.017726305837863388
0.11883408071748877,0.5492111194590521,0.0,0.0,0.6,0.15859134956275112
0.0,0.5037565740045071,0.0,0.0,0.0,0.016071850626329473
0.0,0.4962434259954911,0.0,0.0,0.6,0.28102103521626093
0.1053811659192825,0.5018782870022527,0.0,0.0,0.0,0.2027889387851572
0.15022421524663676,0.6344853493613805,0.0,0.012987012987012988,0.03333333333333333,0.038052469865280075
0.0,0.5537190082644603,0.0,0.0,0.0,0.03876152209879461
0.0,0.8899323816679185,0.0,0.0,0.6666666666666666,0.15693689435121722
0.3116591928251121,0.5743801652892557,0.0,0.012987012987012988,0.0,0.07043252186244388
0.0,0.643876784372651,0.0,0.0,0.0,0.015362798392814936
0.2645739910313901,0.5946656649135971,0.0,0.0,0.0,0.04679744741195934
0.2219730941704036,0.5924117205108921,0.0,0.012987012987012988,0.0,0.025762231151028124
0.16591928251121074,0.6630353117956407,0.0,0.0,0.03333333333333333,0.02056251477192153
0.14798206278026904,0.6487603305785115,0.0,0.0,0.03333333333333333,0.02765303710706689
0.09417040358744394,0.4939894815927861,0.0,0.0,0.6,0.1600094540297802
0.05829596412556053,0.5743801652892557,0.0,0.0,0.0,0.26140392342235874
0.2825112107623318,0.813298271975956,0.0,0.012987012987012988,0.0,0.047742850389978726
0.10313901345291479,0.5518407212622076,0.0,0.0,0.6333333333333333,0.18057196880170173
0.24215246636771298,0.6160781367392918,0.0,0.0,0.03333333333333333,0.04088867879933821
0.226457399103139,0.7051089406461291,0.0,0.012987012987012988,0.6333333333333333,0.18506263294729378
0.3721973094170403,0.521412471825693,0.0,0.0,0.4,0.1035216260931222
0.0,0.5969196093163021,0.0,0.0,0.03333333333333333,0.024580477428503895
0.13228699551569506,0.4444027047332817,0.0,0.0,0.6,0.14842826754904279
0.13677130044843047,0.367768595041321,0.0,0.0,0.5666666666666667,0.31151028125738595
0.0,0.5623591284748297,0.0,0.012987012987012988,0.6,0.18600803592531318
0.195067264573991,0.5563486100676176,0.0,0.012987012987012988,0.03333333333333333,0.03427085795320255
0.3946188340807174,0.5773854244928618,0.0,0.012987012987012988,0.0,0.0517608130465611
0.28699551569506726,0.38993238166791855,0.025,0.14285714285714288,0.5666666666666667,0.2498227369416214
0.16816143497757846,0.4868519909842206,0.0,0.0,0.6,0.1975892224060506
0.0,0.7652141247182556,0.0,0.0,0.0,0.03474355944221224
0.05829596412556053,0.5413223140495855,0.0,0.012987012987012988,0.6333333333333333,0.16804537934294494
0.1973094170403587,0.5552216378662642,0.0,0.025974025974025976,0.03333333333333333,0.03781611912077523
0.0,0.4902329075882772,0.0,0.0,0.0,0.18222642401323566
0.10762331838565022,0.5371900826446261,0.0,0.0,0.0,0.021271567005436066
0.0,0.6187077385424491,0.0,0.0,0.03333333333333333,0.035452611675726775
0.08071748878923765,0.473703981968443,0.0,0.012987012987012988,0.6,0.2803119829827464
0.07847533632286996,0.5601051840721247,0.0,0.0,0.03333333333333333,0.04963365634601749
0.0,0.6160781367392918,0.0,0.0,0.0,0.019617111793902152
0.07174887892376682,0.5330578512396684,0.0,0.0,0.6,0.22453320727960294
0.06726457399103138,0.365514650638616,0.0,0.012987012987012988,0.0,0.0841408650437249
0.2982062780269058,0.5405709992486845,0.325,0.0,0.0,0.23682344599385488
0.09641255605381165,0.6731780616078122,0.0,0.0,0.0,0.028362089340581424
0.13452914798206275,0.5176558978211858,0.0,0.012987012987012988,0.0,0.015362798392814936
0.1053811659192825,0.5022539444027032,0.0,0.0,0.0,0.018671708815882766
0.20179372197309414,0.6093163035311786,0.0,0.0,0.6333333333333333,0.18388087922476956
0.10762331838565022,0.26746806912096055,0.45,0.4415584415584416,0.0,0.6955802410777595
0.10089686098654707,0.5285499624342584,0.0,0.0,0.03333333333333333,0.03427085795320255
0.17264573991031387,0.5826446280991728,0.0,0.0,0.0,0.02292602221696998
0.11210762331838564,0.543951915852741,0.0,0.0,0.03333333333333333,0.11297565587331601
0.08071748878923765,0.5702479338842963,0.0,0.0,0.03333333333333333,0.02647128338454266
0.210762331838565,0.661157024793388,0.0,0.012987012987012988,0.6333333333333333,0.16709997636492555
0.11210762331838564,0.5740045078888052,0.0,0.012987012987012988,0.03333333333333333,0.02907114157409596
0.060538116591928245,0.7392937640871509,0.0,0.0,0.0,0.02528952966201843
0.47085201793721965,0.6055597295266715,0.0,0.0,0.0,0.036634365398251004
0.17264573991031387,0.5586025544703226,0.0,0.0,0.6,0.16095485700779957
0.0,0.6502629601803154,0.0,0.0,0.03333333333333333,0.021035216260931223
0.11210762331838564,0.6299774605559705,0.0,0.0,0.03333333333333333,0.02292602221696998
0.0,0.22351615326821772,0.0,0.0,0.5333333333333333,0.2944930276530371
0.2713004484304932,0.593914350112696,0.0,0.0,0.0,0.02292602221696998
0.09865470852017935,0.5202854996243413,0.0,0.0,0.0,0.025762231151028124
0.08295964125560537,0.49323816679188504,0.0,0.012987012987012988,0.0,0.012526589458756796
0.0,0.8384673178061597,0.0,0.0,0.0,0.1883715433703616
0.0874439461883408,0.25093914350112456,0.0,0.025974025974025976,0.5333333333333333,0.13826518553533446
0.06726457399103138,0.4620586025544693,0.0,0.0,0.6,0.17655400614511937
0.13004484304932734,0.6461307287753559,0.0,0.025974025974025976,0.03333333333333333,0.017489955093358545
0.05381165919282511,0.596168294515401,0.0,0.0,0.6333333333333333,0.14559205861498464
0.15919282511210758,0.3809166040570986,0.0,0.0,0.0,0.018671708815882766
0.0,0.5957926371149505,0.0,0.0,0.6,0.1552824391396833
0.0,0.5338091660405695,0.0,0.0,0.6333333333333333,0.2479319309855826
0.0,0.6096919609316291,0.0,0.0,0.0,0.003072559678562986
0.11434977578475335,0.5950413223140494,0.0,0.0,0.0,0.03687071614275585
0.0,0.7103681442524401,0.0,0.0,0.03333333333333333,0.019853462538406995
0.0,0.5308039068369634,0.0,0.0,0.6,0.39092413141101395
0.2825112107623318,0.6326070623591278,0.0,0.025974025974025976,0.03333333333333333,0.041361380288347904
0.0,0.7257700976709227,0.0,0.0,0.0,0.022216969983455445
0.9103139013452914,0.5308039068369634,0.0,0.0,0.6333333333333333,0.28125738596076577
0.09417040358744394,0.40007513148008833,0.0,0.025974025974025976,0.6,0.13637437957929568
0.07623318385650224,0.6810668670172788,0.0,0.0,0.6333333333333333,0.1590640510517608
0.25112107623318386,0.5240420736288485,0.0,0.012987012987012988,0.03333333333333333,0.07563223824155046
0.0695067264573991,0.6453794139744531,0.0,0.0,0.0,0.014653746159300403
0.28475336322869954,0.7941397445529663,0.0,0.0,0.03333333333333333,0.045615693689435126
0.25784753363228696,0.4752066115702469,0.0,0.0,0.4,0.17277239423304186
0.10089686098654707,0.5135236664162264,0.0,0.012987012987012988,0.5666666666666667,0.1505554242495864
0.07623318385650224,0.5184072126220869,0.0,0.0,0.0,0.03876152209879461
0.19955156950672642,0.47220135236664085,0.0,0.0,0.6,0.1616639092413141
0.11434977578475335,0.5371900826446261,0.0,0.025974025974025976,0.03333333333333333,0.09643110375797685
0.0,0.4939894815927861,0.0,0.0,0.0,0.049870007090522334
0.0,0.5582268970698703,0.0,0.0,0.03333333333333333,0.00023635074450484468
0.0,0.4951164537941377,0.0,0.0,0.5666666666666667,0.15197352871661549
0.0,0.8328324567993981,0.0,0.0,0.0,0.025998581895532967
0.1928251121076233,0.3996994740796378,0.0,0.0,0.36666666666666664,0.09524935003545262
0.210762331838565,0.45942900075131377,0.0,0.012987012987012988,0.6,0.2859844008508627
0.0,0.58189331329827,0.0,0.0,0.6,0.16709997636492555
0.10089686098654707,0.6190833959428979,0.0,0.0,0.03333333333333333,0.020326164027416688
0.05605381165919282,0.5679939894815913,0.0,0.0,0.6333333333333333,0.15882770030725596
0.2600896860986547,0.6063110443275725,0.0,0.012987012987012988,0.0,0.03852517135428977
0.1390134529147982,0.5882794891059344,0.0,0.0,0.0,0.02056251477192153
0.32959641255605376,0.46168294515401875,0.0,0.0,0.5666666666666667,0.19900732687307965
0.0,0.5086401202103676,0.0,0.0,0.0,0.017017253604348852
0.1547085201793722,0.5432006010518382,0.3875,0.0,0.5666666666666667,0.35476246750177265
0.2645739910313901,0.5664913598797874,0.0,0.012987012987012988,0.03333333333333333,0.043015835499881826
0.28475336322869954,0.5262960180315535,0.0,0.012987012987012988,0.4,0.10115811864807375
0.14798206278026904,0.608189331329827,0.0,0.0,0.0,0.017017253604348852
0.05605381165919282,0.4973703981968427,0.0,0.0,0.5666666666666667,0.30985582604585205
0.07174887892376682,0.45454545454545325,0.0,0.0,0.6,0.13779248404632474
0.3363228699551569,0.4530428249436511,0.0,0.0,0.6,0.1841172299692744
0.09641255605381165,0.5578512396694197,0.0,0.0,0.6,0.26613093831245566
0.0,0.46994740796393586,0.0,0.0,0.6,0.14441030489246043
0.17937219730941703,0.639368895567241,0.0,0.012987012987012988,0.03333333333333333,0.026943984873552346
0.05605381165919282,0.24793388429752028,0.0,0.0,0.0,0.3079650200898133
0.1614349775784753,0.4293764087152496,0.0,0.05194805194805195,0.6,0.1782084613566533
0.25784753363228696,0.6897069872276465,0.0,0.0,0.0,0.04679744741195934
0.0874439461883408,0.5,0.025,0.012987012987012988,0.6,0.2105885133538171
0.13004484304932734,0.7794891059353866,0.0,0.0,0.0,0.026943984873552346
0.16816143497757846,0.497746055597295,0.0,0.0,0.03333333333333333,0.19475301347199245
0.0,0.5567242674680681,0.0,0.0,0.6333333333333333,0.19144410304892462
0.2443946188340807,0.5811419984973689,0.0,0.025974025974025976,0.0,0.02623493264003781
0.05829596412556053,0.3549962434259939,0.0,0.0,0.0,0.014890096903805246
0.0,0.7569496619083385,0.0,0.0,0.03333333333333333,0.02316237296147483
0.13677130044843047,0.603681442524417,0.0,0.0,0.0,0.01819900732687308
0.06278026905829596,0.5736288504883529,0.0125,0.0,0.03333333333333333,0.047742850389978726
0.2286995515695067,0.5052592036063093,0.0,0.0,0.0,0.03947057433230914
0.3206278026905829,0.4135987978963165,0.0,0.0,0.0,0.03379815646419286
0.22421524663677128,0.4094665664913588,0.0,0.012987012987012988,0.0,0.04207043252186244
0.27354260089686094,0.5965439519158515,0.0,0.0,0.0,0.059087686126211285
0.23318385650224213,0.387302779864763,0.0,0.012987012987012988,0.6,0.23280548333727252
0.05605381165919282,0.6100676183320797,0.0,0.025974025974025976,0.03333333333333333,0.12313873788702437
0.09192825112107623,0.5676183320811408,0.0,0.0,0.0,0.08035925313164737
0.0,0.6844477836213354,0.0,0.0,0.0,0.0172536043488537
0.0,0.44177310293012617,0.0,0.0,0.6,0.13306546915622786
0.16367713004484302,0.5732531930879023,0.0,0.012987012987012988,0.0,0.01678090285984401
0.13677130044843047,0.4436513899323806,0.0,0.0,0.6,0.22760576695816592
0.21973094170403587,0.4019534184823428,0.0,0.0,0.5666666666666667,0.16662727487591586
0.23318385650224213,0.7516904583020274,0.0,0.012987012987012988,0.0,0.03521626093122193
0.0,0.6033057851239665,0.0,0.0,0.0,0.016544552115339166
0.4865470852017937,0.599173553719007,0.0,0.0,0.03333333333333333,0.08295911132120067
0.15246636771300448,0.7032306536438764,0.0,0.0,0.03333333333333333,0.0543606712361144
0.40134529147982057,0.5154019534184808,0.48750000000000004,0.0,0.0,0.5138265185535335
0.36771300448430494,0.3790383170548459,0.0125,0.0,0.6,0.40888678799338213
0.2443946188340807,0.6089406461307263,0.0,0.012987012987012988,0.03333333333333333,0.027180335618057196
0.05829596412556053,0.7422990232907569,0.0,0.0,0.0,0.04419758922240605
0.1412556053811659,0.14838467317806092,0.0125,0.29870129870129875,0.5333333333333333,0.3020562514771921
0.2443946188340807,0.6356123215627338,0.0,0.012987012987012988,0.0,0.03238005199716379
0.16367713004484302,0.4879789631855722,0.0,0.0,0.03333333333333333,0.012053887969747103
0.2286995515695067,0.4613072877535682,0.0,0.025974025974025976,0.0,0.04112502954384306
0.09192825112107623,0.5225394440270463,0.0,0.012987012987012988,0.0,0.04514299220042543
0.5224215246636771,0.5642374154770824,0.0,0.012987012987012988,0.4,0.12242968565350984
0.07623318385650224,0.7516904583020274,0.0,0.0,0.0,0.03379815646419286
0.0,0.6326070623591278,0.0,0.0,0.6,0.23445993854880642
0.0,0.3572501878286989,0.0,0.0,0.5666666666666667,0.12408414086504371
0.05381165919282511,0.5338091660405695,0.0125,0.0,0.0,0.16284566296383834
0.4237668161434977,0.5236664162283979,0.0,0.025974025974025976,0.6,0.17229969274403215
0.11659192825112107,0.6705484598046567,0.0,0.0,0.6333333333333333,0.21933349090049634
0.28475336322869954,0.6780616078136728,0.0,0.012987012987012988,0.6333333333333333,0.17797211061214843
0.1614349775784753,0.6018031555221626,0.0,0.0,0.03333333333333333,0.038997872843299454
0.05605381165919282,0.6878287002253938,0.0,0.0,0.6333333333333333,0.14771921531552826
0.8318385650224215,0.697595792637113,0.0,0.0,0.0,0.16119120775230442
0.12780269058295962,0.6457550713749054,0.0,0.025974025974025976,0.0,0.022453320727960295
0.09641255605381165,0.44853493613824114,0.0,0.0,0.0,0.01914441030489246
0.08071748878923765,0.6269722013523662,0.0,0.0,0.03333333333333333,0.02741668636256204
0.2600896860986547,0.5293012772351613,0.0,0.012987012987012988,0.03333333333333333,0.04797920113448357
0.0,0.5135236664162264,0.0,0.0,0.03333333333333333,0.008035925313164735
0.12780269058295962,0.5691209616829429,0.0,0.025974025974025976,0.03333333333333333,0.021980619238950602
0.08968609865470852,0.5319308790383168,0.0,0.0,0.0,0.03427085795320255
0.1053811659192825,0.5582268970698703,0.0,0.0,0.6333333333333333,0.15764594658473174
0.12556053811659193,0.5702479338842963,0.0,0.0,0.03333333333333333,0.0966674545024817
0.08071748878923765,0.430503380916603,0.0,0.0,0.0,0.02056251477192153
0.3071748878923767,0.6044327573253181,0.0125,0.0,1.0,0.2389506026943985
0.2645739910313901,0.5308039068369634,0.0,0.012987012987012988,0.6333333333333333,0.1630820137083432
0.23542600896860982,0.4481592787377888,0.0125,0.012987012987012988,0.6,0.17371779721106123
0.0,0.5920360631104415,0.0125,0.012987012987012988,0.0,0.15575514062869297
0.10986547085201794,0.5995492111194576,0.0,0.0,0.6333333333333333,0.16591822264240133
0.0,0.4094665664913588,0.0,0.0,0.0,0.015362798392814936
0.12780269058295962,0.4383921863260696,0.0,0.0,0.6,0.21933349090049634
0.13228699551569506,0.7092411720510885,0.0,0.0,0.6333333333333333,0.16142755849680926
0.3004484304932735,0.4173553719008254,0.0,0.0,0.5666666666666667,0.2446230205625148
0.0,0.4222389181066859,0.4625,0.0,0.5666666666666667,0.5168990782320965
0.09192825112107623,0.5897821187077366,0.0,0.025974025974025976,0.0,0.02481682817300874
0.39237668161434974,0.6472577009767075,0.0,0.012987012987012988,0.0,0.09903096194753015
0.1390134529147982,0.5920360631104415,0.0,0.0,0.03333333333333333,0.02292602221696998
0.3721973094170403,0.48647633358377007,0.0125,0.025974025974025976,0.6,0.16804537934294494
0.26681614349775784,0.7182569496619067,0.0,0.012987012987012988,0.03333333333333333,0.04963365634601749
0.26681614349775784,0.5255447032306524,0.0,0.012987012987012988,0.0,0.1730087449775467
0.3004484304932735,0.7167543200601028,0.0,0.0,0.03333333333333333,0.04939730560151264
0.24663677130044842,0.5736288504883529,0.0,0.012987012987012988,0.0,0.02316237296147483
0.12107623318385649,0.5646130728775347,0.0,0.0,0.6,0.14771921531552826
0.1771300448430493,0.3305785123966931,0.0,0.0,0.9333333333333333,0.5346253840699599
0.1053811659192825,0.6202103681442512,0.0,0.0,0.0,0.034507208697707396
0.24663677130044842,0.6048084147257686,0.0,0.0,0.03333333333333333,0.15882770030725596
0.24215246636771298,0.48046581517655795,0.0,0.012987012987012988,0.0,0.06854171590640512
0.21748878923766815,0.49211119459053165,0.0,0.012987012987012988,0.6,0.16331836445284803
0.12556053811659193,0.5435762584522905,0.0,0.0,0.03333333333333333,0.025525880406523274
0.2959641255605381,0.6217129977460534,0.0,0.012987012987012988,0.6,0.16709997636492555
0.0,0.3504883546205839,0.0,0.0,0.0,0.005436067123611438
0.13677130044843047,0.29451540195341686,0.0,0.0,0.5666666666666667,0.14701016308201373
0.22421524663677128,0.6190833959428979,0.0,0.0,0.6,0.18199007326873082
0.0,0.608189331329827,0.0,0.0,0.03333333333333333,0.007090522335145356
0.3811659192825112,0.5495867768595026,0.0,0.012987012987012988,0.6,0.22618766249113686
0.08968609865470852,0.53418482344102,0.0,0.0,0.03333333333333333,0.029543843063105646
0.4753363228699551,0.5112697220135214,0.5,0.5064935064935066,0.0,0.6086031670999764
0.10313901345291479,0.3613824192336583,0.0,0.0,0.0,0.02765303710706689
0.20179372197309414,0.49661908339594163,0.0,0.012987012987012988,0.6,0.18057196880170173
0.15022421524663676,0.6517655897821175,0.0,0.012987012987012988,0.0,0.0465610966674545
0.24215246636771298,0.7107438016528906,0.0,0.025974025974025976,0.0,0.03970692507681399
0.1053811659192825,0.5157776108189314,0.0,0.0,0.6333333333333333,0.16899078232096432
0.1771300448430493,0.4102178812922599,0.0,0.48051948051948057,0.03333333333333333,0.33254549751831713
0.12331838565022421,0.5833959429000739,0.0,0.012987012987012988,0.0,0.01914441030489246
0.3094170403587444,0.5811419984973689,0.0,0.012987012987012988,0.36666666666666664,0.11533916331836447
0.0874439461883408,0.4094665664913588,0.025,0.0,0.6,0.1919168045379343
0.0,0.6889556724267454,0.0,0.0,0.0,0.017962656582368237
0.0,0.7490608564988719,0.0,0.0,0.0,0.017962656582368237
0.0,0.46168294515401875,0.0,0.0,0.0,0.015835499881824623
0.07399103139013452,0.35537190082644443,0.0,0.0,0.0,0.014890096903805246
0.0,0.7235161532682177,0.0,0.0,0.0,0.03261640274166863
0.17264573991031387,0.6299774605559705,0.0,0.0,0.0,0.02056251477192153
0.07623318385650224,0.5578512396694197,0.0,0.0,0.0,0.03852517135428977
0.20627802690582958,0.31367392937640837,0.0,0.012987012987012988,0.03333333333333333,0.03332545497518317
0.10313901345291479,0.5086401202103676,0.0,0.0,0.03333333333333333,0.03167099976364925
0.07174887892376682,0.5240420736288485,0.0,0.0,0.6,0.14488300638147011
0.0,0.4320060105184069,0.0,0.0,0.6,0.22453320727960294
0.0,0.49436513899323664,0.0,0.0,0.03333333333333333,0.024107775939494203
0.0,0.6652892561983457,0.0,0.0,0.03333333333333333,0.021507917749940916
0.09417040358744394,0.7099924868519896,0.0,0.0,0.0,0.32309146773812336
0.12107623318385649,0.5285499624342584,0.0,0.0,0.03333333333333333,0.019617111793902152
0.12556053811659193,0.6055597295266715,0.0,0.012987012987012988,0.0,0.07019617111793904
0.12556053811659193,0.471450037565738,0.0,0.0,0.6,0.1578822973292366
0.19955156950672642,0.3196844477836205,0.0,0.012987012987012988,0.0,0.025998581895532967
0.0,0.7077385424492846,0.0,0.0,0.6,0.14724651382651857
0.08071748878923765,0.4808414725770085,0.0,0.012987012987012988,0.6,0.19948002836208936
0.11883408071748877,0.5634861006761831,0.0,0.0,0.6333333333333333,0.15930040179626564
0.10986547085201794,0.5826446280991728,0.0,0.025974025974025976,0.6,0.15882770030725596
0.0,0.654395191585273,0.0,0.0,0.03333333333333333,0.06003308910423067
0.09192825112107623,0.5559729526671653,0.0,0.0,0.03333333333333333,0.01819900732687308
0.12331838565022421,0.6258452291510128,0.0,0.0,0.6333333333333333,0.16190025998581895
0.42152466367713,0.5732531930879023,0.47500000000000003,0.012987012987012988,0.7666666666666666,0.4745922949657292
0.051569506726457395,0.8241923365890305,0.0,0.0,0.0,0.03639801465374616
0.06726457399103138,0.6367392937640854,0.0,0.0,0.0,0.07232332781848262
0.0,0.5631104432757308,0.0,0.0,0.0,0.017017253604348852
0.0,0.5875281743050316,0.0,0.0,0.13333333333333333,0.024580477428503895
0.0,0.8790383170548441,0.0,0.0,0.0,0.04065232805483337
0.060538116591928245,0.7126220886551451,0.0,0.0,0.6333333333333333,0.14582840935948949
0.06502242152466367,0.5255447032306524,0.0,0.0,0.6,0.14866461829354763
0.14798206278026904,0.4432757325319301,0.0,0.0,0.6,0.27393051288111553
0.2713004484304932,0.4387678437265201,0.0,0.06493506493506494,0.03333333333333333,0.11770267076341293
0.1053811659192825,0.20360631104432692,0.0,0.0,0.5333333333333333,0.13353817064523754
0.2443946188340807,0.4470323065364372,0.0125,0.012987012987012988,0.6,0.27818482628220276
0.4439461883408072,0.18407212622088487,0.4625,0.012987012987012988,0.5666666666666667,0.5930040179626567
0.0,0.5803906836964678,0.0,0.0,0.03333333333333333,0.045379342944930276
0.1053811659192825,0.6908339594289998,0.0,0.0,0.0,0.03001654455211534
0.10313901345291479,0.4703230653643864,0.0,0.012987012987012988,0.03333333333333333,0.017726305837863388
0.11434977578475335,0.43576258452291405,0.0,0.0,0.5666666666666667,0.2933112739305129
0.0,0.7629601803155506,0.0,0.0,0.0,0.02481682817300874
0.2600896860986547,0.3703981968444765,0.0125,0.025974025974025976,0.5666666666666667,0.15764594658473174
0.0,0.5443275732531916,0.0,0.0,0.0,0.14086504372488776
0.06278026905829596,0.6307287753568733,0.48750000000000004,0.0,0.03333333333333333,0.33183644528480266
0.06502242152466367,0.4996243425995477,0.0,0.0,0.0,0.16497281966438196
0.2623318385650224,0.5999248685199081,0.0,0.0,0.0,0.03781611912077523
0.23318385650224213,0.5912847483095405,0.0,0.012987012987012988,0.0,0.02505317891751359
0.3004484304932735,0.5086401202103676,0.0125,0.07792207792207792,0.6,0.22264240132356417
0.10089686098654707,0.2655897821187061,0.0,0.012987012987012988,0.6,0.6948711888442449
0.11883408071748877,0.48497370398196793,0.0,0.0,0.0,0.011344835736232567
0.10089686098654707,0.5601051840721247,0.0,0.0,0.0,0.31103757976837626
0.3497757847533632,0.6461307287753559,0.0,0.0,0.0,0.19380761049397305
0.12780269058295962,0.5706235912847468,0.0,0.0,0.6,0.14322855116993619
0.4035874439461883,0.5815176558978195,0.0,0.012987012987012988,0.0,0.04727014890096903
0.0,0.45454545454545325,0.0,0.0,0.6,0.1349562751122666
0.0,0.6078136739293747,0.0,0.0,0.03333333333333333,0.006617820846135667
0.0,0.5578512396694197,0.0,0.0,0.0,0.04372488773339636
0.25112107623318386,0.43688955672426566,0.0,0.025974025974025976,0.0,0.040415977310328526
0.16591928251121074,0.47483095416979637,0.0,0.0,0.0,0.17442684944457576
0.23542600896860982,0.31066867017280053,0.0,0.0,0.0,0.1746632001890806
0.09865470852017935,0.7753568745304271,0.0,0.0,0.0,0.03781611912077523
0.0,0.6044327573253181,0.0,0.0,0.03333333333333333,0.02056251477192153
0.23991031390134526,0.6773102930127717,0.0125,0.0,0.6333333333333333,0.2079886551642638
0.11883408071748877,0.4361382419233646,0.0,0.49350649350649356,0.5666666666666667,0.4649019144410304
0.2488789237668161,0.6138241923365886,0.0,0.0,0.03333333333333333,0.03970692507681399
0.12556053811659193,0.5826446280991728,0.0125,0.0,0.03333333333333333,0.076341290475065
0.07174887892376682,0.6555221637866246,0.0,0.0,0.0,0.08035925313164737
0.21748878923766815,0.548459804658151,0.0,0.0,0.03333333333333333,0.02907114157409596
0.05829596412556053,0.6003005259203587,0.0,0.0,0.6,0.18955329709288585
0.11883408071748877,0.6126972201352352,0.0,0.0,0.03333333333333333,0.015599149137319782
0.0,0.5559729526671653,0.0,0.0,0.03333333333333333,0.006145119357125976
0.0,0.584147257700975,0.0,0.0,0.0,0.023871425194989367
0.09417040358744394,0.5075131480090143,0.0,0.0,0.0,0.027180335618057196
0.11210762331838564,0.6656649135987962,0.0,0.025974025974025976,0.03333333333333333,0.02907114157409596
0.060538116591928245,0.2941397445529663,0.0,0.0,0.5666666666666667,0.14299220042543134
0.21748878923766815,0.692336589030802,0.0,0.0,0.6,0.17277239423304186
0.05381165919282511,0.49211119459053165,0.0,0.0,0.0,0.015362798392814936
0.10313901345291479,0.5721262208865507,0.0,0.0,0.0,0.026943984873552346
0.23991031390134526,0.5131480090157758,0.0,0.025974025974025976,0.03333333333333333,0.030725596785629875
0.17040358744394618,0.7250187828700216,0.0,0.012987012987012988,0.0,0.043015835499881826
0.0,0.5338091660405695,0.0,0.0,0.6,0.3096194753013472
0.0,0.5702479338842963,0.0,0.0,0.03333333333333333,0.09170408886787994
0.3834080717488789,0.5604808414725753,0.0,0.012987012987012988,0.0,0.03852517135428977
0.0,0.49661908339594163,0.0,0.0,0.0,0.010163082013708342
0.12556053811659193,0.6262208865514634,0.0,0.0,0.0,0.015362798392814936
0.09192825112107623,0.4819684447783601,0.0,0.012987012987012988,0.0,0.02316237296147483
0.210762331838565,0.6141998497370391,0.0,0.0,0.0,0.04112502954384306
0.0,0.5154019534184808,0.0,0.0,0.03333333333333333,0.00685417159064051
0.20179372197309414,0.5011269722013516,0.0,0.0,0.6,0.1760813046561097
0.1905829596412556,0.4913598797896306,0.025,0.012987012987012988,0.6,0.30394705743323086
0.289237668161435,0.5807663410969184,0.0,0.012987012987012988,0.03333333333333333,0.029307492318600803
0.0,0.5127723516153253,0.0,0.0,0.0,0.004017962656582368
0.0,0.5987978963185565,0.0125,0.0,0.6,0.18813519262585676
0.3789237668161435,0.5540946656649126,0.0,0.012987012987012988,0.03333333333333333,0.036634365398251004
0.1547085201793722,0.4455296769346333,0.0,0.0,0.6,0.27794847553769797
0.41255605381165916,0.5897821187077366,0.0,0.012987012987012988,0.9666666666666667,0.23776884897187425
0.05829596412556053,0.14462809917355202,0.0,0.0,0.5333333333333333,0.16355471519735287
0.05381165919282511,0.7114951164537935,0.0,0.0,0.0,0.02174426849444576
0.3609865470852018,0.5154019534184808,0.0,0.012987012987012988,0.6,0.17584495391160485
0.08520179372197309,0.6311044327573239,0.0,0.012987012987012988,0.03333333333333333,0.033089104230678325
0.17040358744394618,0.5477084898572482,0.0,0.0,0.03333333333333333,0.011344835736232567
0.23542600896860982,0.6435011269722004,0.0,0.025974025974025976,0.0,0.08626802174426851
0.14798206278026904,0.6374906085649883,0.0,0.0,0.6333333333333333,0.18813519262585676
0.11210762331838564,0.5657400450788863,0.0,0.0,0.03333333333333333,0.0314346490191444
0.3520179372197309,0.4549211119459038,0.47500000000000003,0.012987012987012988,0.0,0.35452611675726775
0.0,0.6190833959428979,0.0,0.0,0.0,0.0172536043488537
0.10313901345291479,0.2866265965439503,0.0,0.012987012987012988,0.03333333333333333,0.02056251477192153
0.0695067264573991,0.4365138993238151,0.0125,0.0,0.5666666666666667,0.4483573623256913
0.14798206278026904,0.6728024042073617,0.0,0.0,0.0,0.033089104230678325
0.0,0.6010518407212615,0.0,0.0,0.0,0.02174426849444576
0.060538116591928245,0.6172051089406452,0.0,0.012987012987012988,0.6333333333333333,0.1604821555187899
0.210762331838565,0.5030052592036043,0.0,0.025974025974025976,0.6,0.1673363271094304
0.195067264573991,0.45454545454545325,0.0,0.012987012987012988,0.0,0.04088867879933821
0.0,0.5368144252441756,0.0,0.0,0.03333333333333333,0.020326164027416688
0.3363228699551569,0.5920360631104415,0.0,0.03896103896103896,0.6,0.2852753486173481
0.2286995515695067,0.5570999248685187,0.0,0.0,0.6333333333333333,0.20727960293074926
0.0,0.5852742299023284,0.0,0.0,0.0,0.017017253604348852
0.12780269058295962,0.5390683696468805,0.0,0.025974025974025976,0.03333333333333333,0.017726305837863388
0.0,0.58189331329827,0.0,0.0,0.0,0.021271567005436066
0.23991031390134526,0.5788880540946639,0.0,0.012987012987012988,0.0,0.026707634129047503
0.20179372197309414,0.6055597295266715,0.0,0.0,0.03333333333333333,0.047742850389978726
0.05829596412556053,0.43350864012020907,0.0,0.0,0.0,0.02481682817300874
0.22421524663677128,0.5503380916604037,0.0,0.0,0.6,0.2075159536752541
0.0,0.5105184072126221,0.0,0.0,0.0,0.00638147010163082
0.0,0.5390683696468805,0.0,0.0,0.0,0.01110848499172772
0.13677130044843047,0.5706235912847468,0.0,0.025974025974025976,0.03333333333333333,0.020089813282911838
0.22421524663677128,0.6250939143501117,0.0,0.025974025974025976,0.0,0.03261640274166863
0.10313901345291479,0.5897821187077366,0.0,0.0,0.0,0.15433703616166392
0.2914798206278027,0.46280991735537036,0.0,0.012987012987012988,0.6,0.2642401323564169
0.1412556053811659,0.6108189331329807,0.0,0.0,0.03333333333333333,0.021507917749940916
0.09641255605381165,0.536438767843725,0.0,0.0,0.0,0.06712361143937604
0.05605381165919282,0.5349361382419211,0.0,0.0,0.6,0.1734814464665564
0.27578475336322866,0.5875281743050316,0.0,0.025974025974025976,0.03333333333333333,0.031198298274639567
0.3654708520179372,0.7396694214876014,0.0,0.012987012987012988,0.0,0.04207043252186244
0.0,0.23253193087903767,0.0,0.0,0.5333333333333333,0.12337508863152921
0.16367713004484302,0.5882794891059344,0.0,0.0,0.0,0.01418104467029071
0.1053811659192825,0.48046581517655795,0.0,0.0,0.03333333333333333,0.053651619002599855
0.1390134529147982,0.6010518407212615,0.0,0.0,0.03333333333333333,0.020798865516426374
0.21524663677130043,0.47708489857250136,0.025,0.025974025974025976,0.6,0.23398723705979674
0.18385650224215247,0.475957926371148,0.0,0.0,0.0,0.2744032143701252
0.11883408071748877,0.8234410217881276,0.0,0.0,0.0,0.028362089340581424
0.11883408071748877,0.6010518407212615,0.0,0.012987012987012988,0.03333333333333333,0.03970692507681399
0.1053811659192825,0.4278737791134475,0.0,0.0,0.03333333333333333,0.03781611912077523
0.06502242152466367,0.3595041322314039,0.0,0.4415584415584416,0.6,0.39896005672417867
0.11434977578475335,0.6581517655897802,0.0,0.012987012987012988,0.0,0.03521626093122193
0.24663677130044842,0.5353117956423734,0.0,0.012987012987012988,0.0,0.03734341763176554
0.0,0.6074380165289242,0.0,0.0,0.6,0.25360434885369887
0.0,0.7223891810668661,0.0,0.0,0.0,0.017489955093358545
0.08520179372197309,0.639368895567241,0.0,0.0,0.03333333333333333,0.03379815646419286
0.0874439461883408,0.6239669421487584,0.0,0.025974025974025976,0.0,0.03167099976364925
0.1748878923766816,0.6198347107438007,0.0,0.0,0.0,0.038288820609784925
0.10313901345291479,0.5180315552216364,0.0,0.0,0.6333333333333333,0.1548097376506736
0.0,0.8238166791885781,0.0,0.0,0.0,0.019853462538406995
0.0,0.6836964688204343,0.0,0.0,0.0,0.016544552115339166
0.13004484304932734,0.5003756574004488,0.0,0.0,0.5666666666666667,0.212242968565351
0.11210762331838564,0.6179564237415462,0.0,0.0,0.6,0.15835499881824627
0.05605381165919282,0.4571750563486088,0.0,0.0,0.6,0.15575514062869297
0.13004484304932734,0.5375657400450784,0.0,0.0,0.03333333333333333,0.02174426849444576
0.13004484304932734,0.6141998497370391,0.0125,0.5064935064935066,0.0,0.30701961711179393
0.2488789237668161,0.3801652892561975,0.45,0.0,0.6,0.6244386669818011
0.13452914798206275,0.5296769346356118,0.0,0.0,0.0,0.02765303710706689
0.26681614349775784,0.5262960180315535,0.0,0.0,0.03333333333333333,0.02788938785157173
0.16816143497757846,0.2986476333583763,0.0,0.0,0.0,0.04254313401087213
0.2219730941704036,0.6442524417731015,0.0,0.012987012987012988,0.03333333333333333,0.02883479082959111
0.10762331838565022,0.45341848234410165,0.0,0.0,0.5666666666666667,0.15173717797211064
0.2130044843049327,0.6003005259203587,0.0,0.0,0.0,0.04254313401087213
0.2713004484304932,0.5488354620586016,0.0,0.0,0.03333333333333333,0.06405105176081305
0.3520179372197309,0.5698722764838458,0.0,0.012987012987012988,0.4,0.10021271567005437
0.0,0.48384673178061455,0.0,0.012987012987012988,0.0,0.06050579059324037
0.0,0.5882794891059344,0.0,0.0,0.0,0.019853462538406995
0.12780269058295962,0.6401202103681438,0.0,0.012987012987012988,0.03333333333333333,0.018908059560387616
0.09417040358744394,0.5732531930879023,0.0,0.0,0.0,0.02741668636256204
0.5426008968609864,0.5293012772351613,0.0,0.012987012987012988,0.26666666666666666,0.09737650673599622
0.05829596412556053,0.5259203606311029,0.0,0.0,0.03333333333333333,0.1673363271094304
0.2982062780269058,0.552967693463561,0.0125,0.025974025974025976,0.0,0.13212006617820846
0.09417040358744394,0.6942148760330564,0.0,0.0,0.6333333333333333,0.16615457338690617
0.08071748878923765,0.4830954169797135,0.0,0.0,0.6,0.13921058851335383
0.12107623318385649,0.8486100676183312,0.0,0.012987012987012988,0.0,0.03356180571968801
0.0874439461883408,0.5649887302779852,0.0,0.0,0.6,0.15622784211770266
0.14349775784753363,0.588655146506385,0.0,0.0,0.6,0.4249586386197116
0.0,0.3031555221637863,0.0,0.0,0.0,0.2044433939966911
0.08071748878923765,0.588655146506385,0.0,0.012987012987012988,0.03333333333333333,0.07137792484046326
0.07399103139013452,0.694590533433507,0.0,0.0,0.0,0.03356180571968801
0.2959641255605381,0.41172051089406203,0.0,0.0,0.5666666666666667,0.22075159536752542
0.05829596412556053,0.6821938392186322,0.0,0.0,0.0,0.030961947530134717
0.0,0.5875281743050316,0.0,0.0,0.6333333333333333,0.15457338690616876
0.2780269058295964,0.550713749060856,0.0,0.025974025974025976,0.03333333333333333,0.03332545497518317
0.11210762331838564,0.47445529676934584,0.0,0.012987012987012988,0.03333333333333333,0.018435358071377923
0.39237668161434974,0.5728775356874518,0.0,0.012987012987012988,0.0,0.041361380288347904
0.1547085201793722,0.5691209616829429,0.0,0.0,0.0,0.01914441030489246
0.05829596412556053,0.7592036063110417,0.0,0.0,0.0,0.017017253604348852
0.3340807174887892,0.5375657400450784,0.0,0.025974025974025976,0.03333333333333333,0.060978492082250056
0.13677130044843047,0.38241923365890074,0.0125,0.37662337662337664,0.6,0.35003545261167573
0.28475336322869954,0.6111945905334313,0.0,0.025974025974025976,0.6,0.1746632001890806
0.15919282511210758,0.7129977460555956,0.0,0.0,0.0,0.03048924604112503
0.2802690582959641,0.5559729526671653,0.0,0.012987012987012988,0.03333333333333333,0.026707634129047503
0.3878923766816143,0.58189331329827,0.0,0.025974025974025976,0.03333333333333333,0.05152446230205625
0.1053811659192825,0.4947407963936872,0.0,0.0,0.03333333333333333,0.16851808083195463
0.3834080717488789,0.32531930879038207,0.4625,0.012987012987012988,0.6,0.4715197352871661
0.0,0.5837716003005244,0.0,0.0,0.03333333333333333,0.05010635783502718
0.2130044843049327,0.6157024793388413,0.0,0.012987012987012988,0.0,0.2878752068069014
0.25560538116591924,0.5447032306536421,0.0,0.0,0.03333333333333333,0.03497991018671709
0.0,0.5161532682193819,0.0,0.0,0.0,0.01819900732687308
0.10089686098654707,0.38880540946656517,0.0,0.012987012987012988,0.5666666666666667,0.13353817064523754
0.08968609865470852,0.39819684447783565,0.0,0.06493506493506494,0.5666666666666667,0.19522571496100213
0.10089686098654707,0.5052592036063093,0.0,0.0,0.0,0.12692034979910186
0.12107623318385649,0.4774605559729501,0.0,0.0,0.0,0.27794847553769797
0.1748878923766816,0.4583020285499604,0.0,0.012987012987012988,0.5666666666666667,0.24769558024107777
0.0,0.6322314049586755,0.0,0.0,0.6,0.16922713306546916
0.12107623318385649,0.46055597295266537,0.0,0.0,0.03333333333333333,0.019380761049397302
0.0,0.5589782118707731,0.0,0.0,0.0,0.01678090285984401
0.09417040358744394,0.6033057851239665,0.0,0.0,0.03333333333333333,0.022689671472465138
0.0,0.6217129977460534,0.0,0.0,0.03333333333333333,0.01914441030489246
0.0,0.6194590533433484,0.0,0.0,0.03333333333333333,0.02528952966201843
0.21748878923766815,0.6033057851239665,0.0,0.025974025974025976,0.0,0.036634365398251004
0.0,0.4432757325319301,0.0,0.0,0.6,0.3467265421886079
0.11883408071748877,0.33095416979714365,0.0,0.0,0.0,0.028362089340581424
0.2533632286995516,0.5555972952667148,0.0,0.012987012987012988,0.0,0.11581186480737415
0.09641255605381165,0.6525169045830186,0.0,0.012987012987012988,0.0,0.15433703616166392
0.10762331838565022,0.7133734034560462,0.0,0.0,0.6333333333333333,0.15953675254077052
0.09192825112107623,0.46731780616078034,0.0,0.0,0.0,0.030725596785629875
0.0,0.3264462809917337,0.0,0.0,0.0,0.007563223824155045
0.11210762331838564,0.31367392937640837,0.0,0.4675324675324676,0.5666666666666667,0.40415977310328527
0.20179372197309414,0.28512396694214814,0.0,0.012987012987012988,0.5333333333333333,0.1401559914913732
0.0,0.34823441021787893,0.0,0.0,0.0,0.00874497754667927
0.12556053811659193,0.34635612321562625,0.0,0.0,0.5666666666666667,0.1548097376506736
0.10762331838565022,0.6795642374154767,0.0,0.0,0.03333333333333333,0.03048924604112503
0.37668161434977576,0.5018782870022527,0.0,0.012987012987012988,0.03333333333333333,0.03734341763176554
0.0,0.596168294515401,0.0,0.0,0.03333333333333333,0.036634365398251004
0.07399103139013452,0.53869271224643,0.0,0.0,0.03333333333333333,0.13306546915622786
0.2959641255605381,0.8054094665664895,0.0,0.012987012987012988,0.0,0.045615693689435126
0.3161434977578475,0.6269722013523662,0.0,0.025974025974025976,0.03333333333333333,0.021980619238950602
0.2130044843049327,0.497746055597295,0.0,0.012987012987012988,0.6,0.2013708343181281
0.0,0.5540946656649126,0.0,0.0,0.0,0.016071850626329473
0.12107623318385649,0.5638617580766336,0.0,0.0,0.1,0.03592531316473647
0.1614349775784753,0.7381667918857975,0.0,0.0,0.0,0.032852753486173475
0.13677130044843047,0.5845229151014273,0.0,0.0,0.0,0.02907114157409596
0.0,0.6157024793388413,0.0,0.0,0.6333333333333333,0.21531552824391398
0.18385650224215247,0.661157024793388,0.0,0.0,0.03333333333333333,0.035688962420231625
0.0,0.6795642374154767,0.0,0.0,0.6333333333333333,0.17277239423304186
0.17040358744394618,0.4507888805409461,0.0,0.0,0.5666666666666667,0.3703616166390924
0.3318385650224215,0.5657400450788863,0.0,0.012987012987012988,0.6333333333333333,0.1997163791065942
0.11434977578475335,0.5725018782870013,0.0,0.0,0.6333333333333333,0.1678090285984401
0.25560538116591924,0.6093163035311786,0.0,0.0,0.0,0.03025289529662018
0.22421524663677128,0.6555221637866246,0.0,0.0,0.03333333333333333,0.040179626565823676
0.07847533632286996,0.6867017280240404,0.0,0.0,0.0,0.03497991018671709
0.05829596412556053,0.5398196844477834,0.0,0.0,0.0,0.07421413377452139
0.11210762331838564,0.5950413223140494,0.0,0.0,0.0,0.0392342235878043
0.5201793721973094,0.4241172051089386,0.4625,0.2337662337662338,0.6,0.7539588749704562
0.2623318385650224,0.5477084898572482,0.0,0.012987012987012988,0.03333333333333333,0.03025289529662018
0.10313901345291479,0.5867768595041323,0.0,0.0,0.03333333333333333,0.016071850626329473
0.05829596412556053,0.6194590533433484,0.0,0.0,0.0,0.016308201370834316
0.0,0.19534184823440803,0.0,0.0,0.5333333333333333,0.14393760340345074
0.08520179372197309,0.7501878287002235,0.0,0.0,0.0,0.05223351453557079
0.2600896860986547,0.6213373403456028,0.0,0.0,0.03333333333333333,0.051288111557551405
0.0874439461883408,0.6209616829451523,0.0,0.0,0.0,0.053651619002599855
0.0,0.7689706987227645,0.0,0.0,0.03333333333333333,0.02765303710706689
0.0,0.6100676183320797,0.0,0.0,0.0,0.016308201370834316
0.09865470852017935,0.47107438016528747,0.0,0.0,0.6,0.15244623020562517
0.11434977578475335,0.5097670924117192,0.0,0.012987012987012988,0.0,0.025998581895532967
0.0,0.5909090909090899,0.0,0.0,0.03333333333333333,0.0073268730796502025
0.09192825112107623,0.6051840721262192,0.0,0.0,0.03333333333333333,0.01418104467029071
0.23318385650224213,0.661157024793388,0.0,0.025974025974025976,0.6333333333333333,0.16662727487591586
0.16367713004484302,0.8429752066115697,0.0,0.0,0.03333333333333333,0.037107066887260697
0.0,0.6694214876033051,0.0,0.0,0.03333333333333333,0.02056251477192153
0.0,0.7024793388429735,0.0,0.0,0.0,0.0172536043488537
0.08071748878923765,0.3918106686701712,0.0,0.012987012987012988,0.5666666666666667,0.45166627274875915
0.05829596412556053,0.31818181818181657,0.0,0.0,0.0,0.020089813282911838
0.11210762331838564,0.6517655897821175,0.0,0.0,0.6,0.18340817773575988
0.06502242152466367,0.5676183320811408,0.0,0.0,0.0,0.026943984873552346
0.09417040358744394,0.3891810668670157,0.0,0.0,0.0,0.035688962420231625
0.05381165919282511,0.6784372652141233,0.0,0.0,0.0,0.06995982037343419
0.23766816143497754,0.6307287753568733,0.0,0.025974025974025976,0.0,0.03994327582131883
0.0,0.53418482344102,0.0,0.0,0.0,0.010872134247222878
0.05605381165919282,0.5206611570247919,0.0,0.0,0.03333333333333333,0.06050579059324037
0.27354260089686094,0.6761833208114183,0.0,0.0,0.0,0.0867407232332782
0.20627802690582958,0.3989481592787367,0.0125,0.025974025974025976,0.03333333333333333,0.0465610966674545
0.289237668161435,0.4383921863260696,0.0125,0.06493506493506494,0.03333333333333333,0.07137792484046326
0.2914798206278027,0.2385424492862498,0.55,0.0,0.5666666666666667,0.6284566296383834
0.0695067264573991,0.37002253944402597,0.0,0.0,0.0,0.09690380524698654
0.37443946188340804,0.5766341096919589,0.0,0.012987012987012988,0.0,0.049870007090522334
0.20403587443946186,0.5229151014274969,0.0,0.0,0.0,0.12219333490900497
0.16816143497757846,0.5296769346356118,0.0,0.0,0.03333333333333333,0.011581186480737414
0.5470852017937219,0.5131480090157758,0.0,0.025974025974025976,0.6,0.19309855826045852
0.33856502242152464,0.5086401202103676,0.1125,0.0,0.6,0.3020562514771921
0.1748878923766816,0.7952667167543179,0.0,0.0,0.0,0.03994327582131883
0.0,0.5533433508640115,0.0,0.0,0.0,0.025525880406523274
0.30493273542600896,0.5762584522915084,0.0,0.0,0.16666666666666666,0.05270621602458048
0.10089686098654707,0.5879038317054821,0.0,0.0,0.6,0.14086504372488776
0.11883408071748877,0.550713749060856,0.0,0.0,0.0,0.026943984873552346
0.12331838565022421,0.6003005259203587,0.0,0.0,0.0,0.02788938785157173
0.3789237668161435,0.5773854244928618,0.0,0.012987012987012988,0.03333333333333333,0.045379342944930276
0.1748878923766816,0.3362133734034547,0.4625,0.0,0.5666666666666667,0.5320255258804065
0.390134529147982,0.5770097670924095,0.0,0.012987012987012988,0.03333333333333333,0.03852517135428977
0.4080717488789237,0.47445529676934584,0.0125,0.025974025974025976,0.5666666666666667,0.2744032143701252
0.08071748878923765,0.6078136739293747,0.0,0.0,0.6,0.17277239423304186
0.09865470852017935,0.5,0.0,0.0,0.0,0.02481682817300874
0.08968609865470852,0.4459053343350856,0.0,0.0,0.6,0.14771921531552826
0.2309417040358744,0.5450788880540927,0.0,0.025974025974025976,0.0,0.03876152209879461
0.08295964125560537,0.5525920360631087,0.0,0.0,0.0,0.21886078941148665
0.5695067264573991,0.3538692712246423,0.0125,0.012987012987012988,0.5666666666666667,0.2985109903096195
0.3968609865470851,0.6483846731780609,0.0,0.012987012987012988,0.0,0.05057905932403687
0.23318385650224213,0.45942900075131377,0.4625,0.012987012987012988,0.03333333333333333,0.32734578113921053
0.0,0.5935386927122455,0.0,0.0,0.0,0.017017253604348852
0.0,0.6183320811419968,0.0,0.0,0.0,0.00047270148900968936
0.2802690582959641,0.5319308790383168,0.0,0.012987012987012988,0.03333333333333333,0.053651619002599855
0.0,0.5555972952667148,0.0,0.0,0.03333333333333333,0.06145119357125974
0.0,0.6979714500375636,0.0,0.0,0.0,0.03497991018671709
0.08071748878923765,0.637114951164536,0.0,0.012987012987012988,0.6,0.15599149137319782
0.11659192825112107,0.6333583771600289,0.0,0.0,0.0,0.03356180571968801
0.0,0.6228399699474068,0.0,0.0,0.03333333333333333,0.021507917749940916
0.0,0.6130728775356857,0.0,0.0,0.0,0.021271567005436066
0.5089686098654709,0.3903080390683691,0.4625,0.012987012987012988,0.6,0.6187662491136847
0.12780269058295962,0.521412471825693,0.0,0.0,0.0,0.03332545497518317
0.0,0.25093914350112456,0.0,0.0,0.0,0.005199716379106593
0.07174887892376682,0.4541697971450027,0.0,0.0,0.5666666666666667,0.22878752068069014
0.09417040358744394,0.6855747558226888,0.0,0.012987012987012988,0.0,0.028362089340581424
0.0695067264573991,0.40045078888054064,0.0,0.012987012987012988,0.5666666666666667,0.3845426613093831
0.10313901345291479,0.5995492111194576,0.0,0.0,0.0,0.03616166390924131
0.05829596412556053,0.47069872276483693,0.0,0.012987012987012988,0.03333333333333333,0.02765303710706689
0.1412556053811659,0.5574755822689692,0.0125,0.012987012987012988,0.5666666666666667,0.17891751359016783
0.3609865470852018,0.37678437265214093,0.45,0.012987012987012988,0.5666666666666667,0.5031907350508155
0.12107623318385649,0.7205108940646117,0.0,0.0,0.0,0.02907114157409596
0.0,0.3564988730277978,0.0,0.0,0.0,0.23587804301583548
0.20179372197309414,0.38129226145754913,0.0,0.025974025974025976,0.03333333333333333,0.08934058142283148
0.0,0.5875281743050316,0.0,0.0,0.03333333333333333,0.0099267312692035
0.1053811659192825,0.5030052592036043,0.0,0.0,0.03333333333333333,0.053651619002599855
0.2130044843049327,0.43238166791885746,0.0,0.0,0.6,0.17442684944457576
0.1973094170403587,0.37340345604808256,0.0,0.025974025974025976,0.6,0.21838808792247696
0.34529147982062774,0.8001502629601784,0.0,0.0,0.0,0.038288820609784925
0.0,0.601427498121712,0.0,0.0,0.03333333333333333,0.02788938785157173
0.3609865470852018,0.49361382419233557,0.6875,0.012987012987012988,0.6333333333333333,0.6577641219569842
0.0,0.6919609316303514,0.0,0.0,0.03333333333333333,0.07610493973056015
0.0695067264573991,0.5323065364387656,0.0,0.025974025974025976,0.0,0.06594185771685182
0.2309417040358744,0.6254695717505623,0.0,0.0,0.6,0.16497281966438196
0.17040358744394618,0.6498873027798631,0.0,0.0,0.03333333333333333,0.020798865516426374
0.07623318385650224,0.5398196844477834,0.0,0.0,0.0,0.03734341763176554
0.1412556053811659,0.6198347107438007,0.0,0.0,0.6,0.16284566296383834
0.08295964125560537,0.49924868519909715,0.0,0.0,0.03333333333333333,0.054124320491609555
0.0,0.3918106686701712,0.0,0.0,0.0,0.010399432758213189
0.15246636771300448,0.6506386175807659,0.0,0.0,0.0,0.031907350508154096
0.16816143497757846,0.6333583771600289,0.0,0.0,0.03333333333333333,0.020089813282911838
0.0,0.6029301277235142,0.0,0.0,0.03333333333333333,0.01914441030489246
0.1412556053811659,0.5972952667167526,0.0,0.0,0.03333333333333333,0.024580477428503895
0.28475336322869954,0.40007513148008833,0.47500000000000003,0.025974025974025976,0.6,0.4535570787047979
0.11883408071748877,0.5976709241172031,0.025,0.025974025974025976,0.0,0.06877806665090996
0.19955156950672642,0.5202854996243413,0.0,0.012987012987012988,0.03333333333333333,0.03639801465374616
0.09417040358744394,0.5713749060856479,0.0,0.012987012987012988,0.6,0.1505554242495864
0.34753363228699546,0.6859504132231393,0.0,0.0,0.6333333333333333,0.22760576695816592
0.10986547085201794,0.7809917355371887,0.0,0.0,0.0,0.03521626093122193
0.2130044843049327,0.6765589782118688,0.0,0.012987012987012988,0.0,0.06357835027180336
0.0,0.7299023290758804,0.0,0.0,0.6,0.1489009690380525
0.07847533632286996,0.4729526671675419,0.0,0.0,0.6,0.14464665563696527
0.0695067264573991,0.5383170548459795,0.0,0.0,0.6333333333333333,0.2852753486173481
0.18385650224215247,0.5229151014274969,0.0,0.0,0.5666666666666667,0.19333490900496336
0.13004484304932734,0.5582268970698703,0.025,0.0,0.6333333333333333,0.2973292365870952
0.23318385650224213,0.528925619834709,0.0,0.0,0.9333333333333333,0.23398723705979674
0.07399103139013452,0.47783621337340243,0.0,0.27272727272727276,0.6,0.30914677381233746
0.2825112107623318,0.5706235912847468,0.0,0.012987012987012988,0.0,0.02528952966201843
0.16816143497757846,0.42524417731029196,0.0,0.0,0.0,0.0846135665327346
0.07623318385650224,0.5398196844477834,0.0,0.012987012987012988,0.6,0.15173717797211064
0.20627802690582958,0.4785875281743035,0.0,0.0,0.6,0.19593476719451666
0.08071748878923765,0.3493613824192323,0.0,0.0,0.0,0.03379815646419286
0.07623318385650224,0.5845229151014273,0.0,0.012987012987012988,0.6333333333333333,0.15670054360671234
0.0,0.5950413223140494,0.0,0.0,0.0,0.023871425194989367
0.09192825112107623,0.44515401953418454,0.0,0.38961038961038963,0.5666666666666667,0.3590167809028598
0.11883408071748877,0.5187828700225392,0.0,0.0,0.5666666666666667,0.15008272276057671
0.10986547085201794,0.696844477836212,0.0,0.0,0.0,0.030961947530134717
0.18609865470852016,0.6942148760330564,0.0,0.012987012987012988,0.6333333333333333,0.17702670763412906
0.0,0.5011269722013516,0.0,0.0,0.6333333333333333,0.14062869298038289
0.10313901345291479,0.8719008264462786,0.0,0.012987012987012988,0.0,0.02907114157409596
0.2130044843049327,0.4868519909842206,0.0,0.0,0.7,0.22476955802410778
0.10313901345291479,0.5800150262960173,0.0,0.0,0.0,0.04939730560151264
0.08295964125560537,0.5931630353117949,0.0,0.0,0.6,0.15126447648310093
0.11210762331838564,0.6622839969947396,0.0,0.0,0.0,0.04963365634601749
0.13677130044843047,0.48948159278737613,0.0,0.0,0.5666666666666667,0.2904750649964547
0.0,0.7175056348610056,0.0,0.0,0.0,0.018671708815882766
0.0,0.7389181066867003,0.0,0.0,0.03333333333333333,0.021507917749940916
0.07399103139013452,0.4947407963936872,0.0,0.0,0.03333333333333333,0.021507917749940916
0.3946188340807174,0.5601051840721247,0.0,0.0,0.43333333333333335,0.11297565587331601
0.0,0.6100676183320797,0.0,0.0,0.03333333333333333,0.021980619238950602
0.08520179372197309,0.5935386927122455,0.0,0.0,0.0,0.020798865516426374
0.07623318385650224,0.5202854996243413,0.0,0.0,0.0,0.04348853698889151
0.39910313901345285,0.5225394440270463,0.0125,0.012987012987012988,0.03333333333333333,0.04703379815646419
0.0,0.6765589782118688,0.0,0.0,0.03333333333333333,0.021035216260931223
0.08295964125560537,0.44628099173553615,0.0,0.0,0.0,0.0737414322855117
0.0,0.6712997746055596,0.0,0.0,0.03333333333333333,0.00047270148900968936
0.10762331838565022,0.6209616829451523,0.0,0.0,0.6333333333333333,0.15717324509572206
0.15246636771300448,0.3790383170548459,0.0,0.012987012987012988,0.6,0.17584495391160485
0.05605381165919282,0.596168294515401,0.47500000000000003,0.0,0.6,0.43181281021035217
0.23991031390134526,0.3354620586025536,0.0,0.0,0.0,0.024344126683999052
0.06502242152466367,0.53418482344102,0.0,0.0,0.0,0.019617111793902152
0.15246636771300448,0.7250187828700216,0.0,0.0,0.0,0.03048924604112503
0.210762331838565,0.4353869271224635,0.0,0.0,0.5666666666666667,0.1604821555187899
0.25784753363228696,0.18519909842223647,0.0,0.4545454545454546,0.5333333333333333,0.6556369652564407
0.0,0.4917355371900811,0.0,0.0,0.03333333333333333,0.00023635074450484468
0.0,0.634861006761831,0.0,0.0,0.0,0.016308201370834316
0.051569506726457395,0.5123966942148748,0.0,0.0,0.0,0.08130465610966675
0.0,0.7422990232907569,0.0,0.0,0.03333333333333333,0.018908059560387616
0.34753363228699546,0.3549962434259939,0.0,0.025974025974025976,0.0,0.03781611912077523
0.2286995515695067,0.4583020285499604,0.0,0.012987012987012988,0.36666666666666664,0.11321200661782085
0.0,0.7299023290758804,0.0125,0.0,0.6333333333333333,0.2848026471283384
0.15022421524663676,0.7535687453042819,0.0,0.0,0.03333333333333333,0.030961947530134717
0.0,0.39293764087152283,0.0,0.0,0.5666666666666667,0.21956984164500118
0.1390134529147982,0.5033809166040548,0.0,0.012987012987012988,0.6,0.2744032143701252
0.12780269058295962,0.5093914350112687,0.0,0.0,0.03333333333333333,0.021035216260931223
0.3251121076233183,0.2787377911344837,0.0125,0.2337662337662338,0.5333333333333333,0.28314819191680457
0.09192825112107623,0.5762584522915084,0.0,0.0,0.0,0.013471992436776175
0.0,0.5852742299023284,0.0,0.0,0.03333333333333333,0.03001654455211534
0.3251121076233183,0.5432006010518382,0.0,0.012987012987012988,0.0,0.04348853698889151
0.11883408071748877,0.6761833208114183,0.0,0.0,0.03333333333333333,0.021507917749940916
0.07847533632286996,0.47783621337340243,0.0,0.0,0.6,0.2075159536752541
0.0,0.5995492111194576,0.0,0.0,0.0,0.0099267312692035
0.0,0.4316303531179546,0.0125,0.0,0.5666666666666667,0.15977310328527536
0.11883408071748877,0.47445529676934584,0.0125,0.0,0.0,0.018671708815882766
0.3632286995515695,0.6018031555221626,0.0,0.025974025974025976,0.6333333333333333,0.16969983455447885
0.13452914798206275,0.584147257700975,0.0,0.0,0.0,0.10683053651619002
0.19955156950672642,0.2396694214876014,0.0,0.0,0.5666666666666667,0.14133774521389744
0.16367713004484302,0.5537190082644603,0.0,0.0,0.03333333333333333,0.0768139919640747
0.2600896860986547,0.5323065364387656,0.0,0.012987012987012988,0.0,0.03687071614275585
0.34529147982062774,0.38129226145754913,0.0125,0.012987012987012988,0.5666666666666667,0.36374379579295674
0.26681614349775784,0.7317806160781348,0.0,0.012987012987012988,0.03333333333333333,0.05554242495863863
0.2645739910313901,0.6333583771600289,0.0,0.025974025974025976,0.0,0.02788938785157173
0.06726457399103138,0.6134485349361363,0.0,0.0,0.0,0.02765303710706689
0.24215246636771298,0.46018031555221484,0.0,0.0,0.0,0.038997872843299454
0.13452914798206275,0.637114951164536,0.0,0.0,0.0,0.02788938785157173
0.0,0.44515401953418454,0.0,0.0,0.0,0.015835499881824623
0.0,0.5860255447032294,0.0,0.0,0.0,0.14251949893642166
0.06502242152466367,0.646882043576257,0.0,0.0,0.03333333333333333,0.015362798392814936
0.1412556053811659,0.27798647633358264,0.4625,0.0,0.6,0.5107539588749705
0.05829596412556053,0.5150262960180303,0.0,0.0,0.0,0.17962656582368236
0.051569506726457395,0.661157024793388,0.0,0.012987012987012988,0.0,0.02505317891751359
0.06502242152466367,0.6010518407212615,0.0,0.0,0.6,0.14346490191444103
0.11434977578475335,0.6123215627347847,0.0,0.0,0.0,0.014417395414795557
0.060538116591928245,0.5315552216378645,0.0,0.0,0.6333333333333333,0.14701016308201373
0.1771300448430493,0.45905334335086323,0.0,0.025974025974025976,0.6,0.1812810210352163
0.13452914798206275,0.5063861758076627,0.0,0.0,0.6,0.13991964074686836
0.07847533632286996,0.47896318557475404,0.0,0.0,0.0,0.02788938785157173
0.08295964125560537,0.4947407963936872,0.0,0.37662337662337664,0.0,0.39588749704561566
0.23542600896860982,0.5432006010518382,0.0,0.0,0.6,0.2117702670763413
0.0,0.5905334335086394,0.0,0.0,0.03333333333333333,0.16213661073032382
0.11883408071748877,0.7137490608564985,0.0,0.012987012987012988,0.03333333333333333,0.0314346490191444
0.08520179372197309,0.4102178812922599,0.0,0.0,0.5666666666666667,0.15008272276057671
0.0,0.8185574755822671,0.0,0.0,0.6333333333333333,0.15977310328527536
0.0,0.4196093163035304,0.0,0.0,0.6,0.3294729378397542
0.11434977578475335,0.6893313298271959,0.0,0.025974025974025976,0.03333333333333333,0.02292602221696998
0.06278026905829596,0.48271975957926294,0.0,0.0,0.5666666666666667,0.27700307255967854
0.2219730941704036,0.7400450788880519,0.0,0.0,0.0,0.06735996218388089
0.0,0.6652892561983457,0.0,0.012987012987012988,0.0,0.031198298274639567
0.15246636771300448,0.5860255447032294,0.0,0.0,0.6333333333333333,0.34814464665563694
0.08520179372197309,0.4868519909842206,0.0,0.0,0.6,0.16851808083195463
0.11210762331838564,0.48760330578512345,0.0,0.0,0.0,0.20255258804065235
0.0,0.5713749060856479,0.0,0.0,0.03333333333333333,0.00047270148900968936
0.2780269058295964,0.692336589030802,0.0,0.0,0.0,0.0392342235878043
0.25560538116591924,0.5469571750563471,0.0,0.0,0.0,0.03214370125265894
0.23766816143497754,0.3256949661908326,0.0,0.012987012987012988,0.03333333333333333,0.03332545497518317
0.0,0.6145755071374897,0.0,0.0,0.0,0.038288820609784925
0.07623318385650224,0.5837716003005244,0.0,0.0,0.0,0.02647128338454266
0.13004484304932734,0.6326070623591278,0.0,0.0,0.0,0.03214370125265894
0.09641255605381165,0.5875281743050316,0.0125,0.0,0.6,0.16473646891987712
0.2623318385650224,0.6141998497370391,0.0,0.012987012987012988,0.6333333333333333,0.1751359016780903
0.12107623318385649,0.4353869271224635,0.0,0.0,0.6,0.23753249822736944
0.2533632286995516,0.5210368144252442,0.0,0.0,0.03333333333333333,0.055306074214133784
0.31838565022421517,0.5492111194590521,0.0,0.012987012987012988,0.6333333333333333,0.17419049870007092
0.12331838565022421,0.3583771600300505,0.0,0.0,0.0,0.03947057433230914
0.226457399103139,0.7006010518407191,0.0,0.012987012987012988,0.0,0.036634365398251004
0.5426008968609864,0.47332832456799245,0.0,0.025974025974025976,0.4,0.12006617820846138
0.0,0.4800901577761074,0.0,0.0,0.5666666666666667,0.27889387851571734
0.12556053811659193,0.32945154019533973,0.0,0.0,0.0,0.04207043252186244
0.11883408071748877,0.5702479338842963,0.0,0.012987012987012988,0.0,0.01819900732687308
0.0,0.5353117956423734,0.0,0.0,0.0,0.023398723705979674
0.0,0.4996243425995477,0.0,0.0,0.6,0.1760813046561097
0.0695067264573991,0.5845229151014273,0.0,0.0,0.03333333333333333,0.04490664145592059
0.2713004484304932,0.49211119459053165,0.48750000000000004,0.0,0.6,0.4866461829354762
0.1748878923766816,0.9913598797896306,0.0,0.012987012987012988,0.0,0.07326873079650201
0.1547085201793722,0.48760330578512345,0.0,0.0,0.0,0.03261640274166863
0.39910313901345285,0.46168294515401875,0.0125,0.012987012987012988,0.0,0.25974946821082484
0.0,0.5522163786626582,0.0,0.0,0.6333333333333333,0.16331836445284803
0.12331838565022421,0.6247182569496612,0.0,0.0,0.0,0.06239659654927913
0.1547085201793722,0.6172051089406452,0.0,0.0,0.03333333333333333,0.019617111793902152
0.0695067264573991,0.3410969196093152,0.0,0.0,0.5666666666666667,0.46324745922949656
0.1053811659192825,0.8478587528174284,0.025,0.025974025974025976,0.6333333333333333,0.1678090285984401
0.11434977578475335,0.5379413974455289,0.0,0.0,0.03333333333333333,0.015126447648310089
0.0,0.8880540946656641,0.0,0.0,0.03333333333333333,0.020798865516426374
0.0,0.44515401953418454,0.0,0.0,0.0,0.19309855826045852
0.0,0.432757325319308,0.0,0.0,0.03333333333333333,0.10564878279366581
0.12107623318385649,0.5371900826446261,0.0,0.012987012987012988,0.0,0.06003308910423067
0.12331838565022421,0.6356123215627338,0.0,0.025974025974025976,0.0,0.0789411486646183
0.24215246636771298,0.7558226897069868,0.0,0.0,0.0,0.04372488773339636
0.12556053811659193,0.6882043576258443,0.0,0.0,0.0,0.028362089340581424
0.05829596412556053,0.469196093163033,0.0,0.0,0.6,0.1505554242495864
0.28699551569506726,0.6671675432006001,0.0,0.012987012987012988,0.03333333333333333,0.03048924604112503
0.23318385650224213,0.6581517655897802,0.0,0.0,0.03333333333333333,0.04112502954384306
0.0,0.6712997746055596,0.0125,0.0,0.6,0.21318837154337036
0.2443946188340807,0.6788129226145738,0.0,0.0,0.0,0.023398723705979674
0.26681614349775784,0.7896318557475563,0.0,0.0,0.0,0.10588513353817065
0.0,0.5360631104432745,0.0,0.0,0.0,0.17702670763412906
0.28475336322869954,0.41585274229902147,0.0,0.0,0.0,0.18648073741432286
0.2600896860986547,0.5909090909090899,0.0,0.012987012987012988,0.03333333333333333,0.027180335618057196
0.18609865470852016,0.45229151014274827,0.0,0.025974025974025976,0.0,0.04727014890096903
0.12331838565022421,0.5338091660405695,0.0,0.025974025974025976,0.0,0.019380761049397302
0.11434977578475335,0.5698722764838458,0.0,0.012987012987012988,0.0,0.02907114157409596
0.0,0.535687453042824,0.0125,0.0,0.6333333333333333,0.2985109903096195
0.0,0.6359879789631844,0.0,0.0,0.0,0.022689671472465138
0.4237668161434977,0.48610067618331954,0.0,0.012987012987012988,0.03333333333333333,0.06570550697234696
0.08968609865470852,0.5349361382419211,0.0,0.0,0.6,0.14819191680453794
0.12107623318385649,0.605935386927122,0.0,0.0,0.6,0.1600094540297802
0.08295964125560537,0.5323065364387656,0.0,0.0,0.4,0.2848026471283384
0.2309417040358744,0.8354620586025518,0.0,0.025974025974025976,0.0,0.042779484755376976
0.0,0.7975206611570229,0.0,0.0,0.0,0.019853462538406995
0.10986547085201794,0.11945905334334839,0.4375,0.0,0.5333333333333333,0.432049160954857
0.08520179372197309,0.5555972952667148,0.0,0.012987012987012988,0.03333333333333333,0.06570550697234696
0.23991031390134526,0.5533433508640115,0.0,0.0,0.0,0.04348853698889151
0.0,0.652141247182568,0.025,0.0,0.6333333333333333,0.1578822973292366
0.1053811659192825,0.4395191585274212,0.0,0.0,0.0,0.06145119357125974
0.0,0.5905334335086394,0.0,0.0,0.0,0.016308201370834316
0.34753363228699546,0.6318557475582249,0.0,0.0,0.6,0.20042543134010873
0.06278026905829596,0.6299774605559705,0.0,0.0,0.6333333333333333,0.15599149137319782
0.0,0.7757325319308777,0.0,0.0,0.6333333333333333,0.15410068541715907
0.0,0.5495867768595026,0.0,0.0,0.0,0.1401559914913732
0.0,0.5661157024793368,0.0,0.0,0.0,0.2023162372961475
0.210762331838565,0.36025544703230494,0.0,0.025974025974025976,0.0,0.1276294020326164
0.0695067264573991,0.6006761833208092,0.0,0.0,0.0,0.03427085795320255
0.12780269058295962,0.815552216378661,0.0,0.012987012987012988,0.03333333333333333,0.029307492318600803
0.0695067264573991,0.6528925619834691,0.0,0.012987012987012988,0.6,0.1538643346726542
0.0695067264573991,0.5030052592036043,0.0,0.0,0.6,0.14062869298038289
0.08968609865470852,0.696844477836212,0.0,0.025974025974025976,0.0,0.07279602930749232
0.11659192825112107,0.6652892561983457,0.0,0.0,0.0,0.038052469865280075
0.06278026905829596,0.5247933884297513,0.0,0.012987012987012988,0.6,0.14984637201607187
0.0,0.6239669421487584,0.0,0.0,0.6333333333333333,0.21247931930985584
0.09192825112107623,0.483471074380164,0.0,0.0,0.03333333333333333,0.020326164027416688
0.06502242152466367,0.5007513148008993,0.0,0.0,0.6,0.1538643346726542
0.43049327354260086,0.6021788129226131,0.0,0.0,0.4,0.1385015362798393
0.13677130044843047,0.6367392937640854,0.0,0.0,0.03333333333333333,0.019617111793902152
0.0,0.5428249436513877,0.0,0.0,0.6,0.14157409595840229
0.19955156950672642,0.38542449286250857,0.0,0.48051948051948057,0.6,0.5086268021744269
0.06726457399103138,0.40383170548459724,0.47500000000000003,0.0,0.6,0.5790593240368708
0.0,0.6006761833208092,0.0,0.0,0.0,0.016544552115339166
0.25784753363228696,0.5127723516153253,0.0,0.012987012987012988,0.0,0.03876152209879461
0.2600896860986547,0.7009767092411714,0.025,0.012987012987012988,0.6,0.1871897896478374
0.2219730941704036,0.5601051840721247,0.0,0.0,0.0,0.045379342944930276
0.08968609865470852,0.8226897069872265,0.0,0.0,0.0,0.026707634129047503
0.06726457399103138,0.39293764087152283,0.0,0.0,0.0,0.1871897896478374
0.0,0.5931630353117949,0.0,0.0,0.03333333333333333,0.04254313401087213
0.4775784753363228,0.5127723516153253,0.0,0.0,0.03333333333333333,0.10470337981564642
0.1053811659192825,0.5424492862509389,0.0,0.0,0.0,0.03734341763176554
0.14798206278026904,0.7103681442524401,0.0,0.0,0.0,0.03379815646419286
0.1614349775784753,0.5649887302779852,0.0,0.0,0.03333333333333333,0.020798865516426374
0.0,0.6821938392186322,0.0,0.0,0.0,0.016544552115339166
0.5224215246636771,0.4883546205860245,0.0,0.012987012987012988,0.6,0.19262585677144883
0.2914798206278027,0.6006761833208092,0.0,0.012987012987012988,0.03333333333333333,0.030725596785629875
0.30269058295964124,0.6867017280240404,0.1875,0.025974025974025976,0.6333333333333333,0.30583786338926966
0.07623318385650224,0.6048084147257686,0.0,0.0,0.0,0.025525880406523274
0.11434977578475335,0.5086401202103676,0.0,0.0,0.6,0.22358780430158356
0.1905829596412556,0.41172051089406203,0.0,0.0,0.0,0.28385724415031904
0.0,0.6848234410217859,0.0,0.0,0.03333333333333333,0.021035216260931223
0.25112107623318386,0.5717505634861002,0.0,0.0,0.0,0.025998581895532967
0.2645739910313901,0.6942148760330564,0.0,0.012987012987012988,0.03333333333333333,0.0418340817773576
0.0,0.47708489857250136,0.0,0.0,0.0,0.2585677144883006
0.0,0.6660405709992467,0.0,0.0,0.0,0.02528952966201843
0.12556053811659193,0.4526671675431988,0.0,0.0,0.0,0.026943984873552346
0.0,0.7524417731029285,0.0,0.0,0.0,0.038052469865280075
0.2690582959641255,0.5056348610067598,0.0,0.0,0.6,0.15291893169463486
0.0,0.471450037565738,0.0,0.0,0.5666666666666667,0.14606476010399433
0.10089686098654707,0.3516153268219373,0.4625,0.0,0.0,0.38052469865280075
0.2914798206278027,0.6697971450037556,0.0,0.0,0.03333333333333333,0.09004963365634602
0.06726457399103138,0.34372652141247073,0.4625,0.0,0.5666666666666667,0.4932640037816119
0.12331838565022421,0.33245679939894757,0.0,0.0,0.0,0.0172536043488537
0.11659192825112107,0.7009767092411714,0.0,0.012987012987012988,0.03333333333333333,0.022216969983455445
0.1547085201793722,0.5567242674680681,0.0,0.025974025974025976,0.6,0.17489955093358545
0.2645739910313901,0.5687453042824924,0.0,0.0,0.03333333333333333,0.03025289529662018
0.0,0.35687453042824835,0.4375,0.0,0.5666666666666667,0.5842590404159774
0.5739910313901345,0.587152516904581,0.0,0.012987012987012988,0.0,0.08532261876624912
0.2690582959641255,0.5383170548459795,0.0125,0.012987012987012988,0.6,0.21980619238950602
0.07847533632286996,0.5563486100676176,0.0,0.0,0.0,0.027180335618057196
0.05605381165919282,0.6157024793388413,0.0,0.0,0.0,0.02316237296147483
0.060538116591928245,0.21337340345604616,0.45,0.0,0.5333333333333333,0.5930040179626567
0.2645739910313901,0.5199098422238908,0.0,0.012987012987012988,0.0,0.034034507208697704
0.0,0.3264462809917337,0.0,0.0,0.0,0.0025998581895532967
0.12556053811659193,0.5634861006761831,0.0,0.0,0.0,0.031907350508154096
0.22421524663677128,0.5345604808414706,0.0,0.012987012987012988,0.6,0.28173008744977546
0.0874439461883408,0.4552967693463561,0.0125,0.0,0.6,0.15504608839517844
0.09417040358744394,0.4635612321562732,0.0,0.0,0.5666666666666667,0.15291893169463486
0.05381165919282511,0.5078888054094648,0.0,0.0,0.6,0.14086504372488776
0.11883408071748877,0.5503380916604037,0.0,0.012987012987012988,0.03333333333333333,0.022689671472465138
0.4170403587443946,0.47896318557475404,0.0,0.012987012987012988,0.6,0.1812810210352163
0.14349775784753363,0.6085649887302758,0.0,0.0,0.03333333333333333,0.05766958165918221
0.23991031390134526,0.4872276483846729,0.025,0.0,0.6333333333333333,0.16071850626329473
0.09417040358744394,0.44064613072877457,0.0,0.0,0.0,0.17371779721106123
0.0,0.5296769346356118,0.0,0.0,0.03333333333333333,0.03261640274166863
0.0,0.5281743050338079,0.0,0.012987012987012988,0.0,0.02316237296147483
0.13228699551569506,0.5112697220135214,0.0,0.0,0.6333333333333333,0.1678090285984401
0.11434977578475335,0.45116453794139666,0.0,0.0,0.0,0.01229023871425195
0.08295964125560537,0.41209616829451434,0.0,0.0,0.5666666666666667,0.1909714015599149
0.07847533632286996,0.4973703981968427,0.0,0.0,0.0,0.023398723705979674
0.46412556053811654,0.308039068369645,0.0,0.012987012987012988,0.5666666666666667,0.3037107066887261
0.0,0.3238166791885799,0.0,0.0,0.0,0.004017962656582368
0.2645739910313901,0.4571750563486088,0.0,0.025974025974025976,0.03333333333333333,0.03970692507681399
0.10986547085201794,0.428249436513898,0.0,0.012987012987012988,0.03333333333333333,0.253367998109194
0.11434977578475335,0.4444027047332817,0.0,0.0,0.03333333333333333,0.09997636492554952
0.0,0.3764087152516886,0.0,0.012987012987012988,0.0,0.005908768612621129
0.09641255605381165,0.34297520661156966,0.0,0.012987012987012988,0.6,0.17537225242259513
0.35650224215246634,0.4135987978963165,0.0,0.025974025974025976,0.03333333333333333,0.1453557078704798
0.10762331838565022,0.591660405709991,0.0,0.0,0.0,0.034034507208697704
0.13452914798206275,0.6810668670172788,0.0,0.0,0.03333333333333333,0.03261640274166863
0.11210762331838564,0.7148760330578501,0.0,0.0,0.0,0.0815410068541716
0.4237668161434977,0.48384673178061455,0.0,0.025974025974025976,0.6,0.22760576695816592
0.2802690582959641,0.7122464312546946,0.0,0.0,0.03333333333333333,0.12219333490900497
0.0,0.6006761833208092,0.0,0.012987012987012988,0.0,0.13779248404632474
0.0695067264573991,0.389556724267468,0.0,0.025974025974025976,0.0,0.0314346490191444
0.4461883408071749,0.5180315552216364,0.0,0.0,0.03333333333333333,0.0444339399669109
0.06502242152466367,0.4105935386927104,0.0,0.0,0.0,0.06806901441739542
0.14573991031390135,0.35800150262960173,0.0,0.0,0.5666666666666667,0.3337272512408414
0.17264573991031387,0.5668670172802397,0.0,0.0,0.13333333333333333,0.14299220042543134
0.0,0.2971450037565724,0.0,0.4675324675324676,0.5666666666666667,0.465610966674545
0.09641255605381165,0.5969196093163021,0.0,0.0,0.6,0.16213661073032382
0.18161434977578475,0.7577009767092395,0.0,0.0,0.03333333333333333,0.03781611912077523
0.36771300448430494,0.7099924868519896,0.0,0.012987012987012988,0.16666666666666666,0.06357835027180336
0.15246636771300448,0.5815176558978195,0.0,0.012987012987012988,0.03333333333333333,0.03167099976364925
0.06502242152466367,0.4830954169797135,0.0,0.0,0.03333333333333333,0.03025289529662018
0.09641255605381165,0.6649135987978951,0.0,0.012987012987012988,0.0,0.031907350508154096
0.08968609865470852,0.5469571750563471,0.0,0.025974025974025976,0.0,0.02528952966201843
0.12780269058295962,0.5736288504883529,0.0,0.0,0.0,0.017962656582368237
0.05381165919282511,0.5927873779113444,0.0,0.0,0.03333333333333333,0.017017253604348852
0.06502242152466367,0.5090157776108182,0.48750000000000004,0.0,0.6,0.4285038997872843
0.10762331838565022,0.4470323065364372,0.0,0.0,0.03333333333333333,0.061687544315764585
0.10986547085201794,0.6498873027798631,0.0,0.0,0.0,0.026943984873552346
0.16367713004484302,0.646882043576257,0.0,0.012987012987012988,0.0,0.01110848499172772
0.1547085201793722,0.5984222389181042,0.0,0.0,0.03333333333333333,0.15504608839517844
0.0,0.41472577009766987,0.0,0.0,0.0,0.0491609548570078
0.1547085201793722,0.6690458302028546,0.0,0.0,0.0,0.1437012526589459
0.14349775784753363,0.4752066115702469,0.0,0.0,0.0,0.020798865516426374
0.12107623318385649,0.5984222389181042,0.0,0.0,0.6,0.15575514062869297
0.17937219730941703,0.7749812171299766,0.0,0.012987012987012988,0.03333333333333333,0.038997872843299454
0.0,0.535687453042824,0.0,0.0,0.03333333333333333,0.028598440085086267
0.0,0.7186326070623572,0.0,0.0,0.6333333333333333,0.1510281257385961
0.14349775784753363,0.6352366641622833,0.0,0.0,0.03333333333333333,0.009217679035688963
0.0,0.6915852742299009,0.0,0.0,0.0,0.018908059560387616
0.0,0.28061607813673817,0.0,0.0,0.0,0.0025998581895532967
0.09865470852017935,0.7674680691209605,0.0,0.012987012987012988,0.0,0.026943984873552346
0.10089686098654707,0.35800150262960173,0.0,0.012987012987012988,0.6,0.19215315528243915
0.14349775784753363,0.5281743050338079,0.0,0.0,0.0,0.017017253604348852
0.17040358744394618,0.6209616829451523,0.0,0.0,0.0,0.029780193807610496
0.09865470852017935,0.58189331329827,0.0,0.025974025974025976,0.0,0.023871425194989367
0.13677130044843047,0.5811419984973689,0.0,0.0,0.03333333333333333,0.02174426849444576
0.0,0.5875281743050316,0.0,0.0,0.0,0.01678090285984401
0.11659192825112107,0.5037565740045071,0.0,0.0,0.0,0.03356180571968801
0.43049327354260086,0.46168294515401875,0.0,0.012987012987012988,0.0,0.2150791774994091
0.26681614349775784,0.5458302028549955,0.0,0.012987012987012988,0.0,0.024580477428503895
0.10089686098654707,0.6427498121712976,0.0,0.0,0.0,0.03048924604112503
0.34753363228699546,0.41885800150262753,0.0,0.012987012987012988,0.0,0.05057905932403687
0.27354260089686094,0.3985725018782862,0.0,0.012987012987012988,0.6,0.2658945875679508
0.37443946188340804,0.5255447032306524,0.0,0.025974025974025976,0.6333333333333333,0.1730087449775467
0.28475336322869954,0.5631104432757308,0.0,0.0,0.03333333333333333,0.022453320727960295
0.14349775784753363,0.7516904583020274,0.0,0.0,0.0,0.031907350508154096
0.19955156950672642,0.36739293764087044,0.0,0.0,0.6,0.14511935712597496
0.0,0.7182569496619067,0.0,0.0,0.03333333333333333,0.038288820609784925
0.23766816143497754,0.6712997746055596,0.0,0.012987012987012988,0.6333333333333333,0.17064523753249825
0.11659192825112107,0.4030803906836944,0.0125,0.025974025974025976,0.6,0.1720633419995273
0.0,0.6265965439519139,0.0,0.0,0.0,0.015362798392814936
0.2443946188340807,0.6435011269722004,0.0,0.4025974025974026,0.6333333333333333,0.39588749704561566
0.0,0.6615326821938385,0.0,0.0,0.0,0.034507208697707396
0.2286995515695067,0.6085649887302758,0.0,0.0,0.6333333333333333,0.2864571023398723
0.23318385650224213,0.5262960180315535,0.0,0.025974025974025976,0.0,0.3566532734578114
0.2982062780269058,0.6025544703230636,0.0,0.012987012987012988,0.0,0.02883479082959111
0.2085201793721973,0.5003756574004488,0.0,0.0,0.03333333333333333,0.09548570077995747
0.08968609865470852,0.6220886551465057,0.0,0.0,0.6,0.17489955093358545
0.10762331838565022,0.6130728775356857,0.0,0.012987012987012988,0.03333333333333333,0.014417395414795557
0.09417040358744394,0.6006761833208092,0.0,0.012987012987012988,0.0,0.026707634129047503
0.08071748878923765,0.48271975957926294,0.0,0.0,0.03333333333333333,0.03781611912077523
0.05605381165919282,0.5927873779113444,0.025,0.025974025974025976,0.0,0.23233278184826284
0.0,0.5398196844477834,0.0,0.0,0.03333333333333333,0.009454029780193806
0.0,0.5,0.0,0.0,0.6,0.14748286457102341
0.210762331838565,0.43463561232156067,0.0,0.0,0.5666666666666667,0.15670054360671234
0.39910313901345285,0.5443275732531916,0.0,0.012987012987012988,0.6333333333333333,0.2694398487355235
0.0,0.3373403456048063,0.0,0.0,0.0,0.0033089104230678307
0.15919282511210758,0.7302779864763327,0.5,0.0,0.0,0.3665800047270149
0.21973094170403587,0.7858752817430492,0.0,0.012987012987012988,0.0,0.03048924604112503
0.14798206278026904,0.5950413223140494,0.0,0.012987012987012988,0.6333333333333333,0.16331836445284803
0.289237668161435,0.6232156273478573,0.0,0.012987012987012988,0.03333333333333333,0.03521626093122193
0.2130044843049327,0.4763335837715985,0.0,0.0,0.6,0.15197352871661549
0.10986547085201794,0.5229151014274969,0.0,0.012987012987012988,0.0,0.03025289529662018
0.09192825112107623,0.5477084898572482,0.0,0.0,0.03333333333333333,0.01914441030489246
0.21524663677130043,0.41547708489857094,0.0,0.0,0.0,0.19309855826045852
0.16591928251121074,0.6168294515401946,0.0,0.012987012987012988,0.03333333333333333,0.020326164027416688
0.2309417040358744,0.45642374154770593,0.0,0.012987012987012988,0.6,0.16709997636492555
0.1547085201793722,0.6044327573253181,0.0,0.0,0.0,0.01914441030489246
0.0,0.5608564988730258,0.0,0.0,0.03333333333333333,0.0073268730796502025
0.11434977578475335,0.5563486100676176,0.0,0.0,0.0,0.010872134247222878
0.13228699551569506,0.35462058602554336,0.0,0.4545454545454546,0.5666666666666667,0.4003781611912078
0.0,0.885048835462058,0.0,0.0,0.0,0.023398723705979674
0.07174887892376682,0.6329827197595783,0.0,0.0,0.0,0.028362089340581424
0.13677130044843047,0.642374154770847,0.0,0.025974025974025976,0.03333333333333333,0.029543843063105646
0.05605381165919282,0.6930879038317048,0.0,0.0,0.0,0.02292602221696998
0.14349775784753363,0.47558226897069744,0.0,0.012987012987012988,0.0,0.02788938785157173
0.41031390134529144,0.584147257700975,0.0,0.012987012987012988,0.0,0.11297565587331601
0.0,0.546205860255446,0.0,0.0,0.6,0.15150082722760577
0.05381165919282511,0.45642374154770593,0.0,0.0,0.5666666666666667,0.15150082722760577
0.0,0.6810668670172788,0.0,0.0,0.0,0.03616166390924131
0.08520179372197309,0.5,0.0,0.0,0.6,0.1682817300874498
0.08295964125560537,0.5664913598797874,0.0,0.0,0.6,0.16095485700779957
0.2713004484304932,0.5882794891059344,0.0,0.0,0.03333333333333333,0.08248640983219098
0.0695067264573991,0.43801652892561904,0.0,0.0,0.0,0.23091467738123375
0.12556053811659193,0.6378662659654388,0.0,0.0,0.03333333333333333,0.034507208697707396
0.0,0.6412471825694954,0.0,0.0,0.0,0.005436067123611438
0.10762331838565022,0.5206611570247919,0.0,0.0,0.6,0.2280784684471756
0.14573991031390135,0.6735537190082628,0.0,0.0,0.0,0.03332545497518317
0.11434977578475335,0.4819684447783601,0.0,0.0,0.6,0.14062869298038289
0.0,0.5848985725018778,0.0,0.0,0.03333333333333333,0.0172536043488537
0.09192825112107623,0.6115702479338836,0.0,0.0,0.0,0.027180335618057196
0.195067264573991,0.6851990984222365,0.025,0.0,0.6,0.19309855826045852
0.0,0.42299023290758697,0.0,0.0,0.5666666666666667,0.2216969983455448
0.0,0.5293012772351613,0.0,0.0,0.3,0.11581186480737415
0.44843049327354256,0.40420736288504777,0.4625,0.025974025974025976,0.6,0.49775466792720396
0.15919282511210758,0.483471074380164,0.0,0.012987012987012988,0.6,0.14937367052706219
0.24215246636771298,0.4053343350863994,0.0,0.012987012987012988,0.0,0.07492318600803592
0.11210762331838564,0.6810668670172788,0.0,0.0,0.0,0.02883479082959111
0.08071748878923765,0.53418482344102,0.0,0.0,0.6,0.1734814464665564
0.37443946188340804,0.634861006761831,0.0,0.28571428571428575,0.03333333333333333,0.2294965729142047
0.0,0.5879038317054821,0.0,0.0,0.6333333333333333,0.16804537934294494
0.11659192825112107,0.696844477836212,0.0,0.0,0.0,0.0418340817773576
0.16591928251121074,0.42036063110443145,0.0,0.0,0.7666666666666666,0.22831481919168042
0.15919282511210758,0.38617580766340964,0.0,0.0,0.03333333333333333,0.1574095958402269
0.0,0.5056348610067598,0.0,0.0,0.0,0.014653746159300403
0.2085201793721973,0.5822689706987223,0.0,0.012987012987012988,0.03333333333333333,0.027180335618057196
0.060538116591928245,0.7558226897069868,0.0,0.0,0.6333333333333333,0.3174190498700071
0.17937219730941703,0.5676183320811408,0.0,0.025974025974025976,0.0,0.16969983455447885
0.07623318385650224,0.39706987227648227,0.0,0.012987012987012988,0.0,0.020326164027416688
0.2982062780269058,0.4695717505634853,0.0,0.0,0.0,0.07539588749704562
0.1053811659192825,0.6134485349361363,0.0,0.0,0.03333333333333333,0.03167099976364925
0.12331838565022421,0.5676183320811408,0.0,0.0,0.0,0.02765303710706689
0.4753363228699551,0.5176558978211858,0.0125,0.012987012987012988,0.0,0.1349562751122666
0.13677130044843047,0.17543200601051723,0.0125,0.37662337662337664,0.5666666666666667,0.41834081777357596
0.0,0.5642374154770824,0.0,0.0,0.0,0.1437012526589459
0.2623318385650224,0.661157024793388,0.0,0.012987012987012988,0.6333333333333333,0.16615457338690617
0.0,0.8779113448534925,0.0,0.0,0.0,0.046324745922949655
0.0,0.3290758827948892,0.0,0.0,0.0,0.022216969983455445
0.0,0.6119459053343341,0.0,0.0,0.6,0.2349326400378161
0.0,0.5589782118707731,0.0,0.0,0.03333333333333333,0.010399432758213189
0.06278026905829596,0.4526671675431988,0.0,0.0,0.5666666666666667,0.40179626565823684
0.1053811659192825,0.4646882043576248,0.0,0.025974025974025976,0.5666666666666667,0.1531552824391397
0.060538116591928245,0.39068369646881784,0.0,0.012987012987012988,0.5666666666666667,0.22098794611203026
0.0,0.6172051089406452,0.0,0.0,0.03333333333333333,0.009454029780193806
0.23318385650224213,0.5469571750563471,0.0,0.012987012987012988,0.03333333333333333,0.060978492082250056
0.0,0.5912847483095405,0.0,0.0,0.0,0.02765303710706689
0.15022421524663676,0.7674680691209605,0.0,0.0,0.03333333333333333,0.03592531316473647
0.3094170403587444,0.5856498873027789,0.0,0.025974025974025976,0.03333333333333333,0.02907114157409596
0.07623318385650224,0.6220886551465057,0.0,0.0,0.0,0.018908059560387616
0.3094170403587444,0.5717505634861002,0.0,0.012987012987012988,0.0,0.04419758922240605
0.0,0.7107438016528906,0.0,0.0,0.0,0.024580477428503895
0.08295964125560537,0.4729526671675419,0.0,0.025974025974025976,0.0,0.020798865516426374
0.195067264573991,0.4928625093914345,0.0,0.012987012987012988,0.0,0.038997872843299454
0.0,0.5217881292261435,0.0,0.0,0.6,0.14771921531552826
0.10986547085201794,0.5022539444027032,0.0,0.025974025974025976,0.0,0.017726305837863388
0.23991031390134526,0.5326821938392161,0.0,0.025974025974025976,0.03333333333333333,0.10281257385960765
0.11434977578475335,0.5101427498121698,0.0,0.012987012987012988,0.0,0.048688253367998105
0.14573991031390135,0.6979714500375636,0.0,0.012987012987012988,0.03333333333333333,0.015362798392814936
0.0,0.7712246431254695,0.0,0.0,0.03333333333333333,0.019617111793902152
0.0,0.34748309541697964,0.0,0.0,0.5666666666666667,0.4311037579768376
0.1053811659192825,0.6280991735537178,0.0,0.0,0.0,0.04585204443393997
0.0,0.5634861006761831,0.0,0.012987012987012988,0.03333333333333333,0.019853462538406995
0.2802690582959641,0.428249436513898,0.0,0.36363636363636365,0.0,0.27322146064760106
0.13228699551569506,0.6536438767843702,0.0,0.0,0.0,0.1656818718978965
0.0,0.5199098422238908,0.0,0.0,0.6,0.14653746159300404
0.19955156950672642,0.536438767843725,0.0,0.025974025974025976,0.03333333333333333,0.03521626093122193
0.0,0.5191585274229897,0.0,0.0,0.0,0.016308201370834316
0.23766816143497754,0.5984222389181042,0.0,0.012987012987012988,0.6,0.16615457338690617
0.0,0.5281743050338079,0.0,0.0,0.0,0.2075159536752541
0.06726457399103138,0.5826446280991728,0.0,0.0,0.0,0.020326164027416688
0.11210762331838564,0.8238166791885781,0.0,0.012987012987012988,0.03333333333333333,0.03379815646419286
0.07847533632286996,0.469196093163033,0.0,0.0,0.9333333333333333,0.2337508863152919
0.0,0.7843726521412453,0.0,0.0,0.0,0.016544552115339166
0.2623318385650224,0.6893313298271959,0.0,0.0,0.0,0.03781611912077523
0.0,0.2197595792637106,0.0,0.0,0.0,0.03261640274166863
0.24663677130044842,0.634861006761831,0.0,0.012987012987012988,0.03333333333333333,0.037107066887260697
0.0,0.35311795642373944,0.0,0.0,0.6,0.18695343890333255
0.12107623318385649,0.6183320811419968,0.0,0.012987012987012988,0.6333333333333333,0.22146064760103995
0.0,0.644628099173552,0.0,0.0,0.03333333333333333,0.009217679035688963
0.07623318385650224,0.5646130728775347,0.47500000000000003,0.025974025974025976,0.03333333333333333,0.2996927440321437
0.06502242152466367,0.6551465063861741,0.0,0.0,0.0,0.1600094540297802
0.10762331838565022,0.5345604808414706,0.0,0.012987012987012988,0.03333333333333333,0.02907114157409596
0.0695067264573991,0.5815176558978195,0.0,0.0,0.6333333333333333,0.1489009690380525
0.09417040358744394,0.6126972201352352,0.0,0.0,0.03333333333333333,0.03025289529662018
0.07623318385650224,0.7208865514650622,0.0,0.025974025974025976,0.0,0.02647128338454266
0.0,0.4917355371900811,0.0125,0.0,0.6,0.19215315528243915
0.06502242152466367,0.48985725018782666,0.0,0.0,0.0,0.05577877570314347
0.12107623318385649,0.7592036063110417,0.0,0.0,0.0,0.029780193807610496
0.22421524663677128,0.5353117956423734,0.0,0.0,0.03333333333333333,0.037107066887260697
0.09417040358744394,0.5270473328324563,0.0,0.0,0.6333333333333333,0.15504608839517844
0.09865470852017935,0.7847483095416958,0.0125,0.0,0.6333333333333333,0.1673363271094304
0.3789237668161435,0.5304282494365129,0.0,0.012987012987012988,0.36666666666666664,0.1139210588513354
0.0,0.5259203606311029,0.0,0.025974025974025976,0.6,0.15859134956275112
0.1547085201793722,0.35123966942148677,0.0,0.3116883116883117,0.6,0.4036870716142756
0.0,0.5646130728775347,0.0,0.0,0.0,0.02174426849444576
0.07174887892376682,0.5574755822689692,0.0,0.0,0.0,0.02883479082959111
0.11659192825112107,0.5533433508640115,0.0,0.0,0.0,0.015835499881824623
0.07174887892376682,0.4695717505634853,0.0,0.0,0.6,0.14606476010399433
0.1053811659192825,0.4515401953418472,0.0,0.0,0.03333333333333333,0.017726305837863388
0.05381165919282511,0.6303531179564228,0.0,0.0,0.0,0.020089813282911838
0.22421524663677128,0.5758827948910579,0.0,0.0,0.0,0.04112502954384306
0.12331838565022421,0.6232156273478573,0.0,0.0,0.03333333333333333,0.015362798392814936
0.0,0.6694214876033051,0.0,0.0,0.03333333333333333,0.028125738596076574
0.13004484304932734,0.531179564237414,0.0,0.0,0.0,0.021507917749940916
0.08295964125560537,0.44966190833959274,0.0,0.0,0.5666666666666667,0.15220987946112033
0.37668161434977576,0.2892561983471058,0.0125,0.36363636363636365,0.5666666666666667,0.36847081068305365
0.2219730941704036,0.44139744552967564,0.0,0.012987012987012988,0.6,0.1782084613566533
0.13228699551569506,0.5090157776108182,0.0,0.0,0.0,0.02174426849444576
0.4327354260089686,0.5105184072126221,0.0,0.025974025974025976,0.6,0.16757267785393526
0.0,0.5229151014274969,0.0,0.025974025974025976,0.5666666666666667,0.15859134956275112
0.2488789237668161,0.5687453042824924,0.0,0.012987012987012988,0.0,0.03970692507681399
0.2802690582959641,0.2588279489105929,0.0,0.0,0.0,0.18648073741432286
0.2982062780269058,0.6100676183320797,0.0,0.012987012987012988,0.03333333333333333,0.029543843063105646
0.0,0.42749812171299695,0.0,0.0,0.6,0.4462302056251477
0.19955156950672642,0.5905334335086394,0.0,0.0,0.6333333333333333,0.16024580477428504
0.12331838565022421,0.4361382419233646,0.0,0.0,0.6,0.13873788702434414
0.0,0.528925619834709,0.0,0.0,0.6,0.13637437957929568
0.20179372197309414,0.4635612321562732,0.0,0.012987012987012988,0.6,0.16284566296383834
0.43049327354260086,0.4752066115702469,0.0,0.1038961038961039,0.6,0.20822500590876863
0.08071748878923765,0.587152516904581,0.0,0.0,0.0,0.02528952966201843
0.12556053811659193,0.6784372652141233,0.0,0.0,0.0,0.037107066887260697
0.060538116591928245,0.40420736288504777,0.0,0.0,0.5666666666666667,0.13897423776884898
0.12331838565022421,0.5112697220135214,0.0,0.012987012987012988,0.0,0.03852517135428977
0.24663677130044842,0.3516153268219373,0.0,0.012987012987012988,0.5666666666666667,0.2027889387851572
0.28475336322869954,0.6029301277235142,0.0,0.0,0.0,0.15220987946112033
0.0,0.5473328324567976,0.0,0.0,0.03333333333333333,0.06050579059324037
0.23542600896860982,0.5995492111194576,0.0,0.012987012987012988,0.6,0.1652091704088868
0.09641255605381165,0.40871525169045775,0.0,0.025974025974025976,0.0,0.13377452138974238
0.0,0.4913598797896306,0.0,0.0,0.0,0.004017962656582368
0.2488789237668161,0.7028549962434241,0.0125,0.0,0.0,0.10493973056015127
0.15695067264573992,0.5976709241172031,0.0,0.0,0.0,0.18269912550224535
0.10762331838565022,0.4808414725770085,0.0,0.0,0.03333333333333333,0.015835499881824623
0.07847533632286996,0.6040570999248676,0.0,0.025974025974025976,0.6,0.16402741668636256
0.0,0.5732531930879023,0.0,0.0,0.0,0.024107775939494203
0.13677130044843047,0.6630353117956407,0.1125,0.0,0.6,0.23918695343890334
0.14798206278026904,0.5773854244928618,0.0,0.0,0.0,0.19735287166154575
0.12107623318385649,0.6615326821938385,0.0,0.025974025974025976,0.03333333333333333,0.03852517135428977
0.31390134529147984,0.264838467317805,0.0,0.48051948051948057,0.03333333333333333,0.29425667690853224
0.0,0.6652892561983457,0.0,0.0,0.03333333333333333,0.02883479082959111
0.13677130044843047,0.5090157776108182,0.0,0.0,0.6,0.1975892224060506
0.35874439461883406,0.5976709241172031,0.0,0.025974025974025976,0.0,0.0517608130465611
0.0,0.7933884297520652,0.0,0.0,0.0,0.036634365398251004
0.4192825112107623,0.1833208114199838,0.45,0.012987012987012988,0.5666666666666667,0.5480973765067361
0.20403587443946186,0.5405709992486845,0.0,0.0,0.4,0.09004963365634602
0.2623318385650224,0.522163786626594,0.0,0.025974025974025976,0.36666666666666664,0.096194753013472
0.1412556053811659,0.5976709241172031,0.0,0.025974025974025976,0.03333333333333333,0.1344835736232569
0.07623318385650224,0.19196093163035144,0.0,0.0,0.5333333333333333,0.13046561096667456
0.0,0.7329075882794882,0.0,0.0,0.0,0.016544552115339166
0.0695067264573991,0.2577009767092395,0.0,0.4545454545454546,0.0,0.2715670054360671
0.3968609865470851,0.5578512396694197,0.0,0.012987012987012988,0.6333333333333333,0.23280548333727252
0.08968609865470852,0.634861006761831,0.0,0.012987012987012988,0.6333333333333333,0.15504608839517844
0.0,0.5848985725018778,0.0,0.0,0.0,0.0099267312692035
0.39237668161434974,0.5833959429000739,0.0,0.012987012987012988,0.03333333333333333,0.03970692507681399
0.08968609865470852,0.6243425995492107,0.0,0.012987012987012988,0.0,0.025525880406523274
0.1547085201793722,0.603681442524417,0.0,0.0,0.0,0.014890096903805246
0.3878923766816143,0.3354620586025536,0.05,0.36363636363636365,0.6,0.40345072086977074
0.6367713004484303,0.4470323065364372,0.0,0.05194805194805195,0.0,0.08697707397778302
0.0,0.5533433508640115,0.0,0.0,0.0,0.00023635074450484468
0.11210762331838564,0.4609316303531159,0.0,0.012987012987012988,0.03333333333333333,0.02765303710706689
0.20403587443946186,0.20060105184072086,0.0,0.012987012987012988,0.03333333333333333,0.18435358071377925
0.0,0.7201352366641611,0.0,0.0,0.03333333333333333,0.019380761049397302
0.07399103139013452,0.7036063110443269,0.0,0.0,0.0,0.02741668636256204
0.17040358744394618,0.6183320811419968,0.0,0.0,0.0,0.019380761049397302
0.05381165919282511,0.4342599549211119,0.0,0.012987012987012988,0.03333333333333333,0.0914677381233751
0.2713004484304932,0.6788129226145738,0.0,0.025974025974025976,0.6333333333333333,0.178681162845663
0.05381165919282511,0.5435762584522905,0.0,0.0,0.03333333333333333,0.11746632001890808
0.20403587443946186,0.497746055597295,0.0,0.0,0.0,0.398487355235169
0.07623318385650224,0.4924868519909822,0.0,0.0,0.6,0.2337508863152919
0.09641255605381165,0.5270473328324563,0.0,0.012987012987012988,0.6,0.15362798392814936
0.06726457399103138,0.4823441021788124,0.0,0.0,0.5666666666666667,0.39423304183408175
0.0,0.6863260706235899,0.0,0.0,0.03333333333333333,0.047742850389978726
0.25784753363228696,0.5762584522915084,0.0,0.0,0.0,0.04490664145592059
0.2309417040358744,0.39444027047332675,0.0,0.0,0.36666666666666664,0.09264949184589932
0.06726457399103138,0.5037565740045071,0.0,0.012987012987012988,0.6,0.1531552824391397
0.11210762331838564,0.46844477836213194,0.0,0.0,0.6,0.16757267785393526
0.0,0.5623591284748297,0.0,0.0,0.0,0.1375561333018199
0.0,0.45642374154770593,0.0,0.0,0.6,0.2904750649964547
0.2219730941704036,0.49098422238918005,0.0,0.0,0.6,0.16497281966438196
0.15919282511210758,0.4094665664913588,0.325,0.5064935064935066,0.5666666666666667,0.5904041597731033
0.0,0.6096919609316291,0.0,0.0,0.6,0.14866461829354763
0.2623318385650224,0.58189331329827,0.0,0.0,0.03333333333333333,0.02623493264003781
0.35874439461883406,0.651389932381667,0.025,0.025974025974025976,0.0,0.0491609548570078
0.18609865470852016,0.643876784372651,0.0,0.012987012987012988,0.0,0.04514299220042543
0.0,0.5897821187077366,0.0,0.0,0.0,0.016071850626329473
0.05605381165919282,0.4244928625093891,0.0,0.0,0.6,0.1708815882770031
0.07847533632286996,0.28474830954169583,0.0,0.012987012987012988,0.4666666666666667,0.14819191680453794
0.07174887892376682,0.5567242674680681,0.0,0.0,0.6,0.255022453320728
0.0,0.6889556724267454,0.0,0.0,0.6333333333333333,0.1538643346726542
0.2219730941704036,0.5537190082644603,0.0,0.0,0.6,0.19853462538406996
0.1547085201793722,0.4879789631855722,0.0,0.0,0.6333333333333333,0.2923658709524935
0.13228699551569506,0.5499624342599532,0.0,0.0,0.0,0.02056251477192153
0.0,0.5480841472577005,0.0125,0.0,0.5666666666666667,0.2547861025762231
0.2802690582959641,0.43764087152516673,0.0,0.0,0.0,0.15220987946112033
0.11210762331838564,0.6089406461307263,0.0,0.0,0.6333333333333333,0.16615457338690617
0.0,0.5383170548459795,0.0,0.0,0.03333333333333333,0.05105176081304656
0.3946188340807174,0.4290007513147991,0.0,0.0,0.03333333333333333,0.07019617111793904
0.24215246636771298,0.49924868519909715,0.0,0.012987012987012988,0.6,0.15410068541715907
0.468609865470852,0.34635612321562625,0.4625,0.28571428571428575,0.5666666666666667,0.6249113684708106
0.11434977578475335,0.6765589782118688,0.0,0.012987012987012988,0.03333333333333333,0.14393760340345074
0.0,0.24830954169797081,0.0,0.0,0.5666666666666667,0.12408414086504371
0.11659192825112107,0.596168294515401,0.0,0.012987012987012988,0.0,0.07208697707397778
0.0,0.53869271224643,0.0,0.0,0.0,0.008272276057669581
0.24663677130044842,0.526671675432004,0.0,0.0,0.03333333333333333,0.029780193807610496
0.05381165919282511,0.5924117205108921,0.0,0.0,0.0,0.15457338690616876
0.0,0.6949661908339593,0.0,0.0,0.03333333333333333,0.02788938785157173
0.48430493273542596,0.43350864012020907,0.0,0.012987012987012988,0.6,0.36799810919404397
0.10986547085201794,0.7712246431254695,0.0,0.0,0.0,0.03639801465374616
0.11659192825112107,0.41885800150262753,0.0,0.0,0.0,0.034034507208697704
0.18385650224215247,0.6419984973703965,0.0,0.012987012987012988,0.6,0.16804537934294494
0.07847533632286996,0.3681442524417715,0.0,0.0,0.5666666666666667,0.17111793902150793
0.08968609865470852,0.5499624342599532,0.0,0.025974025974025976,0.0,0.028598440085086267
0.0,0.4643125469571743,0.0,0.0,0.6,0.6769085322618766
0.0,0.5811419984973689,0.0,0.0,0.6333333333333333,0.1867170881588277
0.0,0.6502629601803154,0.0,0.0,0.0,0.024580477428503895
0.05829596412556053,0.6401202103681438,0.0,0.0,0.0,0.015362798392814936
0.16816143497757846,0.5349361382419211,0.0,0.0,0.03333333333333333,0.024344126683999052
0.1547085201793722,0.656649135987978,0.0,0.025974025974025976,0.03333333333333333,0.01819900732687308
0.2600896860986547,0.6273478587528167,0.0,0.0,0.0,0.03427085795320255
0.31390134529147984,0.7006010518407191,0.0,0.012987012987012988,0.03333333333333333,0.09383124556842355
0.07847533632286996,0.5116453794139737,0.0,0.0,0.5666666666666667,0.20089813282911842
0.28475336322869954,0.5338091660405695,0.0,0.012987012987012988,0.0,0.028598440085086267
0.4798206278026905,0.38129226145754913,0.0125,0.18181818181818182,0.0,0.16213661073032382
0.0,0.8647633358377149,0.0,0.0,0.6333333333333333,0.1510281257385961
0.0,0.5980465815176537,0.0,0.0,0.0,0.2767667218151737
0.21973094170403587,0.5236664162283979,0.0,0.025974025974025976,0.0,0.03332545497518317
0.0,0.4365138993238151,0.0,0.0,0.6,0.33774521389742374
0.0,0.546205860255446,0.0,0.0,0.5666666666666667,0.14133774521389744
0.10313901345291479,0.6758076634109678,0.0,0.025974025974025976,0.03333333333333333,0.06594185771685182
0.2713004484304932,0.524417731029299,0.0,0.025974025974025976,0.03333333333333333,0.019380761049397302
0.23766816143497754,0.34485349361382234,0.0,0.012987012987012988,0.0,0.02505317891751359
0.22421524663677128,0.5398196844477834,0.0,0.0,0.03333333333333333,0.04254313401087213
0.05605381165919282,0.44290007513147955,0.0,0.0,0.0,0.1630820137083432
0.1771300448430493,0.3339594290007497,0.0,0.0,0.5666666666666667,0.2346962892933113
0.1390134529147982,0.6867017280240404,0.0,0.0,0.0,0.03167099976364925
0.0,0.5217881292261435,0.0,0.0,0.0,0.11982982746395654
0.10762331838565022,0.5503380916604037,0.0,0.0,0.03333333333333333,0.022453320727960295
0.2802690582959641,0.543951915852741,0.0,0.0,0.0,0.05790593240368707
0.0,0.5582268970698703,0.0,0.0,0.0,0.017962656582368237
0.23766816143497754,0.5326821938392161,0.0,0.012987012987012988,0.0,0.043015835499881826
0.1412556053811659,0.7190082644628077,0.0,0.012987012987012988,0.03333333333333333,0.020326164027416688
0.0,0.5394440270473311,0.0,0.0,0.0,0.020326164027416688
0.18609865470852016,0.5435762584522905,0.0,0.025974025974025976,0.6,0.23776884897187425
0.08968609865470852,0.651389932381667,0.0,0.0,0.03333333333333333,0.021035216260931223
0.08968609865470852,0.5390683696468805,0.0,0.025974025974025976,0.6333333333333333,0.15764594658473174
0.2780269058295964,0.48610067618331954,0.0,0.025974025974025976,0.03333333333333333,0.027180335618057196
0.06726457399103138,0.5657400450788863,0.0,0.0,0.6333333333333333,0.1510281257385961
0.0,0.4624342599549198,0.0,0.0,0.0,0.12219333490900497
0.20627802690582958,0.47896318557475404,0.0,0.0,0.6,0.19522571496100213
0.0,0.5492111194590521,0.0,0.0,0.6,0.14251949893642166
0.08520179372197309,0.4883546205860245,0.0,0.0,0.6,0.3254549751831718
0.2645739910313901,0.7389181066867003,0.0125,0.0,0.0,0.04821555187898842
0.09641255605381165,0.3865514650638602,0.0,0.012987012987012988,0.6,0.1760813046561097
0.11434977578475335,0.5803906836964678,0.0,0.0,0.0,0.020798865516426374
0.17264573991031387,0.6220886551465057,0.0,0.0,0.4,0.09288584259040417
0.05605381165919282,0.8001502629601784,0.0,0.0,0.03333333333333333,0.04230678326636729
0.20627802690582958,0.5262960180315535,0.0,0.0,0.03333333333333333,0.028362089340581424
0.0,0.882794891059353,0.0,0.0,0.0,0.02292602221696998
0.05829596412556053,0.4598046581517643,0.0,0.0,0.5666666666666667,0.34767194516662725
0.10986547085201794,0.5781367392937629,0.0,0.0,0.03333333333333333,0.030725596785629875
0.0,0.5555972952667148,0.0,0.0,0.6,0.14346490191444103
0.12331838565022421,0.8129226145755055,0.0,0.0,0.0,0.029307492318600803
0.07399103139013452,0.31029301277235,0.0,0.0,0.5666666666666667,0.13471992436776176
0.15695067264573992,0.6427498121712976,0.0,0.0,0.03333333333333333,0.019380761049397302
0.15919282511210758,0.4244928625093891,0.0,0.0,0.5666666666666667,0.25242259513117465
0.18609865470852016,0.5086401202103676,0.0,0.025974025974025976,0.03333333333333333,0.04230678326636729
0.2600896860986547,0.5976709241172031,0.0,0.0,0.0,0.02623493264003781
0.1053811659192825,0.7114951164537935,0.0,0.0,0.0,0.02765303710706689
0.13004484304932734,0.6810668670172788,0.0,0.0,0.6333333333333333,0.1604821555187899
0.0,0.40495867768594884,0.0,0.0,0.0,0.003072559678562986
0.0,0.7111194590533412,0.0,0.0,0.0,0.016308201370834316
0.07399103139013452,0.7565740045078879,0.0,0.0,0.0,0.034507208697707396
0.2219730941704036,0.5510894064613066,0.0,0.012987012987012988,0.6,0.2238241550460884
0.3542600896860986,0.5477084898572482,0.0,0.012987012987012988,0.4,0.1087213424722288
0.0,0.5390683696468805,0.0,0.0,0.03333333333333333,0.03497991018671709
0.11883408071748877,0.5755071374906073,0.0,0.0,0.0,0.015362798392814936
0.31390134529147984,0.49211119459053165,0.0,0.012987012987012988,0.03333333333333333,0.14724651382651857
0.06502242152466367,0.5533433508640115,0.0,0.0,0.5666666666666667,0.14299220042543134
0.0,0.5319308790383168,0.0,0.0,0.0,0.026707634129047503
0.30269058295964124,0.0,0.0,0.012987012987012988,0.0,0.031198298274639567
0.09641255605381165,0.643876784372651,0.0,0.0,0.0,0.026707634129047503
0.0,0.5777610818933123,0.0,0.0,0.0,0.02316237296147483
0.34080717488789236,0.49661908339594163,0.47500000000000003,0.0,0.5666666666666667,0.7066887260694872
0.11434977578475335,0.521412471825693,0.0,0.0,0.03333333333333333,0.01819900732687308
0.17937219730941703,0.5619834710743792,0.0,0.025974025974025976,0.13333333333333333,0.025525880406523274
0.0,0.6476333583771581,0.0,0.0,0.03333333333333333,0.015835499881824623
0.2533632286995516,0.536438767843725,0.0,0.0,0.6333333333333333,0.18742614039234223
0.06278026905829596,0.4008264462809912,0.0125,0.025974025974025976,0.6,0.2001890805956039
0.27354260089686094,0.5127723516153253,0.0,0.012987012987012988,0.0,0.0586149846372016
0.15919282511210758,0.5800150262960173,0.0,0.0,0.03333333333333333,0.0664145592058615
0.15022421524663676,0.603681442524417,0.0,0.0,0.03333333333333333,0.017489955093358545
0.09417040358744394,0.7426746806912075,0.0,0.012987012987012988,0.0,0.02623493264003781
0.28475336322869954,0.4436513899323806,0.0,0.0,0.6,0.38690616875443157
0.14798206278026904,0.5465815176558966,0.0,0.0,0.0,0.01418104467029071
0.26681614349775784,0.6652892561983457,0.0,0.0,0.0,0.04963365634601749
0.20403587443946186,0.40270473328324385,0.0,0.025974025974025976,0.0,0.03332545497518317
0.10313901345291479,0.6356123215627338,0.0,0.012987012987012988,0.0,0.030725596785629875
0.05381165919282511,0.552967693463561,0.0,0.0,0.0,0.02174426849444576
0.21748878923766815,0.5987978963185565,0.0,0.012987012987012988,0.6333333333333333,0.1678090285984401
0.0,0.7501878287002235,0.0,0.0,0.0,0.03238005199716379
0.0,0.3527422990232889,0.0,0.0,0.5666666666666667,0.3715433703616166
0.0,0.6183320811419968,0.0,0.0,0.0,0.022453320727960295
0.15695067264573992,0.5375657400450784,0.0,0.012987012987012988,0.03333333333333333,0.009690380524698653
0.31838565022421517,0.5555972952667148,0.0,0.012987012987012988,0.26666666666666666,0.07515953675254078
0.37668161434977576,0.536438767843725,0.0,0.012987012987012988,0.4,0.14819191680453794
0.5224215246636771,0.41472577009766987,0.025,0.36363636363636365,0.5666666666666667,0.43913968329000236
0.30493273542600896,0.4278737791134475,0.0,0.0,0.6,0.36019853462538404
0.18161434977578475,0.5326821938392161,0.0,0.0,0.0,0.07137792484046326
0.0,0.6126972201352352,0.0,0.0,0.03333333333333333,0.009454029780193806
0.06726457399103138,0.5582268970698703,0.0,0.0,0.5666666666666667,0.14819191680453794
0.05381165919282511,0.6055597295266715,0.0,0.0,0.03333333333333333,0.025998581895532967
0.08968609865470852,0.40120210368143994,0.4625,0.012987012987012988,0.6,0.42448593713070193
0.2713004484304932,0.4891059353869256,0.0,0.025974025974025976,0.03333333333333333,0.05388796974710471
0.05381165919282511,0.6292261457550712,0.0,0.0,0.6333333333333333,0.18600803592531318
0.10986547085201794,0.5157776108189314,0.47500000000000003,0.0,0.6,0.43961238477901204
0.20403587443946186,0.6547708489857236,0.0,0.025974025974025976,0.03333333333333333,0.08839517844481211
0.08295964125560537,0.42749812171299695,0.0,0.0,0.5666666666666667,0.13944693925785867
0.0695067264573991,0.2866265965439503,0.0,0.0,0.0,0.04845190262349326
0.05381165919282511,0.2926371149511642,0.0,0.0,0.0,0.02292602221696998
0.23542600896860982,0.4459053343350856,0.0,0.0,0.6,0.15811864807374143
0.07399103139013452,0.6671675432006001,0.0,0.0,0.0,0.29591113212006614
0.0,0.6577761081893296,0.0,0.012987012987012988,0.6,0.15362798392814936
0.0,0.428249436513898,0.0,0.0,0.0,0.015835499881824623
0.37668161434977576,0.5022539444027032,0.0,0.012987012987012988,0.03333333333333333,0.040179626565823676
0.10313901345291479,0.5736288504883529,0.0,0.012987012987012988,0.6,0.15811864807374143
0.210762331838565,0.6592787377911336,0.0,0.0,0.0,0.0517608130465611
0.05829596412556053,0.5927873779113444,0.0,0.0,0.0,0.025762231151028124
0.0874439461883408,0.5954169797144999,0.0,0.0,0.0,0.19144410304892462
0.06726457399103138,0.6228399699474068,0.0,0.0,0.0,0.01914441030489246
0.09641255605381165,0.45229151014274827,0.0,0.0,0.6,0.209170408886788
0.1053811659192825,0.6356123215627338,0.0,0.025974025974025976,0.0,0.026707634129047503
0.22421524663677128,0.4797145003756551,0.0,0.0,0.0,0.33349090049633656
0.12556053811659193,0.5830202854996234,0.0,0.0,0.0,0.029307492318600803
0.09865470852017935,0.5905334335086394,0.0,0.025974025974025976,0.6,0.1531552824391397
0.10986547085201794,0.6123215627347847,0.0,0.0,0.0,0.02883479082959111
0.16816143497757846,0.3219383921863255,0.0125,0.0,0.5666666666666667,0.1883715433703616
0.08520179372197309,0.5664913598797874,0.0,0.0,0.6,0.25927676672181516
0.2645739910313901,0.2761081893313282,0.0,0.0,0.0,0.3136374379579296
0.22421524663677128,0.5920360631104415,0.0,0.0,0.0,0.0888678799338218
0.0695067264573991,0.37678437265214093,0.0,0.0,0.5666666666666667,0.1630820137083432
0.06278026905829596,0.4646882043576248,0.0,0.0,0.0,0.2023162372961475
0.07623318385650224,0.33245679939894757,0.0,0.0,0.0,0.15859134956275112
0.1053811659192825,0.367768595041321,0.4625,0.025974025974025976,0.5666666666666667,0.42708579532025526
0.20403587443946186,0.5101427498121698,0.0,0.012987012987012988,0.03333333333333333,0.17844481210115815
0.08968609865470852,0.42299023290758697,0.0,0.0,0.03333333333333333,0.0914677381233751
0.11659192825112107,0.4928625093914345,0.0,0.0,0.03333333333333333,0.035452611675726775
0.060538116591928245,0.11457550713748965,0.0,0.0,0.5666666666666667,0.17631765540061453
0.10986547085201794,0.3151765589782105,0.0,0.0,0.0,0.016071850626329473
0.0,0.47933884297520457,0.0,0.0,0.6,0.2186244386669818
0.21973094170403587,0.6247182569496612,0.0,0.0,0.0,0.043961238477901204
0.05605381165919282,0.4924868519909822,0.025,0.14285714285714288,0.0,0.19475301347199245
0.0,0.5492111194590521,0.0,0.0,0.0,0.025762231151028124
0.08968609865470852,0.3009015777610813,0.0,0.0,0.5666666666666667,0.135901678090286
0.1053811659192825,0.7126220886551451,0.0,0.012987012987012988,0.03333333333333333,0.026943984873552346
0.0,0.6239669421487584,0.0,0.0,0.0,0.0314346490191444
0.0,0.26709241172051,0.0,0.0,0.5666666666666667,0.4852280784684472
0.08295964125560537,0.4680691209616814,0.0,0.0,0.6,0.15670054360671234
0.07623318385650224,0.5067618332081132,0.0,0.012987012987012988,0.6,0.18482628220278893
0.3318385650224215,0.37227648384673095,0.0,0.012987012987012988,0.0,0.05577877570314347
0.13004484304932734,0.6258452291510128,0.0,0.0,0.0,0.02765303710706689
0.0,0.31705484598046496,0.0,0.0,0.0,0.01229023871425195
0.07399103139013452,0.6048084147257686,0.0,0.0,0.0,0.030961947530134717
0.15246636771300448,0.7370398196844477,0.0,0.012987012987012988,0.03333333333333333,0.029307492318600803
0.20627802690582958,0.699849737039818,0.0,0.012987012987012988,0.6,0.16922713306546916
0.13228699551569506,0.6157024793388413,0.0,0.025974025974025976,0.03333333333333333,0.025525880406523274
0.05829596412556053,0.30728775356874394,0.0,0.0,0.0,0.014653746159300403
0.13452914798206275,0.7971450037565724,0.0,0.0,0.03333333333333333,0.029543843063105646
0.0,0.46168294515401875,0.0,0.0,0.6,0.2720397069250768
0.0,0.5379413974455289,0.0,0.0,0.03333333333333333,0.008508626802174424
0.11434977578475335,0.48760330578512345,0.0,0.0,0.6,0.14322855116993619
0.2085201793721973,0.43764087152516673,0.0,0.0,0.03333333333333333,0.10399432758213188
0.23542600896860982,0.5401953418482339,0.0,0.025974025974025976,0.6333333333333333,0.16355471519735287
0.195067264573991,0.6502629601803154,0.0,0.0,0.0,0.09217679035688962
0.11434977578475335,0.7107438016528906,0.0,0.0,0.6333333333333333,0.16639092413141102
0.16816143497757846,0.5247933884297513,0.0,0.0,0.0,0.011581186480737414
0.23318385650224213,0.5619834710743792,0.0,0.025974025974025976,0.0,0.0586149846372016
0.13228699551569506,0.6637866265965418,0.0125,0.0,0.6333333333333333,0.1919168045379343
0.14573991031390135,0.6168294515401946,0.0,0.012987012987012988,0.0,0.02788938785157173
0.2780269058295964,0.5225394440270463,0.0,0.012987012987012988,0.03333333333333333,0.14086504372488776
0.12556053811659193,0.5060105184072121,0.0,0.0,0.0,0.02741668636256204
0.0,0.5326821938392161,0.0,0.0,0.0,0.016071850626329473
0.32959641255605376,0.4312546957175041,0.0,0.012987012987012988,0.3333333333333333,0.09454029780193808
0.10762331838565022,0.34635612321562625,0.0,0.0,0.03333333333333333,0.021035216260931223
0.3721973094170403,0.42749812171299695,0.0,0.35064935064935066,0.5666666666666667,0.5157173245095723
0.12331838565022421,0.5972952667167526,0.0,0.0,0.6333333333333333,0.1574095958402269
0.1053811659192825,0.5428249436513877,0.0,0.0,0.0,0.09383124556842355
0.4618834080717488,0.5661157024793368,0.0,0.012987012987012988,0.4,0.11628456629638384
0.0,0.6844477836213354,0.0,0.0,0.0,0.07657764121956985
0.0,0.6006761833208092,0.0,0.0,0.0,0.009454029780193806
0.24663677130044842,0.6029301277235142,0.0,0.0,0.03333333333333333,0.03261640274166863
0.07174887892376682,0.5323065364387656,0.0125,0.0,0.0,0.26353108012290233
0.060538116591928245,0.4290007513147991,0.0,0.0,0.6,0.15410068541715907
0.12780269058295962,0.6555221637866246,0.0,0.0,0.0,0.030725596785629875
0.11210762331838564,0.6100676183320797,0.0,0.0,0.03333333333333333,0.015126447648310089
0.10986547085201794,0.5405709992486845,0.0,0.0,0.03333333333333333,0.024344126683999052
0.0,0.4883546205860245,0.0,0.0,0.03333333333333333,0.00023635074450484468
0.10986547085201794,0.48159278737790956,0.0,0.0,0.03333333333333333,0.14582840935948949
0.0,0.5646130728775347,0.0,0.0,0.0,0.15599149137319782
0.14798206278026904,0.5762584522915084,0.0,0.0,1.0,0.21696998345544788
0.0,0.5131480090157758,0.0,0.0,0.03333333333333333,0.00685417159064051
0.17937219730941703,0.535687453042824,0.0,0.0,0.0,0.04467029071141574
0.25784753363228696,0.5229151014274969,0.0,0.025974025974025976,0.0,0.025998581895532967
0.0,0.5589782118707731,0.0,0.0,0.0,0.014890096903805246
0.20627802690582958,0.6273478587528167,0.0,0.0,0.0,0.11108484991727725
0.09865470852017935,0.7610818933132961,0.0,0.025974025974025976,0.03333333333333333,0.03001654455211534
0.051569506726457395,0.6074380165289242,0.0,0.0,0.0,0.09950366343653984
0.2533632286995516,0.44515401953418454,0.0,0.012987012987012988,0.0,0.040179626565823676
0.21748878923766815,0.5664913598797874,0.0,0.0,0.6,0.16331836445284803
0.0,0.6397445529676933,0.0,0.0,0.03333333333333333,0.00047270148900968936
0.17937219730941703,0.7483095416979708,0.0,0.0,0.0,0.028125738596076574
0.05381165919282511,0.4481592787377888,0.0,0.0,0.5666666666666667,0.13991964074686836
0.0,0.41547708489857094,0.0,0.0,0.5666666666666667,0.14606476010399433
0.05605381165919282,0.7828700225394432,0.0,0.0,0.0,0.031907350508154096
0.051569506726457395,0.6149511645379402,0.0,0.0,0.0,0.024580477428503895
0.0,0.6836964688204343,0.0,0.0,0.0,0.021035216260931223
0.0,0.5,0.0,0.0,0.6,0.1437012526589459
0.18161434977578475,0.4248685199098414,0.0,0.025974025974025976,0.6,0.16450011817537225
0.10762331838565022,0.5924117205108921,0.0,0.0,0.0,0.018435358071377923
0.2130044843049327,0.4924868519909822,0.0,0.0,0.0,0.189316946348381
0.13452914798206275,0.5454545454545432,0.0,0.0,0.6,0.15764594658473174
0.14349775784753363,0.47220135236664085,0.0,0.2207792207792208,0.03333333333333333,0.16969983455447885
0.2488789237668161,0.3613824192336583,0.0,0.025974025974025976,0.5666666666666667,0.358780430158355
0.0,0.5127723516153253,0.0,0.0,0.0,0.018908059560387616
0.2443946188340807,0.7918858001502613,0.0,0.012987012987012988,0.0,0.035688962420231625
0.12107623318385649,0.6138241923365886,0.0,0.0,0.6,0.1656818718978965
0.2982062780269058,0.58189331329827,0.0,0.24675324675324678,0.0,0.17489955093358545
0.15022421524663676,0.6472577009767075,0.0,0.0,0.0,0.02883479082959111
0.1771300448430493,0.49699474079639216,0.0,0.0,0.6,0.18553533443630346
0.26681614349775784,0.5229151014274969,0.0,0.025974025974025976,0.0,0.031907350508154096
0.0,0.526671675432004,0.0,0.0,0.6333333333333333,0.15717324509572206
0.2443946188340807,0.7986476333583763,0.0,0.0,0.0,0.03687071614275585
0.16367713004484302,0.696844477836212,0.0,0.0,0.0,0.02883479082959111
0.08071748878923765,0.6622839969947396,0.0,0.012987012987012988,0.0,0.016071850626329473
0.0,0.44515401953418454,0.0,0.0,0.6,0.1396832900023635
0.09417040358744394,0.3129226145755055,0.0,0.012987012987012988,0.0,0.02316237296147483
0.08968609865470852,0.47445529676934584,0.0,0.0,0.0,0.03048924604112503
0.10762331838565022,0.7114951164537935,0.0,0.0,0.0,0.0543606712361144
0.0,0.7922614575507136,0.0,0.0,0.0,0.022453320727960295
0.0,0.5586025544703226,0.0,0.0,0.0,0.0073268730796502025
0.0,0.3903080390683691,0.4625,0.0,0.5666666666666667,0.4039234223587804
0.0,0.6209616829451523,0.0,0.0,0.03333333333333333,0.007090522335145356
0.0,0.6044327573253181,0.0,0.0,0.03333333333333333,0.021507917749940916
0.18385650224215247,0.528925619834709,0.0,0.0,0.36666666666666664,0.09477664854644292
0.21973094170403587,0.37453042824943594,0.0,0.012987012987012988,0.5666666666666667,0.2268967147246514
0.0,0.4470323065364372,0.0,0.0,0.6,0.13991964074686836
0.2309417040358744,0.4845980465815156,0.48750000000000004,0.0,0.0,0.39305128811155754
0.43946188340807174,0.4455296769346333,0.0,0.025974025974025976,1.0,0.23918695343890334
0.1973094170403587,0.24042073628850247,0.0,0.012987012987012988,0.5333333333333333,0.23658709524935007
0.25112107623318386,0.6893313298271959,0.0,0.012987012987012988,0.03333333333333333,0.04490664145592059
0.09641255605381165,0.5319308790383168,0.0,0.0,0.6,0.18648073741432286
0.0,0.6153268219383907,0.0,0.0,0.0,0.033089104230678325
0.2645739910313901,0.7261457550713732,0.0,0.012987012987012988,0.0,0.05010635783502718
0.27578475336322866,0.6104432757325302,0.0,0.012987012987012988,0.03333333333333333,0.029543843063105646
0.23991031390134526,0.5142749812171292,0.0,0.012987012987012988,0.6,0.16119120775230442
0.7780269058295963,0.35086401202103623,0.025,0.012987012987012988,0.6,0.26258567714488296
0.22421524663677128,0.5995492111194576,0.0,0.0,0.3,0.16591822264240133
0.1973094170403587,0.7171299774605551,0.0,0.0,0.6333333333333333,0.169463483809974
0.14798206278026904,0.5679939894815913,0.0,0.012987012987012988,0.0,0.017962656582368237
0.11210762331838564,0.6025544703230636,0.0,0.0,0.6,0.1616639092413141
0.25112107623318386,0.5180315552216364,0.0,0.0,0.5666666666666667,0.15693689435121722
0.0,0.5702479338842963,0.0,0.0,0.6,0.14559205861498464
0.07174887892376682,0.588655146506385,0.0,0.0,0.6,0.15031907350508156
0.0,0.6089406461307263,0.0,0.0,0.6,0.285511699361853
0.0,0.6431254695717499,0.0,0.0,0.6,0.19026234932640038
0.13228699551569506,0.23403456048083981,0.0,0.0,0.5666666666666667,0.14251949893642166
0.24663677130044842,0.5503380916604037,0.0,0.025974025974025976,0.0,0.04372488773339636
0.18161434977578475,0.6558978211870752,0.0,0.0,0.03333333333333333,0.047506499645473876
0.1547085201793722,0.07287753568745181,0.0,0.4415584415584416,0.5333333333333333,0.6594185771685181
0.12780269058295962,0.5732531930879023,0.0,0.0,0.6333333333333333,0.14464665563696527
0.09192825112107623,0.7407963936889548,0.0,0.0,0.6,0.1656818718978965
0.0,0.5345604808414706,0.0,0.0,0.6333333333333333,0.229023871425195
0.0,0.6705484598046567,0.0,0.0,0.0,0.035452611675726775
0.20627802690582958,0.33696468820435754,0.42500000000000004,0.012987012987012988,0.5666666666666667,0.4363034743559442
0.14798206278026904,0.6006761833208092,0.30000000000000004,0.0,0.0,0.24745922949657292
0.0,0.5980465815176537,0.0125,0.0,0.6,0.1652091704088868
0.15919282511210758,0.5165289256198342,0.0,0.025974025974025976,0.0,0.037107066887260697
0.14349775784753363,0.6750563486100667,0.0,0.0,0.0,0.03332545497518317
0.23766816143497754,0.4421487603305767,0.0,0.0,0.03333333333333333,0.178681162845663
0.3811659192825112,0.6352366641622833,0.0,0.012987012987012988,0.0,0.048924604112502955
0.2309417040358744,0.2058602554470319,0.23750000000000002,0.0,0.0,0.3715433703616166
0.15695067264573992,0.6247182569496612,0.0,0.0,0.0,0.031198298274639567
0.1412556053811659,0.5972952667167526,0.0,0.0,0.0,0.028125738596076574
0.3071748878923767,0.4658151765589764,0.0,0.49350649350649356,0.6,0.4771921531552824
0.2286995515695067,0.49586776859504056,0.0,0.03896103896103896,0.5666666666666667,0.19286220751595368
0.13228699551569506,0.4244928625093891,0.0,0.0,0.03333333333333333,0.04703379815646419
0.0,0.4752066115702469,0.0,0.0,0.5666666666666667,0.1812810210352163
0.0,0.6093163035311786,0.0,0.0,0.6,0.1777357598676436
0.060538116591928245,0.5619834710743792,0.0,0.0,0.6,0.19144410304892462
0.07623318385650224,0.6915852742299009,0.0,0.012987012987012988,0.0,0.027180335618057196
0.2600896860986547,0.5912847483095405,0.025,0.012987012987012988,0.6,0.19735287166154575
0.17937219730941703,0.5691209616829429,0.0,0.012987012987012988,0.03333333333333333,0.013235641692271332
0.0,0.5807663410969184,0.0,0.0,0.0,0.005199716379106593
0.14349775784753363,0.47332832456799245,0.0,0.0,0.03333333333333333,0.040179626565823676
0.24663677130044842,0.475957926371148,0.0,0.0,0.5666666666666667,0.28385724415031904
0.4977578475336322,0.4470323065364372,0.0,0.012987012987012988,0.5666666666666667,0.1746632001890806
0.24215246636771298,0.4320060105184069,0.025,0.03896103896103896,0.6,0.4677381233750886
0.35650224215246634,0.3764087152516886,0.0,0.012987012987012988,0.0,0.03379815646419286
0.25112107623318386,0.5480841472577005,0.0125,0.0,0.6333333333333333,0.2978019380761049
0.0,0.5120210368144242,0.0,0.0,0.5666666666666667,0.20326164027416688
0.09865470852017935,0.6386175807663399,0.0,0.012987012987012988,0.0,0.02647128338454266
0.09417040358744394,0.5319308790383168,0.0,0.0,0.0,0.015599149137319782
0.07399103139013452,0.6735537190082628,0.0,0.025974025974025976,0.36666666666666664,0.09241314110139448
0.0,0.6675432006010507,0.0,0.0,0.0,0.047742850389978726
0.3721973094170403,0.481217129977459,0.0,0.012987012987012988,0.6,0.19475301347199245
0.12107623318385649,0.7002253944402685,0.0,0.0,0.0,0.02788938785157173
0.0,0.6243425995492107,0.0,0.0,0.0,0.01678090285984401
0.06278026905829596,0.53418482344102,0.0,0.025974025974025976,0.0,0.02765303710706689
0.1412556053811659,0.40984222389180935,0.0,0.0,0.0,0.01418104467029071
0.0695067264573991,0.28174305033809155,0.0,0.0,0.0,0.012053887969747103
0.0,0.6273478587528167,0.0,0.0,0.0,0.00047270148900968936
0.12107623318385649,0.4688204357625825,0.0,0.0,0.5666666666666667,0.1385015362798393
0.0,0.6870773854244909,0.0,0.0,0.6333333333333333,0.15079177499409124
0.07623318385650224,0.46055597295266537,0.0,0.025974025974025976,0.2,0.09454029780193808
0.06278026905829596,0.548459804658151,0.0,0.0,0.0,0.025762231151028124
0.051569506726457395,0.4128474830954154,0.0,0.0,0.6,0.1385015362798393
0.0,0.35574755822689674,0.0,0.0,0.5666666666666667,0.2001890805956039
0.41031390134529144,0.6040570999248676,0.0,0.025974025974025976,0.0,0.15410068541715907
0.28699551569506726,0.7332832456799387,0.0,0.025974025974025976,0.0,0.0465610966674545
0.0,0.5180315552216364,0.0,0.0,0.0,0.015835499881824623
0.10089686098654707,0.53869271224643,0.0,0.0,0.6,0.16190025998581895
0.1412556053811659,0.6431254695717499,0.0,0.012987012987012988,0.0,0.04490664145592059
0.12107623318385649,0.7340345604808398,0.0,0.0,0.0,0.030961947530134717
0.09641255605381165,0.7483095416979708,0.0,0.0,0.0,0.046324745922949655
0.12780269058295962,0.4500375657400433,0.0,0.0,0.0,0.029780193807610496
0.23766816143497754,0.4256198347107425,0.0,0.012987012987012988,0.6,0.16450011817537225
0.16367713004484302,0.7107438016528906,0.0,0.012987012987012988,0.03333333333333333,0.03001654455211534
0.11434977578475335,0.5315552216378645,0.0,0.012987012987012988,0.03333333333333333,0.021035216260931223
0.10762331838565022,0.6337340345604794,0.0,0.0,0.03333333333333333,0.021271567005436066
0.5291479820627802,0.5537190082644603,0.21250000000000002,0.0,0.43333333333333335,0.26494918458993144
0.09192825112107623,0.5052592036063093,0.0,0.012987012987012988,0.03333333333333333,0.018671708815882766
0.11434977578475335,0.5924117205108921,0.0,0.012987012987012988,0.03333333333333333,0.03048924604112503
0.05605381165919282,0.5747558226897045,0.0,0.0,0.0,0.019380761049397302
0.20627802690582958,0.2858752817430492,0.0,0.025974025974025976,0.03333333333333333,0.06499645473883243
0.10986547085201794,0.7299023290758804,0.0,0.025974025974025976,0.0,0.027180335618057196
0.0,0.5946656649135971,0.0,0.0,0.03333333333333333,0.07019617111793904
0.23542600896860982,0.6254695717505623,0.0,0.012987012987012988,0.03333333333333333,0.036634365398251004
0.16816143497757846,0.6089406461307263,0.0,0.012987012987012988,0.6333333333333333,0.19404396123847792
0.09641255605381165,0.6157024793388413,0.0,0.0,0.03333333333333333,0.07208697707397778
0.29372197309417036,0.6367392937640854,0.0,0.012987012987012988,0.03333333333333333,0.040415977310328526
0.0,0.6247182569496612,0.0,0.0,0.6,0.14582840935948949
0.195067264573991,0.6126972201352352,0.0,0.025974025974025976,0.0,0.022689671472465138
0.07399103139013452,0.5338091660405695,0.0,0.0,0.6,0.1538643346726542
0.1053811659192825,0.8163035311795621,0.0,0.0,0.6333333333333333,0.20467974474119596
0.3834080717488789,0.473703981968443,0.0,0.0,0.6,0.2410777593949421
0.10089686098654707,0.6378662659654388,0.0,0.0,0.6,0.1626093122193335
0.11434977578475335,0.58189331329827,0.0125,0.0,0.6,0.2342235878043016
0.12780269058295962,0.5567242674680681,0.0,0.012987012987012988,0.03333333333333333,0.06286929803828882
0.35650224215246634,0.5935386927122455,0.0,0.025974025974025976,0.6333333333333333,0.1704088867879934
0.2690582959641255,0.7971450037565724,0.0,0.012987012987012988,0.0,0.038288820609784925
0.0,0.4244928625093891,0.0,0.0,0.0,0.015362798392814936
0.2690582959641255,0.5296769346356118,0.0,0.025974025974025976,0.03333333333333333,0.0418340817773576
0.0,0.6198347107438007,0.0,0.0,0.03333333333333333,0.021271567005436066
0.07847533632286996,0.5683696468820418,0.0,0.0,0.6,0.25714961002127157
0.13228699551569506,0.48384673178061455,0.0125,0.0,0.0,0.14062869298038289
0.0,0.7054845980465814,0.0,0.0,0.0,0.016544552115339166
0.3318385650224215,0.3504883546205839,0.0,0.012987012987012988,0.5666666666666667,0.2540770503427086
0.0,0.4410217881292251,0.0,0.0,0.0,0.15811864807374143
0.0,0.5105184072126221,0.0,0.0,0.03333333333333333,0.008272276057669581
0.09417040358744394,0.48384673178061455,0.0,0.0,0.5666666666666667,0.2904750649964547
0.0,0.5420736288504866,0.0,0.0,0.0,0.016544552115339166
0.06726457399103138,0.6089406461307263,0.0,0.012987012987012988,0.6,0.19900732687307965
0.27578475336322866,0.5180315552216364,0.0125,0.0,0.6,0.3209643110375798
0.10986547085201794,0.6690458302028546,0.0,0.012987012987012988,0.0,0.1564641928622075
0.2488789237668161,0.4267468069120941,0.0,0.012987012987012988,0.0,0.026707634129047503
0.289237668161435,0.6093163035311786,0.0,0.025974025974025976,0.0,0.02505317891751359
0.39237668161434974,0.38166791885799967,0.08750000000000001,0.0,0.6,0.1992436776175845
0.0,0.5980465815176537,0.0,0.0,0.6333333333333333,0.1453557078704798
0.0,0.49699474079639216,0.0,0.0,0.0,0.05057905932403687
0.1390134529147982,0.6814425244177293,0.0,0.0,0.0,0.04727014890096903
0.405829596412556,0.5661157024793368,0.0,0.012987012987012988,0.6,0.2767667218151737
0.0,0.6029301277235142,0.0,0.0,0.03333333333333333,0.009454029780193806
0.0,0.6957175056348586,0.0,0.0,0.0,0.022689671472465138
0.09417040358744394,0.5086401202103676,0.0,0.0,0.0,0.14204679744741197
0.07399103139013452,0.5007513148008993,0.0,0.0,0.6,0.15197352871661549
0.0,0.5867768595041323,0.0,0.0,0.03333333333333333,0.051288111557551405
0.23766816143497754,0.5766341096919589,0.47500000000000003,0.012987012987012988,0.03333333333333333,0.3490900496336563
0.1412556053811659,0.6457550713749054,0.0,0.012987012987012988,0.0,0.08012290238714252
0.16816143497757846,0.5255447032306524,0.0,0.0,0.0,0.011581186480737414
0.2802690582959641,0.536438767843725,0.0,0.012987012987012988,0.03333333333333333,0.052469865280075634
0.0,0.5018782870022527,0.0,0.0,0.0,0.00023635074450484468
0.2645739910313901,0.5326821938392161,0.0,0.0,0.0,0.041597731032852754
0.15919282511210758,0.5646130728775347,0.0,0.012987012987012988,0.03333333333333333,0.010872134247222878
0.2780269058295964,0.3963185574755812,0.0125,0.0,0.6,0.1803356180571969
0.2286995515695067,0.39068369646881784,0.0,0.48051948051948057,0.9666666666666667,0.5464429212952021
0.16367713004484302,0.8482344102178789,0.0,0.0,0.0,0.03852517135428977
0.06726457399103138,0.5972952667167526,0.0,0.0,0.03333333333333333,0.019380761049397302
0.0,0.6795642374154767,0.0,0.0,0.03333333333333333,0.010163082013708342
0.0,0.2858752817430492,0.4625,0.0,0.5333333333333333,0.4072323327818482
0.0,0.637114951164536,0.0,0.0,0.03333333333333333,0.0172536043488537
0.0,0.5349361382419211,0.0,0.0,0.6333333333333333,0.1699361852989837
0.4798206278026905,0.5259203606311029,0.48750000000000004,0.012987012987012988,0.0,0.4807374143228551
0.0,0.5123966942148748,0.0125,0.0,0.0,0.07917749940912315
0.21748878923766815,0.5108940646130709,0.0,0.0,0.6,0.15622784211770266
0.3340807174887892,0.2854996243425987,0.0,0.4545454545454546,0.0,0.31032852753486173
0.13004484304932734,0.6175807663410957,0.0,0.0,0.6333333333333333,0.29142046797447413
0.13004484304932734,0.33245679939894757,0.0,0.0,0.03333333333333333,0.22666036398014655
0.1547085201793722,0.7490608564988719,0.0,0.0,0.03333333333333333,0.03521626093122193
0.0,0.4695717505634853,0.0,0.0,0.6,0.14086504372488776
0.16816143497757846,0.536438767843725,0.0,0.025974025974025976,0.0,0.040179626565823676
0.40134529147982057,0.4891059353869256,0.0125,0.025974025974025976,0.0,0.13921058851335383
0.09192825112107623,0.27460555972952605,0.0,0.012987012987012988,0.0,0.021507917749940916
0.05829596412556053,0.5154019534184808,0.0,0.0,0.03333333333333333,0.030725596785629875
0.0,0.53418482344102,0.0,0.0,0.6333333333333333,0.13802883479082959
0.5022421524663677,0.6044327573253181,0.0,0.012987012987012988,0.4,0.10919404396123848
0.12331838565022421,0.6126972201352352,0.0,0.025974025974025976,0.03333333333333333,0.016544552115339166
0.0,0.6074380165289242,0.0,0.0,0.6,0.17797211061214843
0.26681614349775784,0.5950413223140494,0.0,0.0,0.03333333333333333,0.02788938785157173
0.226457399103139,0.4984973703981961,0.0125,0.0,0.6,0.2070432521862444
0.2130044843049327,0.6570247933884286,0.0,0.0,0.0,0.03781611912077523
0.06502242152466367,0.23065364387678322,0.0,0.0,0.03333333333333333,0.04608839517844481
0.5515695067264573,0.5627347858752803,0.0,0.012987012987012988,0.03333333333333333,0.06759631292838574
0.0,0.5687453042824924,0.0,0.0,0.03333333333333333,0.009690380524698653
0.09192825112107623,0.6735537190082628,0.0,0.0,0.0,0.06523280548333728
0.32735426008968604,0.4350112697220112,0.0,0.0,0.0,0.2864571023398723
0.0,0.6536438767843702,0.0,0.0,0.03333333333333333,0.019853462538406995
0.0,0.3764087152516886,0.36250000000000004,0.012987012987012988,0.5666666666666667,0.3578350271803356
0.0,0.7903831705484592,0.0,0.0,0.0,0.036634365398251004
0.5627802690582959,0.3737791134485331,0.47500000000000003,0.0,0.03333333333333333,0.36634365398251
0.0,0.5161532682193819,0.0,0.0,0.0,0.016308201370834316
0.10986547085201794,0.4237415477084898,0.0,0.0,0.5666666666666667,0.15031907350508156
0.1390134529147982,0.5995492111194576,0.0,0.0,0.03333333333333333,0.02292602221696998
0.07399103139013452,0.6168294515401946,0.0,0.012987012987012988,0.0,0.029307492318600803
0.11210762331838564,0.704357625845228,0.0,0.012987012987012988,0.03333333333333333,0.09737650673599622
0.390134529147982,0.4500375657400433,0.0,0.0,0.9666666666666667,0.32238241550460883
0.195067264573991,0.5469571750563471,0.025,0.0,0.0,0.16213661073032382
0.2309417040358744,0.466942148760328,0.0,0.012987012987012988,0.6,0.18222642401323566
0.1390134529147982,0.548459804658151,0.0,0.0,0.06666666666666667,0.06263294729378398
0.07174887892376682,0.46769346356123087,0.0,0.025974025974025976,0.6,0.3138737887024344
0.0,0.5616078136739286,0.0,0.0,0.0,0.020798865516426374
0.10313901345291479,0.5875281743050316,0.0,0.0,0.0,0.02505317891751359
0.2623318385650224,0.5589782118707731,0.0,0.0,0.0,0.02505317891751359
0.3094170403587444,0.7340345604808398,0.0,0.0,0.5,0.17159064051051762
0.14349775784753363,0.5176558978211858,0.0,0.0,0.6,0.1453557078704798
0.0,0.5424492862509389,0.0,0.0,0.0,0.0172536043488537
0.12556053811659193,0.6652892561983457,0.0,0.025974025974025976,0.0,0.031907350508154096
0.08295964125560537,0.6652892561983457,0.0,0.0,0.6333333333333333,0.1578822973292366
0.05829596412556053,0.39669421487603174,0.0,0.012987012987012988,0.6,0.17631765540061453
0.3721973094170403,0.5262960180315535,0.0,0.012987012987012988,0.03333333333333333,0.0491609548570078
0.09865470852017935,0.6040570999248676,0.0,0.0,0.0,0.029780193807610496
0.05381165919282511,0.6619083395942891,0.0,0.0,0.0,0.029307492318600803
0.21524663677130043,0.5946656649135971,0.0,0.0,0.6333333333333333,0.1538643346726542
0.08968609865470852,0.49211119459053165,0.0,0.0,0.6,0.22406050579059325
0.13452914798206275,0.7126220886551451,0.0,0.012987012987012988,0.0,0.028125738596076574
0.08295964125560537,0.48647633358377007,0.0,0.012987012987012988,0.0,0.025525880406523274
0.37668161434977576,0.5612321562734781,0.0,0.012987012987012988,0.0,0.04467029071141574
0.0,0.5766341096919589,0.0,0.0,0.03333333333333333,0.018908059560387616
0.3946188340807174,0.6115702479338836,0.0,0.38961038961038963,0.0,0.23682344599385488
0.12107623318385649,0.5525920360631087,0.0,0.0,0.03333333333333333,0.02907114157409596
0.14573991031390135,0.5045078888054082,0.0,0.0,0.03333333333333333,0.019853462538406995
0.0,0.7099924868519896,0.0,0.0,0.0,0.018671708815882766
0.09192825112107623,0.4665664913598775,0.0,0.0,0.6,0.14346490191444103
0.08071748878923765,0.5987978963185565,0.0,0.0,0.6,0.2039706925076814
0.23318385650224213,0.4598046581517643,0.0,0.0,0.5666666666666667,0.3703616166390924
0.2443946188340807,0.6870773854244909,0.0,0.012987012987012988,0.0,0.038052469865280075
0.10089686098654707,0.485725018782869,0.0,0.0,0.0,0.015126447648310089
0.0,0.596168294515401,0.0,0.0,0.6,0.15362798392814936
0.37668161434977576,0.5293012772351613,0.0,0.0,0.43333333333333335,0.14157409595840229
0.10762331838565022,0.5262960180315535,0.0,0.0,0.03333333333333333,0.03994327582131883
0.5762331838565022,0.5623591284748297,0.0,0.025974025974025976,0.03333333333333333,0.09335854407941385
0.0,0.5116453794139737,0.0,0.0,0.6,0.12904750649964547
0.34080717488789236,0.5217881292261435,0.0,0.0,0.6,0.18813519262585676
0.6457399103139012,0.5097670924117192,0.42500000000000004,0.012987012987012988,0.03333333333333333,0.3311273930512881
0.2533632286995516,0.5777610818933123,0.0,0.0,0.0,0.03876152209879461
0.07174887892376682,0.5480841472577005,0.0,0.0,0.03333333333333333,0.053651619002599855
0.09417040358744394,0.7779864763335826,0.0,0.0,0.0,0.02528952966201843
0.0,0.5540946656649126,0.0,0.012987012987012988,0.6333333333333333,0.172536043488537
0.14349775784753363,0.5931630353117949,0.025,0.0,0.03333333333333333,0.03356180571968801
0.08520179372197309,0.5522163786626582,0.0,0.0,0.6333333333333333,0.1578822973292366
0.1547085201793722,0.5157776108189314,0.0,0.012987012987012988,0.03333333333333333,0.010635783502718035
0.25784753363228696,0.5413223140495855,0.0,0.0,0.0,0.05506972346962893
0.1053811659192825,0.5950413223140494,0.0,0.0,0.03333333333333333,0.09170408886787994
0.13228699551569506,0.7531930879038296,0.0,0.0,0.0,0.02907114157409596
0.0,0.8621337340345594,0.0,0.0,0.6666666666666666,0.15599149137319782
0.0,0.5401953418482339,0.0,0.0,0.0,0.004017962656582368
0.1053811659192825,0.526671675432004,0.0,0.0,0.0,0.07468683526353108
0.17937219730941703,0.5492111194590521,0.0,0.012987012987012988,0.6,0.29638383360907583
0.28699551569506726,0.4166040570999243,0.0,0.0,0.6,0.1682817300874498
0.32959641255605376,0.3572501878286989,0.4625,0.012987012987012988,0.5666666666666667,0.6535098085558969
0.226457399103139,0.36626596543951884,0.0,0.012987012987012988,0.5666666666666667,0.16804537934294494
0.20179372197309414,0.6100676183320797,0.0,0.012987012987012988,0.6,0.16757267785393526
0.19955156950672642,0.5912847483095405,0.0,0.0,0.6,0.2866934530843772
0.0,0.6168294515401946,0.0,0.0,0.0,0.025762231151028124
0.16816143497757846,0.6190833959428979,0.025,0.0,0.6333333333333333,0.183171826991255
0.27578475336322866,0.5822689706987223,0.0,0.0,0.0,0.028362089340581424
0.0,0.7426746806912075,0.0,0.0,0.6333333333333333,0.1720633419995273
0.41255605381165916,0.5142749812171292,0.0,0.025974025974025976,0.03333333333333333,0.036634365398251004
0.09865470852017935,0.49586776859504056,0.0,0.0,0.0,0.024344126683999052
0.5403587443946187,0.49361382419233557,0.0,0.0,0.9666666666666667,0.24722287875206808
0.05381165919282511,0.34748309541697964,0.0,0.0,0.5666666666666667,0.3082013708343181
0.0,0.8437265214124707,0.0,0.0,0.03333333333333333,0.020326164027416688
0.25784753363228696,0.4432757325319301,0.0,0.0,0.0,0.02292602221696998
0.0,0.589406461307286,0.0,0.0,0.03333333333333333,0.009690380524698653
0.07623318385650224,0.3069120961682934,0.0,0.012987012987012988,0.5333333333333333,0.22618766249113686
0.2085201793721973,0.2103681442524401,0.0,0.4675324675324676,0.5666666666666667,0.7617584495391161
0.0,0.6942148760330564,0.0,0.0,0.0,0.023635074450484517
0.0,0.5293012772351613,0.0,0.0,0.0,0.026707634129047503
0.3856502242152466,0.5075131480090143,0.0,0.0,0.6,0.3486173481446466
0.0,0.5371900826446261,0.0,0.0,0.0,0.015126447648310089
0.5515695067264573,0.5785123966942134,0.0,0.37662337662337664,0.6333333333333333,0.4878279366580005
0.5493273542600896,0.39444027047332675,0.0,0.025974025974025976,0.0,0.0815410068541716
0.0,0.497746055597295,0.0,0.0,0.03333333333333333,0.03734341763176554
0.09865470852017935,0.6731780616078122,0.0,0.0,0.0,0.027180335618057196
0.0,0.6299774605559705,0.0,0.0,0.03333333333333333,0.009454029780193806
0.060538116591928245,0.6243425995492107,0.0,0.0,0.0,0.027180335618057196
0.1928251121076233,0.41585274229902147,0.0,0.0,0.6,0.16213661073032382
0.15246636771300448,0.608189331329827,0.0,0.025974025974025976,0.03333333333333333,0.0638147010163082
0.6121076233183856,0.45116453794139666,0.0,0.012987012987012988,0.6,0.30394705743323086
0.3609865470852018,0.5443275732531916,0.0,0.012987012987012988,0.6,0.32521862443866695
0.0,0.8117956423741539,0.0,0.0,0.0,0.0172536043488537
0.0,0.5007513148008993,0.0,0.0,0.0,0.016071850626329473
0.12780269058295962,0.4830954169797135,0.0,0.0,0.0,0.026943984873552346
0.05381165919282511,0.4688204357625825,0.0,0.0,0.03333333333333333,0.03521626093122193
0.09641255605381165,0.639368895567241,0.0,0.0,0.0,0.03001654455211534
0.1928251121076233,0.8039068369646856,0.5,0.0,0.0,0.3623256913259277
0.0,0.6168294515401946,0.0,0.0,0.03333333333333333,0.017017253604348852
0.05605381165919282,0.3140495867768589,0.0,0.025974025974025976,0.5666666666666667,0.18766249113684708
0.0,0.5833959429000739,0.0,0.0,0.0,0.038052469865280075
0.13452914798206275,0.6134485349361363,0.0,0.0,0.03333333333333333,0.076341290475065
0.4147982062780269,0.5525920360631087,0.0,0.012987012987012988,0.03333333333333333,0.038052469865280075
0.09865470852017935,0.5510894064613066,0.0,0.0,0.6,0.1510281257385961
0.18834080717488788,0.6735537190082628,0.0,0.0,0.0,0.2176790356889624
0.23991031390134526,0.7054845980465814,0.0,0.0,0.6,0.17159064051051762
0.25112107623318386,0.4436513899323806,0.0,0.025974025974025976,0.6,0.24367761758449544
0.11659192825112107,0.6645379413974446,0.0,0.0,0.0,0.016544552115339166
0.09192825112107623,0.6303531179564228,0.0,0.0,0.03333333333333333,0.06476010399432759
0.2443946188340807,0.5405709992486845,0.0,0.012987012987012988,0.6333333333333333,0.17159064051051762
0.07174887892376682,0.5293012772351613,0.0125,0.0,0.6,0.1699361852989837
0.11210762331838564,0.5544703230653631,0.0,0.0,0.6333333333333333,0.15835499881824627
0.1547085201793722,0.6754320060105172,0.0,0.0,0.0,0.11746632001890808
0.26681614349775784,0.5150262960180303,0.0,0.0,0.6333333333333333,0.19215315528243915
0.390134529147982,0.5935386927122455,0.0,0.012987012987012988,0.0,0.042779484755376976
0.0,0.7441773102930114,0.0,0.0,0.03333333333333333,0.020798865516426374
0.0,0.45116453794139666,0.0,0.0,0.5666666666666667,0.25927676672181516
0.0,0.6874530428249415,0.0,0.0,0.03333333333333333,0.022216969983455445
0.2825112107623318,0.6596543951915841,0.0,0.025974025974025976,0.03333333333333333,0.03238005199716379
0.11659192825112107,0.49323816679188504,0.0,0.0,0.03333333333333333,0.02316237296147483
0.2533632286995516,0.6596543951915841,0.0,0.0,0.03333333333333333,0.03970692507681399
0.11659192825112107,0.641622839969946,0.0,0.0,0.03333333333333333,0.07185062632947295
0.0,0.5,0.0,0.0,0.5666666666666667,0.2415504608839518
0.051569506726457395,0.6085649887302758,0.0,0.0,0.0,0.01914441030489246
0.05381165919282511,0.16754320060105066,0.0,0.0,0.5333333333333333,0.15126447648310093
0.12107623318385649,0.6927122464312543,0.0,0.0,0.0,0.038052469865280075
0.07174887892376682,0.47558226897069744,0.0,0.0,0.0,0.06286929803828882
0.0,0.3542449286250928,0.0,0.0,0.0,0.11581186480737415
0.08520179372197309,0.4830954169797135,0.0,0.0,0.6,0.14677381233750889
0.23542600896860982,0.596168294515401,0.0,0.0,0.6333333333333333,0.16119120775230442
0.17264573991031387,0.37941397445529645,0.0,0.0,0.0,0.028125738596076574
0.20627802690582958,0.46018031555221484,0.0,0.012987012987012988,0.03333333333333333,0.02907114157409596
0.0695067264573991,0.6652892561983457,0.0,0.0,0.03333333333333333,0.029780193807610496
0.08968609865470852,0.5330578512396684,0.0,0.0,0.03333333333333333,0.05790593240368707
0.2130044843049327,0.5954169797144999,0.0,0.0,0.0,0.03687071614275585
0.1412556053811659,0.5631104432757308,0.0,0.0,0.0,0.019853462538406995
0.20179372197309414,0.5075131480090143,0.0,0.0,0.6,0.2448593713070196
0.0874439461883408,0.5413223140495855,0.0,0.0,0.6,0.17537225242259513
0.4461883408071749,0.3948159278737773,0.025,0.48051948051948057,0.5666666666666667,0.5696052942566769
0.0,0.5777610818933123,0.0,0.0,0.03333333333333333,0.06995982037343419
0.17040358744394618,0.6870773854244909,0.0,0.012987012987012988,0.0,0.03332545497518317
0.09417040358744394,0.5717505634861002,0.0,0.0,0.0,0.03876152209879461
0.4910313901345291,0.4241172051089386,0.55,0.012987012987012988,0.03333333333333333,0.4039234223587804
0.5201793721973094,0.4575507137490593,0.0,0.025974025974025976,0.6,0.37367052706216025
0.09641255605381165,0.5608564988730258,0.0,0.0,0.0,0.03474355944221224
0.0,0.4211119459053325,0.0,0.0,0.0,0.01418104467029071
0.0,0.31667918858001265,0.0,0.0,0.5666666666666667,0.41408650437248873
0.3116591928251121,0.6183320811419968,0.0,0.012987012987012988,0.0,0.09855826045852045
0.07399103139013452,0.47708489857250136,0.0,0.012987012987012988,0.5666666666666667,0.13566532734578116
0.0,0.45341848234410165,0.0,0.0,0.0,0.09643110375797685
0.20627802690582958,0.5390683696468805,0.0,0.012987012987012988,0.6,0.2065705506972347
0.0,0.5661157024793368,0.0,0.0,0.6,0.14393760340345074
0.0,0.644628099173552,0.0,0.0,0.6333333333333333,0.24887733396360204
0.060538116591928245,0.5172802404207353,0.0,0.0,0.03333333333333333,0.07870479792011345
0.2802690582959641,0.5890308039068355,0.0,0.025974025974025976,0.03333333333333333,0.035688962420231625
0.3609865470852018,0.5157776108189314,0.0,0.012987012987012988,0.0,0.03497991018671709
0.0,0.5649887302779852,0.0,0.0,0.03333333333333333,0.08579532025525882
0.405829596412556,0.38166791885799967,0.47500000000000003,0.0,0.0,0.3609075868588986
0.0,0.4984973703981961,0.0,0.012987012987012988,0.0,0.17017253604348856
0.0,0.5713749060856479,0.0,0.0,0.0,0.02623493264003781
0.0,0.6220886551465057,0.0,0.0,0.0,0.00047270148900968936
0.11883408071748877,0.2610818933132961,0.0,0.0,0.0,0.016308201370834316
0.29372197309417036,0.548459804658151,0.0,0.025974025974025976,0.0,0.02647128338454266
0.23766816143497754,0.548459804658151,0.0,0.012987012987012988,0.03333333333333333,0.03757976837627038
0.06502242152466367,0.5424492862509389,0.0,0.0,0.0,0.015126447648310089
0.3161434977578475,0.5018782870022527,0.0,0.07792207792207792,0.6333333333333333,0.3578350271803356
0.0,0.6160781367392918,0.0,0.0,0.0,0.04207043252186244
0.0,0.5706235912847468,0.0,0.0,0.03333333333333333,0.00023635074450484468
0.09192825112107623,0.5954169797144999,0.0,0.0,0.03333333333333333,0.023871425194989367
0.3497757847533632,0.6675432006010507,0.0,0.025974025974025976,0.0,0.046324745922949655
0.0,0.4962434259954911,0.0,0.0,0.0,0.003781611912077522
0.10089686098654707,0.5586025544703226,0.0,0.0,0.0,0.02883479082959111
0.2286995515695067,0.32945154019533973,0.0,0.0,0.0,0.15977310328527536
0.0,0.4459053343350856,0.0,0.0,0.03333333333333333,0.0
0.12331838565022421,0.6111945905334313,0.0,0.0,0.6,0.24367761758449544
0.3811659192825112,0.5623591284748297,0.0,0.03896103896103896,0.03333333333333333,0.07279602930749232
0.06726457399103138,0.4613072877535682,0.0,0.0,0.0,0.1626093122193335
0.0,0.5570999248685187,0.0,0.0,0.03333333333333333,0.021271567005436066
0.1905829596412556,0.5082644628099171,0.0,0.025974025974025976,0.0,0.1531552824391397
0.16367713004484302,0.5383170548459795,0.0,0.012987012987012988,0.16666666666666666,0.07350508154100685
0.08968609865470852,0.4797145003756551,0.0,0.0,0.0,0.015835499881824623
0.06502242152466367,0.45567242674680664,0.0,0.0,0.0,0.024580477428503895
0.12556053811659193,0.485725018782869,0.0,0.0,0.03333333333333333,0.018435358071377923
0.0695067264573991,0.5619834710743792,0.0,0.0,0.0,0.013708343181281021
0.17264573991031387,0.7186326070623572,0.0,0.0,0.0,0.0940675963129284
0.08071748878923765,0.45191585274229773,0.0,0.0,0.5666666666666667,0.1945166627274876
0.25784753363228696,0.5285499624342584,0.0,0.0,0.03333333333333333,0.03332545497518317
0.08295964125560537,0.5649887302779852,0.0,0.0,0.6,0.16355471519735287
0.0,0.6761833208114183,0.0,0.0,0.0,0.07586858898605531
0.0,0.5597295266716742,0.0,0.0,0.0,0.07090522335145356
0.10986547085201794,0.4819684447783601,0.0125,0.0,0.0,0.25005908768612617
0.07847533632286996,0.5601051840721247,0.0,0.0,0.03333333333333333,0.01914441030489246
0.09865470852017935,0.6780616078136728,0.0,0.0,0.0,0.023398723705979674
0.0,0.6202103681442512,0.0,0.0,0.0,0.0392342235878043
0.2533632286995516,0.6652892561983457,0.0125,0.012987012987012988,0.0,0.05057905932403687
0.06502242152466367,0.14537941397445486,0.375,0.0,0.5333333333333333,0.3793429449302765
0.13004484304932734,0.4090909090909083,0.0125,0.0,0.6,0.2150791774994091
0.11883408071748877,0.5165289256198342,0.0,0.0,0.03333333333333333,0.031907350508154096
0.0,0.646882043576257,0.0,0.0,0.0,0.04939730560151264
0.0,0.552967693463561,0.025,0.48051948051948057,0.6,0.5055542424958639
0.0695067264573991,0.33771600300525684,0.0,0.0,0.0,0.031198298274639567
0.07623318385650224,0.41923365890307984,0.0,0.0,0.0,0.1772630583786339
0.2690582959641255,0.49549211119459,0.0125,0.0,0.6,0.2654218860789411
0.0,0.7092411720510885,0.0,0.0,0.03333333333333333,0.025525880406523274
0.0,0.5458302028549955,0.0,0.025974025974025976,0.6333333333333333,0.2933112739305129
0.34529147982062774,0.3478587528174284,0.0,0.012987012987012988,0.0,0.04514299220042543
0.2130044843049327,0.4654395191585259,0.0,0.0,0.5666666666666667,0.20609784920822502
0.17040358744394618,0.5563486100676176,0.0,0.0,0.0,0.012053887969747103
0.2690582959641255,0.6074380165289242,0.0,0.012987012987012988,0.0,0.04112502954384306
0.2713004484304932,0.6502629601803154,0.0,0.012987012987012988,0.6333333333333333,0.16804537934294494
0.2690582959641255,0.14012021036814382,0.0,0.0,0.5666666666666667,0.169463483809974
0.08295964125560537,0.5525920360631087,0.0,0.0,0.0,0.02481682817300874
0.0,0.5116453794139737,0.0,0.0,0.0,0.003545261167572677
0.28699551569506726,0.6202103681442512,0.0,0.025974025974025976,0.0,0.031198298274639567
0.05381165919282511,0.5022539444027032,0.0,0.0,0.6,0.1682817300874498
0.2600896860986547,0.6100676183320797,0.0,0.012987012987012988,0.0,0.03474355944221224
0.0,0.5304282494365129,0.0,0.0,0.03333333333333333,0.1307019617111794
0.195067264573991,0.42599549211119303,0.0,0.0,0.0,0.05223351453557079
0.06726457399103138,0.5570999248685187,0.0,0.0,0.6,0.15717324509572206
0.14349775784753363,0.548459804658151,0.0,0.012987012987012988,0.0,0.048924604112502955
0.0695067264573991,0.48497370398196793,0.0,0.0,0.6333333333333333,0.1489009690380525
0.2309417040358744,0.4575507137490593,0.0125,0.0,0.0,0.05081541006854171
0.3654708520179372,0.6190833959428979,0.0,0.5064935064935066,0.03333333333333333,0.37367052706216025
0.05829596412556053,0.5514650638617571,0.0,0.0,0.6,0.14559205861498464
0.0874439461883408,0.49549211119459,0.0,0.0,0.6,0.1590640510517608
0.11883408071748877,0.7426746806912075,0.0,0.0,0.6333333333333333,0.21035216260931225
0.06502242152466367,0.7501878287002235,0.0,0.0,0.0,0.016308201370834316
0.0,0.5518407212622076,0.0,0.0,0.0,0.0056724178681162845
0.24215246636771298,0.44027047332832403,0.0,0.0,0.0,0.02883479082959111
0.5919282511210762,0.471450037565738,0.0,0.0,0.6,0.21838808792247696
0.23766816143497754,0.4774605559729501,0.0,0.0,0.0,0.21082486409832193
0.1748878923766816,0.49549211119459,0.0,0.0,0.6,0.169463483809974
0.07399103139013452,0.4237415477084898,0.0,0.0,0.0,0.2176790356889624
0.24215246636771298,0.5646130728775347,0.0,0.025974025974025976,0.0,0.031198298274639567
0.226457399103139,0.4560480841472554,0.0,0.0,0.0,0.09217679035688962
0.0874439461883408,0.5394440270473311,0.0,0.0,0.0,0.025525880406523274
0.16591928251121074,0.7069872276483835,0.0,0.0,0.0,0.061687544315764585
0.07623318385650224,0.42749812171299695,0.0,0.0,0.0,0.020326164027416688
0.210762331838565,0.5251690458302019,0.0,0.012987012987012988,0.03333333333333333,0.028598440085086267
0.3946188340807174,0.6731780616078122,0.0,0.025974025974025976,0.0,0.045615693689435126
0.08520179372197309,0.389556724267468,0.0,0.0,0.0,0.02765303710706689
0.5762331838565022,0.31480090157776,0.4,0.03896103896103896,0.6,0.4627747577404869
0.07623318385650224,0.5736288504883529,0.0,0.0,0.03333333333333333,0.12172063341999528
0.0,0.5259203606311029,0.0,0.0,0.5666666666666667,0.2668399905459702
0.2488789237668161,0.6051840721262192,0.0,0.012987012987012988,0.0,0.026707634129047503
0.0,0.6280991735537178,0.0,0.0,0.03333333333333333,0.017726305837863388
0.0,0.5353117956423734,0.0,0.0,0.5333333333333333,0.16922713306546916
0.0,0.6859504132231393,0.0,0.0,0.0,0.017489955093358545
0.0,0.3797896318557452,0.0,0.0,0.0,0.01678090285984401
0.0,0.4785875281743035,0.0,0.0,0.0,0.05105176081304656
0.0,0.6465063861758065,0.0,0.0,0.0,0.01819900732687308
0.12331838565022421,0.6626596543951901,0.0,0.012987012987012988,0.03333333333333333,0.02741668636256204
0.13004484304932734,0.6096919609316291,0.0,0.025974025974025976,0.6333333333333333,0.16284566296383834
0.1547085201793722,0.6641622839969923,0.025,0.025974025974025976,0.0,0.038997872843299454
0.2533632286995516,0.5315552216378645,0.0,0.0,0.03333333333333333,0.03474355944221224
0.13452914798206275,0.5285499624342584,0.0125,0.0,0.6,0.15362798392814936
0.13452914798206275,0.6010518407212615,0.0,0.0,0.6,0.18482628220278893
0.0,0.62960180315552,0.025,0.0,0.0,0.024107775939494203
0.0,0.6100676183320797,0.0,0.0,0.03333333333333333,0.029780193807610496
0.2488789237668161,0.5646130728775347,0.0,0.012987012987012988,0.0,0.03025289529662018
0.11210762331838564,0.5078888054094648,0.0,0.0,0.0,0.030725596785629875
0.17264573991031387,0.5867768595041323,0.0,0.0,0.0,0.012526589458756796
0.0,0.6314800901577744,0.0,0.0,0.6333333333333333,0.15410068541715907
0.0,0.5555972952667148,0.0,0.0,0.03333333333333333,0.020326164027416688
0.13677130044843047,0.4342599549211119,0.0,0.0,0.03333333333333333,0.018435358071377923
0.0,0.6596543951915841,0.0,0.0,0.03333333333333333,0.019380761049397302
0.25560538116591924,0.5195341848234403,0.0,0.012987012987012988,0.6,0.24320491609548575
0.09417040358744394,0.4173553719008254,0.47500000000000003,0.0,0.6,0.5615693689435122
0.3542600896860986,0.5319308790383168,0.0,0.012987012987012988,0.03333333333333333,0.0392342235878043
0.2309417040358744,0.5180315552216364,0.0,0.025974025974025976,0.6333333333333333,0.17537225242259513
0.09641255605381165,0.7873779113448514,0.0,0.012987012987012988,0.0,0.02481682817300874
0.18161434977578475,0.6855747558226888,0.0,0.0,0.6,0.17064523753249825
0.13004484304932734,0.7205108940646117,0.0,0.025974025974025976,0.0,0.028125738596076574
0.09192825112107623,0.5837716003005244,0.0,0.012987012987012988,0.0,0.018671708815882766
0.0,0.6686701728024023,0.0,0.0,0.03333333333333333,0.0099267312692035
0.0,0.634861006761831,0.0,0.0,0.03333333333333333,0.015835499881824623
0.538116591928251,0.5420736288504866,0.0,0.03896103896103896,0.03333333333333333,0.13306546915622786
0.0874439461883408,0.53418482344102,0.0,0.0,0.0,0.03048924604112503
0.289237668161435,0.7028549962434241,0.0,0.012987012987012988,0.03333333333333333,0.03592531316473647
0.13677130044843047,0.3302028549962426,0.0,0.0,0.0,0.013944693925785867
0.0,0.38993238166791855,0.0,0.0,0.6,0.4845190262349326
0.05381165919282511,0.483471074380164,0.0,0.0,0.0,0.015599149137319782
0.08295964125560537,0.6987227648384664,0.0,0.0,0.03333333333333333,0.043015835499881826
0.11434977578475335,0.6205860255447018,0.0,0.0,0.03333333333333333,0.03332545497518317
0.08071748878923765,0.44139744552967564,0.0,0.4675324675324676,0.03333333333333333,0.3124556842354053
0.23991031390134526,0.6840721262208849,0.0,0.025974025974025976,0.0,0.036634365398251004
0.0,0.6179564237415462,0.0,0.0,0.0,0.01914441030489246
0.1053811659192825,0.5567242674680681,0.0,0.0,0.6333333333333333,0.15457338690616876
0.09865470852017935,0.4571750563486088,0.0,0.0,0.6,0.3285275348617348
0.22421524663677128,0.6033057851239665,0.0,0.012987012987012988,0.26666666666666666,0.05979673835972583
0.17937219730941703,0.6220886551465057,0.0,0.0,0.0,0.0392342235878043
0.30269058295964124,0.5150262960180303,0.0,0.012987012987012988,0.03333333333333333,0.02174426849444576
0.11659192825112107,0.5807663410969184,0.0,0.0,0.0,0.029543843063105646
0.7668161434977578,0.6536438767843702,0.025,0.012987012987012988,0.0,0.21980619238950602
0.4260089686098654,0.47708489857250136,0.0,0.5064935064935066,0.0,0.6535098085558969
0.13004484304932734,0.5582268970698703,0.0,0.0,0.6,0.2767667218151737
0.25560538116591924,0.6284748309541683,0.0,0.0,0.0,0.12077523044197591
0.0,0.5815176558978195,0.0,0.0,0.0,0.025525880406523274
0.11883408071748877,0.5833959429000739,0.0,0.0,0.0,0.017489955093358545
0.0874439461883408,0.5093914350112687,0.0,0.012987012987012988,0.0,0.27393051288111553
0.0,0.6093163035311786,0.0,0.0,0.03333333333333333,0.11439376034034508
0.210762331838565,0.5909090909090899,0.0,0.012987012987012988,0.6,0.16615457338690617
0.0,0.5770097670924095,0.0,0.0,0.6,0.13661073032380053
0.29372197309417036,0.9372652141247162,0.0,0.0,0.03333333333333333,0.041597731032852754
0.10313901345291479,0.5326821938392161,0.0,0.0,0.6333333333333333,0.2410777593949421
0.2600896860986547,0.31705484598046496,0.0,0.012987012987012988,0.0,0.033089104230678325
0.14798206278026904,0.7430503380916598,0.0,0.0,0.03333333333333333,0.037107066887260697
0.0,0.4128474830954154,0.0,0.9480519480519481,0.03333333333333333,0.5778775703143465
0.30493273542600896,0.4631855747558209,0.0,0.025974025974025976,0.5666666666666667,0.169463483809974
0.6591928251121075,0.44515401953418454,0.0,0.0,0.6,0.35476246750177265
0.07399103139013452,0.5150262960180303,0.0,0.0,0.6,0.1590640510517608
0.07623318385650224,0.5349361382419211,0.0,0.025974025974025976,0.5666666666666667,0.15126447648310093
0.0,0.536438767843725,0.0,0.0,0.5666666666666667,0.3462538406995982
0.08968609865470852,0.6314800901577744,0.0,0.025974025974025976,0.0,0.03332545497518317
0.12107623318385649,0.4785875281743035,0.0,0.0,0.0,0.020798865516426374
0.051569506726457395,0.5743801652892557,0.47500000000000003,0.012987012987012988,0.6,0.4436303474355944
0.15695067264573992,0.5909090909090899,0.0,0.0,0.0,0.015835499881824623
0.23766816143497754,0.5616078136739286,0.0,0.025974025974025976,0.03333333333333333,0.031907350508154096
0.3363228699551569,0.49211119459053165,0.0,0.025974025974025976,0.6333333333333333,0.17135428976601277
0.0,0.4105935386927104,0.0,0.0,0.0,0.04490664145592059
0.11883408071748877,0.3542449286250928,0.0,0.0,0.0,0.03876152209879461
0.08968609865470852,0.5187828700225392,0.47500000000000003,0.0,0.5666666666666667,0.5081541006854172
0.3340807174887892,0.3339594290007497,0.0125,0.0,0.0,0.3034743559442212
0.0,0.6078136739293747,0.0,0.0,0.03333333333333333,0.019380761049397302
0.0,0.5743801652892557,0.0,0.0,0.03333333333333333,0.012999290947766485
0.07174887892376682,0.5725018782870013,0.0,0.0,0.6,0.20255258804065235
0.2780269058295964,0.46280991735537036,0.0125,0.012987012987012988,0.6,0.21933349090049634
0.09865470852017935,0.3858001502629591,0.0,0.0,0.6333333333333333,0.3280548333727251
0.060538116591928245,0.5424492862509389,0.0,0.0,0.6,0.1746632001890806
0.15246636771300448,0.5649887302779852,0.0,0.0,0.0,0.1997163791065942
0.0695067264573991,0.4342599549211119,0.0,0.0,1.0,0.4254313401087213
0.06278026905829596,0.6622839969947396,0.0,0.0,0.0,0.02292602221696998
0.21973094170403587,0.39068369646881784,0.025,0.012987012987012988,0.5666666666666667,0.2446230205625148
0.28699551569506726,0.6712997746055596,0.0,0.012987012987012988,0.03333333333333333,0.03947057433230914
0.07399103139013452,0.6472577009767075,0.0,0.0,0.0,0.023871425194989367
0.13228699551569506,0.8989481592787367,0.0,0.0,0.0,0.03048924604112503
0.07847533632286996,0.5259203606311029,0.0,0.025974025974025976,0.6,0.15410068541715907
0.10313901345291479,0.5101427498121698,0.0,0.0,0.03333333333333333,0.19593476719451666
0.17264573991031387,0.5052592036063093,0.0125,0.33766233766233766,0.6,0.4046324745922949
0.22421524663677128,0.6220886551465057,0.0,0.35064935064935066,0.6,0.37745213897423774
0.2219730941704036,0.7160030052592035,0.0,0.3246753246753247,0.0,0.2190971401559915
0.07623318385650224,0.20135236664162193,0.0,0.012987012987012988,0.5333333333333333,0.19995272985109905
0.35650224215246634,0.5338091660405695,0.0,0.025974025974025976,0.0,0.11533916331836447
0.051569506726457395,0.471450037565738,0.0125,0.0,0.0,0.15504608839517844
0.12556053811659193,0.44966190833959274,0.0,0.012987012987012988,0.03333333333333333,0.0418340817773576
0.0,0.24981217129977296,0.0,0.0,0.5666666666666667,0.2878752068069014
0.05829596412556053,0.6063110443275725,0.0,0.0,0.0,0.015835499881824623
0.13004484304932734,0.44139744552967564,0.0,0.0,0.6,0.1489009690380525
0.0,0.3801652892561975,0.0,0.0,0.5666666666666667,0.1370834318128102
0.060538116591928245,0.49812171299774555,0.0,0.012987012987012988,0.6,0.14606476010399433
0.30269058295964124,0.6836964688204343,0.0125,0.0,0.6,0.3783975419522571
0.060538116591928245,0.5108940646130709,0.0,0.0,0.0,0.14086504372488776
0.0,0.7017280240420725,0.0,0.0,0.03333333333333333,0.007563223824155045
0.23991031390134526,0.430503380916603,0.0,0.3116883116883117,0.0,0.2053887969747105
0.07399103139013452,0.6100676183320797,0.0,0.0,0.6333333333333333,0.3072559678562987
0.11659192825112107,0.3790383170548459,0.0,0.0,0.03333333333333333,0.024344126683999052
0.23991031390134526,0.6363636363636349,0.0,0.0,0.03333333333333333,0.07137792484046326
0.0,0.32607062359128314,0.5375,0.0,0.0,0.4828645710233987
0.25112107623318386,0.6220886551465057,0.0,0.0,0.03333333333333333,0.04065232805483337
0.09641255605381165,0.7791134485349342,0.0,0.0,0.0,0.03497991018671709
0.0,0.23253193087903767,0.0,0.0,0.5333333333333333,0.26305837863389264
0.37668161434977576,0.7193839218632583,0.0,0.025974025974025976,0.0,0.05105176081304656
0.06726457399103138,0.6220886551465057,0.0,0.0,0.6,0.15457338690616876
0.0,0.7697220135236655,0.0,0.0,0.0,0.024344126683999052
0.05605381165919282,0.53869271224643,0.0,0.0,0.0,0.02174426849444576
0.1390134529147982,0.5161532682193819,0.0,0.0,0.03333333333333333,0.03781611912077523
0.0,0.7813673929376392,0.0,0.0,0.0,0.018671708815882766
0.10089686098654707,0.2761081893313282,0.0,0.0,0.0,0.03048924604112503
0.0,0.5882794891059344,0.0125,0.0,0.6,0.31552824391396833
0.0,0.23741547708489819,0.0,0.0,0.5666666666666667,0.14866461829354763
0.10313901345291479,0.5589782118707731,0.0,0.0,0.03333333333333333,0.034507208697707396
0.3206278026905829,0.6690458302028546,0.0125,0.012987012987012988,0.6333333333333333,0.22051524462302058
0.3789237668161435,0.7280240420736277,0.0,0.012987012987012988,0.0,0.14701016308201373
0.27578475336322866,0.4068369646882033,0.4625,0.0,0.6,0.6071850626329474
0.10762331838565022,0.7009767092411714,0.0,0.0,0.0,0.02883479082959111
0.25560538116591924,0.5758827948910579,0.0,0.025974025974025976,0.0,0.03001654455211534
0.08520179372197309,0.6780616078136728,0.0,0.0,0.0,0.08603167099976367
0.12331838565022421,0.7723516153268211,0.0,0.0,0.0,0.028125738596076574
0.13452914798206275,0.6637866265965418,0.0,0.012987012987012988,0.0,0.05577877570314347
0.0,0.4785875281743035,0.0,0.0,0.03333333333333333,0.008272276057669581
0.1053811659192825,0.5146506386175798,0.0,0.012987012987012988,0.6,0.14771921531552826
0.1771300448430493,0.48873027798647506,0.0,0.0,0.6,0.18553533443630346
0.0,0.8027798647633357,0.0,0.0,0.0,0.016544552115339166
0.25112107623318386,0.5890308039068355,0.0,0.0,0.03333333333333333,0.03592531316473647
0.06502242152466367,0.5619834710743792,0.0,0.012987012987012988,0.0,0.031907350508154096
0.4237668161434977,0.3399699474079618,0.0,0.025974025974025976,0.0,0.23138737887024347
0.0695067264573991,0.4598046581517643,0.0,0.012987012987012988,0.03333333333333333,0.02788938785157173
0.3116591928251121,0.5078888054094648,0.0,0.025974025974025976,0.0,0.10210352162609312
0.210762331838565,0.4823441021788124,0.0,0.0,0.6,0.1652091704088868
0.28475336322869954,0.643876784372651,0.0,0.025974025974025976,0.03333333333333333,0.0418340817773576
0.10089686098654707,0.47896318557475404,0.0,0.0,0.0,0.04088867879933821
0.13677130044843047,0.5349361382419211,0.0,0.0,0.0,0.034034507208697704
0.24215246636771298,0.3159278737791116,0.0,0.0,0.0,0.02907114157409596
0.11210762331838564,0.593914350112696,0.0,0.0,0.0,0.03001654455211534
0.07399103139013452,0.6078136739293747,0.0,0.0,0.0,0.025998581895532967
0.3856502242152466,0.5045078888054082,0.0,0.012987012987012988,0.03333333333333333,0.04608839517844481
0.0,0.6476333583771581,0.0,0.0,0.03333333333333333,0.04348853698889151
0.0,0.6754320060105172,0.0,0.0,0.0,0.024580477428503895
0.05381165919282511,0.4320060105184069,0.0,0.0,0.6,0.13613802883479084
0.05605381165919282,0.5931630353117949,0.0,0.0,0.6333333333333333,0.15953675254077052
0.08968609865470852,0.33471074380165255,0.0,0.012987012987012988,0.03333333333333333,0.0638147010163082
0.08520179372197309,0.312546957175055,0.0,0.0,0.0,0.08272276057669582
0.0,0.5187828700225392,0.0,0.0,0.6,0.3086740723233278
0.15246636771300448,0.8914350112697207,0.0,0.012987012987012988,0.03333333333333333,0.029780193807610496
0.06726457399103138,0.6299774605559705,0.0,0.0,0.0,0.046324745922949655
0.05381165919282511,0.6476333583771581,0.0,0.0,0.6,0.15220987946112033
0.10986547085201794,0.5041322314049577,0.17500000000000002,0.0,0.6,0.27274875915859137
0.23766816143497754,0.6239669421487584,0.0,0.012987012987012988,0.0,0.03616166390924131
0.05829596412556053,0.3564988730277978,0.0,0.0,0.5666666666666667,0.1375561333018199
0.0,0.5383170548459795,0.0,0.0,0.6333333333333333,0.15717324509572206
0.0,0.7051089406461291,0.0,0.0,0.03333333333333333,0.018908059560387616
0.226457399103139,0.3925619834710723,0.0,0.012987012987012988,0.7,0.18506263294729378
0.0,0.40045078888054064,0.0125,0.36363636363636365,0.5666666666666667,0.3691798629165682
0.22421524663677128,0.7479338842975203,0.0,0.0,0.0,0.0418340817773576
0.210762331838565,0.5063861758076627,0.0,0.025974025974025976,0.5666666666666667,0.3415268258095013
0.0695067264573991,0.654395191585273,0.0,0.0,0.6,0.16497281966438196
0.24663677130044842,0.28512396694214814,0.0,0.0,0.5666666666666667,0.21626093122193335
0.0,0.4387678437265201,0.0,0.0,0.6,0.18269912550224535
0.09192825112107623,0.608189331329827,0.0,0.0,0.03333333333333333,0.015599149137319782
0.57847533632287,0.47933884297520457,0.0,0.012987012987012988,0.0,0.15291893169463486
0.0,0.5315552216378645,0.0,0.0,0.6333333333333333,0.1720633419995273
0.06726457399103138,0.6453794139744531,0.0,0.0,0.0,0.032852753486173475
0.33856502242152464,0.28287002253944316,0.47500000000000003,0.0,0.5666666666666667,0.6662727487591587
0.05605381165919282,0.6697971450037556,0.0,0.0,0.0,0.045615693689435126
0.0,0.7986476333583763,0.0,0.0,0.0,0.02528952966201843
0.289237668161435,0.8016528925619824,0.0,0.0,0.0,0.07775939494209408
0.30269058295964124,0.6435011269722004,0.0,0.012987012987012988,0.03333333333333333,0.02623493264003781
0.13228699551569506,0.5150262960180303,0.0,0.0,0.03333333333333333,0.028125738596076574
0.0,0.46055597295266537,0.0,0.0,0.03333333333333333,0.059087686126211285
0.09865470852017935,0.6149511645379402,0.0,0.0,0.0,0.028125738596076574
0.11659192825112107,0.6712997746055596,0.0,0.0,0.03333333333333333,0.03167099976364925
0.0,0.5199098422238908,0.0,0.0,0.6,0.18364452848026472
0.0,0.641622839969946,0.0,0.0,0.6,0.23564169227133067
0.10762331838565022,0.6795642374154767,0.1,0.0,0.0,0.18884424485937132
0.12107623318385649,0.6773102930127717,0.0,0.0,0.03333333333333333,0.096194753013472
0.08520179372197309,0.4906085649887295,0.0,0.0,0.03333333333333333,0.03947057433230914
0.2600896860986547,0.4631855747558209,0.0,0.3116883116883117,0.0,0.24178681162845664
0.17937219730941703,0.4060856498873022,0.0,0.012987012987012988,0.0,0.14157409595840229
0.060538116591928245,0.5537190082644603,0.0,0.0,0.03333333333333333,0.027180335618057196
0.12780269058295962,0.6093163035311786,0.0,0.0,0.03333333333333333,0.019380761049397302
0.0,0.6386175807663399,0.0,0.0,0.0,0.06617820846135666
0.0,0.6761833208114183,0.0,0.0,0.0,0.15693689435121722
0.1390134529147982,0.5713749060856479,0.0,0.0,0.0,0.05152446230205625
0.24215246636771298,0.5,0.0,0.0,0.03333333333333333,0.02907114157409596
0.0,0.589406461307286,0.0,0.0,0.0,0.015362798392814936
0.11434977578475335,0.26145755071374666,0.0,0.0,0.0,0.02292602221696998
0.11210762331838564,0.6949661908339593,0.0,0.0,0.0,0.030961947530134717
0.09417040358744394,0.49924868519909715,0.0,0.012987012987012988,0.6,0.15268258095013001
0.1614349775784753,0.5803906836964678,0.0,0.0,0.6333333333333333,0.16095485700779957
0.405829596412556,0.4237415477084898,0.225,0.0,0.5666666666666667,0.3417631765540062
0.0,0.8054094665664895,0.0,0.0,0.03333333333333333,0.02292602221696998
0.18385650224215247,0.5450788880540927,0.0,0.025974025974025976,0.6333333333333333,0.27700307255967854
0.30493273542600896,0.4763335837715985,0.0,0.0,0.03333333333333333,0.22996927440321438
0.10089686098654707,0.48647633358377007,0.0,0.0,0.03333333333333333,0.016544552115339166
0.3520179372197309,0.6645379413974446,0.0,0.0,0.6333333333333333,0.2448593713070196
0.289237668161435,0.5604808414725753,0.0,0.0,0.03333333333333333,0.02056251477192153
0.2982062780269058,0.702103681442523,0.0,0.025974025974025976,0.0,0.043015835499881826
0.3811659192825112,0.5210368144252442,0.0,0.012987012987012988,0.03333333333333333,0.03734341763176554
0.27354260089686094,0.6130728775356857,0.0,0.012987012987012988,0.0,0.02883479082959111
0.0,0.5416979714500361,0.0,0.0,0.6,0.14322855116993619
0.18385650224215247,0.6126972201352352,0.0,0.012987012987012988,0.6,0.2583313637437957
0.0,0.40270473328324385,0.0,0.0,0.0,0.016544552115339166
0.0,0.6326070623591278,0.0,0.0,0.0,0.01914441030489246
0.16816143497757846,0.5781367392937629,0.0,0.0,0.03333333333333333,0.021035216260931223
0.0,0.5679939894815913,0.0,0.0,0.0,0.017962656582368237
0.0,0.413974455296767,0.0,0.0,0.6,0.21720633419995272
0.226457399103139,0.22314049586776719,0.0,0.012987012987012988,0.0,0.06665090995036635
0.2286995515695067,0.4598046581517643,0.0,0.0,0.6,0.189316946348381
0.0,0.475957926371148,0.0,0.0,0.6,0.384779012053888
0.07623318385650224,0.3703981968444765,0.0,0.0,0.5666666666666667,0.36492554951548095
0.12107623318385649,0.5424492862509389,0.0,0.0,0.0,0.02907114157409596
0.0,0.47896318557475404,0.0,0.0,0.5666666666666667,0.1604821555187899
0.3228699551569506,0.6187077385424491,0.0,0.0,0.36666666666666664,0.0909950366343654
0.11434977578475335,0.5619834710743792,0.0,0.012987012987012988,0.03333333333333333,0.03876152209879461
0.10089686098654707,0.596168294515401,0.0,0.0,0.03333333333333333,0.07468683526353108
0.0,0.48760330578512345,0.0,0.0,0.0,0.23965965492791302
0.23766816143497754,0.3985725018782862,0.0,0.025974025974025976,0.0,0.036634365398251004
0.16367713004484302,0.5747558226897045,0.0,0.0,0.03333333333333333,0.1510281257385961
0.10762331838565022,0.3576258452291494,0.0,0.0,0.0,0.19404396123847792
0.07847533632286996,0.47220135236664085,0.0,0.0,0.6,0.15008272276057671
0.0,0.33433508640120024,0.0,0.0,0.5666666666666667,0.15291893169463486
0.05381165919282511,0.589406461307286,0.0,0.0,0.6333333333333333,0.14819191680453794
0.43946188340807174,0.5232907588279474,0.0,0.35064935064935066,0.03333333333333333,0.2212242968565351
0.11210762331838564,0.6006761833208092,0.0,0.025974025974025976,0.03333333333333333,0.03261640274166863
0.2645739910313901,0.6250939143501117,0.0,0.0,0.0,0.024580477428503895
0.1547085201793722,0.4466566491359867,0.0,0.0,0.7,0.19262585677144883
0.17937219730941703,0.2997746055597279,0.4625,0.0,0.0,0.30465610966674544
0.0695067264573991,0.6397445529676933,0.0,0.0,0.03333333333333333,0.02765303710706689
0.0,0.5326821938392161,0.0,0.0,0.03333333333333333,0.10990309619475302
0.0,0.7490608564988719,0.0,0.0,0.0,0.03167099976364925
0.0,0.651389932381667,0.0,0.0,0.03333333333333333,0.013235641692271332
0.0,0.3549962434259939,0.0,0.012987012987012988,0.6,0.2384779012053888
0.0,0.37415477084898363,0.0,0.0,0.5666666666666667,0.135901678090286
0.08071748878923765,0.5815176558978195,0.0,0.025974025974025976,0.6,0.16709997636492555
0.10762331838565022,0.5875281743050316,0.0,0.012987012987012988,0.03333333333333333,0.029543843063105646
0.23991031390134526,0.46619083395942873,0.0,0.025974025974025976,0.03333333333333333,0.03852517135428977
0.11883408071748877,0.7678437265214111,0.0,0.0,0.0,0.035688962420231625
0.226457399103139,0.6254695717505623,0.0,0.025974025974025976,0.0,0.02174426849444576
0.0,0.5848985725018778,0.0,0.0,0.03333333333333333,0.009217679035688963
0.3363228699551569,0.3185574755822671,0.0,0.012987012987012988,0.6,0.30512881115575513
0.13452914798206275,0.46280991735537036,0.0,0.0,0.0,0.014890096903805246
0.10313901345291479,0.5852742299023284,0.0,0.0,0.03333333333333333,0.018435358071377923
0.20179372197309414,0.5206611570247919,0.0,0.025974025974025976,0.0,0.04703379815646419
0.12780269058295962,0.53869271224643,0.0,0.0,0.0,0.04372488773339636
0.11210762331838564,0.44139744552967564,0.0125,0.0,0.6,0.14299220042543134
0.0,0.5905334335086394,0.0,0.0,0.03333333333333333,0.012053887969747103
0.0,0.44628099173553615,0.0,0.0,0.6,0.1463011108484992
0.12331838565022421,0.6682945154019517,0.0,0.0,0.0,0.02765303710706689
0.21973094170403587,0.5563486100676176,0.0,0.025974025974025976,0.03333333333333333,0.04088867879933821
0.2130044843049327,0.5157776108189314,0.0,0.0,0.6,0.264003781611912
0.42825112107623314,0.41209616829451434,0.0,0.025974025974025976,0.5,0.1212479319309856
0.3251121076233183,0.4504132231404938,0.0,0.025974025974025976,0.03333333333333333,0.09383124556842355
0.14349775784753363,0.5123966942148748,0.0,0.0,0.0,0.021035216260931223
0.0,0.3542449286250928,0.0,0.0,0.0,0.007090522335145356
0.0,0.521412471825693,0.0,0.0,0.03333333333333333,0.00023635074450484468
0.08968609865470852,0.45905334335086323,0.0,0.012987012987012988,0.3333333333333333,0.09454029780193808
0.12331838565022421,0.6183320811419968,0.0,0.0,0.03333333333333333,0.02481682817300874
0.060538116591928245,0.5548459804658137,0.0,0.0,0.0,0.041597731032852754
0.2286995515695067,0.7892561983471058,0.0,0.0,0.0,0.03261640274166863
0.2802690582959641,0.651389932381667,0.0,0.025974025974025976,0.03333333333333333,0.029780193807610496
0.0,0.6547708489857236,0.0,0.0,0.0,0.02623493264003781
0.06502242152466367,0.32419233658903046,0.0,0.0,0.5666666666666667,0.15622784211770266
0.13228699551569506,0.5582268970698703,0.0125,0.0,0.6333333333333333,0.1668636256204207
0.06502242152466367,0.3936889556724257,0.0,0.0,0.0,0.15173717797211064
0.0,0.6716754320060101,0.0,0.0,0.0,0.012053887969747103
0.3004484304932735,0.6532682193839197,0.0,0.025974025974025976,0.6333333333333333,0.17277239423304186
0.09865470852017935,0.49549211119459,0.0,0.0,0.6,0.2703852517135429
0.0,0.48610067618331954,0.0,0.0,0.0,0.008981328291184117
0.36771300448430494,0.37791134485349254,0.47500000000000003,0.0,0.5666666666666667,0.6317655400614512
0.06278026905829596,0.5180315552216364,0.0,0.0,0.5666666666666667,0.18151737177972113
0.3228699551569506,0.4481592787377888,0.0,0.0,0.0,0.025998581895532967
0.5650224215246636,0.5732531930879023,0.0125,0.0,0.6333333333333333,0.41928622075159533
0.0,0.7009767092411714,0.0,0.0,0.0,0.016071850626329473
0.30269058295964124,0.3918106686701712,0.3875,0.0,0.5666666666666667,0.4048688253367998
0.0,0.6848234410217859,0.0,0.012987012987012988,0.0,0.02056251477192153
0.46412556053811654,0.3658903080390665,0.0125,0.48051948051948057,0.5666666666666667,0.6114393760340345
0.2690582959641255,0.5236664162283979,0.0,0.025974025974025976,0.0,0.017489955093358545
0.37668161434977576,0.5033809166040548,0.42500000000000004,0.012987012987012988,0.0,0.4623020562514772
0.11210762331838564,0.5097670924117192,0.025,0.0,0.6,0.15126447648310093
0.11883408071748877,0.48985725018782666,0.0,0.0,0.6,0.15220987946112033
0.13452914798206275,0.5544703230653631,0.0,0.0,0.0,0.028598440085086267
0.09417040358744394,0.7009767092411714,0.0,0.0,0.6333333333333333,0.3259276766721815
0.09417040358744394,0.5586025544703226,0.0,0.0,0.0,0.01819900732687308
0.09865470852017935,0.6202103681442512,0.0,0.0,0.0,0.035452611675726775
0.34080717488789236,0.5709992486851974,0.0,0.012987012987012988,0.0,0.03876152209879461
0.11434977578475335,0.6367392937640854,0.0,0.0,0.03333333333333333,0.08484991727723944
0.0,0.5770097670924095,0.0,0.0,0.0,0.01914441030489246
0.12780269058295962,0.6765589782118688,0.0,0.0,0.03333333333333333,0.015599149137319782
0.08968609865470852,0.3493613824192323,0.0,0.0,0.6,0.5790593240368708
0.0,0.5548459804658137,0.0,0.0,0.0,0.016544552115339166
0.4618834080717488,0.44177310293012617,0.0,0.03896103896103896,0.6,0.33514535570787046
0.07847533632286996,0.3835462058602541,0.0,0.0,0.6,0.14961002127156703
0.4977578475336322,0.5022539444027032,0.0,0.025974025974025976,0.36666666666666664,0.1281021035216261
0.25112107623318386,0.6123215627347847,0.0,0.0,0.0,0.07586858898605531
0.0,0.6525169045830186,0.0,0.0,0.0,0.0172536043488537
0.11434977578475335,0.6269722013523662,0.0,0.0,0.0,0.035688962420231625
0.1412556053811659,0.41697971450037485,0.0,0.0,0.0,0.01914441030489246
0.09641255605381165,0.6006761833208092,0.0,0.0,0.0,0.027180335618057196
0.2645739910313901,0.38166791885799967,0.0,0.9350649350649352,0.0,0.650437248877334
0.14573991031390135,0.42299023290758697,0.0,0.012987012987012988,0.03333333333333333,0.05459702198061924
0.195067264573991,0.6329827197595783,0.0,0.4545454545454546,0.0,0.3056015126447648
0.2713004484304932,0.6292261457550712,0.0,0.012987012987012988,0.0,0.033089104230678325
0.0,0.6040570999248676,0.0,0.0,0.03333333333333333,0.053651619002599855
0.195067264573991,0.6480090157776104,0.0,0.025974025974025976,0.0,0.05577877570314347
0.10986547085201794,0.5293012772351613,0.0,0.012987012987012988,0.03333333333333333,0.02907114157409596
0.37443946188340804,0.4643125469571743,0.0,0.0,1.0,0.23965965492791302
0.16816143497757846,0.6949661908339593,0.0,0.0,0.0,0.03497991018671709
0.09192825112107623,0.481217129977459,0.0,0.0,0.5666666666666667,0.15031907350508156
0.12107623318385649,0.3549962434259939,0.0,0.0,0.5666666666666667,0.1971165209170409
0.3878923766816143,0.535687453042824,0.0,0.012987012987012988,0.6,0.22004254313401087
0.1547085201793722,0.6461307287753559,0.0,0.0,0.03333333333333333,0.022216969983455445
0.08968609865470852,0.6386175807663399,0.0,0.0,0.0,0.03970692507681399
0.0,0.4984973703981961,0.47500000000000003,0.012987012987012988,0.6,0.45284802647128336
0.31390134529147984,0.48760330578512345,0.0125,0.012987012987012988,0.03333333333333333,0.21838808792247696
0.18609865470852016,0.6378662659654388,0.0,0.0,0.03333333333333333,0.024344126683999052
0.16367713004484302,0.4613072877535682,0.0,0.0,0.4,0.1061214842826755
0.18161434977578475,0.44027047332832403,0.0,0.0,0.6,0.1574095958402269
0.1973094170403587,0.5202854996243413,0.0,0.025974025974025976,0.6333333333333333,0.7019617111793902
0.0,0.6352366641622833,0.0,0.0,0.0,0.009217679035688963
0.1412556053811659,0.23403456048083981,0.0,0.0,0.0,0.046324745922949655
0.37443946188340804,0.5709992486851974,0.0,0.012987012987012988,0.6333333333333333,0.1616639092413141
0.13004484304932734,0.8760330578512381,0.0,0.0,0.0,0.03238005199716379
0.0,0.5664913598797874,0.0,0.0,0.03333333333333333,0.024107775939494203
0.07623318385650224,0.6731780616078122,0.0,0.0,0.03333333333333333,0.03001654455211534
0.06278026905829596,0.39444027047332675,0.0,0.0,0.03333333333333333,0.09383124556842355
0.2085201793721973,0.5131480090157758,0.0,0.025974025974025976,0.0,0.03592531316473647
0.12107623318385649,0.7344102178812904,0.0,0.0,0.0,0.02907114157409596
0.0,0.5379413974455289,0.0,0.012987012987012988,0.5666666666666667,0.2616402741668636
0.1905829596412556,0.5492111194590521,0.0,0.03896103896103896,0.6,0.2585677144883006
0.0,0.5495867768595026,0.0,0.0,0.0,0.050342708579532026
0.2286995515695067,0.5514650638617571,0.0,0.5324675324675325,0.0,0.3330181990073268
0.0,0.5683696468820418,0.0,0.0,0.0,0.02741668636256204
0.4349775784753363,0.4470323065364372,0.0,0.03896103896103896,0.6,0.22004254313401087
0.0,0.5435762584522905,0.0,0.0,0.0,0.006145119357125976
0.06726457399103138,0.2960180315552208,0.0,0.0,0.5333333333333333,0.14204679744741197
0.49327354260089684,0.5469571750563471,0.0,0.0,0.03333333333333333,0.05317891751359017
0.24663677130044842,0.38392186326070465,0.0,0.012987012987012988,0.03333333333333333,0.07137792484046326
0.1390134529147982,0.8001502629601784,0.0,0.0,0.0,0.030725596785629875
0.18385650224215247,0.5045078888054082,0.0,0.0,0.5666666666666667,0.16190025998581895
0.0,0.6776859504132222,0.0,0.0,0.0,0.006617820846135667
0.0695067264573991,0.7441773102930114,0.0,0.0,0.6,0.14984637201607187
0.11434977578475335,0.5063861758076627,0.0,0.0,0.03333333333333333,0.015835499881824623
0.2533632286995516,0.6247182569496612,0.0,0.025974025974025976,0.0,0.06145119357125974
0.0,0.543951915852741,0.0,0.0,0.6,0.14937367052706219
0.2959641255605381,0.6389932381667904,0.0,0.0,0.03333333333333333,0.020798865516426374
0.0,0.5676183320811408,0.0,0.0,0.03333333333333333,0.0314346490191444
0.10089686098654707,0.4083395942900072,0.0,0.0,0.6,0.2658945875679508
0.11659192825112107,0.42862509391434855,0.0,0.0,0.6,0.3174190498700071
0.0,0.755071374906084,0.0,0.0,0.0,0.019380761049397302
0.2443946188340807,0.42599549211119303,0.025,0.0,0.0,0.2798392814937367
0.1905829596412556,0.5946656649135971,0.0,0.025974025974025976,0.0,0.06192389506026944
0.11659192825112107,0.5931630353117949,0.0,0.0,0.6333333333333333,0.15835499881824627
0.23766816143497754,0.49549211119459,0.0125,0.012987012987012988,0.6,0.1798629165681872
0.16591928251121074,0.5649887302779852,0.0,0.0,0.6,0.15977310328527536
0.18161434977578475,0.5826446280991728,0.0,0.025974025974025976,0.03333333333333333,0.05459702198061924
0.43946188340807174,0.28399699474079476,0.0,0.025974025974025976,0.03333333333333333,0.24344126683999054
0.08520179372197309,0.4278737791134475,0.0,0.0,0.6,0.1531552824391397
0.07847533632286996,0.3647633358377149,0.4625,0.5324675324675325,0.5666666666666667,0.7232332781848264
0.0,0.8121712997746044,0.0,0.0,0.0,0.02056251477192153
0.1390134529147982,0.5597295266716742,0.0,0.0,0.0,0.009454029780193806
0.0,0.641622839969946,0.0,0.0,0.0,0.017489955093358545
0.08071748878923765,0.6927122464312543,0.0,0.0,0.0,0.023398723705979674
0.2219730941704036,0.58189331329827,0.0,0.0,0.0,0.041597731032852754
0.0,0.7129977460555956,0.0,0.0,0.03333333333333333,0.022216969983455445
0.0,0.5045078888054082,0.0,0.0,0.03333333333333333,0.00023635074450484468
0.0,0.34635612321562625,0.0,0.0,0.5666666666666667,0.1578822973292366
0.24663677130044842,0.6164537941397441,0.0,0.0,0.23333333333333334,0.07185062632947295
0.09865470852017935,0.5995492111194576,0.0,0.012987012987012988,0.03333333333333333,0.019380761049397302
0.10986547085201794,0.4530428249436511,0.0,0.0,0.0,0.03025289529662018
0.4260089686098654,0.5578512396694197,0.0,0.0,0.0,0.059560387615220985
0.0,0.5931630353117949,0.0,0.012987012987012988,0.0,0.018908059560387616
0.0,0.533433508640119,0.0,0.0,0.6,0.13637437957929568
0.0,0.5326821938392161,0.0,0.0,0.0,0.1479555660600331
0.3542600896860986,0.6213373403456028,0.48750000000000004,0.012987012987012988,0.6,0.4514299220042543
0.0,0.5319308790383168,0.0,0.0,0.03333333333333333,0.0099267312692035
0.09192825112107623,0.649135987978962,0.0,0.012987012987012988,0.03333333333333333,0.02765303710706689
0.0,0.5634861006761831,0.0,0.0,0.0,0.014890096903805246
0.11434977578475335,0.7764838467317787,0.0,0.012987012987012988,0.03333333333333333,0.05317891751359017
0.1547085201793722,0.8009015777610813,0.0,0.0,0.03333333333333333,0.035688962420231625
0.0,0.5420736288504866,0.0,0.2207792207792208,0.03333333333333333,0.17631765540061453
0.06502242152466367,0.7208865514650622,0.0,0.0,0.0,0.016071850626329473
0.22421524663677128,0.4320060105184069,0.0,0.0,0.0,0.05199716379106594
0.3363228699551569,0.3313298271975942,0.4625,0.7142857142857143,0.5666666666666667,0.810683053651619
0.2600896860986547,0.5627347858752803,0.0,0.012987012987012988,0.03333333333333333,0.024344126683999052
0.16367713004484302,0.605935386927122,0.0,0.012987012987012988,0.0,0.030961947530134717
0.0695067264573991,0.5702479338842963,0.0,0.012987012987012988,0.6333333333333333,0.13991964074686836
0.08520179372197309,0.531179564237414,0.0,0.025974025974025976,0.03333333333333333,0.028125738596076574
0.0,0.5371900826446261,0.0,0.0,0.6,0.14299220042543134
0.0,0.45454545454545325,0.0,0.0,0.6,0.13282911841172299
0.23542600896860982,0.608189331329827,0.0,0.0,0.0,0.03781611912077523
0.35874439461883406,0.4541697971450027,0.0,0.0,0.6,0.4159773103285275
0.0,0.4477836213373383,0.0,0.0,0.0,0.18175372252422597
0.3004484304932735,0.5281743050338079,0.0,0.0,0.4,0.1035216260931222
0.051569506726457395,0.5803906836964678,0.0,0.0,0.0,0.012999290947766485
0.0,0.428249436513898,0.0,0.0,0.5666666666666667,0.15811864807374143
0.43946188340807174,0.3313298271975942,0.35000000000000003,0.0,0.9,0.6757267785393525
0.1547085201793722,0.5510894064613066,0.0,0.0,0.0,0.014417395414795557
0.2959641255605381,0.7546957175056335,0.0,0.0,0.03333333333333333,0.05790593240368707
0.0,0.48647633358377007,0.0,0.0,0.0,0.021507917749940916
0.06726457399103138,0.5353117956423734,0.0,0.0,0.5666666666666667,0.14204679744741197
0.195067264573991,0.4507888805409461,0.0125,0.0,0.6,0.15244623020562517
0.0,0.6292261457550712,0.0,0.0,0.0,0.017962656582368237
0.0,0.5544703230653631,0.0,0.0,0.0,0.024344126683999052
0.09865470852017935,0.7866265965439503,0.0,0.0,0.03333333333333333,0.09052233514535571
0.2914798206278027,0.6709241172051073,0.0,0.012987012987012988,0.6333333333333333,0.2332781848262822
0.1748878923766816,0.6280991735537178,0.0,0.0,0.03333333333333333,0.013235641692271332
0.0,0.5247933884297513,0.0,0.0,0.6,0.21626093122193335
0.23318385650224213,0.526671675432004,0.0,0.0,0.03333333333333333,0.04325218624438667
0.21973094170403587,0.3846731780616057,0.0,0.0,0.03333333333333333,0.05223351453557079
0.08968609865470852,0.5413223140495855,0.0,0.0,0.6,0.16095485700779957
0.07623318385650224,0.29789631855747345,0.0,0.012987012987012988,0.0,0.01229023871425195
0.12556053811659193,0.7610818933132961,0.0,0.0,0.0,0.03001654455211534
0.17264573991031387,0.5401953418482339,0.0,0.0,0.6,0.18553533443630346
0.5874439461883407,0.4868519909842206,0.48750000000000004,0.07792207792207792,0.5666666666666667,0.5776412195698417
0.09641255605381165,0.4646882043576248,0.0,0.0,0.6,0.20089813282911842
0.0,0.6044327573253181,0.0,0.0,0.0,0.011817537225242257
0.12331838565022421,0.6153268219383907,0.0,0.012987012987012988,0.03333333333333333,0.018435358071377923
0.5896860986547084,0.4891059353869256,0.23750000000000002,0.012987012987012988,0.6,0.5445521153391634
0.0,0.5210368144252442,0.0,0.0,0.03333333333333333,0.00023635074450484468
0.0,0.6735537190082628,0.0,0.0,0.0,0.11155755140628694
0.0,0.6528925619834691,0.0,0.0,0.0,0.018671708815882766
0.27578475336322866,0.5353117956423734,0.0,0.0,0.0,0.028125738596076574
0.09192825112107623,0.5255447032306524,0.0,0.012987012987012988,0.5666666666666667,0.4561569368943512
0.07399103139013452,0.3504883546205839,0.0,0.0,0.0,0.09548570077995747
0.10986547085201794,0.5890308039068355,0.0,0.025974025974025976,0.03333333333333333,0.021980619238950602
0.07174887892376682,0.6919609316303514,0.0,0.0,0.0,0.0172536043488537
0.12780269058295962,0.6667918858001496,0.0,0.012987012987012988,0.03333333333333333,0.01819900732687308
0.15695067264573992,0.4320060105184069,0.0,0.012987012987012988,0.03333333333333333,0.04419758922240605
0.08968609865470852,0.6829451540195315,0.0,0.012987012987012988,0.0,0.028362089340581424
0.2623318385650224,0.6108189331329807,0.0,0.012987012987012988,0.03333333333333333,0.02765303710706689
0.17264573991031387,0.5758827948910579,0.0,0.0,0.03333333333333333,0.011344835736232567
0.16367713004484302,0.5612321562734781,0.0,0.0,0.03333333333333333,0.0586149846372016
0.06278026905829596,0.6311044327573239,0.0,0.0,0.03333333333333333,0.038288820609784925
0.15919282511210758,0.5860255447032294,0.0,0.012987012987012988,0.6333333333333333,0.21035216260931225
0.06278026905829596,0.8215627347858749,0.0,0.0,0.0,0.025525880406523274
0.195067264573991,0.49661908339594163,0.0,0.025974025974025976,0.03333333333333333,0.028125738596076574
0.08520179372197309,0.5086401202103676,0.0,0.0,0.0,0.1961711179390215
0.1771300448430493,0.3335837716002992,0.0,0.0,0.5666666666666667,0.3254549751831718
0.0,0.6532682193839197,0.0,0.0,0.03333333333333333,0.0846135665327346
0.06278026905829596,0.6220886551465057,0.0,0.0,0.03333333333333333,0.026707634129047503
0.15919282511210758,0.4470323065364372,0.0,0.0,0.6,0.33041834081777355
0.09192825112107623,0.6581517655897802,0.0,0.0,0.03333333333333333,0.1427558496809265
0.051569506726457395,0.6457550713749054,0.0,0.0,0.0,0.024107775939494203
0.35874439461883406,0.521412471825693,0.0,0.012987012987012988,0.36666666666666664,0.09548570077995747
0.15695067264573992,0.5371900826446261,0.0,0.025974025974025976,0.0,0.010635783502718035
0.0,0.5537190082644603,0.0,0.0,0.03333333333333333,0.012053887969747103
0.08520179372197309,0.6329827197595783,0.0,0.0,0.0,0.15457338690616876
0.4147982062780269,0.5642374154770824,0.0,0.025974025974025976,0.0,0.16875443157645947
0.1412556053811659,0.5593538692712237,0.0,0.0,0.0,0.02765303710706689
0.0,0.3208114199849721,0.0,0.0,0.6,0.20586149846372018
0.1412556053811659,0.7145003756573995,0.0,0.012987012987012988,0.03333333333333333,0.02788938785157173
0.07174887892376682,0.5770097670924095,0.0,0.0,0.03333333333333333,0.011344835736232567
0.07399103139013452,0.4102178812922599,0.0,0.0,0.5666666666666667,0.30701961711179393
0.2623318385650224,0.3279489105935376,0.0,0.012987012987012988,0.03333333333333333,0.12361143937603405
0.09417040358744394,0.5608564988730258,0.0125,0.0,0.6,0.28432994563932873
0.11659192825112107,0.5277986476333574,0.0,0.0,0.6333333333333333,0.1945166627274876
0.32959641255605376,0.4079639368895549,0.0,0.37662337662337664,0.6,0.3899787284329946
0.0,0.714124718256949,0.0,0.0,0.0,0.034034507208697704
0.0,0.5330578512396684,0.0,0.0,0.03333333333333333,0.00023635074450484468
0.32959641255605376,0.5480841472577005,0.0,0.025974025974025976,0.03333333333333333,0.13731978255731506
0.21748878923766815,0.6265965439519139,0.0,0.012987012987012988,0.6333333333333333,0.2134247222878752
0.5179372197309416,0.5078888054094648,0.0,0.012987012987012988,0.03333333333333333,0.06546915622784212
0.13004484304932734,0.5668670172802397,0.0,0.012987012987012988,0.0,0.015599149137319782
0.2623318385650224,0.6382419233658894,0.0,0.012987012987012988,0.03333333333333333,0.03167099976364925
0.1412556053811659,0.6528925619834691,0.0,0.012987012987012988,0.0,0.029307492318600803
0.1412556053811659,0.4996243425995477,0.0,0.0,0.03333333333333333,0.12526589458756796
0.18834080717488788,0.5360631104432745,0.0,0.025974025974025976,0.0,0.03592531316473647
0.2130044843049327,0.521412471825693,0.0,0.0,0.03333333333333333,0.031907350508154096
0.06502242152466367,0.7569496619083385,0.0,0.0,0.0,0.025762231151028124
0.08968609865470852,0.49436513899323664,0.0,0.025974025974025976,0.0,0.031198298274639567
0.13004484304932734,0.5642374154770824,0.0,0.0,0.5666666666666667,0.17277239423304186
0.27578475336322866,0.6457550713749054,0.0,0.012987012987012988,0.3333333333333333,0.08059560387615222
0.11883408071748877,0.5552216378662642,0.48750000000000004,0.0,0.0,0.35759867643583076
0.13452914798206275,0.46731780616078034,0.0,0.0,0.6,0.15339163318364452
0.0,0.7114951164537935,0.0,0.0,0.0,0.030961947530134717
0.0,0.8054094665664895,0.0,0.0,0.0,0.054124320491609555
0.0,0.6164537941397441,0.0,0.0,0.0,0.2694398487355235
0.1614349775784753,0.6051840721262192,0.0,0.0,0.03333333333333333,0.020798865516426374
0.0,0.7223891810668661,0.0,0.0,0.0,0.11912077523044198
0.14798206278026904,0.5574755822689692,0.0,0.0,0.0,0.017489955093358545
0.0,0.6333583771600289,0.0,0.0,0.0,0.02481682817300874
0.10762331838565022,0.5687453042824924,0.0,0.0,0.03333333333333333,0.038288820609784925
0.12107623318385649,0.6179564237415462,0.0,0.0,0.0,0.17844481210115815
0.11883408071748877,0.5349361382419211,0.0125,0.0,0.3333333333333333,0.1704088867879934
0.23991031390134526,0.5450788880540927,0.0,0.0,0.6,0.14937367052706219
0.3497757847533632,0.5285499624342584,0.0,0.0,0.0,0.14039234223587804
0.0,0.046581517655896576,0.0,0.0,0.0,0.004490664145592059
0.12556053811659193,0.5770097670924095,0.0,0.0,0.0,0.02907114157409596
0.6748878923766816,0.5308039068369634,0.0,0.012987012987012988,0.6,0.3566532734578114
0.1390134529147982,0.6066867017280231,0.0,0.012987012987012988,0.0,0.015362798392814936
0.4260089686098654,0.3418482344102163,0.4625,0.025974025974025976,0.03333333333333333,0.3086740723233278
0.23318385650224213,0.6408715251690449,0.0,0.0,0.03333333333333333,0.1600094540297802
0.14798206278026904,0.654395191585273,0.0,0.0,0.03333333333333333,0.03427085795320255
0.060538116591928245,0.535687453042824,0.0,0.0,0.03333333333333333,0.04821555187898842
0.0,0.6979714500375636,0.0,0.0,0.03333333333333333,0.02481682817300874
0.18161434977578475,0.6126972201352352,0.0,0.0,0.0,0.03970692507681399
0.11434977578475335,0.6063110443275725,0.0,0.0,0.03333333333333333,0.04467029071141574
0.3228699551569506,0.5627347858752803,0.125,0.0,0.03333333333333333,0.15575514062869297
0.0,0.5653643876784358,0.0,0.0,0.0,0.017017253604348852
0.07847533632286996,0.473703981968443,0.0,0.0,0.0,0.03261640274166863
0.0,0.7103681442524401,0.0,0.0,0.0,0.16331836445284803
0.0,0.535687453042824,0.0,0.14285714285714288,0.6,0.2956747813755613
0.13004484304932734,0.7024793388429735,0.0,0.0,0.03333333333333333,0.03379815646419286
0.2645739910313901,0.6882043576258443,0.0,0.025974025974025976,0.03333333333333333,0.07846844717560861
0.2645739910313901,0.646882043576257,0.0,0.012987012987012988,0.0,0.023871425194989367
0.3318385650224215,0.6220886551465057,0.0,0.0,0.6333333333333333,0.3739068778066651
0.08968609865470852,0.550713749060856,0.0,0.0,0.0,0.024580477428503895
0.23542600896860982,0.48046581517655795,0.0,0.012987012987012988,0.0,0.28622075159536753
0.0,0.599173553719007,0.0,0.0,0.0,0.26565823682344597
0.11210762331838564,0.5879038317054821,0.0,0.0,0.0,0.028598440085086267
0.4775784753363228,0.62960180315552,0.0,0.012987012987012988,1.0,0.27534861734814464
0.06502242152466367,0.6833208114199838,0.0,0.0,0.0,0.04821555187898842
0.1053811659192825,0.43087903831705354,0.0,0.025974025974025976,0.0,0.05885133538170644
0.06502242152466367,0.5698722764838458,0.0,0.0,0.6,0.13897423776884898
0.21748878923766815,0.6615326821938385,0.0125,0.012987012987012988,0.03333333333333333,0.17135428976601277
0.0,0.33809166040570915,0.0,0.0,0.0,0.005436067123611438
0.35874439461883406,0.4034560480841449,0.0125,0.012987012987012988,0.6,0.37650673599621837
0.1412556053811659,0.4477836213373383,0.0,0.05194805194805195,0.6,0.17419049870007092
0.0,0.5195341848234403,0.0,0.0,0.0,0.037107066887260697
0.15022421524663676,0.43801652892561904,0.0,0.05194805194805195,0.03333333333333333,0.09832190971401561
0.15695067264573992,0.5751314800901568,0.0,0.012987012987012988,0.0,0.27369416213661074
0.5650224215246636,0.49436513899323664,0.0,0.012987012987012988,0.6,0.21578822973292366
0.10313901345291479,0.6074380165289242,0.0,0.0,0.0,0.017726305837863388
0.17264573991031387,0.31930879038316995,0.0,0.0,0.0,0.01914441030489246
0.0,0.5957926371149505,0.0,0.0,0.03333333333333333,0.015362798392814936
0.07623318385650224,0.6213373403456028,0.0,0.0,0.03333333333333333,0.20680690144173955
0.195067264573991,0.4470323065364372,0.0,0.0,0.6,0.30631056487827935
0.0,0.7084898572501857,0.0,0.0,0.6333333333333333,0.14984637201607187
0.11659192825112107,0.4631855747558209,0.0,0.0,0.6333333333333333,0.1630820137083432
0.0,0.44027047332832403,0.0,0.0,0.03333333333333333,0.02907114157409596
0.1547085201793722,0.5762584522915084,0.0,0.0,0.0,0.027180335618057196
0.12780269058295962,0.5777610818933123,0.0,0.0,0.5666666666666667,0.14346490191444103
0.18609865470852016,0.6055597295266715,0.0,0.0,0.6,0.19049870007090522
0.0,0.4237415477084898,0.0,0.0,0.5666666666666667,0.12904750649964547
0.27578475336322866,0.4244928625093891,0.4625,0.012987012987012988,0.6,0.4760103994327582
0.2443946188340807,0.7956423741547685,0.0,0.025974025974025976,0.0,0.062160245804774285
0.0874439461883408,0.6750563486100667,0.0,0.0,0.0,0.030725596785629875
0.05381165919282511,0.36889556724267436,0.0,0.0,0.0,0.09170408886787994
0.08520179372197309,0.5296769346356118,0.0,0.012987012987012988,0.03333333333333333,0.03025289529662018
0.0,0.44628099173553615,0.0,0.012987012987012988,0.0,0.17679035688962422
0.0,0.3114199849737034,0.0,0.025974025974025976,0.5333333333333333,0.1489009690380525
0.20403587443946186,0.5544703230653631,0.48750000000000004,0.0,0.0,0.34294493027653034
0.06502242152466367,0.6562734785875275,0.0125,0.0,0.6333333333333333,0.1867170881588277
0.2825112107623318,0.5071374906085637,0.0,0.0,0.03333333333333333,0.021035216260931223
0.05829596412556053,0.5030052592036043,0.0,0.012987012987012988,0.0,0.09524935003545262
0.0,0.5777610818933123,0.0,0.0,0.0,0.08532261876624912
0.13228699551569506,0.8181818181818166,0.0,0.0,0.0,0.03852517135428977
0.12780269058295962,0.699849737039818,0.0,0.012987012987012988,0.6333333333333333,0.1642637674308674
0.3497757847533632,0.6138241923365886,0.0,0.012987012987012988,0.6333333333333333,0.2027889387851572
0.23991031390134526,0.637114951164536,0.0,0.012987012987012988,0.6,0.1652091704088868
0.06278026905829596,0.7719759579263687,0.0,0.0,0.0,0.03427085795320255
0.12780269058295962,0.5191585274229897,0.47500000000000003,0.0,0.0,0.3625620420704325
0.09865470852017935,0.4951164537941377,0.0,0.0,0.5666666666666667,0.21082486409832193
0.4237668161434977,0.599173553719007,0.0,0.012987012987012988,0.03333333333333333,0.03734341763176554
0.0,0.4928625093914345,0.0,0.0,0.6,0.19522571496100213
0.40134529147982057,0.5931630353117949,0.0,0.012987012987012988,0.03333333333333333,0.10092176790356891
0.0,0.5954169797144999,0.0,0.0,0.6333333333333333,0.15339163318364452
0.0,0.5424492862509389,0.0,0.0,0.0,0.004017962656582368
0.13452914798206275,0.5112697220135214,0.0,0.0,0.0,0.12266603639801468
0.10313901345291479,0.5537190082644603,0.0,0.0,0.03333333333333333,0.021271567005436066
0.2690582959641255,0.7870022539444008,0.0,0.0,0.03333333333333333,0.04065232805483337
0.0,0.536438767843725,0.0,0.0,0.03333333333333333,0.019380761049397302
0.0,0.30879038317054786,0.0,0.0,0.0,0.2878752068069014
0.16591928251121074,0.5582268970698703,0.0,0.0,0.03333333333333333,0.02316237296147483
0.3004484304932735,0.40420736288504777,0.0,0.025974025974025976,0.8666666666666667,0.22476955802410778
0.23991031390134526,0.53869271224643,0.0,0.025974025974025976,0.6,0.16450011817537225
0.0,0.44064613072877457,0.0,0.0,0.0,0.1803356180571969
0.0,0.485725018782869,0.0,0.0,0.0,0.009217679035688963
0.31838565022421517,0.3399699474079618,0.0,0.0,0.0,0.27889387851571734
0.15695067264573992,0.6006761833208092,0.0,0.33766233766233766,0.03333333333333333,0.21578822973292366
0.14798206278026904,0.2633358377160011,0.0,0.0,0.5666666666666667,0.2297329236587095
0.11434977578475335,0.5338091660405695,0.0,0.0,0.6333333333333333,0.1678090285984401
0.0,0.39444027047332675,0.0125,0.0,0.5666666666666667,0.32923658709524933
0.0,0.6157024793388413,0.0,0.0,0.0,0.02056251477192153
0.23766816143497754,0.49586776859504056,0.0,0.012987012987012988,0.03333333333333333,0.09643110375797685
0.0,0.21187077385424402,0.0,0.0,0.5666666666666667,0.1255022453320728
0.0,0.6791885800150244,0.0,0.0,0.03333333333333333,0.008035925313164735
0.07399103139013452,0.5563486100676176,0.0,0.0,0.6,0.19995272985109905
0.0,0.6731780616078122,0.0,0.0,0.6333333333333333,0.15599149137319782
0.2645739910313901,0.48610067618331954,0.0,0.012987012987012988,0.03333333333333333,0.030961947530134717
0.23318385650224213,0.5691209616829429,0.0,0.012987012987012988,0.0,0.03687071614275585
0.0,0.5259203606311029,0.0,0.0,0.0,0.016071850626329473
0.08071748878923765,0.6134485349361363,0.0,0.0,0.0,0.02623493264003781
0.1771300448430493,0.5108940646130709,0.0,0.0,0.0,0.2543134010872134
0.21524663677130043,0.5492111194590521,0.0,0.0,0.43333333333333335,0.0940675963129284
0.10986547085201794,0.34372652141247073,0.23750000000000002,0.0,0.6,0.42874025053178916
0.10089686098654707,0.48873027798647506,0.025,0.0,0.6,0.16331836445284803
0.05829596412556053,0.4842223891810651,0.47500000000000003,0.0,0.6,0.5374615930040181
0.18834080717488788,0.4624342599549198,0.4625,0.0,0.0,0.4892460411250295
0.0,0.43576258452291405,0.0,0.0,0.0,0.0056724178681162845
0.1748878923766816,0.6904583020285493,0.0,0.012987012987012988,0.03333333333333333,0.04112502954384306
0.2219730941704036,0.5067618332081132,0.0,0.0,0.0,0.07043252186244388
0.08520179372197309,0.48760330578512345,0.0,0.0,0.0,0.024344126683999052
0.24215246636771298,0.5398196844477834,0.0,0.012987012987012988,0.0,0.023871425194989367
0.051569506726457395,0.44853493613824114,0.0,0.0,0.5666666666666667,0.14062869298038289
0.0,0.7084898572501857,0.0,0.0,0.03333333333333333,0.02788938785157173
0.0,0.29338842975206525,0.0,0.0,0.0,0.00685417159064051
0.16816143497757846,0.4819684447783601,0.0,0.012987012987012988,0.03333333333333333,0.013708343181281021
0.2690582959641255,0.5905334335086394,0.0,0.012987012987012988,0.3333333333333333,0.1013944693925786
0.3161434977578475,0.4800901577761074,0.0,0.025974025974025976,0.03333333333333333,0.1169936185298984
0.10089686098654707,0.6697971450037556,0.0,0.0,0.03333333333333333,0.016071850626329473
0.0,0.5379413974455289,0.0,0.0,0.6,0.19782557315055543
0.0,0.643876784372651,0.0,0.0,0.6333333333333333,0.17064523753249825
0.2443946188340807,0.5210368144252442,0.0,0.012987012987012988,0.0,0.042779484755376976
0.08968609865470852,0.5619834710743792,0.0,0.0,0.6333333333333333,0.14913731978255734
0.0,0.7422990232907569,0.0,0.0,0.0,0.017017253604348852
0.0,0.5371900826446261,0.0,0.0,0.0,0.01678090285984401
0.3856502242152466,0.5030052592036043,0.0125,0.012987012987012988,0.6,0.25974946821082484
0.12331838565022421,0.5706235912847468,0.0,0.0,0.03333333333333333,0.028125738596076574
0.2600896860986547,0.5138993238166769,0.0,0.012987012987012988,0.6,0.3013471992436776
0.23991031390134526,0.466942148760328,0.0,0.012987012987012988,0.6,0.1505554242495864
0.2286995515695067,0.5097670924117192,0.0,0.0,0.6333333333333333,0.2864571023398723
0.0,0.5492111194590521,0.0,0.0,0.0,0.015126447648310089
0.0,0.5822689706987223,0.0,0.0,0.0,0.017017253604348852
0.2219730941704036,0.41547708489857094,0.0,0.0,0.0,0.023635074450484517
0.2085201793721973,0.35574755822689674,0.0,0.0,0.0,0.264003781611912
0.09192825112107623,0.4729526671675419,0.0,0.0,0.0,0.024344126683999052
0.05381165919282511,0.4598046581517643,0.0,0.0,0.0,0.06334199952729852
0.2623318385650224,0.6615326821938385,0.0,0.0,0.0,0.03025289529662018
0.08295964125560537,0.5169045830202847,0.0,0.012987012987012988,0.6333333333333333,0.21815173717797212
0.06726457399103138,0.7453042824943648,0.0,0.0,0.6,0.19640746868352635
0.07174887892376682,0.5375657400450784,0.0,0.0,0.5666666666666667,0.15244623020562517
0.10986547085201794,0.6555221637866246,0.0,0.0,0.0,0.042779484755376976
0.2443946188340807,0.4549211119459038,0.0,0.0,0.6,0.1699361852989837
0.15022421524663676,0.7727272727272716,0.0,0.0,0.0,0.028598440085086267
0.12331838565022421,0.4703230653643864,0.0,0.0,0.0,0.020326164027416688
0.49551569506726456,0.5589782118707731,0.0,0.012987012987012988,0.6,0.18908059560387616
0.0,0.49549211119459,0.0,0.012987012987012988,0.0,0.2117702670763413
0.0,0.7644628099173545,0.0,0.0,0.0,0.016544552115339166
0.0,0.4842223891810651,0.0,0.0,0.5666666666666667,0.14157409595840229
0.17937219730941703,0.3433508640120202,0.45,0.0,0.5666666666666667,0.41148664618293546
0.31838565022421517,0.4654395191585259,0.0,0.012987012987012988,0.03333333333333333,0.10399432758213188
0.2914798206278027,0.5976709241172031,0.0,0.0,0.03333333333333333,0.020326164027416688
0.07623318385650224,0.4658151765589764,0.0,0.0,0.6,0.16237296147482866
0.051569506726457395,0.49549211119459,0.0,0.0,0.6,0.1626093122193335
0.0,0.5717505634861002,0.0,0.0,0.6,0.28385724415031904
0.0,0.5165289256198342,0.0,0.2337662337662338,0.0,0.24296856535098085
0.23766816143497754,0.6337340345604794,0.0,0.025974025974025976,0.0,0.03497991018671709
0.2623318385650224,0.42975206611570194,0.0,0.012987012987012988,0.03333333333333333,0.13826518553533446
0.0,0.4436513899323806,0.0,0.0,0.6,0.15268258095013001
0.2130044843049327,0.4586776859504109,0.0,0.025974025974025976,0.03333333333333333,0.09383124556842355
0.34753363228699546,0.13110443275732386,0.4,0.0,0.0,0.2850389978728433
0.07847533632286996,0.8557475582268967,0.0,0.0,0.03333333333333333,0.09217679035688962
0.2286995515695067,0.39669421487603174,0.1125,0.0,0.6,0.36634365398251
0.07847533632286996,0.5811419984973689,0.0125,0.0,0.0,0.12053887969747107
0.12331838565022421,0.42148760330578483,0.0,0.0,0.03333333333333333,0.029780193807610496
0.05829596412556053,0.7092411720510885,0.0,0.0,0.0,0.015599149137319782
0.2623318385650224,0.5071374906085637,0.0,0.0,0.6333333333333333,0.15930040179626564
0.0,0.6851990984222365,0.0,0.0,0.0,0.018671708815882766
0.10986547085201794,0.47107438016528747,0.0,0.025974025974025976,0.0,0.019380761049397302
0.10089686098654707,0.53418482344102,0.0,0.025974025974025976,0.0,0.012999290947766485
0.25560538116591924,0.46393688955672374,0.0,0.012987012987012988,0.03333333333333333,0.031907350508154096
0.437219730941704,0.6123215627347847,0.0,0.0,0.43333333333333335,0.11037579768376271
0.5941704035874439,0.4643125469571743,0.0,0.0,0.6,0.32687307965020085
0.12107623318385649,0.6867017280240404,0.0,0.012987012987012988,0.6333333333333333,0.16024580477428504
0.09641255605381165,0.3159278737791116,0.0,0.0,0.0,0.06026943984873551
0.20627802690582958,0.7009767092411714,0.0,0.0,0.03333333333333333,0.13471992436776176
0.3654708520179372,0.4928625093914345,0.0,0.012987012987012988,0.6,0.2897660127629402
0.18834080717488788,0.40495867768594884,0.0,0.012987012987012988,0.0,0.03261640274166863
0.23766816143497754,0.41209616829451434,0.0,0.36363636363636365,0.5666666666666667,0.4436303474355944
0.15246636771300448,0.8418482344102163,0.0,0.0,0.0,0.0586149846372016
0.3856502242152466,0.45567242674680664,0.0125,0.2337662337662338,0.6,0.3346726542188608
0.2488789237668161,0.6389932381667904,0.0125,0.0,0.6,0.18742614039234223
0.16816143497757846,0.3151765589782105,0.0,0.0,0.03333333333333333,0.16450011817537225
0.06502242152466367,0.7731029301277221,0.0,0.0,0.6333333333333333,0.16331836445284803
0.0,0.6111945905334313,0.0,0.0,0.03333333333333333,0.008035925313164735
0.20403587443946186,0.4906085649887295,0.0,0.0,0.6,0.20207988655164266
0.210762331838565,0.4365138993238151,0.0,0.0,0.6,0.1798629165681872
0.10762331838565022,0.4481592787377888,0.0,0.0,0.03333333333333333,0.045615693689435126
0.0,0.6427498121712976,0.0,0.0,0.0,0.0638147010163082
0.23766816143497754,0.43801652892561904,0.0,0.025974025974025976,0.6,0.16402741668636256
0.22421524663677128,0.308039068369645,0.0,0.3246753246753247,0.03333333333333333,0.35523516899078234
0.11659192825112107,0.7223891810668661,0.0125,0.0,0.0,0.04348853698889151
0.3206278026905829,0.5435762584522905,0.0,0.0,0.6,0.27133065469156226
0.07623318385650224,0.5480841472577005,0.0,0.012987012987012988,0.03333333333333333,0.05105176081304656
0.10986547085201794,0.6160781367392918,0.0,0.0,0.03333333333333333,0.015126447648310089
0.05381165919282511,0.8238166791885781,0.0,0.0,0.0,0.02528952966201843
0.07847533632286996,0.3339594290007497,0.0,0.025974025974025976,0.5666666666666667,0.14441030489246043
0.17040358744394618,0.5593538692712237,0.0125,0.012987012987012988,0.03333333333333333,0.05270621602458048
0.0695067264573991,0.4365138993238151,0.0,0.0,0.6,0.3204916095485701
0.15695067264573992,0.6104432757325302,0.0,0.0,0.0,0.02174426849444576
0.23991031390134526,0.49549211119459,0.0,0.012987012987012988,0.5666666666666667,0.16095485700779957
0.0,0.5552216378662642,0.0,0.0,0.0,0.00047270148900968936
0.12331838565022421,0.6292261457550712,0.0,0.0,0.03333333333333333,0.015835499881824623
0.36995515695067266,0.5604808414725753,0.0,0.025974025974025976,0.0,0.0586149846372016
0.0,0.5736288504883529,0.0,0.0,0.6,0.1437012526589459
0.0,0.6697971450037556,0.0,0.0,0.03333333333333333,0.02292602221696998
0.0874439461883408,0.5612321562734781,0.0,0.0,0.03333333333333333,0.03332545497518317
0.2533632286995516,0.5469571750563471,0.0,0.025974025974025976,0.03333333333333333,0.03261640274166863
0.2130044843049327,0.6063110443275725,0.0,0.025974025974025976,0.6,0.18199007326873082
0.11883408071748877,0.536438767843725,0.0,0.0,0.0,0.028362089340581424
0.10313901345291479,0.4481592787377888,0.0,0.012987012987012988,0.0,0.10730323800519972
0.44170403587443946,0.47821187077385297,0.0,0.0,0.0,0.0820137083431813
0.32735426008968604,0.4053343350863994,0.15000000000000002,0.012987012987012988,0.6,0.3032380051997164
0.2443946188340807,0.6600300525920346,0.0,0.0,0.0,0.0314346490191444
0.0,0.5728775356874518,0.0,0.0,0.0,0.00047270148900968936
0.09641255605381165,0.36664162283996937,0.0,0.0,0.5666666666666667,0.14393760340345074
0.2645739910313901,0.5578512396694197,0.0,0.0,0.03333333333333333,0.06452375324982275
0.0,0.5060105184072121,0.0,0.0,0.0,0.0073268730796502025
0.13677130044843047,0.4278737791134475,0.0125,0.0,0.4,0.338926967619948
0.14349775784753363,0.6359879789631844,0.0,0.0,0.0,0.02907114157409596
0.11210762331838564,0.6307287753568733,0.0,0.0,0.0,0.02765303710706689
0.0,0.5330578512396684,0.0,0.0,0.0,0.00685417159064051
0.0,0.6994740796393675,0.0,0.0,0.0,0.02741668636256204
0.0874439461883408,0.591660405709991,0.0,0.0,0.03333333333333333,0.05010635783502718
0.3497757847533632,0.5845229151014273,0.0,0.012987012987012988,0.0,0.046324745922949655
0.0874439461883408,0.48046581517655795,0.0,0.0,0.6,0.15008272276057671
0.25112107623318386,0.5552216378662642,0.0,0.012987012987012988,0.36666666666666664,0.12833845426613094
0.05605381165919282,0.358752817430501,0.45,0.0,0.03333333333333333,0.3703616166390924
0.0695067264573991,0.6243425995492107,0.0,0.0,0.0,0.02907114157409596
0.2130044843049327,0.6450037565740026,0.0,0.025974025974025976,0.0,0.03947057433230914
0.18385650224215247,0.43688955672426566,0.0,0.012987012987012988,0.5666666666666667,0.1699361852989837
0.0,0.22126220886551273,0.0,0.0,0.0,0.08130465610966675
0.0,0.5848985725018778,0.0,0.0,0.6333333333333333,0.18340817773575988
0.09641255605381165,0.5071374906085637,0.0,0.0,0.0,0.3228551169936185
0.08520179372197309,0.48534936138241846,0.0,0.0,0.0,0.04514299220042543
0.18385650224215247,0.5544703230653631,0.0,0.025974025974025976,0.0,0.03261640274166863
0.25112107623318386,0.6359879789631844,0.0,0.025974025974025976,0.03333333333333333,0.030725596785629875
0.0,0.7268970698722761,0.0125,0.0,0.6333333333333333,0.30678326636728903
0.0,0.7257700976709227,0.0,0.0,0.0,0.0172536043488537
0.2533632286995516,0.5191585274229897,0.0125,0.012987012987012988,0.6,0.16544552115339164
0.17040358744394618,0.6284748309541683,0.0,0.0,0.0,0.06476010399432759
0.05829596412556053,0.58189331329827,0.0,0.0,0.0,0.0820137083431813
0.21973094170403587,0.3797896318557452,0.0,0.0,0.5666666666666667,0.3469628929331127
0.22421524663677128,0.4752066115702469,0.0,0.0,0.6,0.15953675254077052
0.12331838565022421,0.5593538692712237,0.0,0.0,0.0,0.017962656582368237
0.0695067264573991,0.4342599549211119,0.0,0.0,0.0,0.1883715433703616
0.2219730941704036,0.4068369646882033,0.0,0.025974025974025976,0.03333333333333333,0.035688962420231625
0.0,0.7355371900826437,0.0,0.0,0.0,0.018671708815882766
0.06278026905829596,0.4455296769346333,0.0,0.0,0.5666666666666667,0.18269912550224535
0.2713004484304932,0.4917355371900811,0.0,0.012987012987012988,0.6,0.3117466320018908
0.11883408071748877,0.6352366641622833,0.0,0.0,0.0,0.024580477428503895
0.1547085201793722,0.8219383921863255,0.0,0.0,0.03333333333333333,0.033089104230678325
0.34080717488789236,0.5345604808414706,0.47500000000000003,0.012987012987012988,0.6,0.4431576459465847
0.18161434977578475,0.7404207362885025,0.0,0.0,0.0,0.034507208697707396
0.2914798206278027,0.6341096919609299,0.0,0.0,0.0,0.0444339399669109
0.1771300448430493,0.6228399699474068,0.0,0.0,0.03333333333333333,0.012053887969747103
0.3340807174887892,0.46168294515401875,0.0,0.0,0.03333333333333333,0.2928385724415032
0.3116591928251121,0.5308039068369634,0.0,0.012987012987012988,0.6333333333333333,0.41881351926258564
0.31838565022421517,0.5063861758076627,0.0,0.012987012987012988,0.4,0.1061214842826755
0.23542600896860982,0.7847483095416958,0.0,0.0,0.6333333333333333,0.1772630583786339
0.06278026905829596,0.6228399699474068,0.0,0.0,0.6,0.1656818718978965
0.289237668161435,0.603681442524417,0.0,0.0,0.03333333333333333,0.028598440085086267
0.0,0.5822689706987223,0.0,0.0,0.0,0.014890096903805246
0.24663677130044842,0.47708489857250136,0.0125,0.33766233766233766,0.0,0.4247222878752068
0.14573991031390135,0.6307287753568733,0.0,0.0,0.03333333333333333,0.020798865516426374
0.10089686098654707,0.4928625093914345,0.0,0.0,0.6,0.3393996691089577
0.13004484304932734,0.5015026296018021,0.0,0.0,0.03333333333333333,0.02883479082959111
0.3228699551569506,0.550713749060856,0.0,0.012987012987012988,0.8666666666666667,0.2254786102576223
0.226457399103139,0.5901577761081871,0.0,0.0,0.0,0.06735996218388089
0.23542600896860982,0.5867768595041323,0.0,0.0,0.4,0.09241314110139448
0.0,0.4613072877535682,0.0,0.0,0.6,0.1531552824391397
0.3206278026905829,0.4883546205860245,0.0,0.025974025974025976,0.0,0.05979673835972583
0.08968609865470852,0.2776108189331321,0.0,0.0,0.5666666666666667,0.13424722287875207
0.0874439461883408,0.4924868519909822,0.0,0.0,0.5666666666666667,0.14181044670290713
0.0,0.5473328324567976,0.0,0.0,0.03333333333333333,0.009217679035688963
0.34529147982062774,0.5180315552216364,0.0,0.012987012987012988,0.6,0.23044197589222407
0.5964125560538116,0.28775356874530367,0.625,0.0,0.0,0.6899078232096432
0.10089686098654707,0.466942148760328,0.0,0.025974025974025976,0.0,0.048688253367998105
0.0,0.5672426746806902,0.0,0.025974025974025976,0.03333333333333333,0.12573859607657764
0.5919282511210762,0.3647633358377149,0.0,0.48051948051948057,0.5666666666666667,0.7298510990309619
0.0874439461883408,0.3951915852742278,0.0,0.0,0.0,0.024107775939494203
0.1547085201793722,0.8181818181818166,0.0,0.0,0.03333333333333333,0.03474355944221224
0.26681614349775784,0.5646130728775347,0.0,0.0,0.0,0.022689671472465138
0.0,0.22389181066866826,0.0,0.0,0.5666666666666667,0.1370834318128102
0.0,0.6979714500375636,0.0,0.0,0.03333333333333333,0.013235641692271332
0.6860986547085202,0.6900826446280988,0.0,0.025974025974025976,0.6333333333333333,0.2302056251477192
0.05381165919282511,0.58189331329827,0.0,0.0,0.6,0.28291184117229967
0.0,0.7103681442524401,0.0,0.025974025974025976,0.03333333333333333,0.10753958874970457
0.13677130044843047,0.5999248685199081,0.0,0.012987012987012988,0.0,0.012526589458756796
0.11434977578475335,0.5300525920360624,0.0,0.0,0.0,0.041361380288347904
0.13228699551569506,0.5755071374906073,0.0,0.0,0.03333333333333333,0.022689671472465138
0.0,0.5495867768595026,0.0,0.0,0.0,0.017726305837863388
0.0,0.5300525920360624,0.0,0.0,0.0,0.005199716379106593
0.18834080717488788,0.5830202854996234,0.0,0.012987012987012988,0.03333333333333333,0.07965020089813284
0.4349775784753363,0.5319308790383168,0.0,0.0,0.6,0.17584495391160485
0.0,0.6160781367392918,0.0,0.0,0.0,0.021980619238950602
0.09641255605381165,0.4868519909842206,0.0,0.0,0.6333333333333333,0.19900732687307965
0.11434977578475335,0.7824943651389908,0.0,0.0,0.0,0.03521626093122193
0.1614349775784753,0.3978211870773851,0.0,0.012987012987012988,0.5666666666666667,0.23658709524935007
0.1928251121076233,0.5450788880540927,0.0,0.0,0.36666666666666664,0.08957693216733632
0.05381165919282511,0.5537190082644603,0.0,0.0,0.03333333333333333,0.019617111793902152
0.13228699551569506,0.5935386927122455,0.0,0.0,0.6,0.16709997636492555
0.0,0.6442524417731015,0.0,0.0,0.0,0.0073268730796502025
0.11659192825112107,0.5480841472577005,0.0,0.0,0.03333333333333333,0.017489955093358545
0.0,0.5634861006761831,0.0,0.0,0.03333333333333333,0.023398723705979674
0.09417040358744394,0.5785123966942134,0.0,0.0,0.03333333333333333,0.023398723705979674
0.0,0.7047332832456785,0.0,0.0,0.0,0.0314346490191444
0.0695067264573991,0.7092411720510885,0.0,0.0,0.0,0.1479555660600331
0.05605381165919282,0.53869271224643,0.0,0.0,0.03333333333333333,0.008035925313164735
0.07399103139013452,0.652141247182568,0.0,0.0,0.03333333333333333,0.023398723705979674
0.11210762331838564,0.6055597295266715,0.0,0.012987012987012988,0.03333333333333333,0.016071850626329473
0.10986547085201794,0.4549211119459038,0.0,0.012987012987012988,0.0,0.025762231151028124
0.051569506726457395,0.7430503380916598,0.0,0.0,0.0,0.023871425194989367
0.2802690582959641,0.5679939894815913,0.0,0.025974025974025976,0.03333333333333333,0.038997872843299454
0.09417040358744394,0.42186326070623537,0.025,0.012987012987012988,0.5666666666666667,0.22476955802410778
0.0874439461883408,0.873027798647632,0.0,0.0,0.6333333333333333,0.16213661073032382
0.12780269058295962,0.4635612321562732,0.0,0.025974025974025976,0.6,0.17962656582368236
0.0,0.6784372652141233,0.0,0.0,0.03333333333333333,0.019853462538406995
0.1390134529147982,0.5601051840721247,0.0,0.012987012987012988,0.0,0.025525880406523274
0.18834080717488788,0.3996994740796378,0.0,0.0,0.4,0.09903096194753015
0.0,0.442524417731029,0.0,0.0,0.6,0.13282911841172299
0.0,0.42186326070623537,0.0,0.0,0.03333333333333333,0.007090522335145356
0.2600896860986547,0.49699474079639216,0.0,0.012987012987012988,0.0,0.03616166390924131
0.16816143497757846,0.7565740045078879,0.0,0.0,0.03333333333333333,0.05294256676908533
0.0,0.697595792637113,0.0,0.0,0.03333333333333333,0.020798865516426374
0.2690582959641255,0.5642374154770824,0.0,0.012987012987012988,0.03333333333333333,0.047742850389978726
0.0,0.5232907588279474,0.0125,0.0,0.6,0.15126447648310093
0.12780269058295962,0.5097670924117192,0.0,0.012987012987012988,0.6,0.14464665563696527
0.41031390134529144,0.6671675432006001,0.0,0.025974025974025976,0.0,0.03497991018671709
0.1390134529147982,0.8095416979714489,0.0,0.0,0.03333333333333333,0.028598440085086267
0.09192825112107623,0.5465815176558966,0.0,0.0,0.0,0.0465610966674545
0.0,0.5390683696468805,0.0,0.0,0.6,0.15551878988418813
0.0,0.2753568745304271,0.0,0.0,0.5666666666666667,0.12219333490900497
0.0,0.16754320060105066,0.0,0.0,0.5666666666666667,0.12313873788702437
0.06502242152466367,0.35199098422238784,0.0,0.025974025974025976,0.6,0.36799810919404397
0.405829596412556,0.5912847483095405,0.0,0.025974025974025976,0.03333333333333333,0.04419758922240605
0.12107623318385649,0.6431254695717499,0.0,0.0,0.03333333333333333,0.036634365398251004
0.3542600896860986,0.49586776859504056,0.0,0.0,0.43333333333333335,0.1113212006617821
0.12331838565022421,0.4988730277986466,0.0,0.0,0.03333333333333333,0.01914441030489246
0.0,0.6322314049586755,0.0,0.0,0.6,0.14606476010399433
0.21748878923766815,0.40871525169045775,0.0,0.012987012987012988,0.5666666666666667,0.19333490900496336
0.0,0.6063110443275725,0.0,0.0,0.0,0.003545261167572677
0.11883408071748877,0.6337340345604794,0.0,0.0,0.03333333333333333,0.055306074214133784
0.0,0.8812922614575491,0.0,0.0,0.0,0.04207043252186244
0.2309417040358744,0.6885800150262948,0.0,0.012987012987012988,0.03333333333333333,0.13661073032380053
0.23318385650224213,0.6235912847483078,0.25,0.012987012987012988,0.6,0.31718269912550223
0.08295964125560537,0.642374154770847,0.0,0.0,0.6333333333333333,0.14961002127156703
0.0,0.4718256949661903,0.0,0.0,0.03333333333333333,0.012526589458756796
0.06726457399103138,0.5848985725018778,0.0,0.0,0.0,0.02292602221696998
0.0,0.5,0.0,0.0,0.03333333333333333,0.019380761049397302
0.1905829596412556,0.6021788129226131,0.0,0.0,0.03333333333333333,0.06523280548333728
0.2982062780269058,0.6006761833208092,0.0,0.025974025974025976,0.4,0.08957693216733632
0.2488789237668161,0.6217129977460534,0.0,0.025974025974025976,0.0,0.041597731032852754
0.07399103139013452,0.5544703230653631,0.0,0.0,0.6333333333333333,0.18388087922476956
0.23766816143497754,0.5503380916604037,0.0,0.0,0.6,0.17159064051051762
0.0,0.5435762584522905,0.0,0.0,0.6,0.20680690144173955
0.25784753363228696,0.5315552216378645,0.0,0.012987012987012988,0.03333333333333333,0.03970692507681399
0.2600896860986547,0.6329827197595783,0.0,0.0,0.03333333333333333,0.0716142755849681
0.0,0.3891810668670157,0.0,0.0,0.5666666666666667,0.1812810210352163
0.0695067264573991,0.5368144252441756,0.0,0.0,0.0,0.02505317891751359
0.0,0.7907588279489097,0.0125,0.0,0.6333333333333333,0.1578822973292366
0.12331838565022421,0.6235912847483078,0.0,0.0,0.6,0.23445993854880642
0.0,0.605935386927122,0.0,0.0,0.0,0.03474355944221224
0.1053811659192825,0.6044327573253181,0.0,0.0,0.0,0.017962656582368237
0.0,0.601427498121712,0.0,0.012987012987012988,0.0,0.1401559914913732
0.10313901345291479,0.6450037565740026,0.0,0.025974025974025976,0.0,0.04372488773339636
0.1928251121076233,0.5912847483095405,0.0,0.0,0.03333333333333333,0.03639801465374616
0.0,0.608189331329827,0.0,0.0,0.0,0.011581186480737414
0.195067264573991,0.5499624342599532,0.0,0.0,0.0,0.03592531316473647
0.25560538116591924,0.656649135987978,0.0,0.0,0.0,0.03994327582131883
0.17264573991031387,0.6851990984222365,0.0,0.0,0.03333333333333333,0.021507917749940916
0.09417040358744394,0.697595792637113,0.0,0.0,0.0,0.04065232805483337
0.06278026905829596,0.4500375657400433,0.0,0.0,0.03333333333333333,0.003545261167572677
0.10313901345291479,0.6664162283996973,0.0,0.0,0.6,0.19073505081541006
0.2802690582959641,0.7588279489105929,0.0,0.0,0.0,0.04230678326636729
0.0,0.7340345604808398,0.0,0.0,0.0,0.018908059560387616
0.051569506726457395,0.6547708489857236,0.0,0.0,0.03333333333333333,0.008272276057669581
0.14573991031390135,0.4917355371900811,0.0,0.0,0.0,0.0172536043488537
0.23318385650224213,0.5454545454545432,0.0,0.0,0.03333333333333333,0.02765303710706689
0.06502242152466367,0.46018031555221484,0.0,0.0,0.0,0.07303238005199716
0.0874439461883408,0.3493613824192323,0.0,0.0,0.5666666666666667,0.22311510281257385
0.0695067264573991,0.7956423741547685,0.0125,0.012987012987012988,0.0,0.04088867879933821
0.08520179372197309,0.5056348610067598,0.47500000000000003,0.0,0.6,0.46041125029543845
0.0,0.62960180315552,0.0,0.0,0.0,0.19593476719451666
0.07623318385650224,0.637114951164536,0.0,0.0,0.0,0.033089104230678325
0.0,0.43914350112697065,0.0,0.0,0.0,0.019617111793902152
0.08071748878923765,0.5661157024793368,0.0,0.0,0.0,0.030961947530134717
0.0,0.6728024042073617,0.0,0.0,0.0,0.017017253604348852
0.10986547085201794,0.5664913598797874,0.0,0.0,0.03333333333333333,0.020326164027416688
0.0,0.5664913598797874,0.0,0.0,0.0,0.004490664145592059
0.0,0.5957926371149505,0.0,0.0,0.6333333333333333,0.1730087449775467
0.30493273542600896,0.6619083395942891,0.0,0.025974025974025976,0.03333333333333333,0.03048924604112503
0.23991031390134526,0.5180315552216364,0.0,0.025974025974025976,0.6,0.16473646891987712
0.28699551569506726,0.6570247933884286,0.0,0.0,0.03333333333333333,0.036634365398251004
0.10089686098654707,0.3820435762584502,0.0,0.0,1.0,0.2150791774994091
0.0,0.4879789631855722,0.0,0.0,0.0,0.07445048451902624
0.25112107623318386,0.7404207362885025,0.0,0.0,0.0,0.06334199952729852
0.09641255605381165,0.2704733283245666,0.0,0.0,0.5666666666666667,0.14133774521389744
0.3721973094170403,0.48647633358377007,0.0,0.06493506493506494,0.0,0.2585677144883006
0.26681614349775784,0.5623591284748297,0.0,0.0,0.0,0.026943984873552346
0.34080717488789236,0.47558226897069744,0.0,0.012987012987012988,0.0,0.06476010399432759
0.08295964125560537,0.5270473328324563,0.0,0.0,0.5666666666666667,0.1590640510517608
0.0,0.5514650638617571,0.0,0.0,0.0,0.007090522335145356
0.11659192825112107,0.5649887302779852,0.0,0.0,0.03333333333333333,0.015362798392814936
0.051569506726457395,0.4774605559729501,0.0,0.0,0.5666666666666667,0.14842826754904279
0.11883408071748877,0.4560480841472554,0.0,0.0,0.5666666666666667,0.14748286457102341
0.0,0.5709992486851974,0.0,0.0,0.0,0.013944693925785867
0.1053811659192825,0.5969196093163021,0.0125,0.0,0.03333333333333333,0.02056251477192153
0.25784753363228696,0.6942148760330564,0.0,0.025974025974025976,0.03333333333333333,0.026707634129047503
0.1390134529147982,0.6164537941397441,0.0,0.0,0.03333333333333333,0.03001654455211534
0.0,0.536438767843725,0.0125,0.0,0.0,0.026943984873552346
0.3340807174887892,0.4395191585274212,0.0,0.0,0.6,0.15410068541715907
0.05605381165919282,0.8208114199849721,0.0,0.0,0.0,0.016308201370834316
0.2802690582959641,0.6344853493613805,0.0,0.012987012987012988,0.13333333333333333,0.056487827936658
0.0,0.5721262208865507,0.0,0.0,0.0,0.014890096903805246
0.14573991031390135,0.5319308790383168,0.0,0.012987012987012988,0.03333333333333333,0.023398723705979674
0.2443946188340807,0.4177310293012759,0.0,0.012987012987012988,0.0,0.02647128338454266
0.19955156950672642,0.5458302028549955,0.0,0.025974025974025976,0.03333333333333333,0.03238005199716379
0.13228699551569506,0.7024793388429735,0.0,0.012987012987012988,0.0,0.030725596785629875
0.08968609865470852,0.21337340345604616,0.0,0.0,0.0,0.027180335618057196
0.0,0.6111945905334313,0.0,0.0,0.03333333333333333,0.011344835736232567
0.17040358744394618,0.764838467317805,0.0,0.0,0.03333333333333333,0.041361380288347904
0.10313901345291479,0.3422238918106668,0.0,0.0,0.7,0.18600803592531318
0.24215246636771298,0.596168294515401,0.0,0.0,0.0,0.022689671472465138
0.0,0.5052592036063093,0.0,0.0,0.6,0.4398487355235169
0.0,0.48647633358377007,0.0125,0.0,0.0,0.14204679744741197
0.19955156950672642,0.5552216378662642,0.0,0.0,0.0,0.0841408650437249
0.3340807174887892,0.5195341848234403,0.0,0.012987012987012988,0.6,0.1760813046561097
0.0,0.4222389181066859,0.0,0.0,0.6,0.29662018435358073
0.1390134529147982,0.707362885048834,0.0,0.0,0.0,0.034507208697707396
0.24215246636771298,0.5093914350112687,0.0,0.012987012987012988,0.0,0.04608839517844481
0.0,0.646882043576257,0.0,0.0,0.0,0.02741668636256204
0.2488789237668161,0.8711495116453776,0.0,0.012987012987012988,0.0,0.03521626093122193
0.25560538116591924,0.27911344853493425,0.0,0.25974025974025977,0.5666666666666667,0.27227605766958163
0.2085201793721973,0.5210368144252442,0.0,0.012987012987012988,0.0,0.019853462538406995
0.405829596412556,0.4586776859504109,0.0125,0.012987012987012988,0.0,0.20893405814228316
0.0,0.3842975206611552,0.0,0.0,0.0,0.004254313401087213
0.07174887892376682,0.4387678437265201,0.0125,0.0,0.5666666666666667,0.25100449066414554
0.09641255605381165,0.3978211870773851,0.0,0.0,0.5666666666666667,0.32474592294965726
0.0,0.7569496619083385,0.0,0.0,0.6333333333333333,0.15504608839517844
0.06278026905829596,0.7708489857250171,0.0,0.0,0.03333333333333333,0.04490664145592059
0.0,0.6502629601803154,0.0,0.0,0.03333333333333333,0.0073268730796502025
0.0,0.639368895567241,0.0,0.0,0.0,0.14322855116993619
0.0,0.4962434259954911,0.0,0.0,0.6,0.15693689435121722
0.13677130044843047,0.62960180315552,0.0,0.0,0.6,0.16379106594185772
0.13452914798206275,0.48873027798647506,0.0,0.0,0.0,0.037107066887260697
0.0,0.654395191585273,0.0,0.0,0.0,0.028125738596076574
0.06278026905829596,0.6378662659654388,0.0,0.0,0.03333333333333333,0.025998581895532967
0.07399103139013452,0.42975206611570194,0.0,0.0,0.5666666666666667,0.18553533443630346
0.0,0.5845229151014273,0.0,0.0,0.0,0.0073268730796502025
0.2130044843049327,0.3880540946656641,0.0,0.025974025974025976,0.0,0.03521626093122193
0.0,0.6157024793388413,0.0,0.0,0.03333333333333333,0.009454029780193806
0.07623318385650224,0.49549211119459,0.0,0.0,0.0,0.05506972346962893
0.210762331838565,0.6863260706235899,0.0,0.0,0.0,0.04467029071141574
0.10089686098654707,0.5694966190833952,0.0,0.0,0.03333333333333333,0.017962656582368237
0.2130044843049327,0.4541697971450027,0.0,0.0,0.0,0.04845190262349326
0.5470852017937219,0.6085649887302758,0.0,0.012987012987012988,0.6333333333333333,0.23871425194989362
0.21748878923766815,0.5623591284748297,0.0,0.0,0.0,0.04490664145592059
0.0,0.14951164537941253,0.25,0.0,0.5333333333333333,0.40415977310328527
0.06726457399103138,0.7753568745304271,0.0,0.0,0.0,0.03781611912077523
0.18385650224215247,0.35574755822689674,0.4625,0.0,0.5666666666666667,0.4195225714961002
0.0,0.6288504883546189,0.0,0.0,0.0,0.0172536043488537
0.0,0.48873027798647506,0.0,0.0,0.6,0.1375561333018199
0.11659192825112107,0.5574755822689692,0.0,0.0,0.6,0.15811864807374143
0.14798206278026904,0.6502629601803154,0.0,0.0,0.03333333333333333,0.03332545497518317
0.14798206278026904,0.5623591284748297,0.0,0.0,0.0,0.015835499881824623
0.13228699551569506,0.7302779864763327,0.0,0.0,0.0,0.028362089340581424
0.1412556053811659,0.6960931630353109,0.0,0.012987012987012988,0.6333333333333333,0.1604821555187899
0.4910313901345291,0.3350864012021031,0.0,0.03896103896103896,0.5666666666666667,0.41030489246041124
0.05381165919282511,0.4842223891810651,0.0,0.0,0.0,0.18175372252422597
0.0,0.7280240420736277,0.0,0.0,0.0,0.03616166390924131
0.2130044843049327,0.53869271224643,0.0,0.025974025974025976,0.03333333333333333,0.04679744741195934
0.0,0.5428249436513877,0.0,0.0,0.03333333333333333,0.05459702198061924
0.19955156950672642,0.6382419233658894,0.0,0.025974025974025976,0.03333333333333333,0.032852753486173475
0.2713004484304932,0.654395191585273,0.0,0.012987012987012988,0.03333333333333333,0.027180335618057196
0.0,0.5924117205108921,0.0,0.0,0.0,0.00047270148900968936
0.07847533632286996,0.7535687453042819,0.0,0.0,0.0,0.02528952966201843
0.3340807174887892,0.7464312546957164,0.5,0.012987012987012988,0.0,0.3566532734578114
0.2802690582959641,0.47445529676934584,0.0,0.0,0.43333333333333335,0.13259276766721814
0.16816143497757846,0.6833208114199838,0.0,0.0,0.6,0.16095485700779957
0.24663677130044842,0.697595792637113,0.0,0.025974025974025976,0.0,0.08768612621129757
0.0874439461883408,0.6153268219383907,0.0,0.0,0.0,0.0314346490191444
0.0,0.6592787377911336,0.0,0.0,0.6333333333333333,0.14937367052706219
0.09865470852017935,0.694590533433507,0.0,0.012987012987012988,0.03333333333333333,0.027180335618057196
0.09192825112107623,0.30653643876784287,0.0,0.0,0.0,0.01819900732687308
0.2690582959641255,0.536438767843725,0.0,0.012987012987012988,0.6,0.15244623020562517
0.09192825112107623,0.5127723516153253,0.0,0.0,0.6,0.1746632001890806
0.210762331838565,0.8196844477836205,0.0,0.0,0.0,0.03261640274166863
0.11883408071748877,0.6570247933884286,0.0,0.012987012987012988,0.0,0.03001654455211534
0.07399103139013452,0.442524417731029,0.0,0.0,0.6,0.20633419995272986
0.14349775784753363,0.41209616829451434,0.0,0.49350649350649356,0.5666666666666667,0.4559205861498464
0.09417040358744394,0.4665664913598775,0.0,0.0,0.6,0.16142755849680926
0.21748878923766815,0.5,0.0,0.0,0.6,0.16379106594185772
0.09641255605381165,0.634861006761831,0.0,0.0,0.0,0.027180335618057196
0.11883408071748877,0.6018031555221626,0.0,0.012987012987012988,0.03333333333333333,0.029307492318600803
0.0695067264573991,0.5071374906085637,0.0,0.0,0.0,0.05459702198061924
0.21973094170403587,0.5661157024793368,0.0,0.0,0.0,0.04207043252186244
0.0,0.2881292261457542,0.0,0.012987012987012988,0.5666666666666667,0.13471992436776176
0.0,0.6750563486100667,0.0,0.0,0.0,0.02647128338454266
0.23318385650224213,0.6190833959428979,0.0,0.012987012987012988,0.03333333333333333,0.023398723705979674
0.22421524663677128,0.5492111194590521,0.4375,0.0,0.0,0.46939257858662253
0.3632286995515695,0.6912096168294504,0.0,0.012987012987012988,0.0,0.04939730560151264
0.10762331838565022,0.6314800901577744,0.0,0.0,0.03333333333333333,0.021271567005436066
0.06726457399103138,0.5687453042824924,0.0,0.0,0.0,0.02788938785157173
0.0,0.7637114951164516,0.0,0.0,0.0,0.017489955093358545
0.07399103139013452,0.471450037565738,0.0,0.0,0.6,0.16497281966438196
0.10313901345291479,0.6006761833208092,0.0,0.012987012987012988,0.03333333333333333,0.02056251477192153
0.11210762331838564,0.44740796393688775,0.0,0.012987012987012988,0.03333333333333333,0.01819900732687308
0.11434977578475335,0.5499624342599532,0.0,0.0,0.03333333333333333,0.08863152918931695
0.12780269058295962,0.4504132231404938,0.0,0.0,0.03333333333333333,0.1370834318128102
0.08520179372197309,0.4278737791134475,0.0,0.0,0.0,0.059087686126211285
0.05605381165919282,0.3948159278737773,0.0,0.0,0.0,0.01819900732687308
0.12780269058295962,0.5589782118707731,0.0,0.0,0.8,0.22996927440321438
0.0,0.5653643876784358,0.0,0.0,0.03333333333333333,0.01418104467029071
0.210762331838565,0.47821187077385297,0.1125,0.0,0.03333333333333333,0.10423067832663672
0.14349775784753363,0.6273478587528167,0.0,0.0,0.0,0.028125738596076574
0.2600896860986547,0.33245679939894757,0.0,0.2077922077922078,0.03333333333333333,0.14181044670290713
0.4327354260089686,0.485725018782869,0.0,0.49350649350649356,0.5666666666666667,0.43653982510044903
0.10313901345291479,0.5150262960180303,0.0,0.0,0.03333333333333333,0.023398723705979674
0.0,0.42862509391434855,0.0,0.0,0.0,0.016071850626329473
0.0,0.6803155522163777,0.0,0.0,0.0,0.021980619238950602
0.2309417040358744,0.5480841472577005,0.0,0.0,0.03333333333333333,0.02788938785157173
0.13004484304932734,0.6453794139744531,0.0,0.0,0.0,0.02292602221696998
0.0,0.4128474830954154,0.0,0.0,0.5666666666666667,0.13377452138974238
0.39237668161434974,0.5195341848234403,0.0125,0.025974025974025976,0.03333333333333333,0.1292838572441503
0.13677130044843047,0.46018031555221484,0.0,0.0,0.03333333333333333,0.02174426849444576
0.12107623318385649,0.6021788129226131,0.0,0.012987012987012988,0.03333333333333333,0.015599149137319782
0.08071748878923765,0.6562734785875275,0.0,0.0,0.0,0.03427085795320255
0.2780269058295964,0.5338091660405695,0.0,0.012987012987012988,0.0,0.029543843063105646
0.1973094170403587,0.5120210368144242,0.0,0.025974025974025976,0.8666666666666667,0.23209643110375797
0.23766816143497754,0.6532682193839197,0.0,0.0,0.0,0.03852517135428977
0.210762331838565,0.5360631104432745,0.0,0.37662337662337664,0.5666666666666667,0.38548806428740245
0.2959641255605381,0.5586025544703226,0.0,0.025974025974025976,0.0,0.05152446230205625
0.0,0.605935386927122,0.0,0.0,0.03333333333333333,0.011344835736232567
0.2802690582959641,0.6262208865514634,0.0,0.0,0.6333333333333333,0.1678090285984401
0.10313901345291479,0.7768595041322293,0.0,0.0,0.6333333333333333,0.1841172299692744
0.0,0.5326821938392161,0.0,0.0,0.03333333333333333,0.00023635074450484468
0.0,0.6806912096168283,0.0,0.0,0.0,0.021035216260931223
0.12107623318385649,0.6570247933884286,0.025,0.0,0.0,0.036634365398251004
0.0,0.45942900075131377,0.48750000000000004,0.0,0.5666666666666667,0.41195934767194514
0.27578475336322866,0.6314800901577744,0.0,0.012987012987012988,0.03333333333333333,0.04821555187898842
0.226457399103139,0.4883546205860245,0.0,0.012987012987012988,0.6,0.2616402741668636
0.0,0.7193839218632583,0.0,0.0,0.0,0.2699125502245332
0.0,0.7186326070623572,0.0,0.0,0.0,0.02788938785157173
0.2713004484304932,0.6957175056348586,0.0,0.012987012987012988,0.0,0.038052469865280075
0.16367713004484302,0.6619083395942891,0.0,0.0,0.0,0.03639801465374616
0.5560538116591928,0.4102178812922599,0.0,0.48051948051948057,0.16666666666666666,0.5641692271330655
0.0,0.3595041322314039,0.0,0.0,0.0,0.021035216260931223
0.2623318385650224,0.4984973703981961,0.47500000000000003,0.0,0.0,0.4478846608366816
0.13677130044843047,0.5822689706987223,0.0,0.0,0.6333333333333333,0.14819191680453794
0.051569506726457395,0.7058602554470301,0.0,0.0,0.6,0.14984637201607187
0.07174887892376682,0.7734785875281727,0.0,0.0,0.0,0.053651619002599855
0.11210762331838564,0.6645379413974446,0.0,0.0,0.0,0.035688962420231625
0.2533632286995516,0.4868519909842206,0.0,0.012987012987012988,0.0,0.0517608130465611
0.0,0.4436513899323806,0.0,0.0,0.6,0.26754904277948477
0.22421524663677128,0.6141998497370391,0.0,0.025974025974025976,0.6,0.15953675254077052
0.0,0.36626596543951884,0.0,0.0,0.6,0.13802883479082959
0.0,0.552967693463561,0.0,0.0,0.6333333333333333,0.13519262585677144
0.25784753363228696,0.5833959429000739,0.0,0.0,0.0,0.04348853698889151
0.0,0.656649135987978,0.025,0.49350649350649356,0.0,0.3897423776884897
0.226457399103139,0.4312546957175041,0.0,0.0,0.6,0.15670054360671234
0.390134529147982,0.5589782118707731,0.0,0.025974025974025976,0.03333333333333333,0.04254313401087213
0.05605381165919282,0.6138241923365886,0.0,0.0,0.6,0.1531552824391397
0.4349775784753363,0.6138241923365886,0.0,0.012987012987012988,0.3333333333333333,0.1035216260931222
0.2286995515695067,0.252817430503379,0.0,0.012987012987012988,0.0,0.2398960056724179
0.210762331838565,0.387302779864763,0.0,0.012987012987012988,0.0,0.05317891751359017
0.08295964125560537,0.444778362133734,0.0,0.28571428571428575,0.03333333333333333,0.17135428976601277
0.24215246636771298,0.6311044327573239,0.0,0.0,0.6333333333333333,0.1682817300874498
0.08295964125560537,0.5428249436513877,0.0,0.0,0.0,0.030725596785629875
0.2914798206278027,0.5033809166040548,0.0,0.025974025974025976,0.0,0.03427085795320255
0.0,0.4984973703981961,0.0125,0.0,0.6,0.1668636256204207
0.17264573991031387,0.6337340345604794,0.0,0.012987012987012988,0.6,0.18955329709288585
0.22421524663677128,0.4383921863260696,0.0,0.0,0.0,0.02481682817300874
0.3497757847533632,0.6352366641622833,0.0,0.025974025974025976,0.6333333333333333,0.1734814464665564
0.0,0.4068369646882033,0.0,0.0,0.5666666666666667,0.1307019617111794
0.2825112107623318,0.5349361382419211,0.0,0.012987012987012988,0.6333333333333333,0.17064523753249825
0.2443946188340807,0.591660405709991,0.0,0.0,0.0,0.10777593949420941
0.11659192825112107,0.5420736288504866,0.0,0.012987012987012988,0.0,0.024580477428503895
0.15919282511210758,0.7764838467317787,0.0,0.0,0.0,0.03048924604112503
0.0,0.6359879789631844,0.0,0.0,0.03333333333333333,0.018908059560387616
0.07623318385650224,0.47483095416979637,0.0,0.0,0.0,0.07185062632947295
0.05829596412556053,0.5447032306536421,0.0,0.0,0.03333333333333333,0.037107066887260697
0.3071748878923767,0.7900075131480087,0.0,0.012987012987012988,0.0,0.035452611675726775
0.1928251121076233,0.48271975957926294,0.0,0.025974025974025976,0.6,0.15953675254077052
0.0,0.7381667918857975,0.0,0.0,0.0,0.016071850626329473
0.195067264573991,0.5792637114951145,0.0,0.4155844155844156,0.03333333333333333,0.3100921767903569
0.13004484304932734,0.5709992486851974,0.0,0.0,0.0,0.058378633892696756
0.09641255605381165,0.6123215627347847,0.0,0.0,0.0,0.024344126683999052
0.21524663677130043,0.6487603305785115,0.0,0.025974025974025976,0.0,0.054833372725124084
0.11883408071748877,0.5518407212622076,0.0,0.012987012987012988,0.0,0.038052469865280075
0.2713004484304932,0.5751314800901568,0.0,0.012987012987012988,0.03333333333333333,0.031198298274639567
0.15246636771300448,0.6483846731780609,0.0,0.2077922077922078,0.03333333333333333,0.17891751359016783
0.15022421524663676,0.43914350112697065,0.0,0.0,0.6,0.14559205861498464
0.31390134529147984,0.5694966190833952,0.0,0.0,0.03333333333333333,0.10990309619475302
0.18834080717488788,0.5503380916604037,0.48750000000000004,0.0,0.03333333333333333,0.31032852753486173
0.21973094170403587,0.47708489857250136,0.0,0.012987012987012988,0.03333333333333333,0.029543843063105646
0.14349775784753363,0.4466566491359867,0.0,0.0,0.5666666666666667,0.14937367052706219
0.25784753363228696,0.5326821938392161,0.0,0.0,0.0,0.025525880406523274
0.08968609865470852,0.6915852742299009,0.0,0.0,0.6333333333333333,0.19829827463956512
0.0,0.5259203606311029,0.0,0.0,0.6,0.1772630583786339
0.0,0.4312546957175041,0.0,0.0,0.0,0.1302292602221697
0.0,0.6630353117956407,0.0,0.0,0.0,0.02788938785157173
0.2645739910313901,0.5375657400450784,0.0,0.025974025974025976,0.6,0.2238241550460884
0.09641255605381165,0.5473328324567976,0.0,0.025974025974025976,0.0,0.028125738596076574
0.34080717488789236,0.4823441021788124,0.0,0.0,0.4,0.1082486409832191
0.0,0.6337340345604794,0.0,0.0,0.0,0.01819900732687308
0.31838565022421517,0.4083395942900072,0.0,0.012987012987012988,0.6,0.18695343890333255
0.14349775784753363,0.6600300525920346,0.0,0.0,0.03333333333333333,0.034034507208697704
0.2623318385650224,0.5702479338842963,0.0,0.012987012987012988,0.6,0.16591822264240133
0.0695067264573991,0.48384673178061455,0.0,0.0,0.5666666666666667,0.14701016308201373
0.0874439461883408,0.5649887302779852,0.0,0.0,0.6333333333333333,0.21437012526589458
0.0,0.3606311044327555,0.0,0.0,0.0,0.016544552115339166
0.1412556053811659,0.4752066115702469,0.0,0.0,0.36666666666666664,0.08272276057669582
0.0,0.5454545454545432,0.0,0.0,0.5666666666666667,0.13566532734578116
0.10089686098654707,0.5123966942148748,0.0,0.0,0.03333333333333333,0.14086504372488776
0.05829596412556053,0.6341096919609299,0.0,0.0,0.0,0.03214370125265894
0.09417040358744394,0.5371900826446261,0.0,0.0,0.03333333333333333,0.06026943984873551
0.10986547085201794,0.7291510142749793,0.0,0.0,0.03333333333333333,0.029307492318600803
0.1390134529147982,0.5860255447032294,0.0,0.0,0.03333333333333333,0.021271567005436066
0.0,0.7847483095416958,0.0,0.0,0.03333333333333333,0.03025289529662018
0.0,0.6141998497370391,0.0,0.0,0.0,0.2692034979910186
0.1928251121076233,0.5172802404207353,0.17500000000000002,0.012987012987012988,0.6333333333333333,0.3987237059796738
0.0,0.5879038317054821,0.0,0.0,0.0,0.04679744741195934
0.05381165919282511,0.47896318557475404,0.0,0.0,0.0,0.015362798392814936
0.07399103139013452,0.5751314800901568,0.0,0.0,0.6,0.1668636256204207
0.10986547085201794,0.3786626596543936,0.0,0.012987012987012988,0.0,0.018671708815882766
0.14798206278026904,0.4939894815927861,0.0,0.012987012987012988,0.0,0.0172536043488537
0.0,0.9823441021788106,0.0,0.0,0.0,0.017726305837863388
0.0,0.6498873027798631,0.0,0.0,0.03333333333333333,0.009454029780193806
0.0,0.6480090157776104,0.0,0.0,0.6,0.1600094540297802
0.0874439461883408,0.6694214876033051,0.0,0.0,0.0,0.0314346490191444
0.390134529147982,0.5495867768595026,0.0,0.012987012987012988,0.6,0.17702670763412906
0.08071748878923765,0.658903080390683,0.0,0.0,0.6,0.14913731978255734
0.36771300448430494,0.3880540946656641,0.0,0.0,0.5666666666666667,0.29945639328763884
0.17040358744394618,0.6220886551465057,0.0,0.0,0.03333333333333333,0.0465610966674545
0.3497757847533632,0.3335837716002992,0.0,0.025974025974025976,0.0,0.25974946821082484
0.1748878923766816,0.6006761833208092,0.0,0.0,0.03333333333333333,0.011581186480737414
0.5044843049327354,0.5011269722013516,0.0,0.0,0.0,0.35287166154573385
0.0,0.4883546205860245,0.025,0.0,0.6333333333333333,0.1548097376506736
0.2533632286995516,0.6119459053343341,0.0,0.012987012987012988,0.0,0.02528952966201843
0.210762331838565,0.5698722764838458,0.0,0.012987012987012988,0.0,0.07421413377452139
0.060538116591928245,0.49586776859504056,0.0,0.0,0.0,0.25124084140865044
0.0,0.2280240420736277,0.0,0.0,0.0,0.002363507445048452
0.1771300448430493,0.5319308790383168,0.0,0.0,0.0,0.12432049160954856
0.0,0.5755071374906073,0.0,0.0,0.6,0.18293547624675016
0.08295964125560537,0.6269722013523662,0.0,0.0,0.6333333333333333,0.2018435358071378
0.1614349775784753,0.5867768595041323,0.0,0.0,0.0,0.18435358071377925
0.0,0.6803155522163777,0.0,0.0,0.03333333333333333,0.02174426849444576
0.11659192825112107,0.5646130728775347,0.0,0.0,0.6333333333333333,0.18742614039234223
0.12331838565022421,0.6472577009767075,0.0,0.0,0.0,0.029780193807610496
0.452914798206278,0.5586025544703226,0.0,0.012987012987012988,0.06666666666666667,0.04467029071141574
0.1928251121076233,0.2832456799398937,0.4625,0.0,0.0,0.3134010872134247
0.0,0.42599549211119303,0.0125,0.0,0.0,0.1302292602221697
0.0,0.7561983471074374,0.0,0.0,0.0,0.03167099976364925
0.17040358744394618,0.548459804658151,0.0,0.0,0.1,0.03497991018671709
0.0,0.6577761081893296,0.0,0.0,0.03333333333333333,0.02292602221696998
0.11210762331838564,0.6788129226145738,0.0,0.0,0.0,0.03025289529662018
0.17040358744394618,0.6712997746055596,0.0,0.012987012987012988,0.36666666666666664,0.15622784211770266
0.4170403587443946,0.5375657400450784,0.41250000000000003,0.025974025974025976,0.6,0.4105412432049161
0.10313901345291479,0.81029301277235,0.0,0.0,0.03333333333333333,0.04372488773339636
0.0,0.5909090909090899,0.0,0.0,0.0,0.009217679035688963
0.0,0.6157024793388413,0.0,0.0,0.0,0.017489955093358545
0.3856502242152466,0.5443275732531916,0.0,0.025974025974025976,0.6,0.16095485700779957
0.10089686098654707,0.6194590533433484,0.0,0.012987012987012988,0.6333333333333333,0.17017253604348856
0.0695067264573991,0.5559729526671653,0.0,0.0,0.6333333333333333,0.15410068541715907
0.15022421524663676,0.13936889556724097,0.0,0.4545454545454546,0.5333333333333333,0.3835972583313637
0.3161434977578475,0.28963185574755634,0.0,0.3116883116883117,0.5666666666666667,0.4436303474355944
0.0695067264573991,0.6709241172051073,0.0,0.0,0.0,0.0491609548570078
0.0,0.40758827948910437,0.0,0.0,0.0,0.13731978255731506
0.10762331838565022,0.6145755071374897,0.0,0.0,0.03333333333333333,0.031907350508154096
0.0,0.58640120210368,0.0,0.0,0.03333333333333333,0.008981328291184117
0.09865470852017935,0.5623591284748297,0.0,0.35064935064935066,0.6,0.5348617348144648
0.13004484304932734,0.6716754320060101,0.0,0.025974025974025976,0.6333333333333333,0.1616639092413141
0.36995515695067266,0.649135987978962,0.0,0.025974025974025976,0.6,0.2105885133538171
0.3834080717488789,0.4947407963936872,0.0,0.025974025974025976,0.03333333333333333,0.0418340817773576
0.07399103139013452,0.6284748309541683,0.0,0.0,0.6,0.1616639092413141
0.2286995515695067,0.4342599549211119,0.0,0.0,0.6,0.15764594658473174
0.09641255605381165,0.536438767843725,0.0,0.0,0.03333333333333333,0.029780193807610496
0.0,0.6461307287753559,0.0,0.0,0.0,0.008272276057669581
0.0874439461883408,0.7193839218632583,0.0,0.0,0.0,0.03001654455211534
0.0,0.6265965439519139,0.0,0.0,0.03333333333333333,0.045615693689435126
0.2219730941704036,0.3211870773854226,0.0,0.0,0.03333333333333333,0.028598440085086267
0.12556053811659193,0.44966190833959274,0.0,0.025974025974025976,0.0,0.01914441030489246
0.3856502242152466,0.4432757325319301,0.0,0.012987012987012988,0.0,0.24745922949657292
0.07847533632286996,0.5984222389181042,0.0,0.0,0.6333333333333333,0.1656818718978965
0.0,0.5743801652892557,0.0,0.0,0.0,0.1600094540297802
0.05605381165919282,0.543951915852741,0.0,0.0,0.6,0.14417395414795559
0.09192825112107623,0.6363636363636349,0.0,0.0,0.03333333333333333,0.017962656582368237
0.10313901345291479,0.550713749060856,0.0,0.025974025974025976,0.0,0.06712361143937604
0.14573991031390135,0.7002253944402685,0.0,0.0,0.03333333333333333,0.03876152209879461
0.2085201793721973,0.31329827197595783,0.0,0.0,0.0,0.02481682817300874
0.437219730941704,0.546205860255446,0.0,0.012987012987012988,0.6,0.5393523989600568
0.18385650224215247,0.4913598797896306,0.0,0.0,0.6,0.38690616875443157
0.11210762331838564,0.6314800901577744,0.0,0.012987012987012988,0.03333333333333333,0.019617111793902152
0.2959641255605381,0.5165289256198342,0.0,0.012987012987012988,0.0,0.026943984873552346
0.10986547085201794,0.3643876784372644,0.0,0.0,0.0,0.5625147719215317
0.08520179372197309,0.6419984973703965,0.0,0.025974025974025976,0.0,0.07799574568659892
0.11210762331838564,0.6829451540195315,0.0,0.0,0.0,0.029543843063105646
0.12556053811659193,0.6153268219383907,0.0,0.0,0.6,0.16071850626329473
0.0,0.543951915852741,0.0,0.0,0.0,0.016544552115339166
0.2982062780269058,0.6806912096168283,0.0,0.012987012987012988,0.0,0.02647128338454266
0.11659192825112107,0.4395191585274212,0.0,0.0,0.03333333333333333,0.02741668636256204
0.1547085201793722,0.5848985725018778,0.0,0.012987012987012988,0.0,0.009217679035688963
0.28699551569506726,0.4500375657400433,0.0125,0.28571428571428575,0.6,0.34318128102103523
0.0,0.5229151014274969,0.0,0.012987012987012988,0.03333333333333333,0.03025289529662018
0.05605381165919282,0.6487603305785115,0.0,0.0,0.0,0.041597731032852754
0.2623318385650224,0.5845229151014273,0.0,0.012987012987012988,0.0,0.03592531316473647
0.07174887892376682,0.2971450037565724,0.0,0.0,0.0,0.17679035688962422
0.051569506726457395,0.5770097670924095,0.0,0.0,0.6,0.1897896478373907
0.42152466367713,0.49699474079639216,0.0125,0.012987012987012988,0.6,0.38690616875443157
0.06726457399103138,0.8039068369646856,0.0,0.0,0.0,0.02481682817300874
0.0,0.6187077385424491,0.0,0.0,0.0,0.009454029780193806
0.23991031390134526,0.6232156273478573,0.0,0.0,0.6,0.1668636256204207
0.0,0.47107438016528747,0.0,0.0,0.5666666666666667,0.24344126683999054
0.3542600896860986,0.6235912847483078,0.0125,0.025974025974025976,0.03333333333333333,0.050342708579532026
0.0,0.6160781367392918,0.0,0.0,0.0,0.029780193807610496
0.051569506726457395,0.5668670172802397,0.0,0.0,0.0,0.018908059560387616
0.0,0.6273478587528167,0.0,0.0,0.6333333333333333,0.19073505081541006
0.07174887892376682,0.6450037565740026,0.0,0.012987012987012988,0.0,0.03167099976364925
0.0,0.5852742299023284,0.0,0.0,0.0,0.020326164027416688
0.4170403587443946,0.5424492862509389,0.0,0.0,0.6,0.21720633419995272
0.3497757847533632,0.41209616829451434,0.0,0.012987012987012988,0.26666666666666666,0.08603167099976367
0.06278026905829596,0.6682945154019517,0.0,0.0,0.6333333333333333,0.2332781848262822
0.1928251121076233,0.5987978963185565,0.0,0.012987012987012988,0.0,0.03616166390924131
0.0,0.5413223140495855,0.0,0.0,0.6,0.14701016308201373
0.0,0.5293012772351613,0.0,0.0,0.0,0.004254313401087213
0.21524663677130043,0.4988730277986466,0.0,0.0,0.7666666666666666,0.19735287166154575
0.3228699551569506,0.536438767843725,0.0,0.012987012987012988,0.6,0.3001654455211534
0.07623318385650224,0.6867017280240404,0.0,0.0,0.03333333333333333,0.029543843063105646
0.060538116591928245,0.5169045830202847,0.0,0.0,0.0,0.041597731032852754
0.16367713004484302,0.6739293764087133,0.0,0.0,0.0,0.015126447648310089
0.30493273542600896,0.540946656649135,0.05,0.0,0.6333333333333333,0.43346726542188607
0.11434977578475335,0.39444027047332675,0.0,0.0,0.5666666666666667,0.2311510281257386
0.13228699551569506,0.6442524417731015,0.0,0.0,0.03333333333333333,0.035688962420231625
0.1053811659192825,0.37114951164537757,0.0,0.0,0.0,0.02907114157409596
0.15919282511210758,0.5199098422238908,0.0,0.012987012987012988,0.6333333333333333,0.16757267785393526
0.13228699551569506,0.5882794891059344,0.0,0.0,0.03333333333333333,0.02292602221696998
0.2219730941704036,0.4466566491359867,0.0125,0.012987012987012988,0.6,0.17797211061214843
0.0,0.7419233658903064,0.0,0.0,0.6333333333333333,0.264003781611912
0.13228699551569506,0.764087152516904,0.0,0.0,0.0,0.02907114157409596
0.3497757847533632,0.18933132982719592,0.0125,0.012987012987012988,0.0,0.15717324509572206
0.08968609865470852,0.8279489105935376,0.0,0.0,0.03333333333333333,0.029780193807610496
0.13228699551569506,0.6033057851239665,0.0,0.0,0.03333333333333333,0.03025289529662018
0.10986547085201794,0.3749060856498865,0.0125,0.025974025974025976,0.6,0.14937367052706219
0.0,0.711870773854244,0.0,0.0,0.0,0.017489955093358545
0.05829596412556053,0.7291510142749793,0.0,0.0,0.0,0.02056251477192153
0.2286995515695067,0.4552967693463561,0.47500000000000003,0.0,0.03333333333333333,0.30418340817773576
0.11659192825112107,0.5634861006761831,0.0,0.012987012987012988,0.03333333333333333,0.03427085795320255
0.23542600896860982,0.6247182569496612,0.0,0.0,0.0,0.03639801465374616
0.0,0.4845980465815156,0.0,0.0,0.0,0.00685417159064051
0.1547085201793722,0.6021788129226131,0.0,0.0,0.03333333333333333,0.01914441030489246
0.1973094170403587,0.5860255447032294,0.48750000000000004,0.012987012987012988,0.6,0.4502481682817301
0.0,0.774605559729526,0.0,0.0,0.0,0.016544552115339166
0.15246636771300448,0.5597295266716742,0.0,0.0,0.03333333333333333,0.038052469865280075
0.25784753363228696,0.4883546205860245,0.0,0.012987012987012988,0.0,0.05790593240368707
0.23991031390134526,0.6536438767843702,0.0,0.0,0.03333333333333333,0.07657764121956985
0.0,0.4598046581517643,0.025,0.0,0.6,0.28432994563932873
0.06502242152466367,0.35123966942148677,0.0,0.0,0.5666666666666667,0.2517135428976601
0.2533632286995516,0.481217129977459,0.0,0.0,0.03333333333333333,0.07279602930749232
0.23542600896860982,0.6472577009767075,0.0,0.0,0.0,0.053651619002599855
0.11659192825112107,0.4271224643125464,0.0,0.012987012987012988,0.0,0.031198298274639567
0.11659192825112107,0.5135236664162264,0.0,0.0,0.6333333333333333,0.1578822973292366
0.06278026905829596,0.4023290758827933,0.0,0.025974025974025976,0.5666666666666667,0.396832900023635
0.1412556053811659,0.5601051840721247,0.0,0.0,0.6,0.17915386433467267
0.2443946188340807,0.34748309541697964,0.0,0.012987012987012988,0.0,0.11912077523044198
0.0,0.4906085649887295,0.0,0.025974025974025976,0.6333333333333333,0.16237296147482866
0.24215246636771298,0.5721262208865507,0.0,0.025974025974025976,0.0,0.040415977310328526
0.051569506726457395,0.44139744552967564,0.0,0.0,0.6,0.17797211061214843
0.06278026905829596,0.6577761081893296,0.0,0.0,0.6,0.3311273930512881
0.18609865470852016,0.5075131480090143,0.0,0.012987012987012988,0.03333333333333333,0.03852517135428977
0.21524663677130043,0.4665664913598775,0.0,0.0,0.6,0.2406050579059324
0.0,0.36964688204357543,0.0,0.0,0.6,0.7085795320255259
0.0,0.4398948159278717,0.0,0.0,0.0,0.1704088867879934
0.08071748878923765,0.533433508640119,0.0,0.0,0.03333333333333333,0.021507917749940916
0.22421524663677128,0.533433508640119,0.0,0.0,0.03333333333333333,0.10068541715906407
0.08071748878923765,0.36363636363636154,0.0,0.0,0.0,0.01418104467029071
0.051569506726457395,0.4128474830954154,0.0125,0.0,0.6,0.2096431103757977
0.0,0.5785123966942134,0.0,0.0,0.0,0.00047270148900968936
0.07847533632286996,0.36288504883546047,0.0,0.0,0.5666666666666667,0.14913731978255734
0.22421524663677128,0.5852742299023284,0.0,0.0,0.0,0.10683053651619002
0.5695067264573991,0.5,0.0,0.012987012987012988,0.6,0.192389506026944
0.09641255605381165,0.5131480090157758,0.0,0.0,0.03333333333333333,0.016308201370834316
0.05381165919282511,0.3974455296769328,0.0,0.0,0.0,0.10210352162609312
0.11659192825112107,0.4466566491359867,0.0,0.012987012987012988,0.5666666666666667,0.16639092413141102
0.10313901345291479,0.6123215627347847,0.0,0.0,0.0,0.293074923186008
0.0,0.6476333583771581,0.0,0.0,0.0,0.14393760340345074
0.11210762331838564,0.548459804658151,0.0,0.025974025974025976,0.0,0.030961947530134717
0.23542600896860982,0.5995492111194576,0.0,0.0,0.0,0.036634365398251004
0.05829596412556053,0.5131480090157758,0.0,0.0,0.03333333333333333,0.06263294729378398
0.17040358744394618,0.5443275732531916,0.0,0.0,0.0,0.011344835736232567
0.0,0.533433508640119,0.0,0.0,0.6,0.14488300638147011
0.3654708520179372,0.3835462058602541,0.0125,0.49350649350649356,0.5666666666666667,0.48380997400141806
0.2488789237668161,0.5845229151014273,0.0,0.0,0.03333333333333333,0.06854171590640512
0.20627802690582958,0.5777610818933123,0.0,0.012987012987012988,0.0,0.10659418577168518
0.2286995515695067,0.3395942900075113,0.0,0.0,0.0,0.03214370125265894
0.23991031390134526,0.6957175056348586,0.0,0.0,0.03333333333333333,0.04514299220042543
0.0,0.5281743050338079,0.0,0.0,0.0,0.003545261167572677
0.11434977578475335,0.593914350112696,0.0,0.0,0.0,0.03616166390924131
0.2533632286995516,0.6352366641622833,0.0,0.012987012987012988,0.03333333333333333,0.038997872843299454
0.09192825112107623,0.6280991735537178,0.0,0.025974025974025976,0.03333333333333333,0.023398723705979674
0.06278026905829596,0.5458302028549955,0.0,0.012987012987012988,0.03333333333333333,0.09974001418104468
0.3228699551569506,0.49436513899323664,0.0,0.0,0.03333333333333333,0.2294965729142047
0.07623318385650224,0.5011269722013516,0.0,0.0,0.6,0.15811864807374143
0.210762331838565,0.522163786626594,0.0,0.012987012987012988,0.03333333333333333,0.040415977310328526
0.0695067264573991,0.38279489105935305,0.0,0.012987012987012988,0.0,0.1552824391396833
0.0,0.7054845980465814,0.0,0.0,0.03333333333333333,0.017489955093358545
0.2488789237668161,0.6322314049586755,0.0,0.012987012987012988,0.03333333333333333,0.0586149846372016
0.2309417040358744,0.6536438767843702,0.0,0.025974025974025976,0.6,0.17844481210115815
0.5134529147982062,0.6130728775356857,0.0,0.025974025974025976,0.43333333333333335,0.11415740959584024
0.3968609865470851,0.5319308790383168,0.0,0.012987012987012988,0.03333333333333333,0.03757976837627038
0.0,0.7843726521412453,0.0,0.0,0.03333333333333333,0.021980619238950602
0.226457399103139,0.5063861758076627,0.0125,0.012987012987012988,0.03333333333333333,0.055306074214133784
0.05381165919282511,0.3703981968444765,0.0,0.0,0.6,0.26873079650200893
0.21524663677130043,0.4879789631855722,0.0,0.0,0.0,0.04845190262349326
0.0,0.5093914350112687,0.0,0.0,0.03333333333333333,0.08059560387615222
0.0695067264573991,0.7580766341096901,0.0,0.0,0.0,0.017962656582368237
0.10762331838565022,0.4797145003756551,0.0,0.012987012987012988,0.5666666666666667,0.3259276766721815
0.10762331838565022,0.5390683696468805,0.0,0.0,0.0,0.015599149137319782
0.0,0.6442524417731015,0.0,0.0,0.0,0.040415977310328526
0.1053811659192825,0.6145755071374897,0.0,0.0,0.6333333333333333,0.20042543134010873
0.11659192825112107,0.6795642374154767,0.0,0.0,0.0,0.06948711888442449
0.0,0.7689706987227645,0.0,0.0,0.03333333333333333,0.02056251477192153
0.05381165919282511,0.5300525920360624,0.0,0.0,0.6,0.14157409595840229
0.28699551569506726,0.5232907588279474,0.0,0.025974025974025976,0.0,0.17277239423304186
0.0,0.4444027047332817,0.0625,0.0,0.0,0.08532261876624912
0.11210762331838564,0.41923365890307984,0.0,0.0,0.5666666666666667,0.4022689671472465
0.09865470852017935,0.7558226897069868,0.0,0.0,0.6333333333333333,0.19404396123847792
0.07847533632286996,0.661157024793388,0.0,0.0,0.6,0.15410068541715907
0.22421524663677128,0.5586025544703226,0.0,0.0,0.6,0.16922713306546916
0.0,0.5308039068369634,0.0,0.0,0.0,0.00023635074450484468
0.0,0.3948159278737773,0.0,0.0,0.6,0.39116048215551874
0.0,0.45341848234410165,0.0,0.012987012987012988,0.6,0.2923658709524935
0.06726457399103138,0.5443275732531916,0.0,0.0,0.03333333333333333,0.022453320727960295
0.27354260089686094,0.6634109691960912,0.0,0.0,0.0,0.041597731032852754
0.07847533632286996,0.3692712246431231,0.0125,0.0,0.5666666666666667,0.1538643346726542
0.06502242152466367,0.5195341848234403,0.0,0.0,0.0,0.15859134956275112
0.23991031390134526,0.5623591284748297,0.0,0.0,0.0,0.040179626565823676
0.0,0.15364387678437197,0.0,0.0,0.36666666666666664,0.09454029780193808
0.0,0.20360631104432692,0.0,0.0,0.5666666666666667,0.1292838572441503
0.0,0.5308039068369634,0.0,0.0,0.0,0.016544552115339166
0.4573991031390134,0.5589782118707731,0.0,0.012987012987012988,0.4,0.10943039470574333
0.23542600896860982,0.5026296018031537,0.0,0.012987012987012988,0.6333333333333333,0.15622784211770266
0.0,0.7152516904583006,0.0,0.0,0.6,0.15811864807374143
0.37443946188340804,0.4365138993238151,0.0,0.3246753246753247,0.6,0.3401087213424722
0.31390134529147984,0.3268219383921842,0.0,0.012987012987012988,0.5666666666666667,0.1760813046561097
0.1614349775784753,0.5965439519158515,0.0,0.025974025974025976,0.03333333333333333,0.010872134247222878
0.07399103139013452,0.6675432006010507,0.0,0.0,0.6333333333333333,0.1510281257385961
0.07623318385650224,0.6964688204357614,0.0,0.012987012987012988,0.0,0.03214370125265894
0.0,0.5514650638617571,0.0,0.0,0.0,0.017017253604348852
0.12556053811659193,0.49211119459053165,0.0,0.0,0.6,0.1574095958402269
0.2623318385650224,0.3974455296769328,0.0,0.0,0.0,0.08319546206570552
0.0,0.6179564237415462,0.0,0.0,0.0,0.013944693925785867
0.4035874439461883,0.6187077385424491,0.0,0.025974025974025976,0.03333333333333333,0.03947057433230914
0.0,0.42749812171299695,0.0,0.0,0.1,0.26093122193334906
0.16816143497757846,0.5379413974455289,0.0,0.0,0.0,0.01229023871425195
0.18161434977578475,0.6108189331329807,0.0,0.025974025974025976,0.03333333333333333,0.03474355944221224
0.31838565022421517,0.5195341848234403,0.0,0.4155844155844156,0.6,0.3987237059796738
0.09641255605381165,0.5777610818933123,0.0,0.012987012987012988,0.0,0.02174426849444576
0.14349775784753363,0.6115702479338836,0.0,0.0,0.0,0.029307492318600803
0.21973094170403587,0.637114951164536,0.0,0.025974025974025976,0.0,0.06948711888442449
0.25112107623318386,0.6517655897821175,0.0,0.025974025974025976,0.03333333333333333,0.04845190262349326
0.051569506726457395,0.5123966942148748,0.0,0.0,0.0,0.022216969983455445
0.12780269058295962,0.3459804658151757,0.0,0.0,0.0,0.15811864807374143
0.0,0.5330578512396684,0.0,0.0,0.5666666666666667,0.14251949893642166
0.0,0.6284748309541683,0.05,0.0,0.6333333333333333,0.1751359016780903
0.0,0.8208114199849721,0.0,0.0,0.0,0.021507917749940916
0.10762331838565022,0.6637866265965418,0.0,0.0,0.03333333333333333,0.018908059560387616
0.0,0.5709992486851974,0.0,0.0,0.03333333333333333,0.05294256676908533
0.12331838565022421,0.32870022539443866,0.4625,0.0,0.4,0.5291893169463484
0.0695067264573991,0.6397445529676933,0.0,0.025974025974025976,0.03333333333333333,0.07019617111793904
0.3789237668161435,0.5142749812171292,0.0,0.0,1.0,0.24320491609548575
0.1412556053811659,0.5450788880540927,0.3875,0.0,0.03333333333333333,0.2744032143701252
0.226457399103139,0.7032306536438764,0.0,0.012987012987012988,0.0,0.05601512644764831
0.34080717488789236,0.6472577009767075,0.36250000000000004,0.012987012987012988,0.6,0.43488536988891513
0.06278026905829596,0.6235912847483078,0.0,0.0,0.6,0.15811864807374143
0.18385650224215247,0.5308039068369634,0.0,0.0,0.03333333333333333,0.02765303710706689
0.08071748878923765,0.5326821938392161,0.0,0.012987012987012988,0.6,0.16331836445284803
0.11659192825112107,0.6555221637866246,0.0,0.0,0.03333333333333333,0.015126447648310089
0.4237668161434977,0.6859504132231393,0.0,0.025974025974025976,0.03333333333333333,0.03238005199716379
0.2914798206278027,0.5199098422238908,0.0,0.0,0.5666666666666667,0.30158354998818243
0.3094170403587444,0.4338842975206596,0.0,0.012987012987012988,0.6,0.17277239423304186
0.08520179372197309,0.7449286250939124,0.0,0.025974025974025976,0.0,0.02741668636256204
0.1614349775784753,0.4444027047332817,0.0,0.0,0.0,0.011817537225242257
0.2488789237668161,0.5604808414725753,0.0,0.0,0.0,0.03734341763176554
0.05381165919282511,0.6003005259203587,0.0,0.0,0.03333333333333333,0.022453320727960295
0.21748878923766815,0.4774605559729501,0.0,0.0,0.6,0.15551878988418813
0.3721973094170403,0.45116453794139666,0.0,0.012987012987012988,0.0,0.03497991018671709
0.14349775784753363,0.4365138993238151,0.0,0.29870129870129875,0.6,0.31505554242495865
0.10762331838565022,0.548459804658151,0.0,0.0,0.6333333333333333,0.1678090285984401
0.07399103139013452,0.4241172051089386,0.0,0.0,0.0,0.30631056487827935
0.07623318385650224,0.4481592787377888,0.4625,0.0,0.5666666666666667,0.4277948475537698
0.25112107623318386,0.4646882043576248,0.0,0.0,0.6333333333333333,0.183171826991255
0.10762331838565022,0.5627347858752803,0.0,0.0,0.6,0.16024580477428504
0.1053811659192825,0.5740045078888052,0.0,0.0,0.0,0.04963365634601749
0.2443946188340807,0.7216378662659633,0.0,0.012987012987012988,0.6,0.189316946348381
0.0,0.3564988730277978,0.0,0.012987012987012988,0.0,0.005436067123611438
0.3721973094170403,0.5942900075131465,0.0125,0.0,0.4,0.10588513353817065
0.0,0.6123215627347847,0.0,0.0,0.0,0.004963365634601747
0.5044843049327354,0.3670172802404199,0.0,0.012987012987012988,0.9666666666666667,0.2410777593949421
0.0,0.5495867768595026,0.0,0.0,0.6,0.14724651382651857
0.11883408071748877,0.6859504132231393,0.0,0.0,0.0,0.1255022453320728
0.16591928251121074,0.5105184072126221,0.0,0.0,0.0,0.011581186480737414
0.24215246636771298,0.5634861006761831,0.0,0.0,0.0,0.038288820609784925
0.060538116591928245,0.2513148009015769,0.0,0.0,0.5333333333333333,0.24225951311746632
0.12556053811659193,0.6472577009767075,0.0,0.0,0.03333333333333333,0.023398723705979674
0.10986547085201794,0.420736288504882,0.0,0.0,0.0,0.285511699361853
0.0,0.5552216378662642,0.0125,0.0,0.03333333333333333,0.05766958165918221
0.05605381165919282,0.4060856498873022,0.0,0.012987012987012988,0.6,0.15362798392814936
0.07399103139013452,0.4173553719008254,0.0,0.0,0.0,0.14582840935948949
0.2309417040358744,0.2975206611570229,0.0,0.0,0.0,0.022216969983455445
0.0,0.5631104432757308,0.0,0.0,0.6,0.14559205861498464
0.16591928251121074,0.540946656649135,0.0,0.012987012987012988,0.03333333333333333,0.03592531316473647
0.20403587443946186,0.3549962434259939,0.47500000000000003,0.0,0.03333333333333333,0.2859844008508627
0.06502242152466367,0.6697971450037556,0.0,0.0,0.0,0.03427085795320255
0.405829596412556,0.4466566491359867,0.0,0.025974025974025976,0.6,0.5381706452375326
0.08295964125560537,0.5533433508640115,0.0,0.0,0.6,0.16851808083195463
0.09417040358744394,0.5071374906085637,0.0,0.0,0.0,0.15173717797211064
0.13677130044843047,0.48159278737790956,0.0,0.0,0.0,0.01678090285984401
0.16816143497757846,0.27310293012772213,0.0,0.012987012987012988,0.5666666666666667,0.13897423776884898
0.05605381165919282,0.4872276483846729,0.0125,0.0,0.03333333333333333,0.14417395414795559
0.14349775784753363,0.4395191585274212,0.0,0.0,0.5666666666666667,0.14866461829354763
0.4887892376681614,0.5480841472577005,0.0,0.025974025974025976,0.6333333333333333,0.2190971401559915
